doy,year,NEE_gCm2day,NEE_unc_gCm2day,GPP_gCm2day,GPP_unc_gCm2day,Reco_gCm2day,Reco_unc_gCm2day,Evap_kgH2Om2day,Evap_unc_kgH2Om2day,Cwood_stock_gCm2,Cwood_stock_unc_gCm2,Croots_stock_gCm2,Croots_stock_unc_gCm2,Cfol_stock_gCm2,Cfol_stock_unc,LAI_m2m2,LAI_unc_m2m2,foliage_to_litter_gCm2day,foliage_to_litter_unc_gCm2day,foliage_to_litter_lag_tstep
7,2000,1.378513046,0.58565463,0.061201955,1.572188903,1.292079949,1.000011313,-0.042473948,-9999,-9999,-9999,-9999,-9999,-9999,-9999,-9999,-9999,-9999,-9999,-9999
14,2000,1.262389893,0.657248204,0.069064902,1.621375722,1.231262492,1.000143033,0.048981648,-9999,-9999,-9999,-9999,-9999,-9999,-9999,-9999,-9999,-9999,-9999,-9999
21,2000,1.125727927,0.592850996,0.127633315,1.395783813,1.190141294,1.003230364,0.05029421,-9999,-9999,-9999,-9999,-9999,-9999,-9999,-9999,-9999,-9999,-9999,-9999
28,2000,1.00724021,0.778858225,0.135436801,1.559048699,1.019795705,1.00044081,0.041989649,0.285779919,-9999,-9999,-9999,-9999,-9999,-9999,-9999,-9999,-9999,-9999,-9999
35,2000,1.148506302,0.622933858,0.21645225,1.50974594,1.462609297,1.000077325,-0.314127113,-9999,-9999,-9999,-9999,-9999,-9999,-9999,-9999,-9999,-9999,-9999,-9999
42,2000,1.362698393,0.642794987,0.23129387,1.516380249,1.638284631,1.000131865,0.162136637,-9999,-9999,-9999,-9999,-9999,-9999,-9999,-9999,-9999,-9999,-9999,-9999
49,2000,1.163440646,0.58565463,0.163994886,1.536034001,1.198041334,1.000011313,0.112683276,-9999,-9999,-9999,-9999,-9999,-9999,-9999,-9999,-9999,-9999,-9999,-9999
56,2000,1.231504004,0.610227219,0.186513078,1.527202886,1.260506383,1.001415391,0.099935486,0.189733203,18976.42,3795.28,-9999,-9999,-9999,-9999,-9999,-9999,-9999,-9999,-9999
63,2000,1.262676568,0.647013587,0.230059067,1.593706834,1.323515825,1.000098374,0.237927739,-9999,-9999,-9999,-9999,-9999,-9999,-9999,-9999,-9999,-9999,-9999,-9999
70,2000,1.206933425,0.619502028,0.150321341,1.61628188,1.290849218,1.000081322,0.383124184,-9999,-9999,-9999,-9999,-9999,-9999,-9999,-9999,-9999,-9999,-9999,-9999
77,2000,1.411273174,0.607301113,0.205401665,1.388414213,1.52580706,1.000055632,0.571592673,-9999,-9999,-9999,-9999,-9999,-9999,-9999,-9999,-9999,-9999,-9999,-9999
84,2000,1.78312851,0.646886975,0.265760904,1.661419063,1.9765463,1.000135699,0.667812956,0.232583691,-9999,-9999,-9999,-9999,-9999,-9999,-9999,-9999,-9999,-9999,-9999
91,2000,1.762328555,0.592850996,0.314372403,1.446061264,2.178893796,1.003230364,0.288769552,-9999,-9999,-9999,-9999,-9999,-9999,-9999,-9999,-9999,-9999,-9999,-9999
98,2000,1.304620182,0.66448997,1.170819427,1.363932958,2.517030372,1.006126308,0.762646366,-9999,-9999,-9999,-9999,-9999,-9999,-9999,-9999,-9999,-9999,-9999,-9999
105,2000,1.426807259,0.634684492,1.4013208,1.364591354,2.748606719,1.000114007,0.794828429,-9999,-9999,-9999,-9999,-9999,-9999,-9999,-9999,-9999,-9999,-9999,-9999
112,2000,2.195719479,0.724028434,1.722529073,1.573777319,3.848124611,1.00030651,0.929806814,0.285134753,-9999,-9999,-9999,-9999,-9999,-9999,-9999,-9999,-9999,-9999,-9999
119,2000,2.063105312,0.749082486,4.071620639,1.631709582,5.926141685,1.001734996,1.454926933,-9999,-9999,-9999,-9999,-9999,-9999,-9999,-9999,-9999,-9999,-9999,-9999
126,2000,0.976565498,0.645097548,5.560846446,1.394829502,5.679202156,1.019780063,1.327270406,-9999,-9999,-9999,-9999,-9999,-9999,-9999,-9999,-9999,-9999,-9999,-9999
133,2000,-3.402574412,0.782416399,9.025321584,1.585930842,5.778329763,1.001826529,2.68283581,-9999,-9999,-9999,-9999,-9999,-9999,-9999,-9999,-9999,-9999,-9999,-9999
140,2000,-4.90413113,0.746608656,10.19902356,1.547856925,5.625680646,1.00037941,2.54153779,0.454557329,-9999,-9999,-9999,-9999,-9999,-9999,-9999,-9999,-9999,-9999,-9999
147,2000,-6.006694648,0.612703833,10.45389194,1.285056761,3.965501673,1.000055632,1.977221369,-9999,-9999,-9999,-9999,-9999,-9999,-9999,-9999,-9999,-9999,-9999,-9999
154,2000,-7.563324836,0.640004734,12.38894173,1.240120421,4.459733338,1.000125638,2.263421271,-9999,-9999,-9999,-9999,-9999,-9999,-9999,-9999,-9999,-9999,-9999,-9999
161,2000,-6.116741254,0.676218729,12.30020354,1.380302222,6.241890331,1.006219414,2.429014514,-9999,-9999,-9999,-9999,-9999,-9999,-9999,-9999,-9999,-9999,-9999,-9999
168,2000,-8.138561107,0.747376294,13.67236047,1.494106074,5.947969201,1.003584711,2.915378594,0.381711313,-9999,-9999,-9999,-9999,-9999,-9999,-9999,-9999,-9999,-9999,-9999
175,2000,-8.233667834,0.687310424,14.67410299,1.325728985,7.341867297,1.003416322,3.471037757,-9999,-9999,-9999,-9999,-9999,-9999,-9999,-9999,-9999,-9999,-9999,-9999
182,2000,-9.042090675,0.611954787,13.72923804,1.195804497,4.547882008,1.000065369,2.235939819,-9999,-9999,-9999,-9999,-9999,-9999,-9999,-9999,-9999,-9999,-9999,-9999
189,2000,-5.934682756,0.696592632,10.63272737,1.344683199,4.855667631,1.000255425,1.640963909,-9999,-9999,-9999,-9999,-9999,-9999,-9999,-9999,-9999,-9999,-9999,-9999
196,2000,-6.301644183,0.637464679,10.11717676,1.210981758,3.801959063,1.000120066,1.527176117,0.357354346,-9999,-9999,-9999,-9999,-9999,-9999,-9999,-9999,-9999,-9999,-9999
203,2000,-7.554958251,0.58565463,11.07876375,1.176040794,3.231413698,1.000011313,1.842664978,-9999,-9999,-9999,-9999,-9999,-9999,-9999,-9999,-9999,-9999,-9999,-9999
210,2000,-6.827348612,0.64262043,11.50561588,1.3437041,4.504218357,1.000129543,1.78371783,-9999,-9999,-9999,-9999,-9999,-9999,-9999,-9999,-9999,-9999,-9999,-9999
217,2000,-8.690304093,0.712894461,14.50615091,1.353213646,6.238488232,1.000261995,2.62401033,-9999,-9999,-9999,178,89,190,95,-9999,-9999,-9999,-9999,-9999
224,2000,-9999,0.911057024,-9999,2.116306013,-9999,1.147121965,-9999,0.315965419,-9999,-9999,-9999,-9999,-9999,-9999,-9999,-9999,-9999,-9999,-9999
231,2000,-6.592326439,0.630014997,11.68157994,1.204375413,6.126481493,1.019747695,2.537347201,-9999,-9999,-9999,-9999,-9999,-9999,-9999,-9999,-9999,-9999,-9999,-9999
238,2000,-6.818217549,0.673562554,11.18875729,1.282175669,5.198684197,1.001554734,2.511432035,-9999,-9999,-9999,-9999,-9999,-9999,-9999,-9999,-9999,-9999,-9999,-9999
245,2000,-9999,0.911057024,-9999,2.116306013,-9999,1.147121965,-9999,-9999,-9999,-9999,-9999,-9999,-9999,-9999,-9999,-9999,-9999,-9999,-9999
252,2000,-3.803078823,0.615266031,7.397197391,1.245846731,3.417829755,1.006018843,0.824206756,0.28327035,-9999,-9999,-9999,-9999,-9999,-9999,-9999,-9999,-9999,-9999,-9999
259,2000,-3.89464783,0.735580179,8.139266032,1.47899962,4.333102517,1.001704665,1.043976291,-9999,-9999,-9999,-9999,-9999,-9999,-9999,-9999,-9999,-9999,-9999,-9999
266,2000,-1.738589985,0.63704172,5.060966861,1.319782341,3.414622179,1.000119162,0.776352221,-9999,-9999,-9999,-9999,-9999,-9999,-9999,-9999,-9999,-9999,-9999,-9999
273,2000,-2.858620297,0.699233506,6.421773608,1.415379107,3.624603609,1.00026189,1.145289688,-9999,-9999,-9999,-9999,-9999,-9999,-9999,-9999,-9999,-9999,-9999,-9999
280,2000,-0.535141231,0.7244424,4.205293261,1.49850938,3.62100453,1.000323537,0.565636952,0.372195151,-9999,-9999,-9999,-9999,-9999,-9999,-9999,-9999,-9999,-9999,-9999
287,2000,-0.179019026,0.59680318,2.950088983,1.176040794,2.762905552,1.000033938,0.498253408,-9999,-9999,-9999,-9999,-9999,-9999,-9999,-9999,-9999,-9999,-9999,-9999
294,2000,1.672505708,0.647722091,2.159916574,1.347792703,3.415202264,1.000142689,0.463856381,-9999,-9999,-9999,-9999,-9999,-9999,-9999,-9999,-9999,-9999,-9999,-9999
301,2000,2.767470746,0.606545395,0.938299439,1.564313733,3.603124763,1.000054057,0.400848898,-9999,-9999,-9999,-9999,-9999,-9999,-9999,-9999,-9999,-9999,-9999,-9999
308,2000,2.864362145,0.58565463,0.222506706,1.628241008,2.989108409,1,0.372164146,0.178469491,-9999,-9999,-9999,-9999,-9999,-9999,-9999,-9999,-9999,-9999,-9999
315,2000,2.239757156,0.588688341,0.215645205,1.574373404,2.371649978,1.001371132,0.3570151,-9999,-9999,-9999,-9999,-9999,-9999,-9999,-9999,-9999,-9999,-9999,-9999
322,2000,2.397826615,0.58565463,0.182586393,1.486121999,2.502784311,1.000011313,0.197795451,-9999,-9999,-9999,-9999,-9999,-9999,-9999,-9999,-9999,-9999,-9999,-9999
329,2000,2.015276128,0.58565463,0.145024333,1.535389703,2.003039521,1.000011313,0.000664849,-9999,-9999,-9999,-9999,-9999,-9999,-9999,-9999,-9999,-9999,-9999,-9999
336,2000,2.076863363,0.631976765,0.175882959,1.577652636,2.162643104,1.000108111,-0.135874904,0.134250066,-9999,-9999,-9999,-9999,-9999,-9999,-9999,-9999,-9999,-9999,-9999
343,2000,2.230884216,0.591255182,0.179171649,1.483586108,2.205063837,1.000022625,-0.059303977,-9999,-9999,-9999,-9999,-9999,-9999,-9999,-9999,-9999,-9999,-9999,-9999
350,2000,1.746346105,0.58,0.167649857,1.428850361,1.938668904,1,-0.053968871,-9999,-9999,-9999,-9999,-9999,-9999,-9999,-9999,-9999,-9999,-9999,-9999
357,2000,2.367574823,0.607301113,0.141473222,1.35892803,2.273850843,1.000044319,-0.063366468,-9999,-9999,-9999,-9999,-9999,-9999,-9999,-9999,-9999,-9999,-9999,-9999
366,2000,1.829335817,0.591255182,0.240407611,1.40820158,1.764825505,1.000022625,-0.06532407,0.111904158,-9999,-9999,-9999,-9999,-9999,-9999,-9999,-9999,-9999,-9999,-9999
7,2001,0.779344709,0.591255182,0.159480611,1.538339552,0.690139517,1.000022625,-0.276406182,-9999,-9999,-9999,-9999,-9999,-9999,-9999,-9999,-9999,-9999,-9999,-9999
14,2001,0.317478038,0.648928386,0.194504616,1.337843229,0.162000568,1.001498926,-0.014677927,-9999,-9999,-9999,-9999,-9999,-9999,-9999,-9999,-9999,-9999,-9999,-9999
21,2001,0.75279744,0.702757867,-9999,2.116306013,0.431855127,1.003474071,0.026857609,-9999,-9999,-9999,-9999,-9999,-9999,-9999,-9999,-9999,-9999,-9999,-9999
28,2001,0.982495891,0.665859391,0.153006026,1.438934514,0.944472896,1.000183593,-0.05274399,0.275603729,-9999,-9999,-9999,-9999,-9999,-9999,-9999,-9999,-9999,-9999,-9999
35,2001,1.405068073,0.701313835,0.09932997,1.492705453,1.073706306,1.000266787,0.084201994,-9999,-9999,-9999,-9999,-9999,-9999,-9999,-9999,-9999,-9999,-9999,-9999
42,2001,1.512092778,0.606545395,0.184849585,1.45566319,1.608851096,1.000054057,0.136898636,-9999,-9999,-9999,-9999,-9999,-9999,-9999,-9999,-9999,-9999,-9999,-9999
49,2001,1.513606877,0.624799254,0.205273386,1.596538139,1.700045192,1.000092634,0.224947874,-9999,-9999,-9999,-9999,-9999,-9999,-9999,-9999,-9999,-9999,-9999,-9999
56,2001,1.41079238,0.601849895,0.22098401,1.391090414,1.251875177,1.000044319,0.274306323,0.238953476,-9999,-9999,-9999,-9999,-9999,-9999,-9999,-9999,-9999,-9999,-9999
63,2001,1.108884096,0.591255182,0.221212241,1.597762332,1.23193354,1.000022625,0.328219027,-9999,-9999,-9999,-9999,-9999,-9999,-9999,-9999,-9999,-9999,-9999,-9999
70,2001,1.478689832,0.636616107,0.364091345,1.29962148,1.714881317,1.000118231,0.229927716,-9999,-9999,-9999,-9999,-9999,-9999,-9999,-9999,-9999,-9999,-9999,-9999
77,2001,1.383441067,0.58565463,0.382698216,1.33103136,1.76450929,1.000011313,0.413376699,-9999,-9999,-9999,-9999,-9999,-9999,-9999,-9999,-9999,-9999,-9999,-9999
84,2001,1.243333417,0.706175669,0.212755943,1.536895817,1.301325992,1.00027459,0.22897794,0.233426009,-9999,-9999,-9999,-9999,-9999,-9999,-9999,-9999,-9999,-9999,-9999
91,2001,1.092660291,0.690704325,0.051329697,1.514057034,0.932792834,1.046629105,0.049896144,-9999,-9999,-9999,-9999,-9999,-9999,-9999,-9999,-9999,-9999,-9999,-9999
98,2001,1.241122243,0.666009958,1.12352037,1.273329564,2.718934603,1.019800706,0.764588001,-9999,-9999,-9999,-9999,-9999,-9999,-9999,-9999,-9999,-9999,-9999,-9999
105,2001,1.223448867,0.710482612,0.969862661,1.594078182,2.207672453,1.000253075,0.627970013,-9999,-9999,-9999,-9999,-9999,-9999,-9999,-9999,-9999,-9999,-9999,-9999
112,2001,0.751424751,0.61731678,1.200670254,1.39189119,1.92106892,1.000076681,0.641851244,0.258200299,-9999,-9999,-9999,-9999,-9999,-9999,-9999,-9999,-9999,-9999,-9999
119,2001,1.574770497,0.678183432,2.143211427,1.34169944,3.325822038,1.001565603,0.998719216,-9999,-9999,-9999,-9999,-9999,-9999,-9999,-9999,-9999,-9999,-9999,-9999
126,2001,2.967659838,0.760808872,3.050672295,1.573031932,5.762817541,1.000412083,1.027913651,-9999,-9999,-9999,-9999,-9999,-9999,-9999,-9999,-9999,-9999,-9999,-9999
133,2001,-0.790411512,0.712279392,6.706205174,1.436597618,6.055354689,1.000293407,2.011321141,-9999,-9999,-9999,-9999,-9999,-9999,-9999,-9999,-9999,-9999,-9999,-9999
140,2001,-2.6103298,0.678216905,8.504870287,1.562869783,5.123512687,1.000212082,1.908450653,0.403881043,-9999,-9999,-9999,-9999,-9999,-9999,-9999,-9999,-9999,-9999,-9999
147,2001,-4.25253327,0.642905749,10.10550036,1.299191788,5.622216463,1.000132021,2.14251205,-9999,-9999,-9999,-9999,-9999,-9999,-9999,-9999,-9999,-9999,-9999,-9999
154,2001,-5.154675356,0.601849895,9.780763676,1.253287312,4.35471447,1.000022625,2.073312863,-9999,-9999,-9999,-9999,-9999,-9999,-9999,-9999,-9999,-9999,-9999,-9999
161,2001,-5.925107571,0.617620633,10.20075963,1.433863572,3.716277003,1.000077325,1.604162274,-9999,-9999,-9999,-9999,-9999,-9999,-9999,-9999,-9999,-9999,-9999,-9999
168,2001,-8.281660568,0.673742466,13.43983279,1.356534493,5.174504379,1.000201703,2.252471412,0.311667742,-9999,-9999,-9999,-9999,-9999,-9999,-9999,-9999,-9999,-9999,-9999
175,2001,-8.490149641,0.682648771,12.13202315,1.343307451,3.724805276,1.000222425,1.91819692,-9999,-9999,-9999,-9999,-9999,-9999,-9999,-9999,-9999,-9999,-9999,-9999
182,2001,-9.098918608,0.765548181,15.30185454,1.550049475,6.013019235,1.003631846,3.339407765,-9999,-9999,-9999,-9999,-9999,-9999,-9999,-9999,-9999,-9999,-9999,-9999
189,2001,-8.778286778,0.652087362,14.73482091,1.266686399,5.687283003,1.000130734,3.593647905,-9999,-9999,-9999,-9999,-9999,-9999,-9999,-9999,-9999,-9999,-9999,-9999
196,2001,-7.29259617,0.612703833,12.14842932,1.204829157,4.689847015,1.000066944,2.738088468,0.434826978,-9999,-9999,-9999,-9999,-9999,-9999,-9999,-9999,-9999,-9999,-9999
203,2001,-8.569932148,0.686399155,13.65069619,1.409026905,4.90165179,1.003435078,2.823164212,-9999,-9999,-9999,-9999,-9999,-9999,-9999,-9999,-9999,-9999,-9999,-9999
210,2001,-9.932303786,0.747531321,14.4514112,1.49297099,5.274679583,1.00358524,4.00640502,-9999,-9999,-9999,-9999,-9999,-9999,-9999,-9999,-9999,-9999,-9999,-9999
217,2001,-8.187716319,0.673234296,12.75326728,1.418818394,4.393259576,1.000200615,3.028738621,-9999,-9999,-9999,-9999,-9999,-9999,-9999,-9999,-9999,-9999,-9999,-9999
224,2001,-6.956474027,0.637896353,11.24770026,1.298411048,4.027613479,1.000119162,2.186598043,0.447952279,-9999,-9999,-9999,-9999,-9999,-9999,-9999,-9999,-9999,-9999,-9999
231,2001,-6.416069386,0.697660041,11.10357556,1.371395773,4.041104409,1.006196268,2.539552985,-9999,-9999,-9999,-9999,-9999,-9999,-9999,-9999,-9999,-9999,-9999,-9999
238,2001,-4.392655033,0.722557366,10.59015593,1.514643806,4.673020298,1.046701946,2.240773935,-9999,-9999,-9999,-9999,-9999,-9999,-9999,-9999,-9999,-9999,-9999,-9999
245,2001,-5.974603881,0.714414833,10.15699851,1.313695663,3.329025205,1.000228703,1.759689895,-9999,-9999,-9999,-9999,-9999,-9999,-9999,-9999,-9999,-9999,-9999,-9999
252,2001,-3.998601512,0.591255182,6.944013406,1.189099156,2.816872714,1.000022625,0.857840574,0.329789539,-9999,-9999,-9999,-9999,-9999,-9999,-9999,-9999,-9999,-9999,-9999
259,2001,-2.792562501,0.601849895,5.648294187,1.131708997,2.856412833,1.000044319,0.526835137,-9999,-9999,-9999,-9999,-9999,-9999,-9999,-9999,-9999,-9999,-9999,-9999
266,2001,-3.63205815,0.634834399,6.677971828,1.210981758,2.953688717,1.000098374,0.884305558,-9999,-9999,-9999,-9999,-9999,-9999,-9999,-9999,-9999,-9999,-9999,-9999
273,2001,-1.868502568,0.661834165,4.759475336,1.443236054,2.570542898,1.000174461,0.557667046,-9999,-9999,-9999,-9999,-9999,-9999,-9999,-9999,-9999,-9999,-9999,-9999
280,2001,-0.268756188,0.666547863,1.979104298,1.537223681,1.222445313,1.000099949,0.123050127,0.258898919,-9999,-9999,-9999,-9999,-9999,-9999,-9999,-9999,-9999,-9999,-9999
287,2001,-0.175296686,0.664295345,0.825513598,1.487709279,0.808499257,1.000169952,0.054560945,-9999,-9999,-9999,-9999,-9999,-9999,-9999,-9999,-9999,-9999,-9999,-9999
294,2001,0.732266953,0.757535805,1.529059989,1.446310303,2.181340918,1.000407764,0.191603951,-9999,-9999,-9999,-9999,-9999,-9999,-9999,-9999,-9999,-9999,-9999,-9999
301,2001,1.326381739,0.58565463,1.668710266,1.29159193,2.997887025,1.000011313,0.2791927,-9999,-9999,-9999,-9999,-9999,-9999,-9999,-9999,-9999,-9999,-9999,-9999
308,2001,1.962723642,0.622933858,0.803147688,1.393317878,2.725221967,1.000088637,0.341133413,0.293047969,-9999,-9999,-9999,-9999,-9999,-9999,-9999,-9999,-9999,-9999,-9999
315,2001,2.641061428,0.622330456,0.523869497,1.249646417,2.905308327,1.000087407,0.107377326,-9999,-9999,-9999,-9999,-9999,-9999,-9999,-9999,-9999,-9999,-9999,-9999
322,2001,2.622938905,0.643718424,0.264918056,1.439909438,2.174851716,1.000133938,0.227274651,-9999,-9999,-9999,-9999,-9999,-9999,-9999,-9999,-9999,-9999,-9999,-9999
329,2001,1.66003722,0.583063133,0.052960489,1.394829502,1.44401634,1.001359835,0.041029894,-9999,-9999,-9999,-9999,-9999,-9999,-9999,-9999,-9999,-9999,-9999,-9999
336,2001,1.759849135,0.606545395,0.174671648,1.232156269,1.999048485,1.000054057,-0.029634435,0.186186668,-9999,-9999,-9999,-9999,-9999,-9999,-9999,-9999,-9999,-9999,-9999
343,2001,1.600997721,0.58,0.098320249,1.638034665,1.572919622,1,0.056465339,-9999,-9999,-9999,-9999,-9999,-9999,-9999,-9999,-9999,-9999,-9999,-9999
350,2001,1.381860443,0.647141802,0.09385127,1.389463849,1.341766222,1.000141459,0.268744038,-9999,-9999,-9999,-9999,-9999,-9999,-9999,-9999,-9999,-9999,-9999,-9999
357,2001,1.155137179,0.702304169,0.078478134,1.361858944,1.152072967,1.003472984,0.005241268,-9999,-9999,-9999,-9999,-9999,-9999,-9999,-9999,-9999,-9999,-9999,-9999
365,2001,1.221460329,0.63996836,0.149774445,1.456178169,1.38294724,1.019768969,-0.03422077,0.235569943,-9999,-9999,-9999,-9999,-9999,-9999,-9999,-9999,-9999,-9999,-9999
7,2002,-9999,0.911057024,-9999,2.116306013,-9999,1.147121965,-9999,-9999,-9999,-9999,-9999,-9999,-9999,-9999,-9999,-9999,-9999,-9999,-9999
14,2002,0.949047725,0.669239117,-9999,2.116306013,0.601816296,1.019833549,-0.322665246,-9999,-9999,-9999,-9999,-9999,-9999,-9999,-9999,-9999,-9999,-9999,-9999
21,2002,1.043041873,0.622384205,-9999,2.116306013,0.69630535,1.000087549,-0.341191346,-9999,-9999,-9999,-9999,-9999,-9999,-9999,-9999,-9999,-9999,-9999,-9999
28,2002,1.34429032,0.58565463,0.153700837,1.517606438,1.439472676,1.000011313,-0.012505629,0.175492815,-9999,-9999,-9999,-9999,-9999,-9999,-9999,-9999,-9999,-9999,-9999
35,2002,1.590886083,0.606545395,0.220853986,1.578572569,1.775615581,1.000054057,0.374410602,-9999,-9999,-9999,-9999,-9999,-9999,-9999,-9999,-9999,-9999,-9999,-9999
42,2002,1.467490257,0.58565463,0.163814936,1.58629332,1.561425522,1.000011313,0.001823435,-9999,-9999,-9999,-9999,-9999,-9999,-9999,-9999,-9999,-9999,-9999,-9999
49,2002,1.498079522,0.638183784,0.209872652,1.5436301,1.508419468,1.000121641,0.19837991,-9999,-9999,-9999,-9999,-9999,-9999,-9999,-9999,-9999,-9999,-9999,-9999
56,2002,1.000287999,0.58,0.176760595,1.348482464,1.059421961,1,0.084930485,0.153070427,-9999,-9999,-9999,-9999,-9999,-9999,-9999,-9999,-9999,-9999,-9999
63,2002,1.175862022,0.654857244,0.200157711,1.664836036,1.260766306,1.000158641,0.366557856,-9999,-9999,-9999,-9999,-9999,-9999,-9999,-9999,-9999,-9999,-9999,-9999
70,2002,1.456811958,0.632702108,0.249651456,1.575207953,1.533565244,1.000109686,0.506809646,-9999,-9999,-9999,-9999,-9999,-9999,-9999,-9999,-9999,-9999,-9999,-9999
77,2002,1.738814783,0.775229166,0.34316643,1.402548194,1.548886902,1.000454138,0.344650364,-9999,-9999,-9999,-9999,-9999,-9999,-9999,-9999,-9999,-9999,-9999,-9999
84,2002,1.495236936,0.726870408,0.351276863,1.602804206,1.712149015,1.000313025,0.558188647,0.364107007,-9999,-9999,-9999,-9999,-9999,-9999,-9999,-9999,-9999,-9999,-9999
91,2002,1.56050423,0.786044333,0.911301343,1.593212532,2.239078779,1.000483155,0.652693817,-9999,-9999,-9999,-9999,-9999,-9999,-9999,-9999,-9999,-9999,-9999,-9999
98,2002,1.126963663,0.692507961,1.181212617,1.65027874,2.147004289,1.000245689,0.892031823,-9999,-9999,-9999,-9999,-9999,-9999,-9999,-9999,-9999,-9999,-9999,-9999
105,2002,1.229191218,0.627471602,0.925779809,1.427763974,2.104124824,1.000098374,0.519904055,-9999,-9999,-9999,-9999,-9999,-9999,-9999,-9999,-9999,-9999,-9999,-9999
112,2002,1.372437601,0.746534945,1.798970096,1.530836482,3.245849179,1.000379218,0.696978378,0.393169683,-9999,-9999,-9999,-9999,-9999,-9999,-9999,-9999,-9999,-9999,-9999
119,2002,1.985497855,0.7233107,1.889743772,1.62416027,3.661630875,1.001672028,0.73820052,-9999,-9999,-9999,-9999,-9999,-9999,-9999,-9999,-9999,-9999,-9999,-9999
126,2002,1.56323,0.61731678,2.936611724,1.285056761,4.438986182,1.000076681,1.066995457,-9999,-9999,-9999,-9999,-9999,-9999,-9999,-9999,-9999,-9999,-9999,-9999
133,2002,0.06745917,0.72856744,6.800601405,1.422836585,7.410191057,1.000323582,1.672933931,-9999,-9999,-9999,-9999,-9999,-9999,-9999,-9999,-9999,-9999,-9999,-9999
140,2002,-2.089887412,0.654857244,9.230493394,1.252510883,7.422497037,1.000158641,2.279136328,0.362563905,-9999,-9999,-9999,-9999,-9999,-9999,-9999,-9999,-9999,-9999,-9999
147,2002,-3.516774343,0.698529922,9.572327273,1.487895349,5.810818886,1.000260065,1.926510944,-9999,-9999,-9999,-9999,-9999,-9999,-9999,-9999,-9999,-9999,-9999,-9999
154,2002,-5.746280796,0.769885703,11.76980544,1.582938859,6.055976533,1.000439882,2.39323999,-9999,-9999,-9999,-9999,-9999,-9999,-9999,-9999,-9999,-9999,-9999,-9999
161,2002,-3.983233704,0.63551127,10.55804703,1.187186221,6.810082392,1.001469372,1.687944457,-9999,-9999,-9999,-9999,-9999,-9999,-9999,-9999,-9999,-9999,-9999,-9999
168,2002,-7.580126341,0.715394705,12.86571265,1.590780655,4.628084689,1.00165448,2.28959922,0.425792148,-9999,-9999,-9999,-9999,-9999,-9999,-9999,-9999,-9999,-9999,-9999
175,2002,-8.715233622,0.69432058,13.5863658,1.383537121,5.308080765,1.019891106,3.167382196,-9999,-9999,-9999,-9999,-9999,-9999,-9999,-9999,-9999,-9999,-9999,-9999
182,2002,-9.815218268,0.635641805,13.92698506,1.172989602,4.216905246,1.001469716,2.937004474,-9999,-9999,-9999,-9999,-9999,-9999,-9999,-9999,-9999,-9999,-9999,-9999
189,2002,-8.563289737,0.612261302,13.04151704,1.14527294,4.675408144,1.000066013,2.620290306,-9999,-9999,-9999,-9999,-9999,-9999,-9999,-9999,-9999,-9999,-9999,-9999
196,2002,-8.51014118,0.744056318,13.40923427,1.454406511,5.442975149,1.000351946,2.628570633,0.407140859,-9999,-9999,-9999,-9999,-9999,-9999,6.43,1.3,-9999,-9999,-9999
203,2002,-5.140535216,0.637634167,9.017389248,1.28205658,3.73588777,1.001474006,1.330562686,-9999,-9999,-9999,-9999,-9999,-9999,-9999,-9999,-9999,-9999,-9999,-9999
210,2002,-7.268560391,0.706620972,11.76457734,1.426468356,4.548152458,1.000279599,2.3920102,-9999,-9999,-9999,-9999,-9999,-9999,-9999,3.14,2.37,-9999,-9999,-9999
217,2002,-7.889247684,0.724791132,13.05059777,1.339861036,4.623361934,1.006269537,2.915895808,-9999,-9999,-9999,-9999,-9999,-9999,-9999,5.7,1.45,-9999,-9999,-9999
224,2002,-6.748768936,0.803690783,13.11984194,1.433960598,3.394246805,1.001884612,1.534464138,0.438415815,-9999,-9999,-9999,-9999,-9999,-9999,0.6,0.25,-9999,-9999,-9999
231,2002,-7.625255027,0.744753346,12.69383936,1.486018082,5.101262841,1.001716705,2.406419158,-9999,-9999,-9999,-9999,-9999,-9999,-9999,5,1.01,-9999,-9999,-9999
238,2002,-7.109429004,0.723876979,13.61589842,1.456162858,6.470199794,1.001665219,2.724374715,-9999,-9999,-9999,-9999,-9999,-9999,-9999,5.43,1.1,-9999,-9999,-9999
245,2002,-6.958154486,0.809022609,12.63322774,1.692249025,4.977532602,1.00054601,2.711021868,-9999,-9999,-9999,-9999,-9999,-9999,-9999,3.7,1.93,-9999,-9999,-9999
252,2002,-8.124633623,0.735225555,12.23541412,1.484184926,3.646347289,1.006295256,2.641057268,0.513224786,-9999,-9999,-9999,-9999,-9999,-9999,3.11,2.21,-9999,-9999,-9999
259,2002,-4.86462286,0.747012219,8.821919874,1.490579591,2.96972911,1.000380503,1.62032351,-9999,-9999,-9999,-9999,-9999,-9999,-9999,4.73,0.97,-9999,-9999,-9999
266,2002,-3.628253835,0.634834399,6.772053602,1.299519813,2.940151528,1.000114326,0.867526607,-9999,-9999,-9999,-9999,-9999,-9999,-9999,4.5,1.08,-9999,-9999,-9999
273,2002,-3.333911764,0.709028818,6.00897455,1.404357349,2.710088195,1.000269481,1.154768929,-9999,-9999,-9999,-9999,-9999,-9999,-9999,4.46,0.92,-9999,-9999,-9999
280,2002,-2.279670952,0.607747256,4.90393103,1.197349736,2.663096928,1.000056563,0.85088498,0.341345103,-9999,-9999,-9999,-9999,-9999,-9999,4.41,0.91,-9999,-9999,-9999
287,2002,-1.009348365,0.644713362,3.04381726,1.442279386,1.895537262,1.000136018,0.482615445,-9999,-9999,-9999,-9999,-9999,-9999,-9999,-9999,-9999,-9999,-9999,-9999
294,2002,0.433030616,0.627903414,1.944689134,1.35062735,2.331324641,1.000099305,0.25681749,-9999,-9999,-9999,-9999,-9999,-9999,-9999,1.74,0.66,-9999,-9999,-9999
301,2002,2.097237715,0.631976765,0.765556495,1.43454185,2.807038301,1.000087062,0.15680209,-9999,-9999,-9999,-9999,-9999,-9999,-9999,-9999,-9999,-9999,-9999,-9999
308,2002,2.27046726,0.622933858,0.233808092,1.591603778,2.388836392,1.000088637,0.152338072,0.23283567,-9999,-9999,-9999,-9999,-9999,-9999,0.66,0.25,-9999,-9999,-9999
315,2002,1.920143331,0.682118322,0.140820852,1.500480362,1.696570925,1.000178114,0.305369552,-9999,-9999,-9999,-9999,-9999,-9999,-9999,-9999,-9999,-9999,-9999,-9999
322,2002,2.358244334,0.611954787,0.172042902,1.585096597,2.611185211,1.000054057,-0.035412478,-9999,-9999,-9999,-9999,-9999,-9999,-9999,0.5,0.25,-9999,-9999,-9999
329,2002,2.863491403,0.679361363,0.103520944,1.403587261,2.546673995,1.001568299,0.011043339,-9999,-9999,-9999,-9999,-9999,-9999,-9999,-9999,-9999,-9999,-9999,-9999
336,2002,2.559737436,0.591255182,0.136195969,1.515888662,2.396488889,1.000022625,0.038647133,0.254399841,-9999,-9999,-9999,-9999,-9999,-9999,-9999,-9999,-9999,-9999,-9999
343,2002,1.699935651,0.643242587,0.177503646,1.454053364,1.149925823,1.001547812,0.138303933,-9999,-9999,-9999,-9999,-9999,-9999,-9999,-9999,-9999,-9999,-9999,-9999
350,2002,1.072094691,0.674372467,-9999,2.116306013,0.43525109,1.001554818,-0.09144823,-9999,-9999,-9999,-9999,-9999,-9999,-9999,-9999,-9999,-9999,-9999,-9999
357,2002,0.845265391,0.657584478,0.067101347,1.15122048,0.82300402,1.000164868,0.000641457,-9999,-9999,-9999,-9999,-9999,-9999,-9999,-9999,-9999,-9999,-9999,-9999
365,2002,1.457531978,0.637594814,0.139929194,1.426622928,1.492449067,1.000120411,-0.062863256,0.275467531,-9999,-9999,-9999,-9999,-9999,-9999,-9999,-9999,-9999,-9999,-9999
7,2003,1.54484981,0.637170289,0.1008798,1.454717599,1.54063177,1.000119423,-0.015970888,-9999,-9999,-9999,-9999,-9999,-9999,-9999,-9999,-9999,-9999,-9999,-9999
14,2003,1.583207508,0.622902904,0.192883166,1.273329564,1.216370622,1.000088692,-0.034446541,-9999,-9999,-9999,-9999,-9999,-9999,-9999,-9999,-9999,-9999,-9999,-9999
21,2003,1.272703711,0.58565463,0.136375568,1.523407038,1.375527378,1.000011313,-0.01784245,-9999,-9999,-9999,-9999,-9999,-9999,-9999,-9999,-9999,-9999,-9999,-9999
28,2003,1.141286285,0.58,0.108673874,1.585680598,1.173660069,1,0.002633491,0.16512899,-9999,-9999,-9999,-9999,-9999,-9999,-9999,-9999,-9999,-9999,-9999
35,2003,0.987200686,0.631847139,0.122026782,1.390704587,0.923403086,1.000107851,0.038026633,-9999,-9999,-9999,-9999,-9999,-9999,-9999,-9999,-9999,-9999,-9999,-9999
42,2003,1.003003004,0.641772088,0.109689628,1.50305369,1.132698319,1.000124387,0.103365948,-9999,-9999,-9999,-9999,-9999,-9999,-9999,-9999,-9999,-9999,-9999,-9999
49,2003,0.825062293,0.652265866,0.11261141,1.504318668,0.91303102,1.000152913,0.134493893,-9999,-9999,-9999,-9999,-9999,-9999,-9999,0.3,0.25,-9999,-9999,-9999
56,2003,1.031877687,0.720784788,0.234573719,1.136872097,1.312574399,1.000311442,0.105961946,0.296139905,-9999,-9999,-9999,-9999,-9999,-9999,-9999,-9999,-9999,-9999,-9999
63,2003,1.502003121,0.708738984,0.178926655,1.464631526,1.594870912,1.000284754,0.102715029,-9999,-9999,-9999,-9999,-9999,-9999,-9999,0.53,0.25,-9999,-9999,-9999
70,2003,1.50784777,0.691063529,0.246125055,1.566066464,1.683924466,1.000221234,0.254742881,-9999,-9999,-9999,-9999,-9999,-9999,-9999,0.42,0.25,-9999,-9999,-9999
77,2003,1.519968914,0.647013587,0.205938553,1.554609959,1.623072382,1.000141115,0.538090217,-9999,-9999,-9999,-9999,-9999,-9999,-9999,0.5,0.25,-9999,-9999,-9999
84,2003,1.898268227,0.731502399,0.275752354,1.515888662,1.918273388,1.000320014,0.660365386,0.356038423,-9999,-9999,-9999,-9999,-9999,-9999,0.53,0.25,-9999,-9999,-9999
91,2003,2.028338861,0.778332836,0.494832268,1.546327455,2.307306213,1.000462302,0.825005824,-9999,-9999,-9999,-9999,-9999,-9999,-9999,0.68,0.25,-9999,-9999,-9999
98,2003,1.172768003,0.675685888,0.450868723,1.539093334,1.498559488,1.000206214,0.775670247,-9999,-9999,-9999,-9999,-9999,-9999,-9999,0.9,0.25,-9999,-9999,-9999
105,2003,1.190003325,0.700325995,0.897306655,1.687509158,1.945577607,1.000238375,1.031986077,-9999,-9999,-9999,-9999,-9999,-9999,-9999,0.9,0.25,-9999,-9999,-9999
112,2003,1.212795868,0.630051945,1.815948379,1.460258219,2.926965752,1.000092634,1.281122554,0.371744229,-9999,-9999,-9999,-9999,-9999,-9999,0.99,0.25,-9999,-9999,-9999
119,2003,1.705637869,0.648146934,2.869937833,1.433332121,4.254857565,1.000132361,1.284696683,-9999,-9999,-9999,-9999,-9999,-9999,-9999,0.96,0.25,-9999,-9999,-9999
126,2003,0.185028112,0.657996528,4.881356509,1.317298264,5.121213261,1.000154487,1.890015331,-9999,-9999,-9999,-9999,-9999,-9999,-9999,1.69,0.36,-9999,-9999,-9999
133,2003,-2.162754463,0.71083765,7.183907332,1.468939342,4.945506266,1.003493535,2.111504837,-9999,-9999,-9999,-9999,-9999,-9999,-9999,3.59,0.83,-9999,-9999,-9999
140,2003,-3.126545747,0.652381501,7.917893663,1.306931755,4.503960214,1.000120118,1.925242875,0.352342783,-9999,-9999,-9999,-9999,-9999,-9999,4.92,1.01,-9999,-9999,-9999
147,2003,-5.358329948,0.663064567,10.33567085,1.24999244,5.138702949,1.00015563,2.004865251,-9999,-9999,-9999,-9999,-9999,-9999,-9999,4.68,0.95,-9999,-9999,-9999
154,2003,-7.686052836,0.746861663,13.14086794,1.486271218,5.832676483,1.006314853,3.325101264,-9999,-9999,-9999,-9999,-9999,-9999,-9999,4.85,1.01,-9999,-9999,-9999
161,2003,-5.239494447,0.746339473,12.79242018,1.386594567,6.159942282,1.006283137,3.11519925,-9999,-9999,-9999,-9999,-9999,-9999,-9999,4.5,0.91,-9999,-9999,-9999
168,2003,-9.897805227,0.727920537,15.18242157,1.438801094,5.568420459,1.003535591,3.385561625,0.48166911,-9999,-9999,-9999,-9999,-9999,-9999,-9999,-9999,-9999,-9999,-9999
175,2003,-9.348643839,0.648429822,13.93566609,1.234113099,4.530425426,1.000122572,3.198171173,-9999,-9999,-9999,-9999,-9999,-9999,-9999,-9999,-9999,-9999,-9999,-9999
182,2003,-9.170412231,0.647722091,14.51498895,1.418318892,4.967701725,1.000142689,3.06850694,-9999,-9999,-9999,-9999,-9999,-9999,-9999,-9999,-9999,-9999,-9999,-9999
189,2003,-8.118824912,0.632708789,13.10571464,1.419111281,4.411691805,1.000109738,2.274872283,-9999,-9999,-9999,-9999,-9999,-9999,-9999,3.46,0.98,-9999,-9999,-9999
196,2003,-9.657508074,0.701232199,14.11211126,1.389234047,4.519439966,1.003470396,3.281612124,0.40896162,-9999,-9999,-9999,-9999,-9999,-9999,2.1,0.42,-9999,-9999,-9999
203,2003,-6.223838842,0.752141274,11.12238541,1.542399268,4.86512903,1.000393511,3.163528733,-9999,-9999,-9999,-9999,-9999,-9999,-9999,4.57,0.93,-9999,-9999,-9999
210,2003,-5.456812455,0.743666736,11.17419128,1.492387263,5.618903997,1.000371792,2.219629942,-9999,-9999,-9999,-9999,-9999,-9999,-9999,5.4,1.29,-9999,-9999,-9999
217,2003,-6.858295306,0.722557366,11.92484338,1.51910041,5.034830127,1.046703038,2.50741477,-9999,-9999,-9999,-9999,-9999,-9999,-9999,1.5,0.3,-9999,-9999,-9999
224,2003,-0.560004238,0.72973255,4.415141906,1.478388609,3.918547072,1.006281568,1.97649863,0.459794125,-9999,-9999,-9999,-9999,-9999,-9999,6,1.24,-9999,-9999,-9999
231,2003,-2.092600948,0.743927823,5.460640154,1.53030479,3.423230078,1.001725703,1.891165793,-9999,-9999,-9999,-9999,-9999,-9999,-9999,6,1.2,-9999,-9999,-9999
238,2003,-2.402377855,0.651961735,5.325268254,1.380752053,2.788480353,1.000152165,1.576912308,-9999,-9999,-9999,-9999,-9999,-9999,-9999,4.98,1.25,-9999,-9999,-9999
245,2003,-2.595716586,0.664156137,5.792038107,1.369221924,3.145929626,1.000157997,1.106553351,-9999,-9999,-9999,-9999,-9999,-9999,-9999,3.11,1.43,-9999,-9999,-9999
252,2003,-4.23444274,0.783201685,7.467155757,1.60584614,3.209917253,1.001828584,1.221947059,0.408181438,-9999,-9999,-9999,-9999,-9999,-9999,4.97,1,-9999,-9999,-9999
259,2003,-4.560134048,0.647829789,7.408688886,1.291165846,2.847567047,1.001496627,1.31294728,-9999,-9999,-9999,-9999,-9999,-9999,-9999,-9999,-9999,-9999,-9999,-9999
266,2003,-2.575306533,0.647722091,6.185606196,1.312207127,3.543314551,1.000142689,1.866990926,-9999,-9999,-9999,-9999,-9999,-9999,-9999,4.83,1.03,-9999,-9999,-9999
273,2003,-3.04173722,0.66206057,6.067316787,1.247688025,3.182422152,1.000175091,0.928099728,-9999,-9999,-9999,-9999,-9999,-9999,-9999,4.53,0.94,-9999,-9999,-9999
280,2003,-1.872517733,0.611954787,4.460674976,1.217578807,2.588143838,1.000065369,0.483249531,0.279332182,-9999,-9999,-9999,-9999,-9999,-9999,4.3,0.87,-9999,-9999,-9999
287,2003,-1.675650439,0.601849895,3.759938343,1.260434844,1.930106946,1.000033007,0.625034707,-9999,-9999,-9999,-9999,-9999,-9999,-9999,-9999,-9999,-9999,-9999,-9999
294,2003,-0.496631151,0.622632598,2.166605628,1.261576985,1.723133452,1.000087993,0.474557412,-9999,-9999,-9999,-9999,-9999,-9999,-9999,4.08,1.04,-9999,-9999,-9999
301,2003,1.080860692,0.67730655,0.562556896,1.577876102,1.584033608,1.000210166,0.144727196,-9999,-9999,-9999,-9999,-9999,-9999,-9999,3.36,1.03,-9999,-9999,-9999
308,2003,1.794687154,0.611954787,0.367419552,1.570916964,2.112713687,1.000065369,0.032404404,0.227343237,-9999,-9999,-9999,-9999,-9999,-9999,3.36,1.3,-9999,-9999,-9999
315,2003,1.95720613,0.700132149,0.226288162,1.597510393,2.159535552,1.000263994,0.082194058,-9999,-9999,-9999,-9999,-9999,-9999,-9999,0.86,0.25,-9999,-9999,-9999
322,2003,1.992176531,0.639408074,0.231876644,1.524228079,2.164046861,1.001477906,-0.101044368,-9999,-9999,-9999,-9999,-9999,-9999,-9999,0.92,0.25,-9999,-9999,-9999
329,2003,3.047829772,0.58565463,0.125285568,1.437429601,2.864445767,1.000011313,-0.043907205,-9999,-9999,-9999,-9999,-9999,-9999,-9999,-9999,-9999,-9999,-9999,-9999
336,2003,2.126309437,0.622203922,0.244685131,1.330735972,2.559886292,1.000087114,0.125632392,0.245102254,-9999,-9999,-9999,-9999,-9999,-9999,-9999,-9999,-9999,-9999,-9999
343,2003,1.635721204,0.648952255,0.142895626,1.503275692,1.853137905,1.000145435,0.149499204,-9999,-9999,-9999,-9999,-9999,-9999,-9999,-9999,-9999,-9999,-9999,-9999
350,2003,1.41297321,0.591255182,0.190809784,1.531036616,1.678390891,1.000022625,-0.091322119,-9999,-9999,-9999,-9999,-9999,-9999,-9999,-9999,-9999,-9999,-9999,-9999
357,2003,2.00109623,0.59634885,0.139260572,1.569334734,1.839741799,1,-0.109764268,-9999,-9999,-9999,-9999,-9999,-9999,-9999,-9999,-9999,-9999,-9999,-9999
365,2003,1.718839428,0.611954787,0.173800528,1.440526413,1.762850998,1.000065369,-0.103023228,0.181770768,-9999,-9999,-9999,-9999,-9999,-9999,-9999,-9999,181.23,34.72,52
7,2004,0.964101614,0.627478339,0.149262615,1.38199756,1.087072196,1.000098426,0.039641297,-9999,-9999,-9999,-9999,-9999,-9999,-9999,-9999,-9999,-9999,-9999,-9999
14,2004,1.103593627,0.629470459,0.116975746,1.45937727,1.230458147,1.000102695,-0.16242177,-9999,-9999,-9999,-9999,-9999,-9999,-9999,-9999,-9999,-9999,-9999,-9999
21,2004,1.306957062,0.607301113,0.160276699,1.284905968,1.236834061,1.000055632,-0.029757889,-9999,-9999,-9999,-9999,-9999,-9999,-9999,-9999,-9999,-9999,-9999,-9999
28,2004,1.630774755,0.659181678,0.147430588,1.413944538,1.556237964,1.000168429,0.064804251,0.229762343,-9999,-9999,-9999,-9999,-9999,-9999,-9999,-9999,-9999,-9999,-9999
35,2004,1.336356349,0.591255182,0.09452886,1.571521903,1.322320022,1.000022625,-0.215041105,-9999,-9999,-9999,-9999,-9999,-9999,-9999,-9999,-9999,-9999,-9999,-9999
42,2004,1.395462834,0.591255182,0.158051325,1.578833497,1.56063243,1.000022625,-0.00853668,-9999,-9999,-9999,-9999,-9999,-9999,-9999,-9999,-9999,-9999,-9999,-9999
49,2004,1.470374928,0.59680318,0.18762804,1.426379592,1.580298995,1.000033938,0.145967688,-9999,-9999,-9999,-9999,-9999,-9999,-9999,-9999,-9999,-9999,-9999,-9999
56,2004,1.138331905,0.607301113,0.177629751,1.443624858,1.225737169,1.000022625,0.244578838,0.129237394,-9999,-9999,-9999,-9999,-9999,-9999,0.5,0.25,-9999,-9999,-9999
63,2004,1.098435959,0.671719549,-9999,2.116306013,0.959756127,1.000197083,0.290235196,-9999,-9999,-9999,-9999,-9999,-9999,-9999,0.51,0.25,-9999,-9999,-9999
70,2004,0.985907488,0.682905708,0.186755789,1.493686902,0.995236363,1.000223093,0.335337467,-9999,-9999,-9999,-9999,-9999,-9999,-9999,0.4,0.25,-9999,-9999,-9999
77,2004,1.49511559,0.670790633,0.335566134,1.440861641,1.61447762,1.000183593,0.361601758,-9999,-9999,-9999,-9999,-9999,-9999,-9999,0.52,0.25,-9999,-9999,-9999
84,2004,1.939567771,0.632702108,0.341906127,1.451708181,2.080334487,1.000109686,0.567974085,0.302422113,-9999,-9999,-9999,-9999,-9999,-9999,0.4,0.25,-9999,-9999,-9999
91,2004,2.116175039,0.775302511,0.322802366,1.433337674,2.249190801,1.000454487,0.468054964,-9999,-9999,-9999,-9999,-9999,-9999,-9999,0.5,0.25,-9999,-9999,-9999
98,2004,1.94383467,0.637170289,0.505627455,1.684955256,2.359104474,1.000087062,0.76917654,-9999,-9999,-9999,-9999,-9999,-9999,-9999,0.83,0.25,-9999,-9999,-9999
105,2004,1.650358679,0.745924679,0.881140937,1.605923915,2.407083877,1.000377634,0.701132239,-9999,-9999,-9999,-9999,-9999,-9999,-9999,0.7,0.25,-9999,-9999,-9999
112,2004,2.827054785,0.736184585,1.667886107,1.518869952,4.351533078,1.003556224,1.041785826,0.40778948,-9999,-9999,-9999,-9999,-9999,-9999,1.06,0.25,-9999,-9999,-9999
119,2004,1.127209916,0.644541721,3.289895009,1.432934878,4.085216385,1.001489202,1.485770641,-9999,-9999,-9999,-9999,-9999,-9999,-9999,0.83,0.25,-9999,-9999,-9999
126,2004,0.449226305,0.591255182,5.435976018,1.301133454,5.623651855,1.000022625,1.567622463,-9999,-9999,-9999,-9999,-9999,-9999,-9999,1.6,0.32,-9999,-9999,-9999
133,2004,-0.914154225,0.591255182,5.382791407,1.052602317,4.560339278,1.000022625,1.257658559,-9999,-9999,-9999,-9999,-9999,-9999,-9999,1.84,0.42,-9999,-9999,-9999
140,2004,-2.245753646,0.675685888,7.236353562,1.39522131,4.877209337,1.000194904,1.814681353,0.266635254,-9999,-9999,-9999,-9999,-9999,-9999,4.94,1,-9999,-9999,-9999
147,2004,-3.091442116,0.668694725,7.113774401,1.337025083,3.976200606,1.000168377,1.537832411,-9999,-9999,-9999,-9999,-9999,-9999,-9999,5.5,1.16,-9999,-9999,-9999
154,2004,-5.025103759,0.710740323,10.72804695,1.459126019,5.215125021,1.006234927,1.875389319,-9999,-9999,-9999,-9999,-9999,-9999,-9999,3.5,0.71,-9999,-9999,-9999
161,2004,-4.997437631,0.710387725,11.97808955,1.472066138,7.084724767,1.001642231,2.355927431,-9999,-9999,-9999,-9999,-9999,-9999,-9999,6.7,1.34,-9999,-9999,-9999
168,2004,-7.630984362,0.624799254,13.48794664,1.409320086,5.471686103,1.000092634,2.80264697,0.388815229,-9999,-9999,-9999,-9999,-9999,-9999,6.8,1.36,-9999,-9999,-9999
175,2004,-7.261112087,0.622933858,11.66817775,1.204829157,4.336350682,1.000088637,2.419965469,-9999,-9999,-9999,-9999,-9999,-9999,-9999,5.4,1.08,-9999,-9999,-9999
182,2004,-8.054936849,0.668308577,12.37350474,1.313870786,4.226127228,1.001542664,3.074734679,-9999,-9999,-9999,-9999,-9999,-9999,-9999,3,0.61,-9999,-9999,-9999
189,2004,-7.131326847,0.58565463,11.44215192,1.117110034,4.246847831,1.000011313,2.773084743,-9999,-9999,-9999,-9999,-9999,-9999,-9999,3.88,1.2,-9999,-9999,-9999
196,2004,-4.665696692,0.614159114,8.807122559,1.314450231,3.909477012,1.00007001,1.551377071,0.32131,-9999,-9999,-9999,-9999,-9999,-9999,4.4,0.89,-9999,-9999,-9999
203,2004,-7.108185207,0.648011688,12.93116882,1.429845763,5.296852777,1.000143333,2.780654581,-9999,-9999,-9999,-9999,-9999,-9999,-9999,6.7,1.34,-9999,-9999,-9999
210,2004,-5.346867878,0.702640656,11.15549108,1.348474369,5.663650291,1.001623527,2.358492036,-9999,-9999,-9999,-9999,-9999,-9999,-9999,2.6,0.54,-9999,-9999,-9999
217,2004,-5.808224111,0.69432058,11.12063782,1.383537121,5.860203618,1.019891106,3.469498016,-9999,-9999,-9999,-9999,-9999,-9999,-9999,4.7,1.02,-9999,-9999,-9999
224,2004,-7.980308665,0.685396881,13.19032003,1.337843229,5.657250525,1.010750828,3.819620147,0.424005016,-9999,-9999,-9999,-9999,-9999,-9999,5.23,1.07,-9999,-9999,-9999
231,2004,-5.059922607,0.607747256,9.930192433,1.069430951,4.93949579,1.00004525,1.858132934,-9999,-9999,-9999,-9999,-9999,-9999,-9999,4.56,0.92,-9999,-9999,-9999
238,2004,-5.343491774,0.59680318,9.580355773,1.232156269,4.084773335,1.000033938,1.724362445,-9999,-9999,-9999,-9999,-9999,-9999,-9999,2.1,0.45,-9999,-9999,-9999
245,2004,-4.527446752,0.634774076,8.416311789,1.239563552,3.782775093,1.000111316,1.256587813,-9999,-9999,-9999,-9999,-9999,-9999,-9999,4.83,1,-9999,-9999,-9999
252,2004,-5.696892271,0.74450473,9.222024957,1.535560398,3.632740586,1.00037397,2.458517949,0.324301377,-9999,-9999,-9999,-9999,-9999,-9999,4.48,0.93,-9999,-9999,-9999
259,2004,-3.969953205,0.657413848,7.006775531,1.37902561,2.850676868,1.000164432,1.698862732,-9999,-9999,-9999,-9999,-9999,-9999,-9999,4.52,0.92,-9999,-9999,-9999
266,2004,-3.822228982,0.591255182,6.614497328,1.117110034,2.706909733,1.000022625,1.661479734,-9999,-9999,-9999,-9999,-9999,-9999,-9999,4.21,1.52,-9999,-9999,-9999
273,2004,-0.692230362,0.591255182,3.485899239,1.114947873,2.812242472,1.000022625,0.417110694,-9999,-9999,-9999,-9999,-9999,-9999,-9999,2.66,0.77,-9999,-9999,-9999
280,2004,-1.553532096,0.602300076,4.600280387,1.288803793,2.940346588,1.00004525,1.011457059,0.214344644,-9999,-9999,-9999,-9999,-9999,-9999,1.4,0.3,-9999,-9999,-9999
287,2004,-0.513336046,0.632702108,2.934376451,1.176040794,2.399813326,1.000109686,0.733068994,-9999,-9999,-9999,-9999,-9999,-9999,-9999,1.79,0.37,-9999,-9999,-9999
294,2004,0.417819572,0.611954787,1.782125778,1.189099156,2.251607423,1.000065369,0.25431499,-9999,-9999,-9999,-9999,-9999,-9999,-9999,3.36,1.24,-9999,-9999,-9999
301,2004,2.176655373,0.607301113,0.66096528,1.417282006,2.765464043,1.000055632,0.676091836,-9999,-9999,-9999,-9999,-9999,-9999,-9999,0.9,0.25,-9999,-9999,-9999
308,2004,3.156340581,0.591255182,0.290587577,1.482778201,3.217993196,1.000022625,0.259404489,0.183522189,-9999,-9999,-9999,-9999,-9999,-9999,0.34,0.25,-9999,-9999,-9999
315,2004,2.504348279,0.58565463,0.281402426,1.371059993,2.686925366,1.000011313,0.331057609,-9999,-9999,-9999,-9999,-9999,-9999,-9999,-9999,-9999,-9999,-9999,-9999
322,2004,1.884907947,0.607301113,0.090285989,1.685293096,1.83105092,1.000055632,0.109694173,-9999,-9999,-9999,-9999,-9999,-9999,-9999,0.4,0.25,-9999,-9999,-9999
329,2004,1.717762069,0.58565463,0.154195157,1.437456985,1.717935179,1.000011313,-0.041423681,-9999,-9999,-9999,-9999,-9999,-9999,-9999,-9999,-9999,-9999,-9999,-9999
336,2004,1.875431979,0.58565463,0.139916718,1.229139089,1.888569265,1.000011313,0.042239303,0.10586618,-9999,-9999,-9999,-9999,-9999,-9999,-9999,-9999,-9999,-9999,-9999
343,2004,1.7403697,0.685940567,0.225344447,1.421280071,2.072858089,1.000230278,0.035456312,-9999,-9999,-9999,-9999,-9999,-9999,-9999,-9999,-9999,-9999,-9999,-9999
350,2004,4.319323423,0.627471602,0.252664966,1.606401987,3.712084174,1.000077325,0.076849397,-9999,-9999,-9999,-9999,-9999,-9999,-9999,-9999,-9999,-9999,-9999,-9999
357,2004,2.714725717,0.591255182,0.499935692,1.353714103,2.791773031,1.000022625,0.01856426,-9999,-9999,-9999,-9999,-9999,-9999,-9999,-9999,-9999,-9999,-9999,-9999
366,2004,1.128551066,0.606545395,0.117166768,1.582242405,1.236508957,1.000054057,-0.150058868,0.224334687,-9999,-9999,-9999,-9999,-9999,-9999,-9999,-9999,163.64,22.6,52
7,2005,1.213998568,0.58,0.115634505,1.368470272,1.307549304,1,-0.227767344,-9999,-9999,-9999,-9999,-9999,-9999,-9999,-9999,-9999,-9999,-9999,-9999
14,2005,1.36322483,0.607747256,0.143445768,1.330916643,1.513473886,1.00004525,-0.193773932,-9999,-9999,-9999,-9999,-9999,-9999,-9999,-9999,-9999,-9999,-9999,-9999
21,2005,1.426981326,0.59680318,0.173584425,1.413196834,1.480241283,1.000033938,-0.180483653,-9999,-9999,-9999,-9999,-9999,-9999,-9999,-9999,-9999,-9999,-9999,-9999
28,2005,1.287955527,0.601849895,0.13165359,1.550738048,1.159415782,1.000044319,0.172981539,0.129614539,-9999,-9999,-9999,-9999,-9999,-9999,-9999,-9999,-9999,-9999,-9999
35,2005,1.220118023,0.677005798,0.161924057,1.471111881,1.125409928,1.000166542,0.004791757,-9999,-9999,-9999,-9999,-9999,-9999,-9999,-9999,-9999,-9999,-9999,-9999
42,2005,1.173164204,0.674205045,0.181056633,1.432819065,0.979615043,1.003406717,-0.160776273,-9999,-9999,-9999,-9999,-9999,-9999,-9999,0.61,0.25,-9999,-9999,-9999
49,2005,0.969305361,0.601849895,0.162928605,1.351360047,0.950477125,1.000044319,0.09863585,-9999,-9999,-9999,-9999,-9999,-9999,-9999,0.5,0.25,-9999,-9999,-9999
56,2005,1.002221924,0.601849895,0.120426308,1.404535345,1.064401078,1.000044319,0.333017289,0.247437452,21253.06,4250.61,-9999,-9999,-9999,-9999,-9999,-9999,-9999,-9999,-9999
63,2005,1.358903485,0.651961735,0.214295106,1.512009082,1.144891876,1.000152165,0.470357715,-9999,-9999,-9999,-9999,-9999,-9999,-9999,-9999,-9999,-9999,-9999,-9999
70,2005,1.18417649,0.614159114,0.223390776,1.329381115,1.190120832,1.00007001,0.484307942,-9999,-9999,-9999,-9999,-9999,-9999,-9999,-9999,-9999,-9999,-9999,-9999
77,2005,1.338857605,0.622632598,0.230295546,1.549682151,1.368614728,1.000044319,0.665189033,-9999,-9999,-9999,-9999,-9999,-9999,-9999,0.4,0.25,-9999,-9999,-9999
84,2005,1.982374453,0.726307846,-9999,2.116306013,1.700687779,1.001681244,0.5876733,0.286252835,-9999,-9999,-9999,-9999,-9999,-9999,0.5,0.25,-9999,-9999,-9999
91,2005,2.213975435,0.728087284,-9999,2.116306013,1.833873987,1.003533079,0.952892068,-9999,-9999,-9999,-9999,-9999,-9999,-9999,-9999,-9999,-9999,-9999,-9999
98,2005,2.086604762,0.660746981,0.89413713,1.350383795,2.74167082,1.003375973,1.121683767,-9999,-9999,-9999,-9999,-9999,-9999,-9999,0.7,0.25,-9999,-9999,-9999
105,2005,1.72816811,0.702462987,1.457785856,1.614663789,2.996410248,1.00026954,0.851638914,-9999,-9999,-9999,-9999,-9999,-9999,-9999,0.7,0.25,-9999,-9999,-9999
112,2005,1.595087319,0.738651448,2.26250591,1.608997176,3.738047447,1.001712386,1.300414805,0.385990156,-9999,-9999,-9999,-9999,-9999,-9999,0.9,0.25,-9999,-9999,-9999
119,2005,1.37272034,0.709242195,2.320723768,1.414801091,3.390467452,1.000286057,1.39316135,-9999,-9999,-9999,-9999,-9999,-9999,-9999,0.9,0.25,-9999,-9999,-9999
126,2005,1.14550042,0.647728618,3.773943612,1.449475661,4.655316368,1.000142741,2.142262502,-9999,-9999,-9999,-9999,-9999,-9999,-9999,0.87,0.26,-9999,-9999,-9999
133,2005,-0.952120729,0.61731678,4.18125117,1.33914502,3.150566065,1.000076681,2.205274816,-9999,-9999,-9999,-9999,-9999,-9999,-9999,4.66,0.95,-9999,-9999,-9999
140,2005,-1.340646537,0.659030894,5.278968414,1.40072744,3.797199641,1.000168058,1.778504674,0.344836479,-9999,-9999,-9999,-9999,-9999,-9999,2.02,0.44,-9999,-9999,-9999
147,2005,-2.851858747,0.721954874,8.542554871,1.512009082,4.663095043,1.046694801,2.582315828,-9999,-9999,-9999,-9999,-9999,-9999,-9999,3.14,1.24,-9999,-9999,-9999
154,2005,-4.98119788,0.682282773,10.87106795,1.393610281,5.778546613,1.000200615,2.845565168,-9999,-9999,-9999,-9999,-9999,-9999,-9999,6.12,1.4,-9999,-9999,-9999
161,2005,-6.474882534,0.612261302,10.84018984,1.182343211,4.332599132,1.000066013,2.095555227,-9999,-9999,-9999,-9999,-9999,-9999,-9999,4.89,1.47,-9999,-9999,-9999
168,2005,-7.391086902,0.745437209,13.02601038,1.41881692,5.554614052,1.000376486,2.146455892,0.389191129,-9999,-9999,-9999,-9999,-9999,-9999,2.25,1.09,-9999,-9999,-9999
175,2005,-7.761735493,0.800611424,13.8038231,1.693851176,5.394370622,1.000522732,3.299317836,-9999,-9999,-9999,-9999,-9999,-9999,-9999,1.35,0.59,-9999,-9999,-9999
182,2005,-3.494600862,0.698366408,8.68483407,1.394829502,5.407110089,1.019900545,1.568302381,-9999,-9999,-9999,-9999,-9999,-9999,-9999,1.65,0.73,-9999,-9999,-9999
189,2005,-6.939776864,0.775739968,12.53838936,1.457000858,4.959400733,1.00179158,2.401548861,-9999,-9999,-9999,-9999,-9999,-9999,-9999,1,0.25,-9999,-9999,-9999
196,2005,-8.136813524,0.768937685,13.47334446,1.54097214,5.727479833,1.003630696,4.147793954,0.539443097,-9999,-9999,-9999,-9999,-9999,-9999,6.2,1.24,-9999,-9999,-9999
203,2005,-8.417525103,0.658619491,12.71933437,1.208649348,4.495102516,1.000145435,2.570846501,-9999,-9999,-9999,-9999,-9999,-9999,-9999,5,1.13,-9999,-9999,-9999
210,2005,-8.782189344,0.658783537,13.48305813,1.206299919,4.803110398,1.001495026,2.755614834,-9999,-9999,-9999,-9999,-9999,-9999,-9999,4.23,1.19,-9999,-9999,-9999
217,2005,-8.298978684,0.73767573,13.09413931,1.476429587,4.834978803,1.000356571,2.970069563,-9999,-9999,-9999,-9999,-9999,-9999,-9999,5.1,1.03,-9999,-9999,-9999
224,2005,-7.235396765,0.607301113,11.12510264,1.101010403,3.822264768,1.000044319,2.022869248,0.39805941,-9999,-9999,-9999,-9999,-9999,-9999,3.3,2.2,-9999,-9999,-9999
231,2005,-6.989994064,0.652796835,10.85604128,1.219995909,4.05235263,1.000154052,2.213504618,-9999,-9999,-9999,-9999,-9999,-9999,-9999,2.35,1.73,-9999,-9999,-9999
238,2005,-4.999503479,0.632702108,8.417859354,1.232156269,3.449493402,1.000109686,1.377085455,-9999,-9999,-9999,-9999,-9999,-9999,-9999,5.04,1.16,-9999,-9999,-9999
245,2005,-9.528494687,0.694785576,13.30549438,1.388414622,3.564712819,1.019892226,3.598010805,-9999,-9999,-9999,-9999,-9999,-9999,-9999,3.92,1.87,-9999,-9999,-9999
252,2005,-4.289775423,0.72484727,9.587292059,1.474254368,3.399684075,1.006269403,2.410578461,0.3684062,-9999,-9999,-9999,-9999,-9999,-9999,5.1,1.04,-9999,-9999,-9999
259,2005,-2.556240691,0.671526682,5.396011494,1.221692276,2.613338966,1.001550131,1.174459283,-9999,-9999,-9999,-9999,-9999,-9999,-9999,5.21,1.06,-9999,-9999,-9999
266,2005,-9999,0.911057024,-9999,2.116306013,-9999,1.147121965,-9999,-9999,-9999,-9999,-9999,-9999,-9999,-9999,4.53,0.93,-9999,-9999,-9999
273,2005,-3.239191351,0.647567531,5.771055071,1.355574569,2.230243546,1.006088434,0.772921335,-9999,-9999,-9999,-9999,-9999,-9999,-9999,4.61,0.95,-9999,-9999,-9999
280,2005,-1.970859117,0.606545395,4.511058717,1.114947873,2.51016249,1.000054057,0.516963777,0.236131534,-9999,-9999,-9999,-9999,-9999,-9999,1.08,0.25,-9999,-9999,-9999
287,2005,-3.389068833,0.730866248,6.544906865,1.455134956,2.618105565,1.000339432,1.126372859,-9999,-9999,-9999,-9999,-9999,-9999,-9999,1.33,0.3,-9999,-9999,-9999
294,2005,-0.58380031,0.648011688,3.532041516,1.189916962,2.905866143,1.000110329,0.772644632,-9999,-9999,-9999,-9999,-9999,-9999,-9999,4.23,0.99,-9999,-9999,-9999
301,2005,1.467379682,0.668726519,1.716617515,1.460476846,3.157321405,1.000178925,0.222461318,-9999,-9999,-9999,-9999,-9999,-9999,-9999,2.77,0.98,-9999,-9999,-9999
308,2005,3.170314085,0.704138296,0.412871981,1.719420725,3.533074054,1.000273792,0.088972687,0.347464363,-9999,-9999,-9999,-9999,-9999,-9999,0.7,0.25,-9999,-9999,-9999
315,2005,2.834898389,0.607301113,0.309321697,1.555226799,2.914420854,1.000055632,0.362597542,-9999,-9999,-9999,-9999,-9999,-9999,-9999,0.48,0.25,-9999,-9999,-9999
322,2005,1.935037553,0.643853775,0.32822562,1.366598259,2.189536612,1.000134124,0.193598471,-9999,-9999,-9999,-9999,-9999,-9999,-9999,0.57,0.25,-9999,-9999,-9999
329,2005,1.853686715,0.63288608,0.111460269,1.523627225,1.814999845,1.000110173,0.016471492,-9999,-9999,-9999,-9999,-9999,-9999,-9999,0.3,0.25,-9999,-9999,-9999
336,2005,1.511671144,0.602300076,0.073106701,1.550814957,1.455781209,1.00004525,0.111561111,0.207684198,-9999,-9999,-9999,-9999,-9999,-9999,-9999,-9999,-9999,-9999,-9999
343,2005,1.527334213,0.601849895,0.116525101,1.479357107,1.623690033,1.000044319,-0.118592925,-9999,-9999,-9999,-9999,-9999,-9999,-9999,-9999,-9999,-9999,-9999,-9999
350,2005,1.444375765,0.642742944,0.149069463,1.288803793,1.657602144,1.000131722,-0.124903717,-9999,-9999,-9999,-9999,-9999,-9999,-9999,-9999,-9999,-9999,-9999,-9999
357,2005,1.225098713,0.58,0.086178953,1.400473874,1.287484638,1,-0.118817243,-9999,-9999,-9999,-9999,-9999,-9999,-9999,-9999,-9999,-9999,-9999,-9999
365,2005,1.273966811,0.647323433,0.085526446,1.397618226,1.163117694,1.000121342,0.146247734,0.197614651,-9999,-9999,-9999,-9999,-9999,-9999,-9999,-9999,182.63,30.57,52
7,2006,1.595301437,0.587265662,0.078859307,1.512611699,1.541107048,1.000080071,-2.08E-05,-9999,-9999,-9999,-9999,-9999,-9999,-9999,-9999,-9999,-9999,-9999,-9999
14,2006,1.905500083,0.629470459,0.368794716,1.370972622,2.117235725,1.000102695,0.104634562,-9999,-9999,-9999,-9999,-9999,-9999,-9999,-9999,-9999,-9999,-9999,-9999
21,2006,1.764376617,0.629470459,0.277303907,1.313031158,1.6156962,1.000102695,0.004901407,-9999,-9999,-9999,-9999,-9999,-9999,-9999,-9999,-9999,-9999,-9999,-9999
28,2006,0.858822657,0.717508406,0.083738847,1.403181597,0.549047571,1.000306355,0.195008731,0.254000798,-9999,-9999,-9999,-9999,-9999,-9999,-9999,-9999,-9999,-9999,-9999
35,2006,0.765215057,0.718934065,-9999,2.116306013,0.674391728,1.010830721,0.022259153,-9999,-9999,-9999,-9999,-9999,-9999,-9999,0.67,0.25,-9999,-9999,-9999
42,2006,0.770875726,0.60341769,0.055327437,1.49555377,0.792152735,1.003251989,0.104945328,-9999,-9999,-9999,-9999,-9999,-9999,-9999,0.69,0.25,-9999,-9999,-9999
49,2006,0.719372626,0.640004734,0.230567262,1.318535908,0.809762784,1.000114326,0.027756632,-9999,-9999,-9999,-9999,-9999,-9999,-9999,0.1,0.25,-9999,-9999,-9999
56,2006,0.746479519,0.627643789,0.088938394,1.411963985,0.808826845,1.001452343,0.117167446,0.256050108,-9999,-9999,-9999,-9999,-9999,-9999,-9999,-9999,-9999,-9999,-9999
63,2006,0.83931222,0.647013587,0.144066073,1.402317344,0.750426553,1.000119423,0.385257703,-9999,-9999,-9999,-9999,-9999,-9999,-9999,-9999,-9999,-9999,-9999,-9999
70,2006,0.839757511,0.607747256,0.271842009,1.464688981,1.027316909,1.00004525,0.408300602,-9999,-9999,-9999,-9999,-9999,-9999,-9999,0.5,0.25,-9999,-9999,-9999
77,2006,1.053427699,0.591255182,0.209710362,1.305327358,1.105962006,1.000022625,0.507584535,-9999,-9999,-9999,-9999,-9999,-9999,-9999,-9999,-9999,-9999,-9999,-9999
84,2006,1.318571993,0.720728675,0.134816781,1.456178169,1.185371766,1.000314159,0.640817714,0.261972542,-9999,-9999,-9999,-9999,-9999,-9999,0.4,0.25,-9999,-9999,-9999
91,2006,1.680851483,0.637889726,0.22475629,1.568449842,1.719151953,1.000044319,0.508758529,-9999,-9999,-9999,-9999,-9999,-9999,-9999,-9999,-9999,-9999,-9999,-9999
98,2006,1.661319325,0.691063529,0.250648024,1.721427964,1.824382871,1.00024228,0.862062555,-9999,-9999,-9999,-9999,-9999,-9999,-9999,0.7,0.25,-9999,-9999,-9999
105,2006,1.803992464,0.602300076,0.327164627,1.654452851,2.051188344,1.00004525,0.721330891,-9999,-9999,-9999,-9999,-9999,-9999,-9999,0.68,0.25,-9999,-9999,-9999
112,2006,2.528926488,0.664401689,0.604019514,1.535346696,3.002781434,1.001533767,0.982569502,0.279984032,-9999,-9999,-9999,-9999,-9999,-9999,0.8,0.25,-9999,-9999,-9999
119,2006,2.655700687,0.700013283,1.403917879,1.43736122,3.429718279,1.003467367,0.627405863,-9999,-9999,-9999,-9999,-9999,-9999,-9999,0.5,0.25,-9999,-9999,-9999
126,2006,0.948832969,0.763802941,4.557266284,1.601185474,5.537065287,1.000407744,1.102431066,-9999,-9999,-9999,-9999,-9999,-9999,-9999,1.13,0.25,-9999,-9999,-9999
133,2006,-1.459754941,0.727968551,7.916194786,1.4964707,6.572193535,1.00033219,2.290176968,-9999,-9999,-9999,-9999,-9999,-9999,-9999,3.64,0.96,-9999,-9999,-9999
140,2006,-3.714819162,0.667482684,9.171067787,1.262450353,5.880477071,1.000187347,1.791217716,0.414634694,-9999,-9999,-9999,-9999,-9999,-9999,5.06,1.03,-9999,-9999,-9999
147,2006,-3.451590149,0.591255182,7.583486864,1.240120421,4.003750005,1.000022625,1.467953203,-9999,-9999,-9999,-9999,-9999,-9999,-9999,-9999,-9999,-9999,-9999,-9999
154,2006,-5.026921921,0.621327705,8.165139187,1.27174286,3.03687986,1.000085227,1.705692612,-9999,-9999,-9999,-9999,-9999,-9999,-9999,4.84,0.98,-9999,-9999,-9999
161,2006,-4.984575022,0.675879942,8.301175768,1.325636519,3.553369311,1.006152512,1.644647149,-9999,-9999,-9999,-9999,-9999,-9999,-9999,-9999,-9999,-9999,-9999,-9999
168,2006,-6.989734095,0.720295842,14.50636554,1.408622003,5.828300994,1.010834149,2.990516793,0.320658678,-9999,-9999,-9999,-9999,-9999,-9999,4.7,0.95,-9999,-9999,-9999
175,2006,-9.566728936,0.744256946,16.00579287,1.581433413,5.875164328,1.000352252,3.872354847,-9999,-9999,-9999,-9999,-9999,-9999,-9999,-9999,-9999,-9999,-9999,-9999
182,2006,-8.906198754,0.732021455,15.04547101,1.508862522,5.161602675,1.000336046,3.278413266,-9999,-9999,-9999,-9999,-9999,-9999,-9999,-9999,-9999,-9999,-9999,-9999
189,2006,-5.901884398,0.728129735,12.15525548,1.445120696,5.20109459,1.006277527,2.798200875,-9999,-9999,-9999,-9999,-9999,-9999,-9999,5.4,1.08,-9999,-9999,-9999
196,2006,-6.512972249,0.795666795,12.78552057,1.616931057,4.911562408,1.000509301,3.547379923,0.556638757,-9999,-9999,-9999,-9999,-9999,-9999,5.6,2.56,-9999,-9999,-9999
203,2006,-5.557039277,0.822573367,11.0753673,1.689443595,5.016099847,1.000584238,3.887135003,-9999,-9999,-9999,-9999,-9999,-9999,-9999,4.7,0.95,-9999,-9999,-9999
210,2006,-5.972320705,0.783078208,11.0914757,1.649819384,4.699765332,1.000473219,2.864621044,-9999,-9999,-9999,-9999,-9999,-9999,-9999,5.27,1.32,-9999,-9999,-9999
217,2006,-6.684531182,0.668832988,10.95998989,1.361287543,4.226080791,1.000190392,2.352365175,-9999,-9999,-9999,-9999,-9999,-9999,-9999,4.5,1.17,-9999,-9999,-9999
224,2006,-6.012644236,0.696447347,10.01396501,1.280053763,3.758464331,1.00025522,1.948365328,0.513318679,-9999,-9999,-9999,-9999,-9999,-9999,-9999,-9999,-9999,-9999,-9999
231,2006,-5.500305598,0.720596637,9.765132766,1.429932587,4.418737093,1.00031384,1.678357779,-9999,-9999,-9999,-9999,-9999,-9999,-9999,5.2,1.05,-9999,-9999,-9999
238,2006,-5.133883967,0.607301113,9.045616449,1.101010403,3.952002594,1.000055632,1.922720993,-9999,-9999,-9999,-9999,-9999,-9999,-9999,5.39,1.1,-9999,-9999,-9999
245,2006,-5.281481708,0.61731678,8.921205249,1.160758816,3.616926874,1.000076681,2.082336077,-9999,-9999,-9999,-9999,-9999,-9999,-9999,2.3,0.46,-9999,-9999,-9999
252,2006,-5.213929931,0.619502028,8.791876271,1.167143756,3.5594577,1.000081322,2.132508409,0.321882205,-9999,-9999,-9999,-9999,-9999,-9999,4.19,1.13,-9999,-9999,-9999
259,2006,-5.41773386,0.688132597,9.100747291,1.353227516,3.726307666,1.000219411,2.494839277,-9999,-9999,-9999,-9999,-9999,-9999,-9999,4.99,1.01,-9999,-9999,-9999
266,2006,-4.844769314,0.781184777,7.972968972,1.597405979,3.32849941,1.001823145,1.806116504,-9999,-9999,-9999,-9999,-9999,-9999,-9999,5.1,1.03,-9999,-9999,-9999
273,2006,-3.980740014,0.670453389,6.934743909,1.304812703,2.956391766,1.003398229,1.20035529,-9999,-9999,-9999,-9999,-9999,-9999,-9999,5.06,1.07,-9999,-9999,-9999
280,2006,-1.205679085,0.58,4.220111151,1.219559027,2.791766211,1,0.350750347,0.363402353,-9999,-9999,-9999,-9999,-9999,-9999,-9999,-9999,-9999,-9999,-9999
287,2006,-1.43980628,0.666283421,4.854677357,1.419251457,3.276330048,1.00153803,0.889490602,-9999,-9999,-9999,-9999,-9999,-9999,-9999,0.9,0.25,-9999,-9999,-9999
294,2006,-0.603623163,0.638019774,3.369477933,1.316559586,2.637785529,1.00011003,0.51299083,-9999,-9999,-9999,-9999,-9999,-9999,-9999,4.36,0.89,-9999,-9999,-9999
301,2006,1.318684732,0.624799254,1.809711477,1.441082971,2.976504256,1.000092634,0.428398989,-9999,-9999,-9999,-9999,-9999,-9999,-9999,2.76,1.55,-9999,-9999,-9999
308,2006,2.161257689,0.622197128,0.590439331,1.352993417,2.684705022,1.000087062,0.319301976,0.250132883,-9999,-9999,-9999,-9999,-9999,-9999,0.88,0.25,-9999,-9999,-9999
315,2006,2.419429068,0.58565463,0.197786545,1.702404597,2.426539372,1.000011313,0.253281559,-9999,-9999,-9999,-9999,-9999,-9999,-9999,0.55,0.25,-9999,-9999,-9999
322,2006,2.682758725,0.607301113,0.176806628,1.360778942,2.735447869,1.000055632,0.144147069,-9999,-9999,-9999,-9999,-9999,-9999,-9999,0.56,0.25,-9999,-9999,-9999
329,2006,2.320054464,0.607301113,0.175298169,1.567166372,2.410069167,1.000055632,-0.105613817,-9999,-9999,-9999,-9999,-9999,-9999,-9999,-9999,-9999,-9999,-9999,-9999
336,2006,2.234966717,0.69028749,0.226756014,1.469009869,2.523743412,1.000240514,-0.006204666,0.212420486,-9999,-9999,-9999,-9999,-9999,-9999,-9999,-9999,-9999,-9999,-9999
343,2006,1.906963035,0.58,0.140384785,1.541592701,2.05438177,1,-0.260902711,-9999,-9999,-9999,-9999,-9999,-9999,-9999,-9999,-9999,-9999,-9999,-9999
350,2006,1.903697216,0.606545395,0.183988089,1.575998635,1.953718624,1.000054057,-0.188954533,-9999,-9999,-9999,-9999,-9999,-9999,-9999,-9999,-9999,-9999,-9999,-9999
357,2006,1.926595846,0.606545395,0.108134023,1.511889722,1.950121592,1.000054057,0.004768617,-9999,-9999,-9999,-9999,-9999,-9999,-9999,-9999,-9999,-9999,-9999,-9999
365,2006,1.559433558,0.58565463,0.081698156,1.713317921,1.517375448,1.000011313,-0.026608051,0.122183209,-9999,-9999,-9999,-9999,-9999,-9999,-9999,-9999,169.72,16.69,52
7,2007,1.41889282,0.59634885,0.127343562,1.252961127,1.555064632,1.000011313,-0.33776353,-9999,-9999,-9999,-9999,-9999,-9999,-9999,-9999,-9999,-9999,-9999,-9999
14,2007,1.508384554,0.59634885,0.164706091,1.356534493,1.654576542,1.000033007,-0.262597175,-9999,-9999,-9999,-9999,-9999,-9999,-9999,-9999,-9999,-9999,-9999,-9999
21,2007,1.344579599,0.622933858,0.155372968,1.273758746,1.523551912,1.000055632,-0.236194688,-9999,-9999,-9999,-9999,-9999,-9999,-9999,-9999,-9999,-9999,-9999,-9999
28,2007,1.104248392,0.59680318,0.060742447,1.422112469,0.905051653,1.000011313,-0.014988072,0.154271623,-9999,-9999,-9999,-9999,-9999,-9999,-9999,-9999,-9999,-9999,-9999
35,2007,1.086653843,0.58565463,0.167130854,1.393917019,1.248664283,1.000011313,0.030416105,-9999,-9999,-9999,-9999,-9999,-9999,-9999,0.29,0.25,-9999,-9999,-9999
42,2007,1.046867663,0.669984272,0.124510905,1.426221019,1.075065386,1.000193069,-0.066715936,-9999,-9999,-9999,-9999,-9999,-9999,-9999,0.31,0.25,-9999,-9999,-9999
49,2007,1.152994155,0.591255182,0.229092449,1.363358847,1.481055742,1.000022625,0.248543075,-9999,-9999,-9999,-9999,-9999,-9999,-9999,-9999,-9999,-9999,-9999,-9999
56,2007,1.419074385,0.639432298,0.336973772,1.432317466,1.890306365,1.000113076,0.255232448,0.209156923,-9999,-9999,-9999,-9999,-9999,-9999,0.51,0.25,-9999,-9999,-9999
63,2007,1.255003366,0.58565463,0.282368963,1.522251006,1.504551913,1.000011313,0.188879257,-9999,-9999,-9999,-9999,-9999,-9999,-9999,-9999,-9999,-9999,-9999,-9999
70,2007,1.649913158,0.58,0.260959009,1.410812159,1.523650824,1,0.749723387,-9999,-9999,-9999,-9999,-9999,-9999,-9999,0.61,0.25,-9999,-9999,-9999
77,2007,1.625569673,0.722469563,0.186732416,1.495869337,1.492686731,1.000318479,0.557883486,-9999,-9999,-9999,-9999,-9999,-9999,-9999,0.54,0.25,-9999,-9999,-9999
84,2007,1.115010547,0.612703833,0.330279309,1.443868868,1.48253645,1.00004525,0.596285617,0.227965515,-9999,-9999,-9999,-9999,-9999,-9999,0.7,0.25,-9999,-9999,-9999
91,2007,1.606065854,0.781621306,0.484372139,1.691086433,2.027139481,1.000471272,0.850046768,-9999,-9999,-9999,-9999,-9999,-9999,-9999,0.4,0.25,-9999,-9999,-9999
98,2007,1.503280597,0.661078268,0.893958948,1.520739302,2.251538044,1.000161387,1.052213111,-9999,-9999,-9999,-9999,-9999,-9999,-9999,0.87,0.25,-9999,-9999,-9999
105,2007,2.371945953,0.737173408,1.42387367,1.590888235,3.478448438,1.000334225,1.496851621,-9999,-9999,-9999,-9999,-9999,-9999,-9999,0.9,0.25,-9999,-9999,-9999
112,2007,2.440518754,0.793791629,2.606169646,1.562719007,4.137300857,1.001851984,1.293605421,0.447200681,-9999,-9999,-9999,-9999,-9999,-9999,1.41,0.29,-9999,-9999,-9999
119,2007,0.404106068,0.688452535,5.819583692,1.314710387,4.436278029,1.010757882,2.429695075,-9999,-9999,-9999,-9999,-9999,-9999,-9999,1.43,0.29,-9999,-9999,-9999
126,2007,-2.395334201,0.673587114,6.623013221,1.312930529,4.139774542,1.000190093,2.406572337,-9999,-9999,-9999,-9999,-9999,-9999,-9999,5.48,1.36,-9999,-9999,-9999
133,2007,-2.674462956,0.591255182,7.102569844,1.052602317,4.428333935,1.000022625,1.626501195,-9999,-9999,-9999,-9999,-9999,-9999,-9999,5.47,1.29,-9999,-9999,-9999
140,2007,-4.556572193,0.664380936,8.451317863,1.449012205,3.752023088,1.000180361,2.495589572,0.351636361,-9999,-9999,-9999,-9999,-9999,-9999,3.07,1.89,-9999,-9999,-9999
147,2007,-6.423871742,0.752269304,10.77765279,1.54450036,4.348722707,1.003597437,3.848032839,-9999,-9999,-9999,-9999,-9999,-9999,-9999,5.07,1.06,-9999,-9999,-9999
154,2007,-4.548755538,0.728897951,9.713037139,1.528131729,4.164537123,1.000420244,1.95620887,-9999,-9999,-9999,-9999,-9999,-9999,-9999,4.5,1.75,-9999,-9999,-9999
161,2007,-8.960000844,0.741002026,14.43907016,1.398415791,5.602120481,1.003568536,4.57387564,-9999,-9999,-9999,-9999,-9999,-9999,-9999,6.5,1.3,-9999,-9999,-9999
168,2007,-8.002225153,0.722166786,13.80957804,1.417979629,5.814707202,1.000307685,3.538229313,0.538290236,-9999,-9999,-9999,-9999,-9999,-9999,5.21,1.05,-9999,-9999,-9999
175,2007,-7.409863407,0.697178753,12.14891324,1.366681733,4.742886986,1.003460642,2.915313547,-9999,-9999,-9999,-9999,-9999,-9999,-9999,4.77,1.03,-9999,-9999,-9999
182,2007,-7.925052989,0.607301113,12.53372098,1.238173086,4.20530813,1.000022625,2.539133487,-9999,-9999,-9999,-9999,-9999,-9999,-9999,1,0.25,-9999,-9999,-9999
189,2007,-6.549486611,0.588688341,10.98781871,1.178026409,4.257036227,1.001371132,2.21043652,-9999,-9999,-9999,-9999,-9999,-9999,-9999,-9999,-9999,-9999,-9999,-9999
196,2007,-7.658676267,0.712218831,12.16879123,1.435816607,4.147592878,1.000288991,3.22479897,0.388111733,-9999,-9999,-9999,-9999,-9999,-9999,0.57,0.25,-9999,-9999,-9999
203,2007,-6.231448662,0.705196136,11.05033127,1.31194812,4.41895499,1.003425885,3.254203485,-9999,-9999,-9999,-9999,-9999,-9999,-9999,6.14,1.27,-9999,-9999,-9999
210,2007,-5.833973136,0.644565753,9.729660306,1.224843731,3.855791756,1.000109686,2.441001698,-9999,-9999,-9999,-9999,-9999,-9999,-9999,4.8,1.05,-9999,-9999,-9999
217,2007,-7.468882078,0.634193637,10.99363168,1.373589502,2.76012245,1.003317146,2.161916781,-9999,-9999,-9999,-9999,-9999,-9999,-9999,4.4,0.89,-9999,-9999,-9999
224,2007,-3.047753566,0.670510502,6.230165624,1.413466277,2.431178958,1.003398199,1.150898762,0.370181329,-9999,-9999,-9999,-9999,-9999,-9999,6.14,1.56,-9999,-9999,-9999
231,2007,-6.274707751,0.645379872,9.996086943,1.307563757,3.448040436,1.001470014,2.602918448,-9999,-9999,-9999,-9999,-9999,-9999,-9999,4.93,0.99,-9999,-9999,-9999
238,2007,-4.49826426,0.624761995,8.177599272,1.259228834,3.604427424,1.019736601,2.002753077,-9999,-9999,-9999,-9999,-9999,-9999,-9999,4.67,1.94,-9999,-9999,-9999
245,2007,-6.415335777,0.601849895,9.746162773,1.364496513,2.904333643,1.000044319,2.164703642,-9999,-9999,-9999,-9999,-9999,-9999,-9999,3.03,1.05,-9999,-9999,-9999
252,2007,-3.82331261,0.59680318,6.937788751,1.121593633,3.071795734,1.000011313,0.940068533,0.251139075,-9999,-9999,-9999,-9999,-9999,-9999,-9999,-9999,-9999,-9999,-9999
259,2007,-4.325029017,0.618059327,7.275433275,1.20602396,2.884189148,1.000078256,1.556723791,-9999,-9999,-9999,-9999,-9999,-9999,-9999,-9999,-9999,-9999,-9999,-9999
266,2007,-4.104827428,0.670790633,7.114589682,1.327964733,3.129380505,1.000194904,1.719349818,-9999,-9999,-9999,-9999,-9999,-9999,-9999,4.6,0.93,-9999,-9999,-9999
273,2007,-1.039638551,0.632708789,3.629674314,1.219995909,2.657181896,1.000109738,0.987170811,-9999,-9999,-9999,-9999,-9999,-9999,-9999,4.26,1.51,-9999,-9999,-9999
280,2007,-0.77041747,0.704683945,3.47961092,1.372634061,2.78809526,1.001628275,0.737083863,0.311946863,-9999,-9999,-9999,-9999,-9999,-9999,3.78,1.23,-9999,-9999,-9999
287,2007,0.819125392,0.631847139,2.633187092,1.19157403,3.28354383,1.000107851,0.582134205,-9999,-9999,-9999,-9999,-9999,-9999,-9999,2.21,0.49,-9999,-9999,-9999
294,2007,1.540507124,0.619502028,1.288493335,1.158546326,2.825526046,1.000081322,0.57647069,-9999,-9999,-9999,-9999,-9999,-9999,-9999,1.34,0.28,-9999,-9999,-9999
301,2007,2.41112967,0.59680318,0.295202538,1.643780813,2.554441407,1.000033938,0.309425362,-9999,-9999,-9999,-9999,-9999,-9999,-9999,0.72,0.25,-9999,-9999,-9999
308,2007,2.633290375,0.58,0.229274731,1.495258562,2.765901785,1,0.344536968,0.172415295,-9999,-9999,-9999,-9999,-9999,-9999,0.72,0.25,-9999,-9999,-9999
315,2007,1.777794352,0.611954787,0.10566957,1.497608862,1.753435496,1.000065369,0.028223718,-9999,-9999,-9999,-9999,-9999,-9999,-9999,-9999,-9999,-9999,-9999,-9999
322,2007,1.603385488,0.617620633,0.145721962,1.579753285,1.686459784,1.000055632,0.032606975,-9999,-9999,-9999,-9999,-9999,-9999,-9999,0.44,0.25,-9999,-9999,-9999
329,2007,1.654146221,0.657014636,0.241177796,1.386923905,2.001627182,1.001517011,0.015126842,-9999,-9999,-9999,-9999,-9999,-9999,-9999,-9999,-9999,-9999,-9999,-9999
336,2007,1.387326723,0.58565463,0.153997491,1.514044988,1.486448546,1.000011313,-0.15979127,0.197297278,-9999,-9999,-9999,-9999,-9999,-9999,-9999,-9999,-9999,-9999,-9999
343,2007,1.47103488,0.631976765,0.121569999,1.492505413,1.548519061,1.000087062,-0.312824365,-9999,-9999,-9999,-9999,-9999,-9999,-9999,-9999,-9999,-9999,-9999,-9999
350,2007,1.389159651,0.601849895,0.092967492,1.44372401,1.46697365,1.000044319,-0.001651653,-9999,-9999,-9999,-9999,-9999,-9999,-9999,-9999,-9999,-9999,-9999,-9999
357,2007,1.199988292,0.699317668,0.109304504,1.515888662,0.664533814,1.001615451,0.003094577,-9999,-9999,-9999,-9999,-9999,-9999,-9999,-9999,-9999,-9999,-9999,-9999
365,2007,1.806029288,0.6600729,0.107518439,1.53750465,1.284442707,1.000170447,-0.132886868,0.269024588,-9999,-9999,-9999,-9999,-9999,-9999,-9999,-9999,183.94,29.87,52
7,2008,1.173278375,0.58,0.1059849,1.544455164,0.927314411,1,0.02449456,-9999,-9999,-9999,-9999,-9999,-9999,-9999,-9999,-9999,-9999,-9999,-9999
14,2008,1.168564829,0.58,0.148252588,1.568943233,1.262453096,1,-0.000325848,-9999,-9999,-9999,-9999,-9999,-9999,-9999,-9999,-9999,-9999,-9999,-9999
21,2008,1.459971503,0.58,0.157996552,1.50001854,1.578110349,1,-0.261626544,-9999,-9999,-9999,-9999,-9999,-9999,-9999,-9999,-9999,-9999,-9999,-9999
28,2008,1.525895985,0.626609497,0.208508987,1.626473599,1.653269356,1.000091383,0.125758646,0.109542122,-9999,-9999,-9999,-9999,-9999,-9999,-9999,-9999,-9999,-9999,-9999
35,2008,1.209170422,0.58565463,0.21771739,1.317532708,1.303810064,1.000011313,0.031487068,-9999,-9999,-9999,-9999,-9999,-9999,-9999,-9999,-9999,-9999,-9999,-9999
42,2008,1.191828481,0.70393143,0.184300125,1.591143229,1.527682358,1.000273214,0.152759128,-9999,-9999,-9999,-9999,-9999,-9999,-9999,0.5,0.25,-9999,-9999,-9999
49,2008,2.11772653,0.607301113,0.197901295,1.439284666,1.587800916,1.000055632,0.291533608,-9999,-9999,-9999,-9999,-9999,-9999,-9999,0.5,0.25,-9999,-9999,-9999
56,2008,1.554485707,0.59634885,0.236959597,1.643510242,1.744908687,1.000033007,0.334224773,0.216320594,-9999,-9999,-9999,-9999,-9999,-9999,0.5,0.25,-9999,-9999,-9999
63,2008,1.416736699,0.58,0.176857655,1.666537374,1.536276579,1,0.185747295,-9999,-9999,-9999,-9999,-9999,-9999,-9999,0.5,0.25,-9999,-9999,-9999
70,2008,1.255311545,0.601849895,0.218684144,1.631496098,1.36566531,1.000033007,0.640413125,-9999,-9999,-9999,-9999,-9999,-9999,-9999,0.5,0.25,-9999,-9999,-9999
77,2008,1.197741711,0.58,0.250356856,1.554241631,1.311651576,1,0.71576413,-9999,-9999,-9999,-9999,-9999,-9999,-9999,0.5,0.25,-9999,-9999,-9999
84,2008,1.052878069,0.58565463,0.318277257,1.371533649,1.216637462,1.000011313,0.609264423,0.098887419,-9999,-9999,-9999,-9999,-9999,-9999,0.61,0.25,-9999,-9999,-9999
91,2008,1.176015825,0.618059327,0.342731252,1.563247126,1.440488701,1.000066944,0.926871652,-9999,-9999,-9999,-9999,-9999,-9999,-9999,-9999,-9999,-9999,-9999,-9999
98,2008,1.110556576,0.59634885,0.669296184,1.293894839,1.762098666,1.000033007,0.695502306,-9999,-9999,-9999,-9999,-9999,-9999,-9999,0.88,0.25,-9999,-9999,-9999
105,2008,1.049723162,0.669984272,0.827150207,1.600840075,1.789233915,1.000193069,0.782980605,-9999,-9999,-9999,-9999,-9999,-9999,-9999,-9999,-9999,-9999,-9999,-9999
112,2008,1.0027819,0.629621607,1.521944886,1.25762434,2.551541038,1.000103015,0.832664195,0.23891272,-9999,-9999,-9999,-9999,-9999,-9999,1.12,0.29,-9999,-9999,-9999
119,2008,1.591935169,0.730902989,2.555277519,1.434749081,4.43950205,1.000318428,1.369319476,-9999,-9999,-9999,-9999,-9999,-9999,-9999,-9999,-9999,-9999,-9999,-9999
126,2008,1.045523065,0.673742466,4.500445994,1.320115602,5.627450972,1.000201703,1.981068193,-9999,-9999,-9999,-9999,-9999,-9999,-9999,1.48,0.39,-9999,-9999,-9999
133,2008,-0.879160433,0.714245942,7.795736817,1.486493653,6.95265354,1.000298159,3.021411639,-9999,-9999,-9999,-9999,-9999,-9999,-9999,5.29,1.14,-9999,-9999,-9999
140,2008,-3.382110211,0.785204437,11.60053443,1.632980129,7.855930889,1.001833923,2.179517153,0.457199704,-9999,-9999,-9999,-9999,-9999,-9999,5.32,1.19,-9999,-9999,-9999
147,2008,-4.300130629,0.642321821,10.50811371,1.273758746,6.141629893,1.000130734,1.801369494,-9999,-9999,-9999,-9999,-9999,-9999,-9999,-9999,-9999,-9999,-9999,-9999
154,2008,-7.250667779,0.607747256,13.59725156,1.176867675,6.448320308,1.000056563,2.740042336,-9999,-9999,-9999,-9999,-9999,-9999,-9999,-9999,-9999,-9999,-9999,-9999
161,2008,-7.493437158,0.66608253,13.87878102,1.323795679,5.978475837,1.010706292,3.074396939,-9999,-9999,-9999,-9999,-9999,-9999,-9999,4.83,1.01,-9999,-9999,-9999
168,2008,-10.00881274,0.669437615,15.66750807,1.454872593,4.337186395,1.006137603,2.793550643,0.352072915,-9999,-9999,-9999,-9999,-9999,-9999,-9999,-9999,-9999,-9999,-9999
175,2008,-8.639764122,0.762442693,13.13113785,1.478003476,4.85453554,1.003597756,3.195479414,-9999,-9999,-9999,-9999,-9999,-9999,-9999,4.62,0.95,-9999,-9999,-9999
182,2008,-9.167251346,0.777838973,14.37766974,1.6172207,4.035624546,1.000461103,3.016680183,-9999,-9999,-9999,-9999,-9999,-9999,-9999,2.2,0.44,-9999,-9999,-9999
189,2008,-8.314886488,0.671384968,13.53187751,1.328263715,4.8938656,1.001549812,3.235912121,-9999,-9999,-9999,-9999,-9999,-9999,-9999,4.9,1,-9999,-9999,-9999
196,2008,-8.066694489,0.673611486,12.6391486,1.418484992,4.266718954,1.00020143,2.200483262,0.490324191,-9999,-9999,-9999,-9999,-9999,-9999,4.8,0.97,-9999,-9999,-9999
203,2008,-8.180312438,0.639432298,11.81804831,1.252961127,3.411678786,1.000113076,2.157834035,-9999,-9999,-9999,-9999,-9999,-9999,-9999,5.72,1.15,-9999,-9999,-9999
210,2008,-6.98244,0.686998361,11.47007007,1.471823903,3.525608266,1.003511618,3.255027905,-9999,-9999,-9999,-9999,-9999,-9999,-9999,4,1.91,-9999,-9999,-9999
217,2008,-5.083352105,0.700785449,9.338849295,1.571615086,3.677179968,1.000243795,2.520227721,-9999,-9999,-9999,-9999,-9999,-9999,-9999,6,1.2,-9999,-9999,-9999
224,2008,-5.400716134,0.705725039,9.391173818,1.415900548,3.76310045,1.000244115,2.233971733,0.412075483,-9999,-9999,-9999,-9999,-9999,-9999,0.65,0.25,-9999,-9999,-9999
231,2008,-5.756394099,0.646886975,9.153154835,1.288114149,3.284932788,1.000140854,2.043127656,-9999,-9999,-9999,-9999,-9999,-9999,-9999,2.8,0.56,-9999,-9999,-9999
238,2008,-5.296867325,0.591255182,8.272846949,1.130849097,2.864391459,1.000011313,1.540497027,-9999,-9999,-9999,-9999,-9999,-9999,-9999,4.9,1.16,-9999,-9999,-9999
245,2008,-5.199023408,0.629470459,8.386945626,1.166793489,3.30649353,1.000092634,1.545523917,-9999,-9999,-9999,-9999,-9999,-9999,-9999,0.7,0.25,-9999,-9999,-9999
252,2008,-5.058745081,0.646886975,8.32559331,1.305751291,3.211482215,1.000140854,1.509970851,0.279365692,-9999,-9999,-9999,-9999,-9999,-9999,6.54,1.34,-9999,-9999,-9999
259,2008,-3.756189006,0.649746164,6.517597572,1.453850882,2.442029641,1.000125667,1.322785297,-9999,-9999,-9999,-9999,-9999,-9999,-9999,4.53,1.08,-9999,-9999,-9999
266,2008,-3.553514002,0.591255182,6.42764733,1.160758816,2.997570295,1.000011313,1.026558805,-9999,-9999,-9999,-9999,-9999,-9999,-9999,5.19,1.63,-9999,-9999,-9999
273,2008,-2.047533709,0.617620633,5.589625295,1.115820027,4.046381797,1.000077325,0.707100004,-9999,-9999,-9999,-9999,-9999,-9999,-9999,5.32,1.08,-9999,-9999,-9999
280,2008,-1.027298104,0.611954787,3.548885577,1.35942407,2.384754317,1.000065369,0.369123204,0.214819604,-9999,-9999,-9999,-9999,-9999,-9999,4.79,0.97,-9999,-9999,-9999
287,2008,0.917352752,0.654711921,2.233924105,1.319782341,3.045423365,1.000158321,0.723963503,-9999,-9999,-9999,-9999,-9999,-9999,-9999,1.1,1.12,-9999,-9999,-9999
294,2008,2.026535687,0.591255182,0.709920773,1.549942882,2.620743226,1.000022625,0.480196613,-9999,-9999,-9999,-9999,-9999,-9999,-9999,1.11,0.25,-9999,-9999,-9999
301,2008,2.70262052,0.632702108,0.308841215,1.686819932,2.896271216,1.000088637,0.406778338,-9999,-9999,-9999,-9999,-9999,-9999,-9999,0.9,0.25,-9999,-9999,-9999
308,2008,2.846761855,0.760893686,0.257857584,1.347748625,2.732466884,1.000416436,0.199636063,0.299715983,-9999,-9999,-9999,-9999,-9999,-9999,0.85,0.25,-9999,-9999,-9999
315,2008,2.576946969,0.621327705,0.303873296,1.486573886,2.941686861,1.000085227,-0.052041645,-9999,-9999,-9999,-9999,-9999,-9999,-9999,-9999,-9999,-9999,-9999,-9999
322,2008,2.294129472,0.634257297,0.314643126,1.265493858,2.26345519,1.000113076,-0.063991579,-9999,-9999,-9999,-9999,-9999,-9999,-9999,-9999,-9999,-9999,-9999,-9999
329,2008,1.754211549,0.58565463,0.155717345,1.575080335,1.681186277,1.000011313,-0.089512985,-9999,-9999,-9999,-9999,-9999,-9999,-9999,-9999,-9999,-9999,-9999,-9999
336,2008,2.219859072,0.601849895,0.236086852,1.409161579,2.53222419,1.000033007,0.006664581,0.177568779,-9999,-9999,-9999,-9999,-9999,-9999,-9999,-9999,-9999,-9999,-9999
343,2008,2.511825514,0.651257843,0.192966428,1.298297822,2.59003915,1.000150591,-0.041826722,-9999,-9999,-9999,-9999,-9999,-9999,-9999,-9999,-9999,-9999,-9999,-9999
350,2008,2.390780631,0.686932857,0.322910897,1.26406095,2.512896375,1.000232537,0.037724026,-9999,-9999,-9999,-9999,-9999,-9999,-9999,-9999,-9999,-9999,-9999,-9999
357,2008,1.610204347,0.606545395,0.193224864,1.613390886,1.844165966,1.000054057,-0.172036944,-9999,-9999,-9999,-9999,-9999,-9999,-9999,-9999,-9999,-9999,-9999,-9999
366,2008,1.212801012,0.639521217,0.106898087,1.508020214,1.032471383,1.000124736,0.024719405,0.264234568,-9999,-9999,-9999,-9999,-9999,-9999,-9999,-9999,192.17,31.96,52
7,2009,1.119570891,0.612261302,0.13369479,1.406231216,1.057506792,1.000066013,0.039655882,-9999,-9999,-9999,-9999,-9999,-9999,-9999,-9999,-9999,-9999,-9999,-9999
14,2009,2.269830213,0.74147716,-9999,2.116306013,0.861284083,1.003569908,-0.128299867,-9999,-9999,-9999,-9999,-9999,-9999,-9999,-9999,-9999,-9999,-9999,-9999
21,2009,1.471389351,0.588688341,0.198567843,1.44024481,1.162282754,1.001371132,-0.068417236,-9999,-9999,-9999,-9999,-9999,-9999,-9999,-9999,-9999,-9999,-9999,-9999
28,2009,0.889557668,0.661840553,0.157622572,1.518792948,1.010578827,1.000174513,0.088655066,0.276316284,-9999,-9999,-9999,-9999,-9999,-9999,-9999,-9999,-9999,-9999,-9999
35,2009,1.554706173,0.686957339,0.369796446,1.374651631,2.177788268,1.019873907,-0.107271083,-9999,-9999,-9999,-9999,-9999,-9999,-9999,-9999,-9999,-9999,-9999,-9999
42,2009,1.393392705,0.630051945,0.312333072,1.523067816,1.616766418,1.000103946,0.072896344,-9999,-9999,-9999,-9999,-9999,-9999,-9999,-9999,-9999,-9999,-9999,-9999
49,2009,0.997261673,0.626609497,0.106895802,1.500859728,0.985704548,1.000096539,0.451856748,-9999,-9999,-9999,-9999,-9999,-9999,-9999,0.45,0.25,-9999,-9999,-9999
56,2009,1.007189642,0.61731678,0.153382688,1.470357772,1.025012316,1.000076681,0.290328781,0.232186613,-9999,-9999,-9999,-9999,-9999,-9999,0.8,0.25,-9999,-9999,-9999
63,2009,1.368122383,0.627903414,0.231483955,1.464300245,1.526127216,1.000087993,0.326430008,-9999,-9999,-9999,-9999,-9999,-9999,-9999,-9999,-9999,-9999,-9999,-9999
70,2009,1.4035497,0.591255182,0.116162116,1.572877697,1.423044505,1.000022625,0.346792498,-9999,-9999,-9999,-9999,-9999,-9999,-9999,0.4,0.25,-9999,-9999,-9999
77,2009,1.556925694,0.591255182,0.183985281,1.564093282,1.674412575,1.000022625,0.640344388,-9999,-9999,-9999,-9999,-9999,-9999,-9999,0.1,0.25,-9999,-9999,-9999
84,2009,1.362501771,0.58,0.112446037,1.433960598,1.277679401,1,0.627737062,0.142310289,-9999,-9999,-9999,-9999,-9999,-9999,0.67,0.25,-9999,-9999,-9999
91,2009,1.633510267,0.591255182,0.277670158,1.531046877,1.844250706,1.000022625,0.765804454,-9999,-9999,-9999,-9999,-9999,-9999,-9999,-9999,-9999,-9999,-9999,-9999
98,2009,3.404382476,0.680147542,0.926780111,1.44987138,3.919718901,1.000205284,1.120669412,-9999,-9999,-9999,-9999,-9999,-9999,-9999,0.77,0.25,-9999,-9999,-9999
105,2009,3.20582453,0.602300076,1.979098748,1.4048431,5.068550549,1.00004525,1.416054768,-9999,-9999,-9999,-9999,-9999,-9999,-9999,1.08,0.25,-9999,-9999,-9999
112,2009,0.66247181,0.622933858,3.571175052,1.540124019,3.908375804,1.000088637,1.429517833,0.245420678,-9999,-9999,-9999,-9999,-9999,-9999,1.32,0.27,-9999,-9999,-9999
119,2009,-1.039409352,0.639498901,5.666616964,1.355566517,4.506813826,1.003328765,1.750446527,-9999,-9999,-9999,-9999,-9999,-9999,-9999,2.27,0.48,-9999,-9999,-9999
126,2009,-1.709839719,0.72829112,6.435379821,1.472318086,4.762812025,1.001686392,1.508050193,-9999,-9999,-9999,-9999,-9999,-9999,-9999,4.38,0.89,-9999,-9999,-9999
133,2009,-3.058369217,0.68776337,8.326708006,1.32670119,5.288402311,1.000212857,2.065348971,-9999,-9999,-9999,-9999,-9999,-9999,-9999,5.95,1.26,-9999,-9999,-9999
140,2009,-3.754995473,0.713924681,9.937208608,1.557909656,5.863809449,1.000297383,2.464114596,0.401010486,-9999,-9999,-9999,-9999,-9999,-9999,5.94,1.28,-9999,-9999,-9999
147,2009,-5.287833483,0.659870711,11.40932289,1.369633802,5.96166934,1.000169952,2.659515127,-9999,-9999,-9999,-9999,-9999,-9999,-9999,1.5,0.3,-9999,-9999,-9999
154,2009,-6.599999833,0.670024393,11.05496314,1.321868217,3.981632498,1.000183078,2.462054247,-9999,-9999,-9999,-9999,-9999,-9999,-9999,6.5,1.3,-9999,-9999,-9999
161,2009,-7.393428321,0.682112124,10.89922411,1.419261806,3.075007599,1.000221175,1.82518697,-9999,-9999,-9999,-9999,-9999,-9999,-9999,5.57,1.12,-9999,-9999,-9999
168,2009,-7.268175928,0.645560231,11.3469491,1.388865791,3.606780814,1.001491521,2.209243895,0.376453828,-9999,-9999,-9999,-9999,-9999,-9999,1.1,0.25,-9999,-9999,-9999
175,2009,-7.436545967,0.671070275,12.65090533,1.476068605,4.651998976,1.000180332,2.396940729,-9999,-9999,-9999,-9999,-9999,-9999,-9999,-9999,-9999,-9999,-9999,-9999
182,2009,-4.504981516,0.734865994,11.26268829,1.4875494,6.96627987,1.000349619,1.997491699,-9999,-9999,-9999,-9999,-9999,-9999,-9999,-9999,-9999,-9999,-9999,-9999
189,2009,-7.648962415,0.720526141,13.61143536,1.436937365,5.677007802,1.001666588,2.86277025,-9999,-9999,-9999,-9999,-9999,-9999,-9999,6.33,1.28,-9999,-9999,-9999
196,2009,-7.756596979,0.695288253,12.79016876,1.403720075,4.670325891,1.000252466,2.639934923,0.445192464,-9999,-9999,-9999,-9999,-9999,-9999,2.83,1.23,-9999,-9999,-9999
203,2009,-7.289477792,0.632708789,12.34152805,1.288556039,4.736866211,1.000098426,2.952337975,-9999,-9999,-9999,-9999,-9999,-9999,-9999,4.82,1.82,-9999,-9999,-9999
210,2009,-7.988714242,0.622933858,12.96841983,1.147377957,4.818628929,1.000066944,3.554503565,-9999,-9999,-9999,-9999,-9999,-9999,-9999,3.37,1.24,-9999,-9999,-9999
217,2009,-10.69374422,0.722110254,15.96089847,1.514643806,5.448229543,1.046701946,4.277780105,-9999,-9999,-9999,-9999,-9999,-9999,-9999,5.19,1.06,-9999,-9999,-9999
224,2009,-5.772802052,0.635300648,10.47885075,1.347660128,3.819935303,1.010638256,1.900498376,0.377484356,-9999,-9999,-9999,-9999,-9999,-9999,5.57,1.48,-9999,-9999,-9999
231,2009,-7.61027711,0.808171832,12.0878202,1.60289369,4.328238406,1.000457532,3.463600642,-9999,-9999,-9999,-9999,-9999,-9999,-9999,-9999,-9999,-9999,-9999,-9999
238,2009,-4.330608764,0.752588989,10.46609845,1.477399122,4.667151763,1.00359819,2.791836501,-9999,-9999,-9999,-9999,-9999,-9999,-9999,5.8,1.25,-9999,-9999,-9999
245,2009,-6.694924392,0.614243925,10.18360886,1.187885821,3.471221057,1.003274541,2.820178951,-9999,-9999,-9999,-9999,-9999,-9999,-9999,4.86,1.03,-9999,-9999,-9999
252,2009,-4.901821223,0.682118322,8.448222977,1.357988263,3.640283296,1.000178489,1.959388794,0.475883221,-9999,-9999,-9999,-9999,-9999,-9999,4.71,0.98,-9999,-9999,-9999
259,2009,-1.781163018,0.634834399,5.172927021,1.258105532,3.36268211,1.000114326,0.833282637,-9999,-9999,-9999,-9999,-9999,-9999,-9999,4.54,0.92,-9999,-9999,-9999
266,2009,-3.735378986,0.687732456,7.198392958,1.345406436,3.531010262,1.000234379,1.661008969,-9999,-9999,-9999,-9999,-9999,-9999,-9999,4.73,0.96,-9999,-9999,-9999
273,2009,-2.50943782,0.685776993,5.368644291,1.314855584,2.944338187,1.000229842,0.808418539,-9999,-9999,-9999,-9999,-9999,-9999,-9999,4.49,0.94,-9999,-9999,-9999
280,2009,-1.382937771,0.622632598,3.964328707,1.182343211,2.605547621,1.000087993,0.341889257,0.301620574,-9999,-9999,-9999,-9999,-9999,-9999,3.86,0.98,-9999,-9999,-9999
287,2009,-1.013319329,0.58565463,3.197524456,1.114947873,2.161401155,1.000011313,0.367594706,-9999,-9999,-9999,-9999,-9999,-9999,-9999,-9999,-9999,-9999,-9999,-9999
294,2009,-0.065716522,0.601849895,1.885122695,1.307190385,1.665313106,1.000022625,0.33640338,-9999,-9999,-9999,-9999,-9999,-9999,-9999,0.78,0.25,-9999,-9999,-9999
301,2009,1.315581307,0.591255182,1.209646564,1.422656606,2.439559082,1.000022625,0.290437058,-9999,-9999,-9999,-9999,-9999,-9999,-9999,1.59,0.36,-9999,-9999,-9999
308,2009,2.391143195,0.639432298,0.519914737,1.387860952,2.744829214,1.000113076,0.329189807,0.161889951,-9999,-9999,-9999,-9999,-9999,-9999,-9999,-9999,-9999,-9999,-9999
315,2009,2.483279362,0.58,0.207531417,1.567803669,2.480020663,1,0.079936885,-9999,-9999,-9999,-9999,-9999,-9999,-9999,0.43,0.25,-9999,-9999,-9999
322,2009,2.492615901,0.58,0.164299457,1.600944467,2.520876477,1,-0.134967544,-9999,-9999,-9999,-9999,-9999,-9999,-9999,0.39,0.25,-9999,-9999,-9999
329,2009,2.495425968,0.58,0.156580974,1.609312222,2.514188777,1,-0.082575974,-9999,-9999,-9999,-9999,-9999,-9999,-9999,-9999,-9999,-9999,-9999,-9999
336,2009,2.006316093,0.58,0.11818666,1.586404637,2.019631875,1,-0.210701158,0.008707695,-9999,-9999,-9999,-9999,-9999,-9999,-9999,-9999,-9999,-9999,-9999
343,2009,1.8650138,0.58565463,0.154607956,1.547574585,1.960215168,1.000011313,-0.021470207,-9999,-9999,-9999,-9999,-9999,-9999,-9999,-9999,-9999,-9999,-9999,-9999
350,2009,1.582613512,0.58565463,0.11032085,1.282393933,1.62049103,1.000011313,-0.005677241,-9999,-9999,-9999,-9999,-9999,-9999,-9999,-9999,-9999,-9999,-9999,-9999
357,2009,1.389437756,0.690015636,0.124075269,1.501072441,0.876412961,1.000239871,0.017309084,-9999,-9999,-9999,-9999,-9999,-9999,-9999,-9999,-9999,-9999,-9999,-9999
365,2009,1.486384065,0.687546407,0.105900557,2.180984734,1.224656155,1.01080431,-0.109890969,0.227624849,-9999,-9999,-9999,-9999,-9999,-9999,-9999,-9999,181.6,37.89,52
7,2010,-9999,0.911057024,-9999,2.116306013,-9999,1.147121965,-9999,-9999,-9999,-9999,-9999,-9999,-9999,-9999,-9999,-9999,-9999,-9999,-9999
14,2010,-9999,0.911057024,-9999,2.116306013,-9999,1.147121965,-9999,-9999,-9999,-9999,-9999,-9999,-9999,-9999,-9999,-9999,-9999,-9999,-9999
21,2010,-9999,0.911057024,-9999,2.116306013,-9999,1.147121965,-9999,-9999,-9999,-9999,-9999,-9999,-9999,-9999,-9999,-9999,-9999,-9999,-9999
28,2010,-9999,0.911057024,0.092842783,1.419930488,1.196896642,1.010606233,-9999,-9999,-9999,-9999,-9999,-9999,-9999,-9999,-9999,-9999,-9999,-9999,-9999
35,2010,-9999,0.911057024,0.148617161,1.386594567,1.160480866,1,-9999,-9999,-9999,-9999,-9999,-9999,-9999,-9999,-9999,-9999,-9999,-9999,-9999
42,2010,-9999,0.911057024,-9999,2.116306013,0.940706299,1.005986033,-9999,-9999,-9999,-9999,-9999,-9999,-9999,-9999,-9999,-9999,-9999,-9999,-9999
49,2010,-9999,0.911057024,0.111999946,1.514057034,1.214098836,1.019837651,-9999,-9999,-9999,-9999,-9999,-9999,-9999,-9999,-9999,-9999,-9999,-9999,-9999
56,2010,-9999,0.911057024,0.170099138,1.562357528,1.179064973,1.000011313,-9999,-9999,-9999,-9999,-9999,-9999,-9999,-9999,0.38,0.25,-9999,-9999,-9999
63,2010,-9999,0.911057024,0.155601529,1.707242752,1.215074241,1.000055632,-9999,-9999,-9999,-9999,-9999,-9999,-9999,-9999,-9999,-9999,-9999,-9999,-9999
70,2010,-9999,0.911057024,-9999,2.116306013,1.253303709,1.000131378,-9999,-9999,-9999,-9999,-9999,-9999,-9999,-9999,0.53,0.25,-9999,-9999,-9999
77,2010,-9999,0.911057024,0.219543097,1.413183725,1.079519173,1.005974787,-9999,-9999,-9999,-9999,-9999,-9999,-9999,-9999,0.5,0.25,-9999,-9999,-9999
84,2010,-9999,0.911057024,-9999,2.116306013,-9999,1.147121965,-9999,-9999,-9999,-9999,-9999,-9999,-9999,-9999,0.53,0.25,-9999,-9999,-9999
91,2010,-9999,0.911057024,-9999,2.116306013,-9999,1.147121965,-9999,-9999,-9999,-9999,-9999,-9999,-9999,-9999,-9999,-9999,-9999,-9999,-9999
98,2010,-9999,0.911057024,-9999,2.116306013,-9999,1.147121965,-9999,-9999,-9999,-9999,-9999,-9999,-9999,-9999,1.1,0.25,-9999,-9999,-9999
105,2010,-9999,0.911057024,-9999,2.116306013,-9999,1.147121965,-9999,-9999,-9999,-9999,-9999,-9999,-9999,-9999,0.97,0.25,-9999,-9999,-9999
112,2010,0.632954718,0.760472111,1.36339176,1.481711528,1.910077967,1.001768509,0.824246859,0.286410066,-9999,-9999,-9999,-9999,-9999,-9999,1.2,0.25,-9999,-9999,-9999
119,2010,1.330705658,0.657413848,2.276326921,1.508509301,3.548219142,1.000164432,0.946132019,-9999,-9999,-9999,-9999,-9999,-9999,-9999,1.2,0.25,-9999,-9999,-9999
126,2010,1.779480901,0.604802375,3.035641439,1.367726208,4.695228255,1.000136048,0.940902583,-9999,-9999,-9999,-9999,-9999,-9999,-9999,1.28,0.26,-9999,-9999,-9999
133,2010,1.467689844,0.652917439,3.281540289,1.45618276,4.493917966,1.000154345,1.001755458,-9999,-9999,-9999,-9999,-9999,-9999,-9999,1.1,0.25,-9999,-9999,-9999
140,2010,0.097549951,0.614159114,3.575050316,1.303925857,3.638626311,1.00007001,1.073203189,0.252857846,-9999,-9999,-9999,-9999,-9999,-9999,-9999,-9999,-9999,-9999,-9999
147,2010,-2.424262456,0.602300076,7.805208417,1.247343404,5.105194611,1.00004525,2.114437008,-9999,-9999,-9999,-9999,-9999,-9999,-9999,-9999,-9999,-9999,-9999,-9999
154,2010,-2.921814373,0.632998576,7.287240228,1.369221924,4.065546328,1.000110329,1.768853181,-9999,-9999,-9999,-9999,-9999,-9999,-9999,5.44,1.15,-9999,-9999,-9999
161,2010,-5.333909543,0.69414165,11.22824549,1.364887003,6.30736609,1.000249594,2.714771097,-9999,-9999,-9999,-9999,-9999,-9999,-9999,-9999,-9999,-9999,-9999,-9999
168,2010,-8.140218266,0.710262801,12.34136749,1.580848741,3.628961207,1.000288424,2.371675718,0.36910246,-9999,-9999,-9999,-9999,-9999,-9999,2.8,2.32,-9999,-9999,-9999
175,2010,-7.364156714,0.681119018,11.44823931,1.497089273,3.718561296,1.000218967,2.196805322,-9999,-9999,-9999,-9999,-9999,-9999,-9999,4.57,0.93,-9999,-9999,-9999
182,2010,-8.27373673,0.747196543,13.3960929,1.435894401,4.816244503,1.006325844,3.529500397,-9999,-9999,-9999,-9999,-9999,-9999,-9999,4.5,0.91,-9999,-9999,-9999
189,2010,-9.505309804,0.764042703,14.09029067,1.481711528,4.887274864,1.003627827,3.506514534,-9999,-9999,-9999,-9999,-9999,-9999,-9999,-9999,-9999,-9999,-9999,-9999
196,2010,-5.966550729,0.739193282,11.47891979,1.500659333,4.898213811,1.006305429,2.670714207,0.499363118,-9999,-9999,-9999,-9999,-9999,-9999,4.49,0.91,-9999,-9999,-9999
203,2010,-5.437900501,0.734760546,10.76449086,1.485615137,5.261060197,1.003552726,2.846864036,-9999,-9999,-9999,-9999,-9999,-9999,-9999,2.57,1.81,-9999,-9999,-9999
210,2010,-10.31374307,0.719956698,14.29529657,1.4334874,4.425960238,1.010833308,2.541598401,-9999,-9999,-9999,-9999,-9999,-9999,-9999,5.8,1.16,-9999,-9999,-9999
217,2010,-7.652274355,0.639498901,11.24477648,1.203739195,4.2825154,1.003328765,1.760329591,-9999,-9999,-9999,-9999,-9999,-9999,-9999,4.2,0.84,-9999,-9999,-9999
224,2010,-5.587039822,0.657819579,10.06246757,1.417603763,4.102912763,1.000165311,1.697145636,0.395107065,-9999,-9999,-9999,-9999,-9999,-9999,5.6,1.12,-9999,-9999,-9999
231,2010,-3.60513372,0.622632598,7.6963064,1.232156269,3.738605665,1.000087993,1.178411673,-9999,-9999,-9999,-9999,-9999,-9999,-9999,1.4,1.51,-9999,-9999,-9999
238,2010,-4.612769351,0.622933858,7.149850055,1.30534311,2.414030611,1.000088637,1.799827234,-9999,-9999,-9999,-9999,-9999,-9999,-9999,5.23,1.07,-9999,-9999,-9999
245,2010,-4.623869093,0.617620633,7.364376073,1.147377957,2.755671526,1.000077325,1.20585934,-9999,-9999,-9999,-9999,-9999,-9999,-9999,5.93,1.79,-9999,-9999,-9999
252,2010,-4.31305285,0.632708789,7.083435095,1.368148789,2.708705839,1.000109738,1.431863411,0.254547932,-9999,-9999,-9999,-9999,-9999,-9999,4.12,1.51,-9999,-9999,-9999
259,2010,-4.443218758,0.652381501,7.533540249,1.363005903,2.862830839,1.000153121,1.345204011,-9999,-9999,-9999,-9999,-9999,-9999,-9999,5.43,1.11,-9999,-9999,-9999
266,2010,-3.700917913,0.75304201,6.927067671,1.524565629,3.366332704,1.000396162,1.244272576,-9999,-9999,-9999,-9999,-9999,-9999,-9999,4.74,1.07,-9999,-9999,-9999
273,2010,-0.80036704,0.660610176,3.845179861,1.154494626,3.066071599,1.000171796,0.286802508,-9999,-9999,-9999,-9999,-9999,-9999,-9999,4.57,0.94,-9999,-9999,-9999
280,2010,-1.499895147,0.695679406,4.662736801,1.373789931,3.243104091,1.000253271,0.64075494,0.359050849,-9999,-9999,-9999,-9999,-9999,-9999,-9999,-9999,-9999,-9999,-9999
287,2010,-0.412185405,0.7430079,2.533389297,1.477235166,2.115484899,1.000265536,0.801705053,-9999,-9999,-9999,-9999,-9999,-9999,-9999,3.06,1.2,-9999,-9999,-9999
294,2010,-9999,0.911057024,0.852402228,1.480133673,2.067741071,1.000324734,-9999,-9999,-9999,-9999,-9999,-9999,-9999,-9999,2.18,0.5,-9999,-9999,-9999
301,2010,-9999,0.911057024,0.89914977,1.446736905,2.241304224,1.006256546,-9999,-9999,-9999,-9999,-9999,-9999,-9999,-9999,1.36,0.29,-9999,-9999,-9999
308,2010,-9999,0.911057024,0.422964597,1.291978747,3.852740986,1.01071355,-9999,0.275968267,-9999,-9999,-9999,-9999,-9999,-9999,0.97,0.26,-9999,-9999,-9999
315,2010,-9999,0.911057024,0.184557642,1.615503965,2.623186616,1.000102695,-9999,-9999,-9999,-9999,-9999,-9999,-9999,-9999,-9999,-9999,-9999,-9999,-9999
322,2010,-9999,0.911057024,0.12169855,1.534000821,2.546620465,1.000091383,-9999,-9999,-9999,-9999,-9999,-9999,-9999,-9999,0.2,0.25,-9999,-9999,-9999
329,2010,-9999,0.911057024,0.163309771,1.620714286,1.594890782,1.000130734,-9999,-9999,-9999,-9999,-9999,-9999,-9999,-9999,0.48,0.25,-9999,-9999,-9999
336,2010,-9999,0.911057024,0.045230105,1.403814713,1.034026424,1.003317489,-9999,-9999,-9999,-9999,-9999,-9999,-9999,-9999,-9999,-9999,-9999,-9999,-9999
343,2010,-9999,0.911057024,-9999,2.116306013,1.312284717,1.003310178,-9999,-9999,-9999,-9999,-9999,-9999,-9999,-9999,-9999,-9999,-9999,-9999,-9999
350,2010,-9999,0.911057024,0.063355431,1.400971575,0.775353353,1.000033938,-9999,-9999,-9999,-9999,-9999,-9999,-9999,-9999,-9999,-9999,-9999,-9999,-9999
357,2010,-9999,0.911057024,-9999,2.116306013,0.518275175,1.000185772,-9999,-9999,-9999,-9999,-9999,-9999,-9999,-9999,-9999,-9999,-9999,-9999,-9999
365,2010,-9999,1.591836616,-9999,3.889264815,0.483624443,1.147150739,-9999,-9999,-9999,-9999,-9999,-9999,-9999,-9999,-9999,-9999,185.92,44.32,52
7,2011,1.67483424,0.641479284,0.13353435,1.506531778,1.046369539,1.003333047,-0.222454977,-9999,-9999,-9999,-9999,-9999,-9999,-9999,-9999,-9999,-9999,-9999,-9999
14,2011,1.70974802,0.636202276,0.128063368,1.395057132,1.669906056,1.001470999,-0.463879662,-9999,-9999,-9999,-9999,-9999,-9999,-9999,-9999,-9999,-9999,-9999,-9999
21,2011,1.686365105,0.58565463,0.179793451,1.349334281,1.943260354,1.000011313,-0.060502213,-9999,-9999,-9999,-9999,-9999,-9999,-9999,-9999,-9999,-9999,-9999,-9999
28,2011,1.401843083,0.624799254,0.170483847,1.529326722,1.552763164,1.000092634,0.150742588,0.205680833,-9999,-9999,-9999,-9999,-9999,-9999,-9999,-9999,-9999,-9999,-9999
35,2011,1.153713191,0.626309605,0.096325612,1.497228672,0.952966377,1.003300149,-0.114001583,-9999,-9999,-9999,-9999,-9999,-9999,-9999,-9999,-9999,-9999,-9999,-9999
42,2011,1.447881977,0.58,0.089148533,1.575849842,1.227946886,1,0.291691062,-9999,-9999,-9999,-9999,-9999,-9999,-9999,0.57,0.25,-9999,-9999,-9999
49,2011,1.366403606,0.639432298,0.082342361,1.405157759,1.069131313,1.000124387,0.080354833,-9999,-9999,-9999,-9999,-9999,-9999,-9999,0.62,0.25,-9999,-9999,-9999
56,2011,0.93176934,0.734353392,0.522923315,1.514432998,0.956544857,1.00170161,0.165609762,0.263593682,23007.3,4601.46,-9999,-9999,-9999,-9999,-9999,-9999,-9999,-9999,-9999
63,2011,1.358195435,0.644422283,0.278639783,1.405788587,1.185937627,1.000135375,0.234760098,-9999,-9999,-9999,-9999,-9999,-9999,-9999,0.55,0.25,-9999,-9999,-9999
70,2011,1.307629442,0.6495163,0.181419353,1.437429601,1.094193911,1.000146686,0.245541457,-9999,-9999,-9999,-9999,-9999,-9999,-9999,0.57,0.25,-9999,-9999,-9999
77,2011,1.691365031,0.636616107,0.303344258,1.311068016,1.888180393,1.000118231,0.185632471,-9999,-9999,-9999,-9999,-9999,-9999,-9999,0.61,0.25,-9999,-9999,-9999
84,2011,2.158804022,0.719418375,-9999,2.116306013,1.936802438,1.00166428,0.363288364,0.297446425,-9999,-9999,-9999,-9999,-9999,-9999,0.5,0.25,-9999,-9999,-9999
91,2011,2.470346985,0.654297803,0.36897214,1.419305985,2.298240787,1.00015739,0.383998282,-9999,-9999,-9999,-9999,-9999,-9999,-9999,0.83,0.25,-9999,-9999,-9999
98,2011,2.811374109,0.607747256,0.71103928,1.598039075,3.315176914,1.000056563,0.790095256,-9999,-9999,-9999,-9999,-9999,-9999,-9999,1,0.25,-9999,-9999,-9999
105,2011,1.224831383,0.632293979,1.706248419,1.334901615,2.924344538,1.00146239,0.811326929,-9999,-9999,-9999,-9999,-9999,-9999,-9999,1.12,0.25,-9999,-9999,-9999
112,2011,1.368187998,0.679790686,2.671424897,1.559474639,3.757275378,1.000215759,1.182116045,0.269473126,-9999,-9999,-9999,-9999,-9999,-9999,1.5,0.32,-9999,-9999,-9999
119,2011,-0.103234819,0.648011688,4.90924954,1.502076714,4.453046274,1.000143333,1.758112697,-9999,-9999,-9999,-9999,-9999,-9999,-9999,1.78,0.38,-9999,-9999,-9999
126,2011,-1.401721746,0.627643789,5.463198287,1.246707794,4.240825328,1.001452343,1.454684927,-9999,-9999,-9999,-9999,-9999,-9999,-9999,4.69,0.96,-9999,-9999,-9999
133,2011,-3.040265057,0.741321228,8.345820821,1.58629332,5.402144271,1.000365802,1.971659024,-9999,-9999,-9999,-9999,-9999,-9999,-9999,4.37,0.89,-9999,-9999,-9999
140,2011,-4.60104748,0.67565698,9.388390877,1.370972622,4.471868987,1.00341017,1.957385158,0.362676292,-9999,-9999,-9999,-9999,-9999,-9999,6.22,1.33,-9999,-9999,-9999
147,2011,-6.651728606,0.704474606,10.59728913,1.397811204,3.811057443,1.00162776,2.428982949,-9999,-9999,-9999,-9999,-9999,-9999,-9999,5,1.03,-9999,-9999,-9999
154,2011,-6.299351977,0.698662281,10.28455039,1.399055411,3.966412259,1.000260389,2.330283004,-9999,-9999,-9999,-9999,-9999,-9999,-9999,6.4,1.29,-9999,-9999,-9999
161,2011,-6.733183559,0.722557366,11.05486184,1.413412942,4.485647402,1.019913526,2.103950506,-9999,-9999,-9999,-9999,-9999,-9999,-9999,6.01,1.37,-9999,-9999,-9999
168,2011,-7.360982353,0.696175972,12.21448101,1.422642153,4.626434634,1.00345828,2.427594212,0.407219322,-9999,-9999,-9999,-9999,-9999,-9999,5.06,1.02,-9999,-9999,-9999
175,2011,-6.967699711,0.624212875,11.17718578,1.216269824,3.961836133,1.000091383,2.105776479,-9999,-9999,-9999,-9999,-9999,-9999,-9999,4.15,1.34,-9999,-9999,-9999
182,2011,-6.256401678,0.753663277,9.804574338,1.585314829,3.752058322,1.000397474,2.017506685,-9999,-9999,-9999,-9999,-9999,-9999,-9999,-9999,-9999,-9999,-9999,-9999
189,2011,-5.819896852,0.691197317,9.40650759,1.465908431,3.431504446,1.000242604,1.869722477,-9999,-9999,-9999,-9999,-9999,-9999,-9999,5.31,1.12,-9999,-9999,-9999
196,2011,-5.51247517,0.624799254,9.775951022,1.252936276,4.184530614,1.000092634,2.491151979,0.383735481,-9999,-9999,-9999,-9999,-9999,-9999,3.07,1.5,-9999,-9999,-9999
203,2011,-7.095761681,0.64262043,11.04394006,1.220724037,3.835127183,1.00013143,2.270668501,-9999,-9999,-9999,-9999,-9999,-9999,-9999,6.7,1.34,-9999,-9999,-9999
210,2011,-6.777442931,0.681541449,10.42271601,1.312597508,3.430284012,1.003423764,1.551948027,-9999,-9999,-9999,-9999,-9999,-9999,-9999,-9999,-9999,-9999,-9999,-9999
217,2011,-4.740700206,0.622632598,8.573397943,1.30534311,3.730533835,1.000087993,1.04979561,-9999,-9999,-9999,-9999,-9999,-9999,-9999,2.1,0.42,-9999,-9999,-9999
224,2011,-4.78172127,0.648952255,8.54053697,1.285056761,3.704278999,1.000145435,1.52024413,0.311890223,-9999,-9999,-9999,-9999,-9999,-9999,5.6,1.13,-9999,-9999,-9999
231,2011,-9999,0.911057024,-9999,2.116306013,-9999,1.147121965,-9999,-9999,-9999,-9999,-9999,-9999,-9999,-9999,6,1.21,-9999,-9999,-9999
238,2011,-9999,0.911057024,-9999,2.116306013,-9999,1.147121965,-9999,-9999,-9999,-9999,-9999,-9999,-9999,-9999,4.87,1.05,-9999,-9999,-9999
245,2011,-3.616064658,0.687189294,8.495098303,1.306243729,4.481183878,1.010755108,1.466160108,-9999,-9999,-9999,-9999,-9999,-9999,-9999,5.06,1.03,-9999,-9999,-9999
252,2011,-2.362219286,0.699550693,6.224810841,1.472174562,3.794120965,1.000262634,1.319104679,0.296010338,-9999,-9999,-9999,-9999,-9999,-9999,4.77,0.97,-9999,-9999,-9999
259,2011,-2.815333378,0.763605898,6.608702887,1.523414205,3.046407133,1.000335851,1.177061471,-9999,-9999,-9999,-9999,-9999,-9999,-9999,4.88,0.99,-9999,-9999,-9999
266,2011,-3.353544526,0.620498077,6.525551968,1.242798554,3.139139153,1.001437055,1.033893018,-9999,-9999,-9999,-9999,-9999,-9999,-9999,5.13,1.62,-9999,-9999,-9999
273,2011,-2.072905265,0.737687952,5.919248664,1.483748371,4.273183482,1.000356579,1.219791271,-9999,-9999,-9999,-9999,-9999,-9999,-9999,4.31,0.93,-9999,-9999,-9999
280,2011,-1.348034136,0.607301113,4.036912506,1.176040794,2.841806619,1.000055632,0.779187383,0.353287333,-9999,-9999,-9999,-9999,-9999,-9999,2.87,0.97,-9999,-9999,-9999
287,2011,-0.336428328,0.635261205,2.490911557,1.168377097,2.240293313,1.000115257,0.517828457,-9999,-9999,-9999,-9999,-9999,-9999,-9999,2,0.5,-9999,-9999,-9999
294,2011,0.018085833,0.602300076,2.203974223,1.324264918,2.133434029,1.00004525,0.444028093,-9999,-9999,-9999,-9999,-9999,-9999,-9999,2.92,0.89,-9999,-9999,-9999
301,2011,1.249570426,0.676263093,1.087943491,1.344049917,2.194778778,1.000207657,0.386810242,-9999,-9999,-9999,-9999,-9999,-9999,-9999,1.88,0.42,-9999,-9999,-9999
308,2011,2.220635879,0.647722091,0.458335436,1.654321388,2.730713189,1.000142689,0.35843253,0.255373459,-9999,-9999,-9999,-9999,-9999,-9999,0.7,0.25,-9999,-9999,-9999
315,2011,2.608063158,0.657051089,0.203897878,1.424065504,2.667673745,1.001517174,0.117353162,-9999,-9999,-9999,-9999,-9999,-9999,-9999,0.7,0.25,-9999,-9999,-9999
322,2011,2.282973925,0.68220989,0.053456282,1.447565791,1.947993973,1.010743225,-0.032475876,-9999,-9999,-9999,-9999,-9999,-9999,-9999,0.7,0.25,-9999,-9999,-9999
329,2011,1.828878506,0.682664787,0.211567898,1.405788587,1.943463166,1.006168397,-0.070838631,-9999,-9999,-9999,-9999,-9999,-9999,-9999,0.38,0.25,-9999,-9999,-9999
336,2011,1.877214824,0.58565463,0.167390865,1.634535676,1.926554889,1.000011313,-0.121310346,0.262688723,-9999,-9999,-9999,-9999,-9999,-9999,-9999,-9999,-9999,-9999,-9999
343,2011,1.501781511,0.58565463,0.138314316,1.37201957,1.648648948,1.000011313,-0.270059136,-9999,-9999,-9999,-9999,-9999,-9999,-9999,-9999,-9999,-9999,-9999,-9999
350,2011,1.364728824,0.58,0.10442079,1.436201278,1.443168607,1,-0.231025967,-9999,-9999,-9999,-9999,-9999,-9999,-9999,-9999,-9999,-9999,-9999,-9999
357,2011,1.45973886,0.591255182,0.093644669,1.349852936,1.415576106,1.000022625,-0.180134311,-9999,-9999,-9999,-9999,-9999,-9999,-9999,-9999,-9999,-9999,-9999,-9999
365,2011,1.521689649,0.58,0.129005676,1.380343493,1.636022232,1,-0.172854221,0.068185441,-9999,-9999,-9999,-9999,-9999,-9999,-9999,-9999,114.87,36.69,52
7,2012,1.435861589,0.58,0.0809977,1.653390733,1.421571875,1,-0.382951801,-9999,-9999,-9999,-9999,-9999,-9999,-9999,-9999,-9999,-9999,-9999,-9999
14,2012,1.201350556,0.58,0.180971735,1.601826125,1.36518551,1,-0.169756943,-9999,-9999,-9999,-9999,-9999,-9999,-9999,-9999,-9999,-9999,-9999,-9999
21,2012,1.238403403,0.58565463,0.115781671,1.565518007,1.111355926,1.000011313,-0.17492811,-9999,-9999,-9999,-9999,-9999,-9999,-9999,-9999,-9999,-9999,-9999,-9999
28,2012,1.132085968,0.664331399,0.176606376,1.47713807,1.254232039,1.000180175,-0.087627782,0.155607121,-9999,-9999,-9999,-9999,-9999,-9999,-9999,-9999,-9999,-9999,-9999
35,2012,0.748420141,0.722776463,0.088151701,1.514057034,0.642925148,1.006264279,0.055279991,-9999,-9999,-9999,-9999,-9999,-9999,-9999,0.34,0.25,-9999,-9999,-9999
42,2012,1.001333818,0.690015636,0.144213271,1.407991048,0.508407435,1.000239871,0.108123466,-9999,-9999,-9999,-9999,-9999,-9999,-9999,0.7,0.25,-9999,-9999,-9999
49,2012,0.944845157,0.61731678,0.130767214,1.502507935,0.903963878,1.000076681,-0.009640615,-9999,-9999,-9999,-9999,-9999,-9999,-9999,-9999,-9999,-9999,-9999,-9999
56,2012,1.164070364,0.58565463,0.185739529,1.635040553,1.290994262,1.000011313,0.085554247,0.279522228,-9999,-9999,-9999,-9999,-9999,-9999,0.5,0.25,-9999,-9999,-9999
63,2012,1.758396446,0.58565463,0.297601669,1.384978426,2.083989442,1.000011313,0.228479446,-9999,-9999,-9999,-9999,-9999,-9999,-9999,0.43,0.25,-9999,-9999,-9999
70,2012,1.553799954,0.634834399,0.382611729,1.587576168,2.013482756,1.000114326,0.295616562,-9999,-9999,-9999,-9999,-9999,-9999,-9999,0.39,0.25,-9999,-9999,-9999
77,2012,2.040226588,0.654297803,0.147862709,1.474860011,2.00789368,1.00014733,0.273514742,-9999,-9999,-9999,-9999,-9999,-9999,-9999,0.5,0.25,-9999,-9999,-9999
84,2012,2.425478097,0.607301113,-9999,2.116306013,1.811043643,1.000055632,0.404381491,0.207058685,-9999,-9999,-9999,-9999,-9999,-9999,0.67,0.25,-9999,-9999,-9999
91,2012,2.109670816,0.622933858,0.371085967,1.440122261,2.078749849,1.000088637,0.344490546,-9999,-9999,-9999,-9999,-9999,-9999,-9999,0.53,0.25,-9999,-9999,-9999
98,2012,1.64097978,0.610227219,0.574296563,1.372881111,2.092803985,1.001415391,0.536186823,-9999,-9999,-9999,-9999,-9999,-9999,-9999,0.8,0.32,-9999,-9999,-9999
105,2012,1.090523128,0.65159357,1.267952706,1.448973305,2.257353253,1.000151326,0.646758744,-9999,-9999,-9999,-9999,-9999,-9999,-9999,1.14,0.31,-9999,-9999,-9999
112,2012,0.731782468,0.659181678,1.73267121,1.56473061,2.228694546,1.000168429,0.7093423,0.24701973,-9999,-9999,-9999,-9999,-9999,-9999,0.93,0.27,-9999,-9999,-9999
119,2012,1.45730138,0.662401584,2.323384972,1.509942849,3.754843513,1.000175692,0.866973413,-9999,-9999,-9999,-9999,-9999,-9999,-9999,0.83,0.25,-9999,-9999,-9999
126,2012,1.709064272,0.749639297,4.779562849,1.549112936,6.423438321,1.000387096,1.414172729,-9999,-9999,-9999,-9999,-9999,-9999,-9999,1.27,0.26,-9999,-9999,-9999
133,2012,-0.115481,0.681656968,4.977467469,1.465937525,4.308405741,1.003424056,1.040660172,-9999,-9999,-9999,-9999,-9999,-9999,-9999,3.56,1.26,-9999,-9999,-9999
140,2012,-2.819739003,0.723631296,6.895309016,1.56685531,3.681846138,1.000321501,1.469365876,0.388388836,-9999,-9999,-9999,-9999,-9999,-9999,4.8,0.98,-9999,-9999,-9999
147,2012,-4.483991643,0.720728675,10.43357196,1.464674711,5.989568801,1.000314159,3.059121295,-9999,-9999,-9999,-9999,-9999,-9999,-9999,5.5,1.1,-9999,-9999,-9999
154,2012,-7.076748469,0.677682946,11.83991089,1.352080368,4.705348366,1.000210854,2.145000164,-9999,-9999,-9999,-9999,-9999,-9999,-9999,5.29,1.08,-9999,-9999,-9999
161,2012,-4.871588501,0.675702747,8.679689889,1.288396693,4.15763175,1.001559691,1.386669708,-9999,-9999,-9999,-9999,-9999,-9999,-9999,-9999,-9999,-9999,-9999,-9999
168,2012,-6.217527193,0.698393687,10.71475995,1.417603763,4.414078486,1.000238699,1.870797833,0.41037413,-9999,-9999,-9999,-9999,-9999,-9999,-9999,-9999,-9999,-9999,-9999
175,2012,-6.494656403,0.659117169,10.27120861,1.172049573,4.703304656,1.000168407,2.350136824,-9999,-9999,-9999,-9999,-9999,-9999,-9999,-9999,-9999,-9999,-9999,-9999
182,2012,-8.241012202,0.756841032,12.7684582,1.532606316,4.892703823,1.001759117,2.138119333,-9999,-9999,-9999,-9999,-9999,-9999,-9999,-9999,-9999,-9999,-9999,-9999
189,2012,-6.903049515,0.81589034,10.40892072,1.671024325,4.709635263,1.000565251,1.654042965,-9999,-9999,-9999,-9999,-9999,-9999,-9999,5.79,1.17,-9999,-9999,-9999
196,2012,-7.052343308,0.641772088,11.18128345,1.400346944,3.910999925,1.000129543,1.906376034,0.444653158,-9999,-9999,-9999,-9999,-9999,-9999,-9999,-9999,-9999,-9999,-9999
203,2012,-6.667629058,0.657533606,11.20700133,1.453003958,4.020445159,1.000164432,1.847749673,-9999,-9999,-9999,-9999,-9999,-9999,-9999,-9999,-9999,-9999,-9999,-9999
210,2012,-8.66736523,0.776169723,13.42814069,1.500480362,4.664740858,1.003660085,3.706657464,-9999,-9999,-9999,-9999,-9999,-9999,-9999,1,0.25,-9999,-9999,-9999
217,2012,-7.231302696,0.661967082,12.11535756,1.416973716,3.990627206,1.006120602,3.461817563,-9999,-9999,-9999,-9999,-9999,-9999,-9999,5.55,1.24,-9999,-9999,-9999
224,2012,-6.185102547,0.63704172,10.71865255,1.490309533,3.638429503,1.000119162,1.991545096,0.420207017,-9999,-9999,-9999,-9999,-9999,-9999,2.1,0.42,-9999,-9999,-9999
231,2012,-8.467317408,0.719118549,13.1387251,1.514057034,3.801659395,1.046694801,3.466538222,-9999,-9999,-9999,-9999,-9999,-9999,-9999,5.51,1.12,-9999,-9999,-9999
238,2012,-6.125096956,0.676491702,10.04031794,1.288114149,4.581010398,1.000208101,2.635643202,-9999,-9999,-9999,-9999,-9999,-9999,-9999,5.81,2.05,-9999,-9999,-9999
245,2012,-4.252970424,0.756453272,7.565747228,1.627480513,3.541070295,1.000485228,1.419147958,-9999,-9999,-9999,-9999,-9999,-9999,-9999,5.97,1.23,-9999,-9999,-9999
252,2012,-5.788966484,0.671081902,9.230220157,1.36295788,3.790962543,1.019837622,1.808077741,0.386346449,-9999,-9999,-9999,-9999,-9999,-9999,6.1,1.4,-9999,-9999,-9999
259,2012,-4.269473772,0.729422781,7.707274818,1.517158088,3.691350051,1.00033582,1.43021353,-9999,-9999,-9999,-9999,-9999,-9999,-9999,1.02,0.25,-9999,-9999,-9999
266,2012,-5.154355397,0.622933858,7.989500628,1.234113099,2.978282158,1.000088637,1.398107137,-9999,-9999,-9999,-9999,-9999,-9999,-9999,5,1.01,-9999,-9999,-9999
273,2012,-2.84531323,0.687047469,5.44053858,1.425807794,2.452984107,1.000232829,0.790077153,-9999,-9999,-9999,-9999,-9999,-9999,-9999,5.33,1.17,-9999,-9999,-9999
280,2012,-2.557939795,0.59634885,4.778856616,1.115820027,2.173917841,1.000033007,0.528323349,0.310529877,-9999,-9999,-9999,-9999,-9999,-9999,6.75,1.35,-9999,-9999,-9999
287,2012,-1.470870373,0.622933858,3.635206677,1.253287312,2.095925844,1.000088637,0.591793725,-9999,-9999,-9999,-9999,-9999,-9999,-9999,-9999,-9999,-9999,-9999,-9999
294,2012,1.196575028,0.612703833,2.866706662,1.269723774,4.180571256,1.000066944,0.544116334,-9999,-9999,-9999,-9999,-9999,-9999,-9999,3.58,1.52,-9999,-9999,-9999
301,2012,2.877691019,0.622933858,0.653776613,1.485617368,3.597785483,1.000088637,0.231419674,-9999,-9999,-9999,-9999,-9999,-9999,-9999,1.38,0.28,-9999,-9999,-9999
308,2012,2.331035783,0.607301113,0.377631994,1.436535334,2.663114149,1.000055632,0.050288614,0.195896609,-9999,-9999,-9999,-9999,-9999,-9999,0.57,0.25,-9999,-9999,-9999
315,2012,2.721671095,0.58,0.255437808,1.375049188,3.012311067,1,-0.124405605,-9999,-9999,-9999,-9999,-9999,-9999,-9999,0.3,0.25,-9999,-9999,-9999
322,2012,2.971531803,0.648952255,0.366113378,1.399040714,3.08725647,1.000145435,0.033498364,-9999,-9999,-9999,-9999,-9999,-9999,-9999,0.68,0.25,-9999,-9999,-9999
329,2012,2.83610745,0.635517922,0.266460165,1.35935825,3.554629677,1.000190235,0.066805679,-9999,-9999,-9999,-9999,-9999,-9999,-9999,0.31,0.25,-9999,-9999,-9999
336,2012,2.325708824,0.657000176,0.440222703,1.384497736,3.23255229,1.000244803,0.017436826,0.228228613,-9999,-9999,-9999,-9999,-9999,-9999,-9999,-9999,-9999,-9999,-9999
343,2012,1.632383479,0.65159357,0.19836875,1.469454218,1.77276198,1.000151326,-0.046395313,-9999,-9999,-9999,-9999,-9999,-9999,-9999,-9999,-9999,-9999,-9999,-9999
350,2012,1.556148583,0.606545395,0.196118711,1.451315968,1.392218684,1.000054057,-0.094083136,-9999,-9999,-9999,-9999,-9999,-9999,-9999,-9999,-9999,-9999,-9999,-9999
357,2012,1.757883141,0.58565463,0.197203157,1.255298736,1.712981892,1.000011313,-0.06069416,-9999,-9999,-9999,-9999,-9999,-9999,-9999,-9999,-9999,-9999,-9999,-9999
366,2012,1.790682793,0.588688341,0.131099947,1.545574719,1.895786248,1.001371132,-0.264457858,0.169549461,-9999,-9999,-9999,-9999,-9999,-9999,-9999,-9999,180.98,34.47,52
7,2013,1.828248359,0.591255182,0.139458207,1.339871247,1.98485308,1.000022625,-0.249014802,-9999,-9999,-9999,-9999,-9999,-9999,-9999,-9999,-9999,-9999,-9999,-9999
14,2013,1.361944995,0.627657107,0.089000562,1.428441164,1.441408218,1.000098861,-0.005831023,-9999,-9999,-9999,-9999,-9999,-9999,-9999,-9999,-9999,-9999,-9999,-9999
21,2013,0.720552222,0.627603809,0.062549122,1.619593216,0.78290353,1.000098718,0.003297733,-9999,-9999,-9999,-9999,-9999,-9999,-9999,-9999,-9999,-9999,-9999,-9999
28,2013,1.282032177,0.626309605,0.301816587,1.345130973,1.799178563,1.003263265,-0.025082979,0.195904018,-9999,-9999,-9999,-9999,-9999,-9999,-9999,-9999,-9999,-9999,-9999
35,2013,1.410787556,0.58,0.315290906,1.387919087,1.644122016,1,-0.325689453,-9999,-9999,-9999,-9999,-9999,-9999,-9999,-9999,-9999,-9999,-9999,-9999
42,2013,1.219567129,0.59680318,0.161576509,1.545022241,1.085248124,1.000033938,0.090090042,-9999,-9999,-9999,-9999,-9999,-9999,-9999,0.5,0.25,-9999,-9999,-9999
49,2013,1.439594752,0.591255182,0.169341369,1.690207135,1.461494967,1.000022625,0.111835195,-9999,-9999,-9999,-9999,-9999,-9999,-9999,0.9,0.25,-9999,-9999,-9999
56,2013,1.265984081,0.58565463,0.192370119,1.616045363,1.306580674,1.000011313,0.094195488,0.091647093,-9999,-9999,-9999,-9999,-9999,-9999,-9999,-9999,-9999,-9999,-9999
63,2013,1.195736395,0.692215649,0.303650579,1.346115879,1.569377521,1.006190579,0.045604363,-9999,-9999,-9999,-9999,-9999,-9999,-9999,-9999,-9999,-9999,-9999,-9999
70,2013,1.267785981,0.614243925,0.339101465,1.34611115,1.286370916,1.003274541,0.08602833,-9999,-9999,-9999,-9999,-9999,-9999,-9999,0.5,0.25,-9999,-9999,-9999
77,2013,1.385260318,0.732065534,0.276177458,1.430968568,1.306001812,1.001695828,0.247585683,-9999,-9999,-9999,-9999,-9999,-9999,-9999,-9999,-9999,-9999,-9999,-9999
84,2013,1.191979448,0.685776993,0.271406324,1.496347485,1.266687323,1.000227956,0.349179668,0.326343185,-9999,-9999,-9999,-9999,-9999,-9999,-9999,-9999,-9999,-9999,-9999
91,2013,1.141644918,0.58565463,0.263118541,1.604179681,1.275069062,1.000011313,0.485613196,-9999,-9999,-9999,-9999,-9999,-9999,-9999,-9999,-9999,-9999,-9999,-9999
98,2013,1.324910699,0.624212875,0.16892911,1.487754436,1.375344569,1.000091383,0.362569609,-9999,-9999,-9999,-9999,-9999,-9999,-9999,-9999,-9999,-9999,-9999,-9999
105,2013,2.707515349,0.612703833,0.464019943,1.413183725,2.713455711,1.000033938,0.429038321,-9999,-9999,-9999,-9999,-9999,-9999,-9999,-9999,-9999,-9999,-9999,-9999
112,2013,2.864511525,0.672256231,0.884406315,1.690797321,3.58291031,1.000197135,0.637543478,0.219143468,-9999,-9999,-9999,-9999,-9999,-9999,0.58,0.25,-9999,-9999,-9999
119,2013,2.215622392,0.765510505,1.682384166,1.300232162,3.713315785,1.000427438,0.745159057,-9999,-9999,-9999,-9999,-9999,-9999,-9999,-9999,-9999,-9999,-9999,-9999
126,2013,0.864022412,0.696759735,3.24257009,1.66362412,3.949848736,1.000255912,1.217649243,-9999,-9999,-9999,-9999,-9999,-9999,-9999,1.13,0.25,-9999,-9999,-9999
133,2013,0.31260179,0.666677083,4.633122059,1.42140775,4.228932399,1.000152478,1.068396946,-9999,-9999,-9999,-9999,-9999,-9999,-9999,1.96,0.46,-9999,-9999,-9999
140,2013,-2.646631095,0.70897761,8.167317552,1.446317504,5.313999216,1.000284271,1.764828361,0.397463697,-9999,-9999,-9999,-9999,-9999,-9999,2.99,0.87,-9999,-9999,-9999
147,2013,-2.29148302,0.654857244,6.20306623,1.293458844,3.942734531,1.000158641,0.773318114,-9999,-9999,-9999,-9999,-9999,-9999,-9999,-9999,-9999,-9999,-9999,-9999
154,2013,-2.132164081,0.610227219,6.700220738,1.355943241,4.178171019,1.000114356,0.894044539,-9999,-9999,-9999,-9999,-9999,-9999,-9999,-9999,-9999,-9999,-9999,-9999
161,2013,-6.761484388,0.664782354,11.50692975,1.316144361,4.62702502,1.019823577,2.376598385,-9999,-9999,-9999,-9999,-9999,-9999,-9999,6.1,1.22,-9999,-9999,-9999
168,2013,-9999,0.911057024,-9999,2.116306013,-9999,1.147121965,-9999,0.235340064,-9999,-9999,-9999,-9999,-9999,-9999,4.05,1.48,-9999,-9999,-9999
175,2013,-8.875124032,0.649185625,14.06558735,1.357493724,4.661841979,1.003350096,2.415159453,-9999,-9999,-9999,-9999,-9999,-9999,-9999,4.65,0.95,-9999,-9999,-9999
182,2013,-8.577240944,0.624212875,12.4786273,1.277573255,3.623212217,1.000091383,1.696799634,-9999,-9999,-9999,-9999,-9999,-9999,-9999,4.14,1.73,-9999,-9999,-9999
189,2013,-10.38427394,0.818850873,15.79142218,1.621900348,3.944606244,1.00057361,3.039134191,-9999,-9999,-9999,-9999,-9999,-9999,-9999,4.54,0.92,-9999,-9999,-9999
196,2013,-11.87883835,0.735539143,15.18118532,1.356131508,3.944948929,1.003554991,3.039825356,0.453733201,-9999,-9999,-9999,-9999,-9999,-9999,3.05,1.58,-9999,-9999,-9999
203,2013,-9999,0.911057024,-9999,2.116306013,-9999,1.147121965,-9999,-9999,-9999,-9999,-9999,-9999,-9999,-9999,5.38,1.2,-9999,-9999,-9999
210,2013,-5.875544574,0.709976985,11.09515604,1.485064657,4.752363385,1.003491568,2.37219531,-9999,-9999,-9999,-9999,-9999,-9999,-9999,4.63,1.4,-9999,-9999,-9999
217,2013,-9.552598885,0.601849895,13.18578095,1.1628358,3.656698046,1.000044319,3.082662687,-9999,-9999,-9999,-9999,-9999,-9999,-9999,4.69,0.95,-9999,-9999,-9999
224,2013,-9.29896966,0.801976761,12.46017609,1.698940075,2.600927371,1.000526443,2.576142745,0.425740053,-9999,-9999,-9999,-9999,-9999,-9999,3.42,2.3,-9999,-9999,-9999
231,2013,-8.039783698,0.777911932,12.92231258,1.54502912,5.780749938,1.001788499,2.493330804,-9999,-9999,-9999,-9999,-9999,-9999,-9999,1.13,0.25,-9999,-9999,-9999
238,2013,-7.476366469,0.692236979,12.11315381,1.570744484,4.144739412,1.000245046,2.001297728,-9999,-9999,-9999,-9999,-9999,-9999,-9999,5.8,1.16,-9999,-9999,-9999
245,2013,-5.539015218,0.656423603,11.28099624,1.537376934,5.047238362,1.000162163,1.669419206,-9999,-9999,-9999,-9999,-9999,-9999,-9999,3.6,1.12,-9999,-9999,-9999
252,2013,-3.777492984,0.755627427,10.39442943,1.479378115,5.277886783,1.000399762,1.133827905,0.435757588,-9999,-9999,-9999,-9999,-9999,-9999,5.72,1.48,-9999,-9999,-9999
259,2013,-3.893318584,0.690559899,7.372734348,1.382994386,3.576318983,1.000229791,0.597932209,-9999,-9999,-9999,-9999,-9999,-9999,-9999,5.7,1.14,-9999,-9999,-9999
266,2013,-4.747551529,0.632998576,8.552141874,1.176867675,3.933064472,1.000077325,0.804355619,-9999,-9999,-9999,-9999,-9999,-9999,-9999,-9999,-9999,-9999,-9999,-9999
273,2013,-4.608230583,0.624799254,7.250117396,1.160758816,2.928462806,1.000055632,1.033820562,-9999,-9999,-9999,-9999,-9999,-9999,-9999,1.34,0.28,-9999,-9999,-9999
280,2013,-2.483852183,0.627903414,3.91796504,1.324999301,1.101865401,1.000087993,0.601396078,0.270402419,-9999,-9999,-9999,-9999,-9999,-9999,5.2,1.08,-9999,-9999,-9999
287,2013,0.519923998,0.707120292,2.133641443,1.641270807,1.338748687,1.000269481,0.089730979,-9999,-9999,-9999,-9999,-9999,-9999,-9999,-9999,-9999,-9999,-9999,-9999
294,2013,2.08515208,0.624212875,1.60313874,1.417696962,2.882391056,1.000091383,0.046147476,-9999,-9999,-9999,-9999,-9999,-9999,-9999,-9999,-9999,-9999,-9999,-9999
301,2013,3.659496788,0.632708789,0.566915177,1.630437889,3.988244823,1.000109738,0.014189179,-9999,-9999,-9999,-9999,-9999,-9999,-9999,0.97,0.25,-9999,-9999,-9999
308,2013,3.427173769,0.58,0.239752936,1.430480052,3.332629995,1,-0.106707867,0.24454041,-9999,-9999,-9999,-9999,-9999,-9999,0.5,0.25,-9999,-9999,-9999
315,2013,3.141801763,0.58565463,0.353364027,1.351264932,3.546456585,1.000011313,-0.109819,-9999,-9999,-9999,-9999,-9999,-9999,-9999,-9999,-9999,-9999,-9999,-9999
322,2013,3.514308688,0.58,0.30609591,1.389855178,3.247380195,1,0.017364969,-9999,-9999,-9999,-9999,-9999,-9999,-9999,0.3,0.25,-9999,-9999,-9999
329,2013,4.057233797,0.587265662,0.364610353,1.432450178,3.468540528,1.003219088,-0.074701308,-9999,-9999,-9999,-9999,-9999,-9999,-9999,0.43,0.25,-9999,-9999,-9999
336,2013,-9999,0.911057024,-9999,2.116306013,-9999,1.147121965,-9999,0.066244212,-9999,-9999,-9999,-9999,-9999,-9999,-9999,-9999,-9999,-9999,-9999
343,2013,-9999,0.911057024,-9999,2.116306013,-9999,1.147121965,-9999,-9999,-9999,-9999,-9999,-9999,-9999,-9999,-9999,-9999,-9999,-9999,-9999
350,2013,2.27289081,0.645301053,0.103568006,1.442888257,2.428466261,1.010659773,-0.364358134,-9999,-9999,-9999,-9999,-9999,-9999,-9999,-9999,-9999,-9999,-9999,-9999
357,2013,2.095103495,0.619502028,0.201534316,1.492856821,2.324353538,1.000081322,-0.359755965,-9999,-9999,-9999,-9999,-9999,-9999,-9999,-9999,-9999,-9999,-9999,-9999
365,2013,2.007338657,0.58565463,0.167940748,1.635587394,1.995161302,1.000011313,-0.169828917,0.166693791,-9999,-9999,-9999,-9999,-9999,-9999,-9999,-9999,177.58,18.39,52
7,2014,1.732771543,0.626609497,0.241384262,1.353075786,1.851999686,1.000091383,-0.389297728,-9999,-9999,-9999,-9999,-9999,-9999,-9999,-9999,-9999,-9999,-9999,-9999
14,2014,1.216263265,0.64498612,0.266532873,1.491122787,1.456631406,1.000136629,-0.148058788,-9999,-9999,-9999,-9999,-9999,-9999,-9999,-9999,-9999,-9999,-9999,-9999
21,2014,1.985534238,0.60341769,0.439146877,1.263639303,2.48955181,1.003251989,-0.189919167,-9999,-9999,-9999,-9999,-9999,-9999,-9999,-9999,-9999,-9999,-9999,-9999
28,2014,0.821508826,0.621025262,0.168682927,1.408622003,0.768100285,1.003219088,0.354785546,0.208071052,-9999,-9999,-9999,-9999,-9999,-9999,-9999,-9999,-9999,-9999,-9999
35,2014,0.693648887,0.661301345,0.218322876,1.468636265,1.146747005,1.000173213,0.166650315,-9999,-9999,-9999,-9999,-9999,-9999,-9999,0.37,0.25,-9999,-9999,-9999
42,2014,1.471465905,0.622197128,0.209881776,1.557070552,1.630238171,1.000087062,-0.025170039,-9999,-9999,-9999,-9999,-9999,-9999,-9999,-9999,-9999,-9999,-9999,-9999
49,2014,1.587888358,0.591255182,0.274902286,1.512701485,1.783739312,1.000022625,0.189361591,-9999,-9999,-9999,-9999,-9999,-9999,-9999,0.4,0.25,-9999,-9999,-9999
56,2014,1.740076398,0.617620633,0.365038795,1.641432972,1.856040049,1.000077325,0.402523527,0.212095881,-9999,-9999,-9999,-9999,-9999,-9999,0.55,0.25,-9999,-9999,-9999
63,2014,2.135055805,0.721919426,0.340942777,1.537473872,2.396810632,1.000317108,0.502415782,-9999,-9999,-9999,-9999,-9999,-9999,-9999,0.57,0.25,-9999,-9999,-9999
70,2014,2.603957086,0.740672156,0.432082446,1.444194966,2.564174874,1.000364228,0.549330099,-9999,-9999,-9999,-9999,-9999,-9999,-9999,0.63,0.25,-9999,-9999,-9999
77,2014,2.468781928,0.663610906,0.465973487,1.474584978,2.57157831,1.000167178,0.390190651,-9999,-9999,-9999,-9999,-9999,-9999,-9999,0.7,0.25,-9999,-9999,-9999
84,2014,2.007654733,0.652796835,0.626037976,1.592854817,2.502115571,1.000130474,0.510749576,0.358192904,-9999,-9999,-9999,-9999,-9999,-9999,0.88,0.25,-9999,-9999,-9999
91,2014,2.04372039,0.671756903,1.046307729,1.570398664,2.79760274,1.001550574,0.735679441,-9999,-9999,-9999,-9999,-9999,-9999,-9999,0.68,0.25,-9999,-9999,-9999
98,2014,2.687316239,0.66855241,1.96847292,1.623977191,4.192656934,1.000189748,0.323135462,-9999,-9999,-9999,-9999,-9999,-9999,-9999,1.09,0.25,-9999,-9999,-9999
105,2014,1.84266999,0.656074029,1.853946979,1.400032781,3.638316518,1.000161387,0.259860432,-9999,-9999,-9999,-9999,-9999,-9999,-9999,1.13,0.27,-9999,-9999,-9999
112,2014,1.620484827,0.747486522,2.444609201,1.426858112,3.722090042,1.006308414,0.32328439,0.338256913,-9999,-9999,-9999,-9999,-9999,-9999,1.38,0.28,-9999,-9999,-9999
119,2014,-9999,0.911057024,-9999,2.116306013,-9999,1.147121965,-9999,-9999,-9999,-9999,-9999,-9999,-9999,-9999,-9999,-9999,-9999,-9999,-9999
126,2014,-1.563212182,0.692976847,6.84813968,1.468918992,5.850934285,1.000332517,1.220730757,-9999,-9999,-9999,-9999,-9999,-9999,-9999,4.76,1.02,-9999,-9999,-9999
133,2014,-2.68309454,0.622197128,7.046945736,1.218761111,4.302639702,1.000087062,0.974441149,-9999,-9999,-9999,-9999,-9999,-9999,-9999,3.03,2.31,-9999,-9999,-9999
140,2014,-4.082550979,0.712135775,8.326106955,1.498296303,4.091023847,1.000293159,1.370033994,0.306115428,-9999,-9999,-9999,-9999,-9999,-9999,3.78,1.77,-9999,-9999,-9999
147,2014,-5.220735559,0.661997414,9.954655865,1.336924569,4.451863266,1.001528327,2.019984941,-9999,-9999,-9999,-9999,-9999,-9999,-9999,5,1.01,-9999,-9999,-9999
154,2014,-5.552002805,0.759983293,10.37203311,1.567837211,4.238606673,1.000414035,1.302344305,-9999,-9999,-9999,-9999,-9999,-9999,-9999,6.9,1.38,-9999,-9999,-9999
161,2014,-7.7629699,0.698114418,10.46045208,1.510264662,2.193487225,1.003462905,2.543853407,-9999,-9999,-9999,-9999,-9999,-9999,-9999,4.8,0.97,-9999,-9999,-9999
168,2014,-7.589794364,0.760951596,10.09822491,1.62681906,1.833523644,1.001769698,1.466893293,0.432467476,-9999,-9999,-9999,-9999,-9999,-9999,5.9,1.5,-9999,-9999,-9999
175,2014,-8.329859808,0.653329576,11.80253016,1.388357659,3.00579269,1.000155231,1.555631182,-9999,-9999,-9999,-9999,-9999,-9999,-9999,-9999,-9999,-9999,-9999,-9999
182,2014,-7.951153005,0.650439618,11.21196218,1.391690785,1.991148651,1.010671256,1.436933767,-9999,-9999,-9999,-9999,-9999,-9999,-9999,-9999,-9999,-9999,-9999,-9999
189,2014,-3.739689201,0.712888664,6.436468505,1.537289354,2.218189554,1.001640938,1.414703927,-9999,-9999,-9999,-9999,-9999,-9999,-9999,4.17,0.92,-9999,-9999,-9999
196,2014,-5.405772047,0.72834083,9.089037625,1.496667521,3.522552215,1.001686446,1.970944112,0.368723284,-9999,-9999,-9999,-9999,-9999,-9999,5.49,1.15,-9999,-9999,-9999
203,2014,-9.233340416,0.700509378,14.66916269,1.400337173,6.017584551,1.0199056,2.824663263,-9999,-9999,-9999,-9999,-9999,-9999,-9999,3.85,2.19,-9999,-9999,-9999
210,2014,-7.365773676,0.789394593,12.83866866,1.617181812,5.853784734,1.000492239,2.956104089,-9999,-9999,-9999,-9999,-9999,-9999,-9999,3.73,1.45,-9999,-9999,-9999
217,2014,-5.777714546,0.642879807,10.40355085,1.308101668,4.510753494,1.006078115,1.538352991,-9999,-9999,-9999,-9999,-9999,-9999,-9999,4.88,1.28,-9999,-9999,-9999
224,2014,-8.701972413,0.730857342,12.46962994,1.539524202,3.210442342,1.001692856,2.895812908,0.457049084,-9999,-9999,-9999,-9999,-9999,-9999,4.04,1.14,-9999,-9999,-9999
231,2014,-5.609588288,0.58565463,10.12365384,1.278819489,4.076335303,1.000011313,1.956440245,-9999,-9999,-9999,-9999,-9999,-9999,-9999,3.55,2.39,-9999,-9999,-9999
238,2014,-5.522295103,0.591255182,9.817973473,1.035500225,4.429624013,1.000022625,1.769617537,-9999,-9999,-9999,-9999,-9999,-9999,-9999,5.02,1.04,-9999,-9999,-9999
245,2014,-5.112035173,0.634193637,10.27118703,1.194125724,5.115843841,1.003317146,1.293360014,-9999,-9999,-9999,-9999,-9999,-9999,-9999,4.93,1,-9999,-9999,-9999
252,2014,-4.414970831,0.709675412,9.037715833,1.459012069,4.488712204,1.000271055,1.232620623,0.279108999,-9999,-9999,-9999,-9999,-9999,-9999,-9999,-9999,-9999,-9999,-9999
259,2014,-2.249421805,0.718704545,5.596528836,1.407304175,4.125447564,1.000309263,0.778147515,-9999,-9999,-9999,-9999,-9999,-9999,-9999,2.12,0.44,-9999,-9999,-9999
266,2014,-2.456452092,0.625154104,5.88125329,1.168940766,3.988188141,1.006039768,0.554441971,-9999,-9999,-9999,-9999,-9999,-9999,-9999,4.6,0.93,-9999,-9999,-9999
273,2014,-1.972312688,0.700423029,6.170875596,1.375691065,4.002960662,1.00161803,0.905438306,-9999,-9999,-9999,-9999,-9999,-9999,-9999,-9999,-9999,-9999,-9999,-9999
280,2014,-1.742657758,0.65900739,5.879831369,1.416885502,3.723591246,1.001521517,1.281606301,0.329423461,-9999,-9999,-9999,-9999,-9999,-9999,3.62,1.02,-9999,-9999,-9999
287,2014,0.479629247,0.611954787,2.948627524,1.274177044,3.214545937,1.000065369,0.296362715,-9999,-9999,-9999,-9999,-9999,-9999,-9999,2.36,0.52,-9999,-9999,-9999
294,2014,0.87502339,0.59680318,2.126711883,1.281464369,2.752211114,1.000033938,0.219475589,-9999,-9999,-9999,-9999,-9999,-9999,-9999,1.82,0.99,-9999,-9999,-9999
301,2014,1.858217038,0.591255182,1.08470347,1.401451181,2.729735418,1.000022625,0.2802676,-9999,-9999,-9999,-9999,-9999,-9999,-9999,0.82,0.34,-9999,-9999,-9999
308,2014,3.903143183,0.59634885,0.669273869,1.579753285,4.278793931,1.000033007,0.053889568,0.14012755,-9999,-9999,-9999,-9999,-9999,-9999,1.12,0.25,-9999,-9999,-9999
315,2014,3.163162211,0.66604491,0.290726383,1.627592327,3.357125836,1.000184009,0.109905777,-9999,-9999,-9999,-9999,-9999,-9999,-9999,0.64,0.25,-9999,-9999,-9999
322,2014,3.098588783,0.627478339,0.497025556,1.315721254,3.751456876,1.000098426,0.142166124,-9999,-9999,-9999,-9999,-9999,-9999,-9999,0.64,0.25,-9999,-9999,-9999
329,2014,3.017193824,0.6692739,0.39328087,1.526290042,3.315312012,1.000191486,0.080521562,-9999,-9999,-9999,-9999,-9999,-9999,-9999,-9999,-9999,-9999,-9999,-9999
336,2014,1.989784313,0.644422283,0.214590305,1.489960141,2.113743326,1.000135375,0.135826796,0.275277984,-9999,-9999,-9999,-9999,-9999,-9999,-9999,-9999,-9999,-9999,-9999
343,2014,1.44490567,0.664156137,0.335687284,1.356006042,2.225866114,1.000179688,-0.180758514,-9999,-9999,-9999,-9999,-9999,-9999,-9999,-9999,-9999,-9999,-9999,-9999
350,2014,1.642015482,0.58,0.135680742,1.407556329,1.749462624,1,-0.327093809,-9999,-9999,-9999,-9999,-9999,-9999,-9999,-9999,-9999,-9999,-9999,-9999
357,2014,1.882370815,0.58,0.153755341,1.539757497,1.954451469,1,-0.609651436,-9999,-9999,-9999,-9999,-9999,-9999,-9999,-9999,-9999,-9999,-9999,-9999
365,2014,1.846275363,0.58,0.140177119,1.777640758,1.793920608,1,-0.172344538,0.152561103,-9999,-9999,-9999,-9999,-9999,-9999,-9999,-9999,141.98,20.12,52
7,2015,1.721260129,0.59634885,0.13661539,1.485410822,1.366937871,1.000033007,-0.16464897,-9999,-9999,-9999,-9999,-9999,-9999,-9999,-9999,-9999,-9999,-9999,-9999
14,2015,1.433053982,0.58,0.12169516,1.613666311,1.44534419,1,-0.524876168,-9999,-9999,-9999,-9999,-9999,-9999,-9999,-9999,-9999,-9999,-9999,-9999
21,2015,1.410863603,0.606545395,0.093569162,1.556849407,1.342047201,1.000054057,-0.043256909,-9999,-9999,-9999,-9999,-9999,-9999,-9999,-9999,-9999,-9999,-9999,-9999
28,2015,1.166392231,0.58,0.238257256,1.496834513,1.20507542,1,-0.065688865,0.105754442,-9999,-9999,-9999,-9999,-9999,-9999,-9999,-9999,-9999,-9999,-9999
35,2015,1.074416045,0.58,0.142610424,1.530676764,1.13786611,1,-0.026986832,-9999,-9999,-9999,-9999,-9999,-9999,-9999,-9999,-9999,-9999,-9999,-9999
42,2015,1.011000624,0.58565463,0.274416913,1.583311075,1.167244419,1.000011313,0.019000529,-9999,-9999,-9999,-9999,-9999,-9999,-9999,0.1,0.25,-9999,-9999,-9999
49,2015,1.230957377,0.649658645,0.183086518,1.433563529,1.168455112,1.00014701,0.186679882,-9999,-9999,-9999,-9999,-9999,-9999,-9999,0.54,0.25,-9999,-9999,-9999
56,2015,1.215806978,0.59680318,0.287804654,1.593285813,1.354029597,1.000033938,0.031584661,0.15444622,-9999,-9999,-9999,-9999,-9999,-9999,0.65,0.25,-9999,-9999,-9999
63,2015,1.343465756,0.58,0.272580685,1.588021865,1.48166064,1,0.150439266,-9999,-9999,-9999,-9999,-9999,-9999,-9999,-9999,-9999,-9999,-9999,-9999
70,2015,1.686595555,0.624212875,0.258510838,1.498359233,1.771205651,1.000091383,0.277513015,-9999,-9999,-9999,-9999,-9999,-9999,-9999,0.5,0.25,-9999,-9999,-9999
77,2015,1.452206085,0.627150742,0.364469674,1.411126375,1.835007673,1.001451443,0.48545124,-9999,-9999,-9999,-9999,-9999,-9999,-9999,0.5,0.25,-9999,-9999,-9999
84,2015,2.015321304,0.663779943,0.910954777,1.447240453,3.337117407,1.000178925,0.465690132,0.215731879,-9999,-9999,-9999,-9999,-9999,-9999,0.7,0.25,-9999,-9999,-9999
91,2015,1.469545277,0.58,0.515094062,1.460254612,1.973762115,1,0.494765512,-9999,-9999,-9999,-9999,-9999,-9999,-9999,0.52,0.25,-9999,-9999,-9999
98,2015,1.303758428,0.666801516,0.73715997,1.354125931,1.96377119,1.000185824,0.598527753,-9999,-9999,-9999,-9999,-9999,-9999,-9999,0.66,0.25,-9999,-9999,-9999
105,2015,1.841923679,0.652075653,1.765440907,1.358774115,3.451542412,1.006098435,0.744730015,-9999,-9999,-9999,-9999,-9999,-9999,-9999,0.95,0.25,-9999,-9999,-9999
112,2015,-9999,0.911057024,-9999,2.116306013,-9999,1.147121965,-9999,0.213886643,-9999,-9999,-9999,-9999,-9999,-9999,1.22,0.25,-9999,-9999,-9999
119,2015,-9999,0.911057024,-9999,2.116306013,-9999,1.147121965,-9999,-9999,-9999,-9999,-9999,-9999,-9999,-9999,1.3,0.26,-9999,-9999,-9999
126,2015,-0.98202307,0.706210229,6.251290541,1.356420921,5.054694318,1.001685049,1.444865369,-9999,-9999,-9999,-9999,-9999,-9999,-9999,2.9,1.66,-9999,-9999,-9999
133,2015,-2.438786432,0.622632598,7.969400301,1.363772495,5.291457759,1.000087993,1.80867955,-9999,-9999,-9999,-9999,-9999,-9999,-9999,4.54,0.92,-9999,-9999,-9999
140,2015,-4.194836925,0.657533606,9.923524489,1.260537514,6.106184269,1.000164725,1.768058222,0.309833939,-9999,-9999,-9999,-9999,-9999,-9999,6.04,1.85,-9999,-9999,-9999
147,2015,-4.53084495,0.629470459,10.0138251,1.180778334,6.394209357,1.000102695,1.417882253,-9999,-9999,-9999,-9999,-9999,-9999,-9999,4.63,0.94,-9999,-9999,-9999
154,2015,-5.363993794,0.58565463,10.41869712,1.101010403,5.243798891,1.000011313,1.820998186,-9999,-9999,-9999,-9999,-9999,-9999,-9999,-9999,-9999,-9999,-9999,-9999
161,2015,-7.059433138,0.644422283,12.79090853,1.270642312,5.577523536,1.000135375,2.402650528,-9999,-9999,-9999,-9999,-9999,-9999,-9999,2.67,0.87,-9999,-9999,-9999
168,2015,-7.609030007,0.682885817,13.79773368,1.386824806,5.303708873,1.010744778,2.080062392,0.300207821,-9999,-9999,-9999,-9999,-9999,-9999,3.2,1.63,-9999,-9999,-9999
175,2015,-9999,0.911057024,-9999,2.116306013,-9999,1.147121965,-9999,-9999,-9999,-9999,-9999,-9999,-9999,-9999,-9999,-9999,-9999,-9999,-9999
182,2015,-9999,0.911057024,-9999,2.116306013,-9999,1.147121965,-9999,-9999,-9999,-9999,-9999,-9999,-9999,-9999,6.8,1.36,-9999,-9999,-9999
189,2015,-5.870523564,0.678651721,11.74397726,1.193429781,5.811933921,1.000213176,1.617624806,-9999,-9999,-9999,-9999,-9999,-9999,-9999,6.48,1.34,-9999,-9999,-9999
196,2015,-7.457642173,0.677226331,11.8362835,1.348853074,4.331337083,1.000209953,1.296719704,0.286784057,-9999,-9999,-9999,-9999,-9999,-9999,4.77,0.96,-9999,-9999,-9999
203,2015,-7.29092485,0.731812054,12.26202961,1.544658019,4.681788413,1.000342068,1.815368992,-9999,-9999,-9999,-9999,-9999,-9999,-9999,-9999,-9999,-9999,-9999,-9999
210,2015,-7.650399462,0.661834165,11.59359263,1.338967401,3.520472993,1.000174461,1.791213764,-9999,-9999,-9999,-9999,-9999,-9999,-9999,4.94,1.01,-9999,-9999,-9999
217,2015,-7.082967066,0.697339653,10.29961894,1.381694472,3.10688882,1.003461076,2.287135949,-9999,-9999,-9999,-9999,-9999,-9999,-9999,6.8,1.36,-9999,-9999,-9999
224,2015,-5.054380233,0.601849895,8.259117594,1.246563273,2.956019969,1.000044319,2.106552796,0.374008756,-9999,-9999,-9999,-9999,-9999,-9999,6.52,1.34,-9999,-9999,-9999
231,2015,-3.531070243,0.626609497,6.902698586,1.305226135,3.249597557,1.000096539,1.079842148,-9999,-9999,-9999,-9999,-9999,-9999,-9999,5.68,1.41,-9999,-9999,-9999
238,2015,-4.641466936,0.67624448,8.223933386,1.359616893,3.544359219,1.00156094,1.588296162,-9999,-9999,-9999,-9999,-9999,-9999,-9999,5.78,1.25,-9999,-9999,-9999
245,2015,-4.902140423,0.717893393,8.612528954,1.461498975,3.569609919,1.000291221,2.094713359,-9999,-9999,-9999,-9999,-9999,-9999,-9999,6.18,1.76,-9999,-9999,-9999
252,2015,-5.751164622,0.606545395,8.289110137,1.114947873,2.610976544,1.000054057,1.380271191,0.325042356,-9999,-9999,-9999,-9999,-9999,-9999,4.99,2.01,-9999,-9999,-9999
259,2015,-3.550711333,0.614159114,6.535155647,1.223667304,3.207463317,1.00007001,0.740575884,-9999,-9999,-9999,-9999,-9999,-9999,-9999,2.08,0.82,-9999,-9999,-9999
266,2015,-4.140372458,0.58565463,7.587379959,1.152993548,3.440608849,1.000011313,0.599068981,-9999,-9999,-9999,-9999,-9999,-9999,-9999,5.21,1.05,-9999,-9999,-9999
273,2015,-3.779813889,0.607301113,6.814216439,1.375060003,2.574718681,1.000055632,0.666564569,-9999,-9999,-9999,-9999,-9999,-9999,-9999,3.03,2.11,-9999,-9999,-9999
280,2015,-2.160444877,0.701581311,5.248510808,1.436878452,3.041478722,1.000265544,0.346076638,0.231537368,-9999,-9999,-9999,-9999,-9999,-9999,4.57,0.93,-9999,-9999,-9999
287,2015,0.156457666,0.591255182,2.364595447,1.258769032,2.438059225,1.000022625,0.114305488,-9999,-9999,-9999,-9999,-9999,-9999,-9999,4.69,1.07,-9999,-9999,-9999
294,2015,1.420104498,0.59680318,1.166067341,1.670894829,1.991535393,1.000033938,0.022832314,-9999,-9999,-9999,-9999,-9999,-9999,-9999,3.19,0.71,-9999,-9999,-9999
301,2015,1.540707618,0.601849895,1.559098886,1.279579955,3.053538681,1.000044319,0.092448084,-9999,-9999,-9999,-9999,-9999,-9999,-9999,0.3,0.25,-9999,-9999,-9999
308,2015,4.107251081,0.659315524,0.661396216,1.489630979,4.815086691,1.000168701,0.241883805,0.18313528,-9999,-9999,-9999,-9999,-9999,-9999,0.9,0.25,-9999,-9999,-9999
315,2015,3.940171903,0.58,0.422064387,1.53293376,4.419719856,1,-0.00644391,-9999,-9999,-9999,-9999,-9999,-9999,-9999,0.77,0.25,-9999,-9999,-9999
322,2015,3.304671177,0.58565463,0.204940546,1.556267799,3.427923332,1.000011313,-0.244532703,-9999,-9999,-9999,-9999,-9999,-9999,-9999,0.67,0.25,-9999,-9999,-9999
329,2015,2.25009052,0.58,0.33277211,1.387973772,2.618448799,1,-0.110580982,-9999,-9999,-9999,-9999,-9999,-9999,-9999,-9999,-9999,-9999,-9999,-9999
336,2015,2.516449835,0.588688341,0.344120398,1.365496038,2.831134017,1.001371132,-0.338003133,0.058479528,-9999,-9999,-9999,-9999,-9999,-9999,-9999,-9999,-9999,-9999,-9999
343,2015,2.500684235,0.621327705,0.358031874,1.555650546,2.878118489,1.000085227,-0.288521753,-9999,-9999,-9999,-9999,-9999,-9999,-9999,-9999,-9999,-9999,-9999,-9999
350,2015,2.915070165,0.58565463,0.335775798,1.54054516,2.904798473,1.000011313,-0.23772985,-9999,-9999,-9999,-9999,-9999,-9999,-9999,-9999,-9999,-9999,-9999,-9999
357,2015,3.479316129,0.58,0.353828477,1.416483646,3.639625118,1,-0.473948638,-9999,-9999,-9999,-9999,-9999,-9999,-9999,-9999,-9999,-9999,-9999,-9999
365,2015,1.818464905,0.59634885,0.282505222,1.521386042,1.975911189,1.000033007,-0.240875083,0.130485515,-9999,-9999,-9999,-9999,-9999,-9999,-9999,-9999,183.75,34.82,52
7,2016,0.435684257,0.588688341,0.084421675,1.47376292,0.330398904,1.000033007,-0.068439474,-9999,-9999,-9999,-9999,-9999,-9999,-9999,-9999,-9999,-9999,-9999,-9999
14,2016,-9999,0.911057024,-9999,2.116306013,-9999,1.147121965,-9999,-9999,-9999,-9999,-9999,-9999,-9999,-9999,-9999,-9999,-9999,-9999,-9999
21,2016,-9999,0.911057024,-9999,2.116306013,-9999,1.147121965,-9999,-9999,-9999,-9999,-9999,-9999,-9999,-9999,-9999,-9999,-9999,-9999,-9999
28,2016,-9999,0.911057024,-9999,2.116306013,-9999,1.147121965,-9999,0.160548897,-9999,-9999,-9999,-9999,-9999,-9999,-9999,-9999,-9999,-9999,-9999
35,2016,-9999,0.911057024,-9999,2.116306013,-9999,1.147121965,-9999,-9999,-9999,-9999,-9999,-9999,-9999,-9999,0.3,0.25,-9999,-9999,-9999
42,2016,-9999,0.911057024,-9999,2.116306013,-9999,1.147121965,-9999,-9999,-9999,-9999,-9999,-9999,-9999,-9999,0.46,0.25,-9999,-9999,-9999
49,2016,0.489861321,0.682883025,0.120081312,1.512009082,0.19840511,1.001576479,-0.020637657,-9999,-9999,-9999,-9999,-9999,-9999,-9999,0.33,0.25,-9999,-9999,-9999
56,2016,1.841326422,0.58,0.436510691,1.519670563,1.996240279,1,-0.029953813,0.191579046,-9999,-9999,-9999,-9999,-9999,-9999,-9999,-9999,-9999,-9999,-9999
63,2016,1.172961402,0.601849895,0.501912112,1.506531778,0.968178795,1.000044319,0.133448721,-9999,-9999,-9999,-9999,-9999,-9999,-9999,-9999,-9999,-9999,-9999,-9999
70,2016,0.718253318,0.678486389,0.492499099,1.515888662,0.350781904,1.000212741,0.121233782,-9999,-9999,-9999,-9999,-9999,-9999,-9999,0.47,0.25,-9999,-9999,-9999
77,2016,1.682397413,0.639287676,-9999,2.116306013,0.717951239,1.000124063,0.153646286,-9999,-9999,-9999,-9999,-9999,-9999,-9999,0.51,0.25,-9999,-9999,-9999
84,2016,1.460050221,0.627471602,-9999,2.116306013,0.846267387,1.000098374,0.214066263,0.244343396,-9999,-9999,-9999,-9999,-9999,-9999,0.64,0.25,-9999,-9999,-9999
91,2016,0.959624289,0.601849895,2.571360929,1.506531778,0.79394017,1.000044319,0.213721981,-9999,-9999,-9999,-9999,-9999,-9999,-9999,0.82,0.25,-9999,-9999,-9999
98,2016,1.003766018,0.698989232,0.970638163,1.515888662,2.155375946,1.019902092,0.339794941,-9999,-9999,-9999,-9999,-9999,-9999,-9999,0.4,0.25,-9999,-9999,-9999
105,2016,2.635858955,0.696029708,1.43011427,1.431400417,3.677049489,1.01077556,0.699526965,-9999,-9999,-9999,-9999,-9999,-9999,-9999,1.06,0.34,-9999,-9999,-9999
112,2016,1.932807597,0.622370774,1.953270529,1.366425852,3.821248105,1.001441046,0.785096025,0.260957611,-9999,-9999,-9999,-9999,-9999,-9999,0.58,0.25,-9999,-9999,-9999
119,2016,0.911796182,0.611954787,2.300402258,1.357896839,3.12775286,1.000065369,0.780634075,-9999,-9999,-9999,-9999,-9999,-9999,-9999,1.39,0.29,-9999,-9999,-9999
126,2016,0.433636108,0.640004734,3.673625452,1.363358847,3.845787201,1.000125638,1.106515615,-9999,-9999,-9999,-9999,-9999,-9999,-9999,1.5,0.31,-9999,-9999,-9999
133,2016,-0.709355692,0.633130352,7.168868126,1.458159378,5.820398421,1.000110617,1.991018955,-9999,-9999,-9999,-9999,-9999,-9999,-9999,3.1,0.78,-9999,-9999,-9999
140,2016,-3.175795175,0.58565463,8.299653301,1.176040794,5.030831555,1.000011313,1.25723726,0.235048859,-9999,-9999,-9999,-9999,-9999,-9999,4.83,1.01,-9999,-9999,-9999
147,2016,-3.477976686,0.663604536,9.310989856,1.386640976,5.675571584,1.000178438,1.354957409,-9999,-9999,-9999,-9999,-9999,-9999,-9999,-9999,-9999,-9999,-9999,-9999
154,2016,-7.387630999,0.719007263,10.79049333,1.477699834,5.193937522,1.000309955,2.172444171,-9999,-9999,-9999,-9999,-9999,-9999,-9999,-9999,-9999,-9999,-9999,-9999
161,2016,-7.906629497,0.670914304,13.35207006,1.356818628,5.70903468,1.000195248,2.122894053,-9999,-9999,-9999,-9999,-9999,-9999,-9999,4.5,0.91,-9999,-9999,-9999
168,2016,-5.490188875,0.654857244,12.02566978,1.405382531,5.322358872,1.00014733,2.95140672,0.388312546,-9999,-9999,-9999,-9999,-9999,-9999,5.8,1.39,-9999,-9999,-9999
175,2016,-7.157633007,0.685497183,14.18849324,1.402270242,6.404110114,1.000206527,3.833681376,-9999,-9999,-9999,-9999,-9999,-9999,-9999,-9999,-9999,-9999,-9999,-9999
182,2016,-8.484967091,0.685197326,14.21895893,1.416228068,5.580318687,1.001581987,2.520292044,-9999,-9999,-9999,-9999,-9999,-9999,-9999,6.8,1.36,-9999,-9999,-9999
189,2016,-7.607529432,0.664438571,11.84576943,1.41810926,3.999841458,1.000180332,2.128650218,-9999,-9999,-9999,-9999,-9999,-9999,-9999,5.23,2.03,-9999,-9999,-9999
196,2016,-7.822395138,0.665859391,12.28484783,1.404014712,4.072081278,1.000183593,2.225985257,0.4165644,-9999,-9999,-9999,-9999,-9999,-9999,6.07,1.27,-9999,-9999,-9999
203,2016,-7.144528358,0.634193637,12.29622288,1.410597908,5.024780875,1.000274448,1.52324642,-9999,-9999,-9999,-9999,-9999,-9999,-9999,-9999,-9999,-9999,-9999,-9999
210,2016,-5.802114947,0.715033242,10.61709853,1.495869337,5.049839023,1.046685188,0.685564236,-9999,-9999,-9999,-9999,-9999,-9999,-9999,5.85,1.41,-9999,-9999,-9999
217,2016,-9999,0.911057024,-9999,2.116306013,-9999,1.147121965,-9999,-9999,-9999,-9999,-9999,-9999,-9999,-9999,2.53,0.9,-9999,-9999,-9999
224,2016,-5.153691672,0.703877494,9.136868963,1.422578881,3.97289334,1.006215151,1.275909654,0.287802911,-9999,-9999,-9999,-9999,-9999,-9999,5.14,1.05,-9999,-9999,-9999
231,2016,-5.85902209,0.642613852,10.31266596,1.33914502,4.344366709,1.000131378,1.840836022,-9999,-9999,-9999,-9999,-9999,-9999,-9999,5.5,1.12,-9999,-9999,-9999
238,2016,-4.391606939,0.724991186,8.613378103,1.484079699,4.378593021,1.000324785,1.644705445,-9999,-9999,-9999,-9999,-9999,-9999,-9999,5.17,1.07,-9999,-9999,-9999
245,2016,-3.265877331,0.696182045,6.951453521,1.35100663,4.002791021,1.003458331,1.661747303,-9999,-9999,-9999,-9999,-9999,-9999,-9999,5.19,1.11,-9999,-9999,-9999
252,2016,-2.86667083,0.660891355,6.126653703,1.320092015,3.101701185,1.000172282,1.179699561,0.365424779,-9999,-9999,-9999,-9999,-9999,-9999,4.69,0.96,-9999,-9999,-9999
259,2016,-1.566655603,0.693576736,5.881665026,1.394358845,3.456775191,1.01076979,1.440284327,-9999,-9999,-9999,-9999,-9999,-9999,-9999,4.64,1.04,-9999,-9999,-9999
266,2016,-9999,0.911057024,-9999,2.116306013,-9999,1.147121965,-9999,-9999,-9999,-9999,-9999,-9999,-9999,-9999,4.68,0.97,-9999,-9999,-9999
273,2016,-3.858012644,0.664245999,6.85188878,1.314467516,3.109794228,1.019822316,0.751949713,-9999,-9999,-9999,-9999,-9999,-9999,-9999,3.83,1.35,-9999,-9999,-9999
280,2016,-3.170071068,0.715033242,5.787586221,1.495869337,2.531576003,1.046685188,1.12950783,0.286273305,-9999,-9999,-9999,-9999,-9999,-9999,4.27,0.98,-9999,-9999,-9999
287,2016,0.605165576,0.645179025,1.287442083,1.279525547,1.902907161,1.010659773,0.119640073,-9999,-9999,-9999,-9999,-9999,-9999,-9999,-9999,-9999,-9999,-9999,-9999
294,2016,-0.566697792,0.670964162,3.149635066,1.32670119,2.638894044,1.000195391,0.28206931,-9999,-9999,-9999,-9999,-9999,-9999,-9999,-9999,-9999,-9999,-9999,-9999
301,2016,1.390487916,0.656298806,1.169812702,1.485535938,2.325272494,1.000161902,0.168029491,-9999,-9999,-9999,-9999,-9999,-9999,-9999,1.35,0.28,-9999,-9999,-9999
308,2016,1.805956306,0.59680318,0.821573758,1.286494801,2.579566902,1.000033938,0.120560563,0.247399404,-9999,-9999,-9999,-9999,-9999,-9999,-9999,-9999,-9999,-9999,-9999
315,2016,2.230708648,0.591255182,0.392813405,1.529190475,2.44168739,1.000022625,0.040860297,-9999,-9999,-9999,-9999,-9999,-9999,-9999,0.7,0.25,-9999,-9999,-9999
322,2016,2.140665262,0.657255135,0.409860221,1.386599158,2.751984152,1.006007598,0.066197671,-9999,-9999,-9999,-9999,-9999,-9999,-9999,-9999,-9999,-9999,-9999,-9999
329,2016,2.780717682,0.70771096,0.434783386,1.44940274,3.113305612,1.006140972,0.285419211,-9999,-9999,-9999,-9999,-9999,-9999,-9999,0.34,0.25,-9999,-9999,-9999
336,2016,1.953609312,0.659089008,0.439376614,1.367555289,2.302909447,1.010690565,-0.002560719,0.264096073,-9999,-9999,-9999,-9999,-9999,-9999,-9999,-9999,-9999,-9999,-9999
343,2016,-9999,0.911057024,-9999,2.116306013,-9999,1.147121965,-9999,-9999,-9999,-9999,-9999,-9999,-9999,-9999,-9999,-9999,-9999,-9999,-9999
350,2016,-9999,0.911057024,-9999,2.116306013,-9999,1.147121965,-9999,-9999,-9999,-9999,-9999,-9999,-9999,-9999,-9999,-9999,-9999,-9999,-9999
357,2016,1.407615104,0.69979502,0.263751368,1.478868024,1.96550774,1.046649833,-0.041918765,-9999,-9999,-9999,-9999,-9999,-9999,-9999,-9999,-9999,-9999,-9999,-9999
366,2016,-9999,3.145764419,-9999,-9999,-9999,2.459607099,-9999,0.738071836,-9999,-9999,-9999,-9999,-9999,-9999,-9999,-9999,165.6,24.71,52
7,2017,1.271707086,0.689428678,0.965231691,1.279152727,1.386286387,1.000238427,0.02743271,-9999,-9999,-9999,-9999,-9999,-9999,-9999,-9999,-9999,-9999,-9999,-9999
14,2017,1.150396336,0.58,0.657047084,1.350702344,1.390011198,1,-0.000141045,-9999,-9999,-9999,-9999,-9999,-9999,-9999,-9999,-9999,-9999,-9999,-9999
21,2017,1.384370528,0.71126967,1.462916318,1.311878168,2.032220958,1.000290909,0.155475445,-9999,-9999,-9999,-9999,-9999,-9999,-9999,-9999,-9999,-9999,-9999,-9999
28,2017,2.846992261,0.67540748,0.769311763,1.323795679,3.045013185,1.000205628,0.056410026,0.302171583,-9999,-9999,-9999,-9999,-9999,-9999,-9999,-9999,-9999,-9999,-9999
35,2017,2.273377564,0.591255182,0.396256915,1.514643806,2.257827192,1.000022625,-0.024695446,-9999,-9999,-9999,-9999,-9999,-9999,-9999,0.7,0.25,-9999,-9999,-9999
42,2017,1.547695997,0.674955896,-9999,2.116306013,1.45462726,1.003321801,-0.045196224,-9999,-9999,-9999,-9999,-9999,-9999,-9999,0.57,0.25,-9999,-9999,-9999
49,2017,1.463267502,0.633340683,-9999,2.116306013,1.538750206,1.003315317,0.008972337,-9999,-9999,-9999,-9999,-9999,-9999,-9999,0.37,0.25,-9999,-9999,-9999
56,2017,1.682760794,0.58565463,0.549254893,1.51910041,1.728323328,1.000011313,0.637064266,0.204008881,-9999,-9999,-9999,-9999,-9999,-9999,0.51,0.25,-9999,-9999,-9999
63,2017,1.675694269,0.614159114,-9999,2.116306013,1.723179219,1.00007001,0.817853342,-9999,-9999,-9999,-9999,-9999,-9999,-9999,-9999,-9999,-9999,-9999,-9999
70,2017,1.751322051,0.58,-9999,2.116306013,1.721124936,1,0.659701139,-9999,-9999,-9999,-9999,-9999,-9999,-9999,0.31,0.25,-9999,-9999,-9999
77,2017,2.093337331,0.656074029,-9999,2.116306013,1.832834197,1.000161387,0.410852483,-9999,-9999,-9999,-9999,-9999,-9999,-9999,0.5,0.25,-9999,-9999,-9999
84,2017,2.36843796,0.622197128,-9999,2.116306013,2.26766357,1.000087062,0.651193709,0.208622087,-9999,-9999,-9999,-9999,-9999,-9999,0.5,0.25,-9999,-9999,-9999
91,2017,2.430235979,0.743340374,1.330575795,1.413412942,2.930664887,1.000370957,0.582345948,-9999,-9999,-9999,-9999,-9999,-9999,-9999,-9999,-9999,-9999,-9999,-9999
98,2017,1.046940389,0.639432298,1.851675707,1.487040789,2.634125808,1.000124387,0.573661572,-9999,-9999,-9999,-9999,-9999,-9999,-9999,0.8,0.25,-9999,-9999,-9999
105,2017,0.970666261,0.644541721,2.453340165,1.404713114,2.679760634,1.001489202,0.638735658,-9999,-9999,-9999,-9999,-9999,-9999,-9999,0.81,0.25,-9999,-9999,-9999
112,2017,0.70930815,0.591255182,2.056197627,1.395058383,2.159869616,1.000022625,0.839772304,0.291601011,-9999,-9999,-9999,-9999,-9999,-9999,0.68,0.25,-9999,-9999,-9999
119,2017,0.601543029,0.58,2.828937452,1.368423247,2.426700754,1,0.728660123,-9999,-9999,-9999,-9999,-9999,-9999,-9999,1.03,0.25,-9999,-9999,-9999
126,2017,1.764775064,0.58565463,2.286959433,1.392197363,3.806687869,1.000011313,0.714814285,-9999,-9999,-9999,-9999,-9999,-9999,-9999,1.1,0.25,-9999,-9999,-9999
133,2017,0.301894812,0.727465337,5.172766514,1.39640985,3.780748056,1.00033094,0.966982199,-9999,-9999,-9999,-9999,-9999,-9999,-9999,-9999,-9999,-9999,-9999,-9999
140,2017,-2.892528972,0.763331498,9.551184305,1.709067615,6.166331742,1.000422991,2.078611279,0.32832267,-9999,-9999,-9999,-9999,-9999,-9999,2.18,0.49,-9999,-9999,-9999
147,2017,-4.467702291,0.628202147,11.5274408,1.431638135,6.38446228,1.000099949,1.762884328,-9999,-9999,-9999,-9999,-9999,-9999,-9999,4.81,1.05,-9999,-9999,-9999
154,2017,-5.785892387,0.656729009,13.86403823,1.500464659,6.226129749,1.001516369,2.375156351,-9999,-9999,-9999,-9999,-9999,-9999,-9999,5.15,1.04,-9999,-9999,-9999
161,2017,-8.600842191,0.695671237,14.54239288,1.55725611,5.247380112,1.000253402,2.038751503,-9999,-9999,-9999,-9999,-9999,-9999,-9999,4.97,1.11,-9999,-9999,-9999
168,2017,-8.651015736,0.647692322,14.81332104,1.431143223,4.766756758,1.000142744,1.998432227,0.350305,-9999,-9999,-9999,-9999,-9999,-9999,5.7,1.14,-9999,-9999,-9999
175,2017,-10.64402485,0.694785576,-9999,2.116306013,4.231419723,1.019892226,2.451203372,-9999,-9999,-9999,-9999,-9999,-9999,-9999,-9999,-9999,-9999,-9999,-9999
182,2017,-4.606442476,0.58565463,10.96968946,1.580487743,4.699855934,1,1.460318888,-9999,-9999,-9999,-9999,-9999,-9999,-9999,6.17,1.24,-9999,-9999,-9999
189,2017,-10.57706169,0.632702108,17.84495646,1.552513231,5.722273003,1.000087993,3.039201406,-9999,-9999,-9999,-9999,-9999,-9999,-9999,-9999,-9999,-9999,-9999,-9999
196,2017,-8.572372952,0.639551208,13.54281574,1.437751446,5.305123676,1.003328907,2.200552044,0.318478418,-9999,-9999,-9999,-9999,-9999,-9999,2.2,0.44,-9999,-9999,-9999
203,2017,-10.524188,0.703278761,-9999,2.116306013,6.019946646,1.003475317,2.879202581,-9999,-9999,-9999,-9999,-9999,-9999,-9999,-9999,-9999,-9999,-9999,-9999
210,2017,-6.351812449,0.652502182,11.22944853,1.57722749,3.958809004,1.000153414,1.833620923,-9999,-9999,-9999,-9999,-9999,-9999,-9999,-9999,-9999,-9999,-9999,-9999
217,2017,-7.78679493,0.58,14.04770679,1.329641098,4.170832313,1,2.730438436,-9999,-9999,-9999,-9999,-9999,-9999,-9999,-9999,-9999,-9999,-9999,-9999
224,2017,-6.458485576,0.637471311,15.19043836,1.429426428,3.679437635,1.000120118,1.947304941,0.346373605,-9999,-9999,-9999,-9999,-9999,-9999,5.57,1.35,-9999,-9999,-9999
231,2017,-7.450455874,0.7072007,13.22857003,1.529312508,3.838725186,1.000281139,2.811644305,-9999,-9999,-9999,-9999,-9999,-9999,-9999,4.45,1.01,-9999,-9999,-9999
238,2017,-9.194470327,0.668251275,14.24385857,1.512009082,3.618440328,1.001542693,2.956347233,-9999,-9999,-9999,-9999,-9999,-9999,-9999,5.7,1.14,-9999,-9999,-9999
245,2017,-5.983392204,0.645097548,9.187128154,1.246905131,3.204344916,1.019780063,1.608614864,-9999,-9999,-9999,-9999,-9999,-9999,-9999,5.73,1.19,-9999,-9999,-9999
252,2017,-4.287905265,0.698641753,8.265497067,1.615697597,3.205460382,1.00024391,1.44781843,0.388208783,-9999,-9999,-9999,-9999,-9999,-9999,5.19,1.74,-9999,-9999,-9999
259,2017,-3.942169162,0.58,8.048573038,1.464973329,2.977886006,1,1.27249362,-9999,-9999,-9999,-9999,-9999,-9999,-9999,-9999,-9999,-9999,-9999,-9999
266,2017,-3.994428254,0.59390992,7.084924979,1.175281257,2.91259368,1.005974787,1.022613835,-9999,-9999,-9999,-9999,-9999,-9999,-9999,5.03,2.16,-9999,-9999,-9999
273,2017,-2.233521216,0.722063927,5.430123153,1.514432998,3.204167155,1.04670181,0.422529524,-9999,-9999,-9999,-9999,-9999,-9999,-9999,5.18,1.05,-9999,-9999,-9999
280,2017,-0.325353139,0.583063133,3.111499175,1.189457529,2.727635796,1.001359835,0.985348782,0.161643482,-9999,-9999,-9999,-9999,-9999,-9999,3.53,1.21,-9999,-9999,-9999
287,2017,-0.127321095,0.58,1.146781105,1.495869337,1.0831879,1,0.246168314,-9999,-9999,-9999,-9999,-9999,-9999,-9999,-9999,-9999,-9999,-9999,-9999
294,2017,0.646548109,0.59634885,-9999,2.116306013,0.294111635,1.000033007,0.010658665,-9999,-9999,-9999,-9999,-9999,-9999,-9999,1.3,0.28,-9999,-9999,-9999
301,2017,1.957436102,0.58,-9999,2.116306013,2.157048061,1,0.3452045,-9999,-9999,-9999,-9999,-9999,-9999,-9999,0.91,0.25,-9999,-9999,-9999
308,2017,2.095386864,0.606545395,0.767284196,1.514643806,2.375079908,1.000054057,0.692182777,0.108776829,-9999,-9999,-9999,-9999,-9999,-9999,0.3,0.25,-9999,-9999,-9999
315,2017,1.461126359,0.58565463,0.478949861,1.43304632,1.645565356,1.000011313,0.437655848,-9999,-9999,-9999,-9999,-9999,-9999,-9999,0.89,0.25,-9999,-9999,-9999
322,2017,1.007345388,0.59634885,0.674634143,1.341930448,1.119960805,1.000033007,0.238296701,-9999,-9999,-9999,-9999,-9999,-9999,-9999,0.3,0.25,-9999,-9999,-9999
329,2017,0.699492405,0.58,0.418513936,1.404930523,0.783591214,1,0.709019784,-9999,-9999,-9999,-9999,-9999,-9999,-9999,-9999,-9999,-9999,-9999,-9999
336,2017,0.676223554,0.58,-9999,2.116306013,0.568508995,1,0.271790627,0.084865945,-9999,-9999,-9999,-9999,-9999,-9999,-9999,-9999,-9999,-9999,-9999
343,2017,0.115234212,0.59634885,0.245329477,1.433533961,0.212854539,1.000033007,-0.038137716,-9999,-9999,-9999,-9999,-9999,-9999,-9999,-9999,-9999,-9999,-9999,-9999
350,2017,0.0079732,0.58565463,-9999,2.116306013,0.01286689,1.000011313,-0.001746293,-9999,-9999,-9999,-9999,-9999,-9999,-9999,-9999,-9999,-9999,-9999,-9999
357,2017,0.033889613,0.58,0.198508595,1.408395326,0.047700444,1,0.008559387,-9999,-9999,-9999,-9999,-9999,-9999,-9999,-9999,-9999,-9999,-9999,-9999
365,2017,-0.32488834,0.58,0.663581145,1.530788031,7.47E-07,1,0.004826672,0.074074807,-9999,-9999,-9999,-9999,-9999,-9999,-9999,-9999,-9999,-9999,-9999
7,2018,-0.715330188,0.628982257,1.668311287,1.173212514,0.942672043,1.003305922,-0.109673954,-9999,-9999,-9999,-9999,-9999,-9999,-9999,-9999,-9999,-9999,-9999,-9999
14,2018,-9999,0.911057024,-9999,2.116306013,-9999,1.147121965,-9999,-9999,-9999,-9999,-9999,-9999,-9999,-9999,-9999,-9999,-9999,-9999,-9999
21,2018,-9999,0.911057024,-9999,2.116306013,-9999,1.147121965,-9999,-9999,-9999,-9999,-9999,-9999,-9999,-9999,-9999,-9999,-9999,-9999,-9999
28,2018,-9999,0.911057024,-9999,2.116306013,-9999,1.147121965,-9999,0.208153565,-9999,-9999,-9999,-9999,-9999,-9999,-9999,-9999,-9999,-9999,-9999
35,2018,0.933354552,0.715033242,-9999,2.116306013,0.770495517,1.046685188,0.02178838,-9999,-9999,-9999,-9999,-9999,-9999,-9999,-9999,-9999,-9999,-9999,-9999
42,2018,0.959183062,0.703569058,-9999,2.116306013,0.7706398,1.001604134,0.04675269,-9999,-9999,-9999,-9999,-9999,-9999,-9999,0.21,0.25,-9999,-9999,-9999
49,2018,1.174339545,0.601849895,0.354697243,1.551265919,1.248951038,1.000044319,0.252487132,-9999,-9999,-9999,-9999,-9999,-9999,-9999,0.43,0.25,-9999,-9999,-9999
56,2018,1.306434328,0.631976765,-9999,2.116306013,1.151832174,1.000108111,0.488297398,0.251858886,-9999,-9999,-9999,-9999,-9999,-9999,0.83,0.25,-9999,-9999,-9999
63,2018,0.814552519,0.631847139,-9999,2.116306013,0.73209888,1.000107851,0.485568049,-9999,-9999,-9999,-9999,-9999,-9999,-9999,0.6,0.25,-9999,-9999,-9999
70,2018,1.0096633,0.627471602,-9999,2.116306013,1.025834495,1.000077325,0.350209143,-9999,-9999,-9999,-9999,-9999,-9999,-9999,0.63,0.25,-9999,-9999,-9999
77,2018,1.145088436,0.601849895,0.50152409,1.434183233,1.262150432,1.000044319,0.25954495,-9999,-9999,-9999,-9999,-9999,-9999,-9999,0.56,0.25,-9999,-9999,-9999
84,2018,1.542796228,0.663610906,0.276111822,1.51910041,1.390382401,1.000178489,0.587282413,0.234545631,-9999,-9999,-9999,-9999,-9999,-9999,-9999,-9999,-9999,-9999,-9999
91,2018,1.45110686,0.611954787,0.496529147,1.404940385,1.572165818,1.000065369,0.417540821,-9999,-9999,-9999,-9999,-9999,-9999,-9999,0.41,0.26,-9999,-9999,-9999
98,2018,2.145839068,0.637170289,0.795770167,1.51910041,2.472220928,1.000119423,0.874422937,-9999,-9999,-9999,-9999,-9999,-9999,-9999,0.64,0.25,-9999,-9999,-9999
105,2018,2.987880033,0.67177564,-9999,2.116306013,3.669892183,1.000197277,0.841707871,-9999,-9999,-9999,-9999,-9999,-9999,-9999,1.04,0.25,-9999,-9999,-9999
112,2018,1.998208584,0.766503734,-9999,2.116306013,4.407128923,1.00178437,1.283554222,0.328232528,-9999,-9999,-9999,-9999,-9999,-9999,1.2,0.25,-9999,-9999,-9999
119,2018,-0.301862573,0.59680318,6.318071331,1.204375413,4.755319392,1.000022625,1.448689879,-9999,-9999,-9999,-9999,-9999,-9999,-9999,1.74,0.36,-9999,-9999,-9999
126,2018,-2.193820241,0.59634885,7.079498459,1.361206314,4.586508406,1.000033007,1.836014086,-9999,-9999,-9999,-9999,-9999,-9999,-9999,4.61,0.94,-9999,-9999,-9999
133,2018,-3.840214156,0.632998576,9.880221045,1.5611025,4.538333965,1.000110329,1.763506539,-9999,-9999,-9999,-9999,-9999,-9999,-9999,5.13,1.04,-9999,-9999,-9999
140,2018,-4.776364213,0.59634885,10.00254459,1.440603786,4.389325323,1.000033007,1.637869634,0.232321896,-9999,-9999,-9999,-9999,-9999,-9999,5.4,1.09,-9999,-9999,-9999
147,2018,-4.970549884,0.68785308,12.2087576,1.439506478,4.427545087,1.000234723,1.583896615,-9999,-9999,-9999,-9999,-9999,-9999,-9999,-9999,-9999,-9999,-9999,-9999
154,2018,-5.360537087,0.652790359,12.25351418,1.641947261,5.512210229,1.000154,1.343106338,-9999,-9999,-9999,-9999,-9999,-9999,-9999,5.76,1.52,-9999,-9999,-9999
161,2018,-6.40737513,0.726395796,11.78869419,1.496554683,5.056065045,1.003531798,1.754416669,-9999,-9999,-9999,-9999,-9999,-9999,-9999,5.2,2.11,-9999,-9999,-9999
168,2018,-7.162899178,0.732378078,11.02777346,1.457391542,3.861655853,1.006288261,1.455327763,0.38896192,-9999,-9999,-9999,-9999,-9999,-9999,4.67,0.94,-9999,-9999,-9999
175,2018,-6.817329904,0.678486389,10.44290065,1.544252913,3.014380402,1.000212741,1.393753535,-9999,-9999,-9999,-9999,-9999,-9999,-9999,4.45,0.91,-9999,-9999,-9999
182,2018,-5.896583003,0.718851213,9.764354646,1.350805073,2.422103135,1.00030952,1.802599717,-9999,-9999,-9999,-9999,-9999,-9999,-9999,-9999,-9999,-9999,-9999,-9999
189,2018,-6.026146328,0.7694796,9.832067385,1.442888257,2.307658673,1.001792029,1.910949835,-9999,-9999,-9999,-9999,-9999,-9999,-9999,3.27,1.84,-9999,-9999,-9999
196,2018,-5.814131609,0.759723115,9.915027611,1.515888662,2.315015906,1.001765615,1.676797095,0.445790853,-9999,-9999,-9999,-9999,-9999,-9999,4.82,0.98,-9999,-9999,-9999
203,2018,-2.214758212,0.760568164,-9999,2.116306013,2.419328808,1.003616919,1.307228143,-9999,-9999,-9999,-9999,-9999,-9999,-9999,2.15,1.32,-9999,-9999,-9999
210,2018,-3.376346112,0.722110254,-9999,2.116306013,2.479322703,1.046701946,1.380057634,-9999,-9999,-9999,-9999,-9999,-9999,-9999,4.84,1.34,-9999,-9999,-9999
217,2018,-1.43499779,0.726630653,3.914739166,1.293684742,2.493369968,1.003532595,1.208379613,-9999,-9999,-9999,-9999,-9999,-9999,-9999,4.87,2.27,-9999,-9999,-9999
224,2018,-0.791496753,0.676762742,3.31627307,1.443624858,2.243037738,1.000187646,1.074992926,0.379154623,-9999,-9999,-9999,-9999,-9999,-9999,5.97,1.32,-9999,-9999,-9999
231,2018,-0.759942514,0.659833573,-9999,2.116306013,1.504024515,1.001523401,1.255358123,-9999,-9999,-9999,-9999,-9999,-9999,-9999,5.38,1.1,-9999,-9999,-9999
238,2018,-1.694081197,0.783772641,3.979128221,1.437355424,1.48965278,1.000477033,1.10353392,-9999,-9999,-9999,-9999,-9999,-9999,-9999,6.75,1.35,-9999,-9999,-9999
245,2018,-2.39483367,0.691909888,3.36850473,1.380652227,0.098828116,1.000241449,0.617700401,-9999,-9999,-9999,-9999,-9999,-9999,-9999,5.38,1.63,-9999,-9999,-9999
252,2018,-2.738902222,0.689632739,3.956729582,1.306243729,0.401439712,1.001592517,1.172626377,0.387836018,-9999,-9999,-9999,-9999,-9999,-9999,5.09,1.03,-9999,-9999,-9999
259,2018,-1.043495278,0.652540636,2.994576034,1.407991048,1.007754838,1.001506964,0.842155734,-9999,-9999,-9999,-9999,-9999,-9999,-9999,4.95,1.03,-9999,-9999,-9999
266,2018,0.334160852,0.640259548,1.811150506,1.408395326,1.911887129,1.00147979,0.826081997,-9999,-9999,-9999,-9999,-9999,-9999,-9999,5.06,1.02,-9999,-9999,-9999
273,2018,-0.935105529,0.617620633,3.333971474,1.514643806,1.59838077,1.000077325,0.799210578,-9999,-9999,-9999,-9999,-9999,-9999,-9999,4.74,0.97,-9999,-9999,-9999
280,2018,-0.750270242,0.634789137,3.934376804,1.506531778,1.584192806,1.001467799,0.580628428,0.251389036,-9999,-9999,-9999,-9999,-9999,-9999,4.36,0.89,-9999,-9999,-9999
287,2018,-1.037620268,0.72392368,3.259268629,1.246905131,2.556968762,1.003525921,1.01558937,-9999,-9999,-9999,-9999,-9999,-9999,-9999,4.37,0.89,-9999,-9999,-9999
294,2018,0.477505886,0.762809329,2.66712751,1.436557254,3.175014773,1.000481836,0.378348169,-9999,-9999,-9999,-9999,-9999,-9999,-9999,4.27,0.87,-9999,-9999,-9999
301,2018,0.77087229,0.58565463,1.760440377,1.270612027,1.86352788,1.000011313,0.004430284,-9999,-9999,-9999,-9999,-9999,-9999,-9999,2,0.63,-9999,-9999,-9999
308,2018,1.018599838,0.591255182,-9999,2.116306013,1.386425912,1.000022625,0.022981395,0.310343214,-9999,-9999,-9999,-9999,-9999,-9999,0.67,0.25,-9999,-9999,-9999
315,2018,1.240482231,0.58565463,0.891620136,1.514432998,1.346407879,1.000011313,0.091699186,-9999,-9999,-9999,-9999,-9999,-9999,-9999,1.53,0.32,-9999,-9999,-9999
322,2018,0.399016238,0.677946447,0.677087025,1.514643806,0.527910421,1.000187914,0.094911626,-9999,-9999,-9999,-9999,-9999,-9999,-9999,0.71,0.25,-9999,-9999,-9999
329,2018,-0.021076242,0.629673714,1.190265512,1.372708692,0.307012962,1.003307495,0.058165926,-9999,-9999,-9999,-9999,-9999,-9999,-9999,0.51,0.25,-9999,-9999,-9999
336,2018,0.524345716,0.599433348,0.181132016,1.514432998,1.446426274,1.005986033,-0.024140498,0.204396754,-9999,-9999,-9999,-9999,-9999,-9999,-9999,-9999,-9999,-9999,-9999
343,2018,1.03750253,0.676263093,1.66906884,1.39442129,1.696694311,1.000207657,0.009539858,-9999,-9999,-9999,-9999,-9999,-9999,-9999,-9999,-9999,-9999,-9999,-9999
350,2018,-0.298364771,0.58,0.847722546,1.500864802,0.130467014,1,0.029263159,-9999,-9999,-9999,-9999,-9999,-9999,-9999,-9999,-9999,-9999,-9999,-9999
357,2018,0.42742051,0.634257297,-9999,2.116306013,0.086612385,1.000113076,-0.109463717,-9999,-9999,-9999,-9999,-9999,-9999,-9999,-9999,-9999,-9999,-9999,-9999
365,2018,0.138226911,0.735385028,0.348175091,2.184082097,0.110180831,1.001704327,-0.001648528,0.28844346,-9999,-9999,-9999,-9999,-9999,-9999,-9999,-9999,-9999,-9999,-9999
7,2019,-9999,0.911057024,-9999,2.116306013,-9999,1.147121965,-9999,-9999,-9999,-9999,-9999,-9999,-9999,-9999,-9999,-9999,-9999,-9999,-9999
14,2019,-9999,0.911057024,-9999,2.116306013,-9999,1.147121965,-9999,-9999,-9999,-9999,-9999,-9999,-9999,-9999,-9999,-9999,-9999,-9999,-9999
21,2019,-9999,0.911057024,-9999,2.116306013,-9999,1.147121965,-9999,-9999,-9999,-9999,-9999,-9999,-9999,-9999,-9999,-9999,-9999,-9999,-9999
28,2019,-9999,0.911057024,-9999,2.116306013,-9999,1.147121965,-9999,-9999,-9999,-9999,-9999,-9999,-9999,-9999,-9999,-9999,-9999,-9999,-9999
35,2019,2.259316704,0.674107082,-9999,2.116306013,0.988291002,1.006148212,-0.040908156,-9999,-9999,-9999,-9999,-9999,-9999,-9999,-9999,-9999,-9999,-9999,-9999
42,2019,1.1987752,0.639287676,-9999,2.116306013,1.19252583,1.000124063,0.32354747,-9999,-9999,-9999,-9999,-9999,-9999,-9999,0.4,0.25,-9999,-9999,-9999
49,2019,2.562339442,0.601849895,0.859468502,1.331351529,2.964709923,1.000044319,0.583175557,-9999,-9999,-9999,-9999,-9999,-9999,-9999,0.13,0.25,-9999,-9999,-9999
56,2019,2.570005827,0.741808844,-9999,2.116306013,2.750154993,1.003645616,0.472662089,0.296504122,-9999,-9999,-9999,-9999,-9999,-9999,0.64,0.25,-9999,-9999,-9999
63,2019,-9999,0.911057024,-9999,2.116306013,-9999,1.147121965,-9999,-9999,-9999,-9999,-9999,-9999,-9999,-9999,0.7,0.25,-9999,-9999,-9999
70,2019,-9999,0.911057024,-9999,2.116306013,-9999,1.147121965,-9999,-9999,-9999,-9999,-9999,-9999,-9999,-9999,0.64,0.25,-9999,-9999,-9999
77,2019,-9999,0.911057024,-9999,2.116306013,-9999,1.147121965,-9999,-9999,-9999,-9999,-9999,-9999,-9999,-9999,-9999,-9999,-9999,-9999,-9999
84,2019,1.454725028,0.640467219,2.010428955,1.284148656,3.40412025,1.01064945,0.547026963,0.288598302,-9999,-9999,-9999,-9999,-9999,-9999,0.7,0.25,-9999,-9999,-9999
91,2019,1.786949958,0.693209971,0.697047563,1.494488912,2.283802994,1.000242221,0.447272977,-9999,-9999,-9999,-9999,-9999,-9999,-9999,0.73,0.25,-9999,-9999,-9999
98,2019,1.969254182,0.704823646,1.187149059,1.552413997,2.919487225,1.000275011,0.654489312,-9999,-9999,-9999,-9999,-9999,-9999,-9999,0.92,0.25,-9999,-9999,-9999
105,2019,0.970236325,0.624212875,1.850829624,1.412780816,2.030166092,1.000091383,0.638605942,-9999,-9999,-9999,-9999,-9999,-9999,-9999,1.1,0.25,-9999,-9999,-9999
112,2019,1.616280122,0.611954787,2.221332303,1.293036202,3.203272255,1.000065369,0.981662972,0.298288891,-9999,-9999,-9999,-9999,-9999,-9999,1.22,0.27,-9999,-9999,-9999
119,2019,1.004699748,0.58565463,3.599681334,1.543164889,4.091203966,1.000011313,1.356201281,-9999,-9999,-9999,-9999,-9999,-9999,-9999,1.53,0.32,-9999,-9999,-9999
126,2019,-0.575274723,0.659175264,5.094238211,1.539954905,3.555415397,1.000152426,1.193439115,-9999,-9999,-9999,-9999,-9999,-9999,-9999,2.21,0.68,-9999,-9999,-9999
133,2019,-0.646855816,0.602300076,5.351489398,1.366518607,3.328232702,1.00004525,1.194965243,-9999,-9999,-9999,-9999,-9999,-9999,-9999,3.71,1.33,-9999,-9999,-9999
140,2019,-0.737737969,0.714297794,6.553235763,1.51910041,3.189774271,1.003502068,0.891304169,0.279152472,-9999,-9999,-9999,-9999,-9999,-9999,4.8,0.98,-9999,-9999,-9999
147,2019,-2.91648656,0.642613852,8.500207708,1.571351003,4.124581409,1.000131378,1.230710283,-9999,-9999,-9999,-9999,-9999,-9999,-9999,4.84,1.01,-9999,-9999,-9999
154,2019,-4.511768887,0.637170289,9.81450133,1.423122922,4.649472585,1.000119423,1.997859874,-9999,-9999,-9999,-9999,-9999,-9999,-9999,3.23,0.71,-9999,-9999,-9999
161,2019,-5.744305365,0.716824336,11.88043054,1.367862033,5.762008039,1.000304781,1.825109155,-9999,-9999,-9999,-9999,-9999,-9999,-9999,5.26,1.32,-9999,-9999,-9999
168,2019,-6.535452289,0.745869476,15.58769679,1.51910041,4.202221277,1.00358109,3.0459352,0.391159426,-9999,-9999,-9999,-9999,-9999,-9999,6.1,1.43,-9999,-9999,-9999
175,2019,-6.730617618,0.797956029,11.42658864,1.430082017,4.321989558,1.0005154,3.46914917,-9999,-9999,-9999,-9999,-9999,-9999,-9999,6.48,1.35,-9999,-9999,-9999
182,2019,-5.67324308,0.687298626,11.3985679,1.493213433,4.813000254,1.001586787,3.112104437,-9999,-9999,-9999,-9999,-9999,-9999,-9999,4.92,1,-9999,-9999,-9999
189,2019,-8.187064748,0.687465741,13.91713892,1.438889066,3.540368643,1.000233787,2.362650164,-9999,-9999,-9999,-9999,-9999,-9999,-9999,6.29,1.32,-9999,-9999,-9999
196,2019,-5.557847608,0.67581336,10.05299668,1.340824981,3.368596304,1.000206527,1.697074928,0.465894969,-9999,-9999,-9999,-9999,-9999,-9999,4.47,1.8,-9999,-9999,-9999
203,2019,-4.894222137,0.745497095,8.803884883,1.347511709,4.201406185,1.0035801,1.763119225,-9999,-9999,-9999,-9999,-9999,-9999,-9999,-9999,-9999,-9999,-9999,-9999
210,2019,-5.286199822,0.718965551,10.13878754,1.391433331,4.180372752,1.000309906,2.368236548,-9999,-9999,-9999,-9999,-9999,-9999,-9999,5.74,2.21,-9999,-9999,-9999
217,2019,-6.281847322,0.627903414,11.98504456,1.428404349,4.214320678,1.000099305,2.679385151,-9999,-9999,-9999,-9999,-9999,-9999,-9999,6.8,1.36,-9999,-9999,-9999
224,2019,-5.579356324,0.654384702,10.89991138,1.560949615,3.991970233,1.000157739,2.099306169,0.409433054,-9999,-9999,-9999,-9999,-9999,-9999,5.46,1.13,-9999,-9999,-9999
231,2019,-5.17191153,0.626609497,9.562689987,1.342329937,3.508578911,1.000096539,2.096254532,-9999,-9999,-9999,-9999,-9999,-9999,-9999,4.9,1.07,-9999,-9999,-9999
238,2019,-5.628332685,0.7320218,-9999,2.116306013,3.253824405,1.003546013,2.333329268,-9999,-9999,-9999,-9999,-9999,-9999,-9999,4.41,1.45,-9999,-9999,-9999
245,2019,-5.38450808,0.708948627,7.884625609,1.402099529,2.505818396,1.0108064,1.565233383,-9999,-9999,-9999,-9999,-9999,-9999,-9999,5.47,1.17,-9999,-9999,-9999
252,2019,-3.683983027,0.622933858,7.286969701,1.496347485,2.033188109,1.000088637,1.067360342,0.354172585,-9999,-9999,-9999,-9999,-9999,-9999,4.82,1.07,-9999,-9999,-9999
259,2019,-3.499992814,0.645074273,5.756523242,1.408480813,1.9363253,1.000136979,0.974027927,-9999,-9999,-9999,-9999,-9999,-9999,-9999,2.73,0.57,-9999,-9999,-9999
266,2019,-2.855827561,0.690151921,5.826579192,1.437355424,2.468059794,1.001593632,0.744741563,-9999,-9999,-9999,-9999,-9999,-9999,-9999,4.62,1.04,-9999,-9999,-9999
273,2019,-0.905846196,0.601849895,5.158740801,1.532294705,3.06917719,1.000033007,0.77076494,-9999,-9999,-9999,-9999,-9999,-9999,-9999,4.5,0.91,-9999,-9999,-9999
280,2019,-0.665336352,0.601849895,3.646413882,1.602819786,2.346601864,1.000044319,0.404722456,0.250388396,-9999,-9999,-9999,-9999,-9999,-9999,3.91,0.96,-9999,-9999,-9999
287,2019,0.474216346,0.58565463,2.789572984,1.398343576,2.374764638,1.000011313,0.379412206,-9999,-9999,-9999,-9999,-9999,-9999,-9999,1.22,0.25,-9999,-9999,-9999
294,2019,1.505425652,0.58565463,2.195032379,1.314467516,2.68196675,1.000011313,0.460533949,-9999,-9999,-9999,-9999,-9999,-9999,-9999,1.27,0.27,-9999,-9999,-9999
301,2019,2.42001519,0.58565463,1.12825041,1.456178169,2.819022374,1.000011313,0.321078683,-9999,-9999,-9999,-9999,-9999,-9999,-9999,1,0.37,-9999,-9999,-9999
308,2019,3.025966034,0.657248204,0.740830707,1.514057034,2.435100845,1.000164081,0.163184627,0.160250108,-9999,-9999,-9999,-9999,-9999,-9999,0.94,0.25,-9999,-9999,-9999
315,2019,2.135532507,0.58565463,0.496408176,1.523635085,2.283276869,1.000011313,0.133099584,-9999,-9999,-9999,-9999,-9999,-9999,-9999,-9999,-9999,-9999,-9999,-9999
322,2019,1.724966234,0.58,0.447304299,1.512009082,1.774492797,1,0.126724106,-9999,-9999,-9999,-9999,-9999,-9999,-9999,0.6,0.25,-9999,-9999,-9999
329,2019,2.2103356,0.58,0.357621906,1.491954277,2.356748383,1,0.151268293,-9999,-9999,-9999,-9999,-9999,-9999,-9999,0.5,0.25,-9999,-9999,-9999
336,2019,1.975374627,0.58565463,1.001112811,1.405157759,2.049820461,1.000011313,0.010906415,0.053952288,-9999,-9999,-9999,-9999,-9999,-9999,-9999,-9999,-9999,-9999,-9999
343,2019,1.842258628,0.58,0.743996805,1.437577534,1.976876774,1,-0.159211003,-9999,-9999,-9999,-9999,-9999,-9999,-9999,-9999,-9999,-9999,-9999,-9999
350,2019,1.166309824,0.58565463,-9999,2.116306013,1.179647962,1.000011313,-0.215843304,-9999,-9999,-9999,-9999,-9999,-9999,-9999,-9999,-9999,-9999,-9999,-9999
357,2019,1.208233477,0.58565463,0.375981153,1.444194966,1.352269403,1.000011313,-0.078508105,-9999,-9999,-9999,-9999,-9999,-9999,-9999,-9999,-9999,-9999,-9999,-9999
365,2019,2.242646243,0.58565463,0.654605739,2.184082097,2.129065742,1.000011313,0.051772927,0.065497702,-9999,-9999,-9999,-9999,-9999,-9999,-9999,-9999,-9999,-9999,-9999
7,2020,1.792550711,0.58,0.854077767,1.51910041,1.626430629,1,-0.173590237,-9999,-9999,-9999,-9999,-9999,-9999,-9999,-9999,-9999,-9999,-9999,-9999
14,2020,1.109863024,0.58,-9999,2.116306013,1.142671215,1,-0.238892688,-9999,-9999,-9999,-9999,-9999,-9999,-9999,-9999,-9999,-9999,-9999,-9999
21,2020,1.638252164,0.59634885,0.552057601,1.279970402,1.757472152,1.000033007,0.002011143,-9999,-9999,-9999,-9999,-9999,-9999,-9999,-9999,-9999,-9999,-9999,-9999
28,2020,1.465724246,0.58,0.640580111,1.340285865,1.509695974,1,-0.098604594,0.065183505,-9999,-9999,-9999,-9999,-9999,-9999,-9999,-9999,-9999,-9999,-9999
35,2020,0.972649421,0.58,0.38534159,1.409960469,1.095086878,1,-0.357213614,-9999,-9999,-9999,-9999,-9999,-9999,-9999,-9999,-9999,-9999,-9999,-9999
42,2020,0.946383616,0.59634885,0.322843273,1.348601221,1.069535328,1.000033007,0.048995328,-9999,-9999,-9999,-9999,-9999,-9999,-9999,0.5,0.25,-9999,-9999,-9999
49,2020,0.910371383,0.58,-9999,2.116306013,0.964193998,1,0.265376879,-9999,-9999,-9999,-9999,-9999,-9999,-9999,0.51,0.25,-9999,-9999,-9999
56,2020,0.701772774,0.58,-9999,2.116306013,0.718928815,1,0.010983102,0.063933946,-9999,-9999,-9999,-9999,-9999,-9999,-9999,-9999,-9999,-9999,-9999
63,2020,0.787622682,0.58,0.352663921,1.405788587,0.867551367,1,0.403919994,-9999,-9999,-9999,-9999,-9999,-9999,-9999,0.73,0.25,-9999,-9999,-9999
70,2020,0.937009987,0.58,0.371504286,1.430968568,1.019456712,1,0.279653689,-9999,-9999,-9999,-9999,-9999,-9999,-9999,0.7,0.25,-9999,-9999,-9999
77,2020,1.209845365,0.606545395,-9999,2.116306013,1.310223362,1.000054057,0.669535245,-9999,-9999,-9999,-9999,-9999,-9999,-9999,0.43,0.25,-9999,-9999,-9999
84,2020,1.392965015,0.622933858,0.420699233,1.408622003,1.439445185,1.000088637,0.6177955,0.141773702,-9999,-9999,-9999,-9999,-9999,-9999,0.53,0.25,-9999,-9999,-9999
91,2020,1.132923286,0.649805097,-9999,2.116306013,1.065162922,1.00014733,0.540499716,-9999,-9999,-9999,-9999,-9999,-9999,-9999,0.7,0.25,-9999,-9999,-9999
98,2020,1.230927054,0.720122443,0.59839238,1.39640985,1.537222063,1.001665953,0.399752776,-9999,-9999,-9999,-9999,-9999,-9999,-9999,0.89,0.25,-9999,-9999,-9999
105,2020,1.54284308,0.700785449,1.296882391,1.512009082,2.44515638,1.000265484,0.683742461,-9999,-9999,-9999,-9999,-9999,-9999,-9999,0.93,0.25,-9999,-9999,-9999
112,2020,1.462024758,0.677663405,2.153512257,1.51910041,2.593631409,1.000189748,0.87171359,0.345946565,-9999,-9999,-9999,-9999,-9999,-9999,1.1,0.25,-9999,-9999,-9999
119,2020,0.598587217,0.591255182,3.683376572,1.41474357,3.345926144,1.000022625,0.922981877,-9999,-9999,-9999,-9999,-9999,-9999,-9999,1.33,0.27,-9999,-9999,-9999
126,2020,-0.298118606,0.612261302,4.118315048,1.42601719,3.06165922,1.000066013,1.118849209,-9999,-9999,-9999,-9999,-9999,-9999,-9999,4.63,0.95,-9999,-9999,-9999
133,2020,-1.268522392,0.680661276,4.884288561,1.458976368,3.418016876,1.00616346,1.12339293,-9999,-9999,-9999,-9999,-9999,-9999,-9999,4.79,1.04,-9999,-9999,-9999
140,2020,-2.695372415,0.686926703,6.793544304,1.608018472,3.699295365,1.000232485,1.215272865,0.276603547,-9999,-9999,-9999,-9999,-9999,-9999,6.2,1.24,-9999,-9999,-9999
147,2020,-2.774493623,0.651257843,6.565527431,1.38755252,3.593563886,1.000150591,1.330522806,-9999,-9999,-9999,-9999,-9999,-9999,-9999,4.98,1.09,-9999,-9999,-9999
154,2020,-4.224970619,0.665637842,8.615543278,1.40076571,4.214055456,1.000167127,1.735204851,-9999,-9999,-9999,-9999,-9999,-9999,-9999,2.52,1.52,-9999,-9999,-9999
161,2020,-3.081666721,0.668434856,6.771772671,1.403587261,3.024680882,1.003393617,1.261426709,-9999,-9999,-9999,-9999,-9999,-9999,-9999,4.3,0.87,-9999,-9999,-9999
168,2020,-4.046241666,0.704496593,-9999,2.116306013,3.088789948,1.000274444,1.561458415,0.346810051,-9999,-9999,-9999,-9999,-9999,-9999,3.8,0.76,-9999,-9999,-9999
175,2020,-6.144990959,0.699525124,-9999,2.116306013,3.594433742,1.001616071,2.034629724,-9999,-9999,-9999,-9999,-9999,-9999,-9999,5.3,1.06,-9999,-9999,-9999
182,2020,-5.538743036,0.626609497,10.12205686,1.701293324,3.385779504,1.000096539,2.390197962,-9999,-9999,-9999,-9999,-9999,-9999,-9999,-9999,-9999,-9999,-9999,-9999
189,2020,-5.058094735,0.58565463,9.204672275,1.64526182,3.165983428,1.000011313,1.988620445,-9999,-9999,-9999,-9999,-9999,-9999,-9999,5.78,1.19,-9999,-9999,-9999
196,2020,-4.142994025,0.643242587,10.13377924,1.515888662,2.881413526,1.00333694,1.383536338,0.317605981,-9999,-9999,-9999,-9999,-9999,-9999,3.6,1.42,-9999,-9999,-9999
203,2020,-6.43367687,0.673292048,8.814861492,1.325332147,2.646042509,1.01984262,1.493494244,-9999,-9999,-9999,-9999,-9999,-9999,-9999,-9999,-9999,-9999,-9999,-9999
210,2020,-4.556544293,0.737275588,6.672305635,1.423665675,2.540533654,1.003610812,1.65568077,-9999,-9999,-9999,-9999,-9999,-9999,-9999,4.98,1.1,-9999,-9999,-9999
217,2020,-5.186362491,0.720899721,-9999,2.116306013,2.324441051,1.010834149,2.035206434,-9999,-9999,-9999,-9999,-9999,-9999,-9999,5.57,1.3,-9999,-9999,-9999
224,2020,-9999,0.911057024,-9999,2.116306013,-9999,1.147121965,-9999,0.364039421,-9999,-9999,-9999,-9999,-9999,-9999,5.63,1.29,-9999,-9999,-9999
231,2020,-6.450776185,0.734477639,8.674784578,1.502116007,1.399372605,1.003552002,1.402541502,-9999,-9999,-9999,-9999,-9999,-9999,-9999,5.54,1.12,-9999,-9999,-9999
238,2020,-4.758087223,0.58,6.314971052,1.16662741,2.110764065,1,1.885152873,-9999,-9999,-9999,-9999,-9999,-9999,-9999,5.98,1.28,-9999,-9999,-9999
245,2020,-3.011427195,0.58,7.052435627,1.575647223,2.20320253,1,1.343811219,-9999,-9999,-9999,-9999,-9999,-9999,-9999,3.43,1.65,-9999,-9999,-9999
252,2020,-3.46361649,0.697736639,-9999,2.116306013,1.722210216,1.000258171,1.212079919,0.309577198,-9999,-9999,-9999,-9999,-9999,-9999,2.2,0.45,-9999,-9999,-9999
259,2020,-2.447909583,0.656298806,4.874455701,1.404713114,1.708263274,1.000161902,0.893923453,-9999,-9999,-9999,-9999,-9999,-9999,-9999,5.33,1.08,-9999,-9999,-9999
266,2020,-2.020722971,0.772818706,4.482690633,1.316144361,1.691176984,1.000447657,0.729290959,-9999,-9999,-9999,-9999,-9999,-9999,-9999,4.99,1.01,-9999,-9999,-9999
273,2020,-1.384693166,0.694241212,-9999,2.116306013,1.285487695,1.003453623,0.342628645,-9999,-9999,-9999,-9999,-9999,-9999,-9999,4.71,0.97,-9999,-9999,-9999
280,2020,-1.11295495,0.607301113,3.350702156,1.416474952,1.786848942,1.000055632,0.391727034,0.34104649,-9999,-9999,-9999,-9999,-9999,-9999,4.32,0.88,-9999,-9999,-9999
287,2020,-0.818440839,0.58565463,2.539830743,1.508259607,1.415019054,1.000011313,0.293113681,-9999,-9999,-9999,-9999,-9999,-9999,-9999,-9999,-9999,-9999,-9999,-9999
294,2020,0.00884472,0.59634885,0.72933754,1.495869337,1.093892086,1.000033007,0.156692876,-9999,-9999,-9999,-9999,-9999,-9999,-9999,0.7,0.25,-9999,-9999,-9999
301,2020,0.576579968,0.67197916,1.419695074,1.402954041,1.261911475,1.001551246,0.072813658,-9999,-9999,-9999,-9999,-9999,-9999,-9999,0.14,0.25,-9999,-9999,-9999
308,2020,1.465471202,0.629107426,-9999,2.116306013,1.795488258,1.003306214,-0.240421261,0.203732771,-9999,-9999,-9999,-9999,-9999,-9999,0.98,0.25,-9999,-9999,-9999
315,2020,1.028357388,0.721954874,-9999,2.116306013,1.362833856,1.046699728,-0.063539479,-9999,-9999,-9999,-9999,-9999,-9999,-9999,0.67,0.25,-9999,-9999,-9999
322,2020,0.9982412,0.599328431,-9999,2.116306013,1.03144199,1.000124736,-0.041832137,-9999,-9999,-9999,-9999,-9999,-9999,-9999,0.7,0.25,-9999,-9999,-9999
329,2020,0.896989004,0.701047808,0.174558548,1.413412942,1.00729808,1.001619642,-0.005959682,-9999,-9999,-9999,-9999,-9999,-9999,-9999,-9999,-9999,-9999,-9999,-9999
336,2020,0.8631823,0.606545395,-9999,2.116306013,0.805478359,1.000054057,0.027082039,0.237543547,-9999,-9999,-9999,-9999,-9999,-9999,-9999,-9999,-9999,-9999,-9999
343,2020,1.171953412,0.637647277,0.353760255,1.495869337,1.203735159,1.000120553,-0.006400943,-9999,-9999,-9999,-9999,-9999,-9999,-9999,-9999,-9999,-9999,-9999,-9999
350,2020,1.681669351,0.58565463,0.471537375,1.316144361,1.728311287,1.000011313,-0.046138194,-9999,-9999,-9999,-9999,-9999,-9999,-9999,-9999,-9999,-9999,-9999,-9999
357,2020,1.875181762,0.718566681,0.197623163,1.33419522,1.979775816,1.000308906,-0.248976927,-9999,-9999,-9999,-9999,-9999,-9999,-9999,-9999,-9999,-9999,-9999,-9999
366,2020,-9999,3.145764419,-9999,-9999,-9999,2.459607099,-9999,0.240573676,-9999,-9999,-9999,-9999,-9999,-9999,-9999,-9999,-9999,-9999,-9999