"","date","year","month","week","doy","gpp_z_scores","temp_z_scores","sm1_z_scores","sm2_z_scores","sm3_z_scores","vpd_z_scores","swr_z_scores","precip_z_scores"
"1","2000-01-07",2000,"Jan",1,7,-2.68914461439366,0.444748371366026,NA,NA,NA,-0.441380645493195,0.231313897518045,-0.610462433836896
"2","2000-01-14",2000,"Jan",2,14,-2.74407084081034,-0.385002127698845,NA,NA,NA,-0.380841124476261,0.451620802692094,-1.130697036976
"3","2000-01-21",2000,"Jan",3,21,-2.56701421100138,0.0743879804664817,NA,NA,NA,-0.386486354503744,-0.680500441601356,0.0924270495883936
"4","2000-01-28",2000,"Jan",4,28,-3.01507475763617,-0.783397380191057,NA,NA,NA,-0.527773371345183,0.589319059834852,-0.434895850060072
"5","2000-02-04",2000,"Feb",5,35,-0.80518079656408,0.886146989253707,NA,NA,NA,0.0182947124569871,-0.855318588253555,1.73218681745858
"6","2000-02-11",2000,"Feb",6,42,2.75855886800185,1.06446020146857,NA,NA,NA,0.926588675762999,0.890265974371752,-0.189023893436455
"7","2000-02-18",2000,"Feb",7,49,-3.05438745495999,-0.0292785147408319,NA,NA,NA,-0.470835984329378,-0.808427251507014,2.22336522922643
"8","2000-02-25",2000,"Feb",8,56,-3.25453903674582,-0.0282445170106171,NA,NA,NA,-0.934336243696231,-0.658134817593712,1.32006475465759
"9","2000-03-03",2000,"Mar",9,63,2.31132788636227,0.629402828683601,NA,NA,NA,0.0293581176751601,0.505642920163009,0.663115512580925
"10","2000-03-10",2000,"Mar",10,70,0.833241032767467,-0.0207014652297368,0.906175217539939,0.00919743569146703,-1.09983683456575,-0.690070848742478,-0.515415113992521,1.65491621616394
"11","2000-03-17",2000,"Mar",11,77,0.182340288183917,-0.170904045863475,0.870526879940866,-0.144173441674709,-1.05089222662941,-0.751834642909855,-1.08374462514277,0.910967430706976
"12","2000-03-24",2000,"Mar",12,84,1.91456538505057,0.630935838556556,0.886936406831782,0.141310611989877,-0.174389941060741,0.251068999159259,0.369169414460645,0.365108412658288
"13","2000-03-31",2000,"Mar",13,91,-1.74148746614713,-0.811361439533196,0.709308947030333,0.0984532197208485,-0.041161889113576,-1.35553266816807,-2.21601563171693,0.506923277964189
"14","2000-04-07",2000,"Apr",14,98,1.29279181808269,-0.0784115625958132,1.060333135928,0.293271634617687,0.2773149634312,-0.428425479018456,0.430100261192588,-0.0604752544990785
"15","2000-04-14",2000,"Apr",15,105,0.374185104708349,-0.610110557571469,0.827718885735259,0.268043131115256,0.194330450311307,-0.58466345038121,-0.0325878210647435,-0.0275296010549066
"16","2000-04-21",2000,"Apr",16,112,0.26487606227427,0.435750706334324,1.06999583664671,0.425154995901606,0.461630019802545,-0.304977657659743,-0.736361668826092,0.458324580116818
"17","2000-04-28",2000,"Apr",17,119,0.790202527906649,1.61381818434375,0.912481328965256,0.307466359884083,0.587248439693385,1.08491539873889,0.41089657922165,-0.973682124309164
"18","2000-05-05",2000,"May",18,126,1.0414646620409,1.48957126490928,1.0460181854335,0.272646334446938,0.629908000075428,0.119595194147248,0.260796074456121,-0.421045061787285
"19","2000-05-12",2000,"May",19,133,0.924698652381447,1.3616151951582,0.770742347500733,0.0915362119356843,0.563221729844933,0.867181617868393,0.962125665897369,-0.835188420975734
"20","2000-05-19",2000,"May",20,140,0.717584362959226,1.60297331367905,0.277261430189554,-0.583898340649277,0.63931584527275,2.47790092559476,1.34891372954028,-0.713923602721187
"21","2000-05-26",2000,"May",21,147,-0.389951824217301,-0.932821449389182,0.764559767226885,-0.159955407482583,0.605408324505887,-1.26222442226599,-0.660515231060929,-0.0365622376813135
"22","2000-06-02",2000,"Jun",22,154,0.197083379269747,-0.551872203618747,0.968752029227273,0.256766515530532,0.597926638402708,-0.311553039895117,-0.166532020918922,-0.411181786226056
"23","2000-06-09",2000,"Jun",23,161,0.226891459648547,0.0896966283059572,1.23943554819215,0.725672188828439,0.941362493965423,-0.931976771213801,-0.262363320640205,1.88135108383081
"24","2000-06-16",2000,"Jun",24,168,0.980890912816411,0.75306069060903,1.35897033195952,1.07487242113283,1.35870486845604,0.270582445985267,0.526759389286139,-0.192944495205595
"25","2000-06-23",2000,"Jun",25,175,0.182978975722729,1.32871053816976,0.904016245480407,0.295787709123865,1.25376828301318,2.67933334071851,1.27701835779967,-1.03359142522661
"26","2000-06-30",2000,"Jun",26,182,-0.770324570241738,-2.05398606009812,0.35455253193485,-0.459010059377469,1.26534491161065,-0.953091567189503,-0.605667490691525,-0.507115923860129
"27","2000-07-07",2000,"Jul",27,189,-1.76411754437486,-0.797208886655568,1.27076054501794,0.830903788734696,1.42786083692293,-1.33355821459695,-1.78896805564791,2.18349301809206
"28","2000-07-14",2000,"Jul",28,196,-1.5384311580209,-1.9590758989019,1.47360775350383,1.55455364347716,1.48804595100891,-1.29240281367548,-1.42561961548321,0.148710546462617
"29","2000-07-21",2000,"Jul",29,203,-1.17594845032799,-1.90426598474243,1.4161727829979,1.47799068112523,1.41837058560674,-1.29740860695082,-1.40036181865808,-1.15729861138364
"30","2000-07-28",2000,"Jul",30,210,-0.487774811604727,-1.24566805877038,1.00396366456756,0.595519740724386,1.16384524106945,-1.27858825306252,-1.30863098126263,-0.595123303284016
"31","2000-08-04",2000,"Aug",31,217,0.493942374118519,-0.889208112448015,1.00953772352158,0.20014413651995,1.3222597717382,-0.892382778594351,-0.154615948577601,-0.161817902164101
"32","2000-08-11",2000,"Aug",32,224,0.609456693095044,-0.386419463351106,0.548004863629884,-0.303865584787008,1.41654259524922,-0.539854742443411,-0.101033441428788,-0.677823786742644
"33","2000-08-18",2000,"Aug",33,231,0.964493630649018,1.45253971167122,0.0360738985444879,-0.64196291961195,1.06499204449212,0.749172691075909,1.08495251522189,-0.964208525815708
"34","2000-08-25",2000,"Aug",34,238,0.5034202660616,-0.350289538590205,0.583505382797326,-0.716831283264553,1.0402883066434,-0.662431381268637,0.149725400765403,2.30926460912145
"35","2000-09-01",2000,"Sep",35,245,0.871639370938022,0.0140480968289357,0.557872972374592,-0.73323144262922,1.09085252975099,-0.184689378402725,0.647022173347964,-1.00148636475555
"36","2000-09-08",2000,"Sep",36,252,-1.34317001245988,-1.35828054182922,1.6435142761484,-0.410862596585033,1.02067127702935,-1.23097434291236,-1.45357587714332,-0.125929597798638
"37","2000-09-15",2000,"Sep",37,259,0.693548102506861,0.68879151626989,1.17436847571709,-0.498836121811045,0.889261839989788,-0.146215931791484,0.402619331837749,-0.519703718968328
"38","2000-09-22",2000,"Sep",38,266,-1.53324695215384,-0.794976262166165,1.23876968173621,-0.459579690890486,0.881026351265629,-1.09908469062154,-1.62734836623503,-0.777368217467377
"39","2000-09-29",2000,"Sep",39,273,0.751629649453851,0.555963079179248,1.21172973388512,-0.500331809714683,1.21692121339621,-0.26163480035795,0.695544358686002,-0.625026938748933
"40","2000-10-06",2000,"Oct",40,280,0.637958807777002,0.630140459857465,0.422777045662888,-0.811072290463878,0.860691625825099,0.0483943736465971,0.539427112756554,-1.04001746174416
"41","2000-10-13",2000,"Oct",41,287,-0.675137211790653,-0.458700963589121,1.08660596177499,-0.67836240814953,0.394795367396199,-0.29629460808517,-0.767915743482146,0.276092165779315
"42","2000-10-20",2000,"Oct",42,294,-0.269614797439575,0.409571625635032,0.758000646320133,0.145434094971263,0.242758775673627,-0.266002247181252,-0.530617284277698,-0.483991280686284
"43","2000-10-27",2000,"Oct",43,301,1.12624576545097,0.656585999741929,0.696365980527592,0.30494062312762,0.14608798040728,0.66839867374259,0.847581206540012,-0.33388910552283
"44","2000-11-03",2000,"Nov",44,308,-0.665139518916544,0.235545501681878,1.24924695665205,1.02503958980825,0.0573574858775535,0.375489143499389,-0.853547122807397,0.916867303857819
"45","2000-11-10",2000,"Nov",45,315,0.32620886603656,-0.104671436817215,1.07657454838639,0.780005995155413,0.604749236794555,0.430104296108426,0.328803386430716,-0.632181090333208
"46","2000-11-17",2000,"Nov",46,322,0.487689173401499,0.391694070801347,0.920467960464467,0.604410339907096,0.63079159410903,0.931083609695149,0.312997484977727,-0.163574119006225
"47","2000-11-24",2000,"Nov",47,329,0.7382417081777,0.316191824253838,0.799539070532635,0.515875052768209,0.479481935390575,0.515937930345584,0.741465453383337,-0.791054023223448
"48","2000-12-01",2000,"Dec",48,336,0.969211335573295,1.27344118006749,0.803377118656635,0.519341508690793,0.45884166245933,0.690790264881225,0.821556609252897,-0.55801351240769
"49","2000-12-08",2000,"Dec",49,343,1.64471774317949,1.51422834030398,0.730434058926941,0.427390680476468,0.357393397655298,1.2349807338131,1.45357031049455,-0.982269151923676
"50","2000-12-15",2000,"Dec",50,350,0.750229732663268,1.98886600606478,0.993039709154383,0.843128893040608,0.30155014613648,2.58679053503346,0.57478869660807,-0.189576340043875
"51","2000-12-22",2000,"Dec",51,357,-0.273681700278804,-1.12889815808765,1.05748425081926,0.969175353938325,0.291384093310641,-0.450940772410264,0.11749039476565,-1.00156261660031
"52","2000-12-29",2000,"Dec",53,366,0.684295507011431,-0.745340855809881,0.796144300752681,0.781576837994564,0.199153327371767,-0.517332327912412,0.628267915042901,-0.182873290994043
"53","2001-01-05",2001,"Jan",1,7,0.158635397312958,0.979981018881842,1.06532238676663,1.12508114796404,0.10074248661587,1.90824988314314,-0.110423035259742,-0.328553581056414
"54","2001-01-12",2001,"Jan",2,14,-0.221021066968044,-0.789434944074647,0.682033194861028,0.850547024751843,-0.113574263335557,-0.83974171004106,-0.332512117167592,-0.85338631915525
"55","2001-01-19",2001,"Jan",3,21,0.219351016652675,-1.02639322465609,0.373494137179353,0.407085017944575,-0.166449117472296,-0.306497230364425,0.538140772908206,-1.01385739493155
"56","2001-01-26",2001,"Jan",4,28,0.42813013552858,1.11661967421557,0.904826323962276,1.16349445830039,0.0474269534720361,0.668028157672861,0.104263873289513,0.0798382555938955
"57","2001-02-02",2001,"Feb",5,35,-0.229820901383224,-0.493170721398155,0.812995484522294,0.881143605819644,-0.0274276250172904,-0.608426104567246,-0.452365609734686,0.37923666984373
"58","2001-02-09",2001,"Feb",6,42,0.502544679793994,1.33748998607409,0.750947968343318,0.852402168849779,0.226249406998712,1.72223930700973,0.373937854079444,-0.408017462317997
"59","2001-02-16",2001,"Feb",7,49,0.869886626353185,1.23590307044992,0.675180737709768,0.815616088295781,-0.00435654795768825,0.887076084564962,1.01747863683205,-0.487811953585965
"60","2001-02-23",2001,"Feb",8,56,-0.246856892277281,-0.548761300048303,0.932306907418933,1.08587375437073,0.131813785110918,-0.425509943181103,-0.338881569955094,-0.363687798583599
"61","2001-03-02",2001,"Mar",9,63,-0.1883009431189,-0.735469352930127,0.505856784810398,0.638560424721454,-0.31936818012715,-0.559799984934453,-0.0260479629077705,-0.195581182967045
"62","2001-03-09",2001,"Mar",10,70,-0.690606381635149,0.216941023325536,1.00795636772617,1.00731688488007,0.0452537051060639,-0.89712072474493,-0.674913442173332,-0.477553028432232
"63","2001-03-16",2001,"Mar",11,77,-1.87621121217669,0.0692917083909066,1.08070044157324,1.25266739842505,0.22527340968343,-1.06453095156215,-1.62877985669754,1.09636950789854
"64","2001-03-23",2001,"Mar",12,84,-1.22550159605787,-0.581404983662233,1.20303091793303,1.26649432807241,0.863498945488563,-1.28387182555678,-1.64334259204307,1.8593161019906
"65","2001-03-30",2001,"Apr",13,91,-1.00133248331651,-0.811361439533196,1.01414893930105,1.02504895885709,0.107056830068509,-0.65610820323276,-0.889562443342361,-0.421612433853232
"66","2001-04-06",2001,"Apr",14,98,-0.336832837442381,0.363672399759421,1.2636528008545,1.20935437283351,0.246989888145107,0.181274712321994,-0.624593227697927,0.193520814397057
"67","2001-04-13",2001,"Apr",15,105,-0.812605855776584,-1.24602413438389,1.1531999771678,1.41874596431113,0.192611889581917,-1.09473892880819,-0.461374133088222,0.186934871679296
"68","2001-04-20",2001,"Apr",16,112,-2.39408323835945,-2.06420329373616,1.27772217193883,1.65881649430235,0.400416785654161,-1.50869005104289,-1.92394269947622,0.0366936597374483
"69","2001-04-27",2001,"Apr",17,119,-1.32978588966052,-0.835080870298082,1.33556516531295,1.86501985737441,0.577714096265542,-0.957018839703497,-1.24370113138462,-0.144933485303128
"70","2001-05-04",2001,"May",18,126,-0.130838592070265,0.634570784908815,1.1697134064368,1.64681021300884,0.571429129824784,-0.337564699623232,-0.299291811288863,0.324267675369807
"71","2001-05-11",2001,"May",19,133,0.594806118553584,0.14576688976206,1.17838824506721,1.64533416454347,0.515194793401725,0.12768715333651,0.69892628097367,-0.863046695630328
"72","2001-05-18",2001,"May",20,140,0.0411278661466769,0.393324951682368,0.932152316359255,1.36069488571875,0.582125550782483,0.0225552149778446,-0.104436335611134,-0.537771236298502
"73","2001-05-25",2001,"May",21,147,0.75052054586908,0.343954599286099,0.646315856925295,0.908863394383676,0.59570401882091,1.09370059638626,1.4690945175104,-1.03079617916525
"74","2001-06-01",2001,"Jun",22,154,-0.924554162874019,-0.618028218866289,0.382829832608923,0.138970646467497,0.344318963248125,-0.666665195687398,-0.913965497544811,-0.922973572715386
"75","2001-06-08",2001,"Jun",23,161,-1.76303856229153,-1.59927002645736,1.27595115838606,1.16235080122713,0.769764698857112,-1.54388884165571,-1.60255531971019,-0.522171281483532
"76","2001-06-15",2001,"Jun",24,168,-0.107187675948709,-0.933946989650058,1.41103823259335,1.25083444697483,1.17533334088375,-0.492366926865539,0.219441624356848,-0.654375674963632
"77","2001-06-22",2001,"Jun",25,175,-1.29731401794087,-1.30531801400009,1.74060389570193,1.66757901544599,1.23247718741506,-0.799380105179819,-0.946908704146609,-1.05067094312987
"78","2001-06-29",2001,"Jul",26,182,0.43387746304225,0.702346421811538,1.28008644183171,0.5765382723547,1.18322880217388,0.110212886626058,0.458682711840786,-0.720905610574272
"79","2001-07-06",2001,"Jul",27,189,0.637622196556554,0.166993150712413,0.752757575370568,-0.328116385553086,0.813451289966802,-0.100905947149904,0.652348887361255,-1.11357031981134
"80","2001-07-13",2001,"Jul",28,196,-0.338826795321419,-0.525165673356994,1.19622593776751,-0.0102017031791058,0.531500271886437,-0.624485684711822,-0.426145623600281,0.188778180426852
"81","2001-07-20",2001,"Jul",29,203,0.414936955070563,-1.02585769632091,1.5449163443628,0.881493283469539,1.2326849659474,-0.813624366859989,0.22540428001646,0.29961870181562
"82","2001-07-27",2001,"Jul",30,210,0.756320197552162,0.833690819117572,0.533338169045863,-0.32317038357387,0.710243273620052,0.844565662058309,1.55435349126132,-0.826483275485401
"83","2001-08-03",2001,"Aug",31,217,0.412171502768813,-0.00624951217079866,-0.0519116833407574,-0.673614588037155,0.467881202988555,-0.338810109474072,-0.10415123740363,-0.931468780994821
"84","2001-08-10",2001,"Aug",32,224,-0.00687721260458101,-0.975496915754973,-0.0830899536984161,-0.597742194376153,0.524987876823362,-0.751504711124575,-0.758958069637818,-0.489499069964355
"85","2001-08-17",2001,"Aug",33,231,-0.547379156789095,1.50223763001828,-0.330483481254104,-0.669811454313882,0.380016217835132,1.11985156789412,0.580227785640696,-0.978854731271137
"86","2001-08-24",2001,"Aug",34,238,-1.99206972767764,1.25384164350866,-0.37128071542836,-0.81632020278352,0.398450717247907,0.967793856042256,0.285377951589035,-0.567088127796601
"87","2001-08-31",2001,"Sep",35,245,-1.2286178825085,-0.258302377144344,-0.614932938184415,-0.998357015184918,0.386204037813735,-0.24415638298137,0.0312689020883044,-0.609650203221441
"88","2001-09-07",2001,"Sep",36,252,-2.15999146317102,-1.70395335984151,0.419692234756449,-0.883898520222655,0.511524669280585,-1.57650489369044,-1.99421664675124,3.1923462198087
"89","2001-09-14",2001,"Sep",37,259,-1.97008585764807,-1.75363060245479,1.54652700868371,-0.561701866964144,0.927535710537172,-1.18271152289816,-1.76696658590269,0.892138299541051
"90","2001-09-21",2001,"Sep",38,266,-1.03864652862124,-1.18437257862339,1.50014065686167,0.129278095236061,1.11789873311314,-0.891867833878796,-0.929781416854833,-0.146585654835194
"91","2001-09-28",2001,"Sep",39,273,-0.869315985464866,-0.264885016907748,1.34991151507249,0.286043299233334,1.12225051925812,-0.804346568938279,-0.82870455708656,-0.302761262990825
"92","2001-10-05",2001,"Oct",40,280,-0.522265224696905,1.2599244845722,1.41293821863781,0.46050584105614,0.875075809968473,0.101927050272594,-0.524375137037079,-0.670008990488901
"93","2001-10-12",2001,"Oct",41,287,0.756928026344694,1.35868991343274,0.775463348141533,-0.151158251944151,0.450620184058725,1.31629270462332,0.703831783609312,-0.925175270322177
"94","2001-10-19",2001,"Oct",42,294,0.283292105792405,0.592106677691108,0.144435661210399,-0.607866129009782,0.256067469955969,-0.44798205171538,0.346863104756913,-1.14862562716519
"95","2001-10-26",2001,"Oct",43,301,-0.571665823140972,0.259100811147461,0.197486235303024,-0.794236757726947,0.137667914200515,-0.857794843390906,-0.48268149010921,-0.851018869825007
"96","2001-11-02",2001,"Nov",44,308,0.405529980689927,0.249735478202359,0.0974384624856658,-0.870497861298343,-0.0412950945890737,0.169528445204488,0.764141650675984,-0.847354790684366
"97","2001-11-09",2001,"Nov",45,315,0.0486988678355428,-1.07565684407911,0.490415982634194,-0.470735722669385,0.247903570913165,-0.235794646321707,-0.0781928678190113,0.51649895991306
"98","2001-11-16",2001,"Nov",46,322,0.564752569183592,-0.869120274392245,0.755833267294571,-0.100016799670022,0.611702636507373,-0.484531649527184,1.09848537948139,-0.823848590243802
"99","2001-11-23",2001,"Nov",47,329,-0.616941154859663,-0.585381407660208,0.672332122007909,-0.0704619661529738,0.431673623382649,-0.528693173676231,-0.33500003660593,-0.621923406182582
"100","2001-11-30",2001,"Dec",48,336,-1.77583598003287,0.437742624436287,0.831647207929522,0.184613853961401,0.468927996376106,-0.961823902594614,-1.64859176213617,0.181639437884681
"101","2001-12-07",2001,"Dec",49,343,-1.54920371066779,-0.12629239734198,0.82440658749978,0.0207335991781948,0.370929505394969,-0.816599251936696,-1.33337813878419,-0.261250666265889
"102","2001-12-14",2001,"Dec",50,350,0.0421263410513595,-1.24575859213896,0.662590364746861,-0.332835925095184,0.219688987616551,-0.0554479291332128,0.507321804043549,-1.1940524149872
"103","2001-12-21",2001,"Dec",51,357,0.286026403863393,-0.859825172728199,0.54184411717909,-0.460890933090807,0.107203558631272,-0.344646824019739,0.192716176041909,0.968279084410812
"104","2001-12-28",2001,"Dec",53,365,0.0463074582410123,-0.895200437024378,0.618956694004652,-0.655584855247655,-0.00498701716382166,-0.0813857995874583,-0.121041899624821,0.115757056053778
"105","2002-01-04",2002,"Jan",1,7,1.47635621638915,-1.13815053840654,NA,NA,NA,0.437438557936852,2.12157352325914,-0.666844204392993
"106","2002-01-11",2002,"Jan",2,14,0.519205868889387,-1.0183989868027,0.522517480104022,-0.821506828619334,-0.514471921682764,-0.933073240808629,0.126621021187396,0.329806076879967
"107","2002-01-18",2002,"Jan",3,21,-1.06218297554273,-0.452826000892889,0.68409795094525,-0.67308927023758,-0.391290796292796,-1.064459331791,-1.36463896658966,-0.516831050292152
"108","2002-01-25",2002,"Jan",4,28,-0.106839990297034,1.8751705442124,1.11801802987689,0.0580758244847046,2.47850905796647,2.41258139147553,-0.266110406269702,2.29605454382624
"109","2002-02-01",2002,"Feb",5,35,2.4247025012621,2.13378929354441,0.614969546756301,-0.269236991536133,0.567513652155903,3.76749342125723,2.57958082341057,-0.981147269790977
"110","2002-02-08",2002,"Feb",6,42,-1.1164532284994,1.06705773641725,0.471109202285807,-0.222681135279977,-0.464062247167191,0.478907968091603,-1.21045317077338,0.346293719385089
"111","2002-02-15",2002,"Feb",7,49,0.477905530226191,0.64631140705117,0.575351043775514,-0.165949997813322,-0.237603731795005,0.278412889885321,0.650317528450294,0.723820327228421
"112","2002-02-22",2002,"Feb",8,56,-0.549669678374903,-0.0102956624231104,0.928044891101981,-0.0510123205660011,0.132057721241896,-0.657707529641695,-1.29802563446823,2.38234640841919
"113","2002-03-01",2002,"Mar",9,63,-0.710537709968085,0.339414845610486,0.668226540324822,-0.0320558330453168,0.0013921667750971,0.297096552738187,-0.608009105949034,0.302072583770982
"114","2002-03-08",2002,"Mar",10,70,0.502877512753744,0.870457866852543,0.605539267792653,-0.0788542274582128,-0.354949260895212,1.40019355458441,0.853802969941255,-0.528326105684522
"115","2002-03-15",2002,"Mar",11,77,-0.225761345796725,0.380871873638598,0.898571849425894,0.389424354414051,-0.00635148108979101,0.499172668952277,0.115938294456119,1.77617712426762
"116","2002-03-22",2002,"Mar",12,84,-1.84041201086434,-0.345559621889169,0.969619603576335,0.514214610718192,0.0484362935590089,-0.747489620048007,-1.60023890710937,1.30232253797528
"117","2002-03-29",2002,"Apr",13,91,0.554461228574837,0.0507313504422834,0.43927607878307,0.0763206428759714,-0.579094957893865,0.972840080784919,1.15562964464152,-0.764936562592447
"118","2002-04-05",2002,"Apr",14,98,0.296723544385896,-0.425567418305787,0.341754068245216,0.0136648828862782,-0.538753910960843,0.276213054660354,1.69620538152751,-1.10634142054201
"119","2002-04-12",2002,"Apr",15,105,-1.60405922809606,-1.13582320203856,0.560627847249888,0.486582557633408,-0.370522594832709,-1.12440403663595,-1.46064137552332,1.95859790730969
"120","2002-04-19",2002,"Apr",16,112,-1.42120570173279,-0.696034730995143,1.14175640161023,1.31695345142198,0.0612073534565799,-1.02191533277717,-1.09889255172989,-0.195930296333925
"121","2002-04-26",2002,"Apr",17,119,-2.17639425027557,-0.835080870298082,1.3557977258113,1.79899324962962,0.35842419742551,-1.32497611960454,-1.83627563049478,2.03648534610356
"122","2002-05-03",2002,"May",18,126,-2.74345905055827,-1.40171459442284,1.48266693579473,1.74890306828493,0.798178516288178,-1.62159215144122,-2.24098271255312,2.37784213200478
"123","2002-05-10",2002,"May",19,133,-0.570070096233362,0.313388694972007,1.33444187202785,1.60363706229482,0.238845625129978,-0.837185745954092,-0.62528502946805,-0.44517257581141
"124","2002-05-17",2002,"May",20,140,0.0282678608419267,1.01787778723333,1.19154293132415,1.43199465037055,0.294041984019173,0.440693868951088,0.809317277550078,-0.490345599184703
"125","2002-05-24",2002,"May",21,147,-0.89744909683585,-0.00663045010672179,1.01989776465867,1.49465877451099,0.327852067988199,-0.57253080697161,-0.74272021955522,1.01946025383835
"126","2002-05-31",2002,"Jun",22,154,0.578201260808996,-0.324587734056695,1.07519217339913,1.49202865418157,0.556437386310942,-0.112126770733931,1.14591890303259,-0.0885304425697379
"127","2002-06-07",2002,"Jun",23,161,-1.86335146102826,-0.265507127435778,1.13676706538716,1.53165075002051,0.654275224817914,-0.868146781731407,-1.7067023258246,1.69938093629913
"128","2002-06-14",2002,"Jun",24,168,-1.99460746984375,0.365525653758261,1.52753236065447,1.79711158506545,1.0180562512054,-0.353508953032583,-1.53115641118175,-0.311907221236963
"129","2002-06-21",2002,"Jun",25,175,-1.23248926776338,0.842598467836487,0.888426636144145,0.714439457782984,0.531587890699808,-0.0733944107905097,-0.953624690328107,-0.56390468288717
"130","2002-06-28",2002,"Jul",26,182,-0.0889624480308935,-0.67490042872237,0.221580146184588,-0.282700750784852,0.0891069147414143,-0.0364043395220856,0.261270673710857,-0.300452560036459
"131","2002-07-05",2002,"Jul",27,189,-1.11585087442887,-0.798161655467182,-0.174307728983387,-0.626128940698145,0.0824388867572731,-0.386349555444295,-0.845838695352624,-0.834018814851954
"132","2002-07-12",2002,"Jul",28,196,-0.487443040844311,0.397696963152857,-0.0769170914105747,-0.488403648390977,0.0718337545252469,-0.0355549495120388,-0.45242916324117,0.37909944175697
"133","2002-07-19",2002,"Jul",29,203,-1.9698138983308,-1.32716991854916,0.831784562529195,0.493191450131854,0.806383369313185,-1.0950518046916,-1.86773316806832,1.74078555757489
"134","2002-07-26",2002,"Jul",30,210,-0.163257525468641,-0.62993746967165,0.187453435099696,-0.332352579828122,0.495294956591577,-0.44051803221497,-0.588615650666057,-0.574709188089776
"135","2002-08-02",2002,"Aug",31,217,-0.0638135870461759,0.219005267104479,-0.186808677449834,-0.449724768585151,0.248513587222637,-0.267349860944724,-0.605589616074467,0.206275996407115
"136","2002-08-09",2002,"Aug",32,224,-0.816665067767831,-0.754808051353544,0.607623871543218,0.64641852792328,0.239432682964052,-0.921777597731075,-1.6513288170455,1.42961947244296
"137","2002-08-16",2002,"Aug",33,231,0.409051996210615,0.56304118732183,0.692803669916634,0.315712381553535,0.407369997310462,0.011695578947228,0.408511495910744,0.00244103424257017
"138","2002-08-23",2002,"Aug",34,238,0.225870482418567,0.490062552244786,0.227786719194522,-0.236701947018554,0.595630499535579,-0.453033153744249,0.150586489471381,-0.867229282953268
"139","2002-08-30",2002,"Sep",35,245,0.384358951917203,0.542625896716319,0.128134578345549,-0.00973238541682667,0.894031321016857,-0.175594963682771,0.546145556081404,0.274259277448523
"140","2002-09-06",2002,"Sep",36,252,0.904873637386558,0.814633888716804,-0.153754165954942,-0.236714025242648,0.261306609290818,0.56487386207112,1.1248076202389,-0.75712336745221
"141","2002-09-13",2002,"Sep",37,259,-0.120170813822761,-0.526711239465065,-0.19318620085044,-0.0248604164017906,-0.115167869496544,-0.507008041872909,-0.0336287084712666,-0.202637502947151
"142","2002-09-20",2002,"Sep",38,266,-1.73791553330879,-1.05601284884062,-0.357652855724895,-0.364106157405797,-0.172026706972399,-0.772736951287682,-1.56951261489398,0.180782510581508
"143","2002-09-27",2002,"Sep",39,273,-0.189973765753785,-1.43989798996173,-0.0157110402685949,0.180693890300429,-0.147840184486897,-0.406160464298448,0.392597886872071,-0.163941820270238
"144","2002-10-04",2002,"Oct",40,280,-0.4472026553132,-0.870758762976919,-0.161475881901273,-0.159280529474252,-0.250237877838063,-0.0171044306957948,-0.118522305026593,0.991783441815451
"145","2002-10-11",2002,"Oct",41,287,-1.41506317671306,-1.6001540952762,0.260728250333821,0.553957826911604,-0.297878262307271,-0.732251677296877,-0.966378640536036,-0.952476802960846
"146","2002-10-18",2002,"Oct",42,294,-1.19688409532994,-0.490829043292385,0.689370496734683,1.14949858826757,0.463535368816702,-0.569914329484882,-1.00297571558167,1.33336826046696
"147","2002-10-25",2002,"Oct",43,301,-1.22982883768685,0.0664546154482817,0.93355656635189,1.28893324596619,1.06160408787308,0.307264456681898,-0.889182602215862,2.96154566699102
"148","2002-11-01",2002,"Nov",44,308,-1.47541970579736,-0.708939335520936,0.978910256726478,1.36649532775982,0.952444869471273,-0.94360935348844,-1.30739705109175,2.6199529891832
"149","2002-11-08",2002,"Nov",45,315,0.291491759956429,-1.45497247604009,0.863289528933075,1.39992801024323,0.806988555175513,-0.560575458101992,0.372309781651644,1.29119015659078
"150","2002-11-15",2002,"Nov",46,322,-0.171656045678631,0.95864782095182,0.645395238380519,1.11251232970723,0.661708274885919,0.886057244016262,0.214409735076415,-0.678073706983558
"151","2002-11-22",2002,"Nov",47,329,-0.639384636789961,0.354596502184723,0.475836514888324,0.915108127525108,0.462922693586819,-0.265900897567222,-0.270674677988185,-0.684564375456977
"152","2002-11-29",2002,"Dec",48,336,-1.50977774161703,0.937025787065791,0.556771582041586,1.00988972878527,0.520180370016876,0.329002349936801,-1.16590557751611,2.65663200232453
"153","2002-12-06",2002,"Dec",49,343,-1.67191390793473,-1.53263224967524,0.522868545786618,1.01898387199509,0.358204805794334,-1.1276441050184,-1.38430446485485,-0.673261229498911
"154","2002-12-13",2002,"Dec",50,350,-1.18413153656935,-2.0578959721629,-0.0608631396021507,0.0312319179270074,0.0941160417466787,-1.02157017767223,-0.589815875021553,-0.936266519647759
"155","2002-12-20",2002,"Dec",51,357,-0.518119587895114,-0.668737682483622,0.54498299751529,0.984697881694344,0.236904221670551,-0.639945154753516,-0.39293295009358,1.91923714696791
"156","2002-12-27",2002,"Dec",53,365,-0.571333461096078,0.646505915789271,1.10829253412054,1.91898442076609,0.739509509373714,-0.292303520741727,-1.17538789386208,2.59124545921331
"157","2003-01-03",2003,"Jan",1,7,0.82697390089599,-0.187013953631593,1.2896548297117,2.0561265947051,2.02320558139164,-0.082069252912103,-0.0139290240218414,0.968227141733801
"158","2003-01-10",2003,"Jan",2,14,-0.388248837489697,-2.00237580450499,-0.245283899829492,-0.493293218040385,-0.678939492359119,-0.985439189128272,-0.583277140282963,-0.677756197868773
"159","2003-01-17",2003,"Jan",3,21,0.0155409416245083,0.537920404504714,0.560659224299913,1.30076013412433,-0.127203835421778,0.652256274593475,0.274946614990638,-0.981791179148362
"160","2003-01-24",2003,"Jan",4,28,-0.166670123296135,0.912786426999537,0.563472709280871,1.25643885015709,-0.0624441427599373,0.147150388910771,-0.356970455083913,0.122732764398388
"161","2003-01-31",2003,"Feb",5,35,-0.25179867862253,-0.79529154544693,0.509700601400056,0.92500561336589,-0.0356410315084214,-0.706981186209347,-0.0481213364847792,0.535346302260826
"162","2003-02-07",2003,"Feb",6,42,-0.69982783989888,-0.897544529766464,0.384536922322618,0.719231921153389,-0.0375959087514408,-1.06537389680301,-0.666801436795544,-0.383684843553376
"163","2003-02-14",2003,"Feb",7,49,-0.83592381143032,-2.12771349544454,0.141562863820114,0.477589465224522,-0.528862650892002,-0.588522815211236,-0.162646199182936,-0.991659040657296
"164","2003-02-21",2003,"Feb",8,56,0.195681588888401,-0.844917400742159,-0.194054532712523,0.314992524688254,-0.912110887372789,0.110041075203078,1.17985797241612,-0.949026669023666
"165","2003-02-28",2003,"Mar",9,63,-0.561895796982255,0.810214813378834,0.346471770146299,0.92272009732682,-0.352850372026745,1.05527350332463,-0.317229942181838,-0.166307431982452
"166","2003-03-07",2003,"Mar",10,70,-0.937324689311107,0.929868488991363,0.310685561040637,0.819319296274052,-0.24910373846027,0.43761526525157,-0.595674603759669,-0.206763283086686
"167","2003-03-14",2003,"Mar",11,77,0.123989051501914,-0.459697004996037,0.109948640780426,0.786392140894211,-0.287970960535371,-0.354682643367824,1.39085098332345,-0.56342051648311
"168","2003-03-21",2003,"Mar",12,84,0.551408634784086,0.477875510167172,-0.26694146840662,0.280917853976107,-1.10855205079747,1.85396373824239,1.71548105266699,-0.925363344508957
"169","2003-03-28",2003,"Apr",13,91,0.85251483060744,1.07192977773904,-0.318792080985811,0.206678541925228,-0.900933928934633,0.706411082646284,1.25653170324747,-0.46062653939178
"170","2003-04-04",2003,"Apr",14,98,-1.30059250565542,-1.7192627345004,-0.00402148713869296,0.797456895313351,-0.939088991035922,-1.09325405613261,-0.0938880938105185,-0.419057939999514
"171","2003-04-11",2003,"Apr",15,105,0.270854149786628,-0.317807100957122,-0.0441024939956012,0.534807373864279,-0.952706888009933,0.556178649537426,1.64756254665042,-0.857413865113355
"172","2003-04-18",2003,"Apr",16,112,-0.0348701477284324,0.278033417111901,0.180195533542459,0.567093892656157,-0.634467368111378,0.0342925761099734,0.296833215785959,0.574636558152503
"173","2003-04-25",2003,"Apr",17,119,-0.539991083271732,0.690564236473913,0.219335935201234,0.467332281080241,-0.553971014950947,0.993382965917219,-0.172058523271033,-0.421183031638475
"174","2003-05-02",2003,"May",18,126,-0.32667125573876,1.57491519596228,0.209973768585605,0.723056251422422,-0.434625665232903,1.96716600578711,0.282995255977996,-0.52412022756433
"175","2003-05-09",2003,"May",19,133,-0.182300724467318,0.162292983233464,0.340570181019615,0.948388804442374,-0.133298371063474,-0.447773435341845,-0.326381632275151,0.797306473783515
"176","2003-05-16",2003,"May",20,140,-0.944182257750233,-0.983735136089242,0.807264723071852,1.16235837571145,0.305475862340095,-0.94603448213204,-0.651321674180953,0.573343690367668
"177","2003-05-23",2003,"May",21,147,-0.94549507121301,-0.289667789037343,0.706369577351709,0.904798110991293,0.313262824644189,-0.486608117741767,-0.855231250537295,-0.766790556285334
"178","2003-05-30",2003,"Jun",22,154,0.031392273105871,1.29521997669713,-0.0799667275832702,0.0029671216443104,-0.0344623344744724,1.22517677556053,1.14705343900778,-0.617011091661983
"179","2003-06-06",2003,"Jun",23,161,0.058652730554246,1.50545951907975,-0.290288276651668,-0.475083417592427,-0.473911423491568,1.37583739004974,1.22677783409963,1.0245749725358
"180","2003-06-13",2003,"Jun",24,168,0.930250039595853,1.23363489305297,-0.111921750673771,-0.333815899088313,-0.90709191188654,0.906818180338539,1.82130297293218,-0.67600526151479
"181","2003-06-20",2003,"Jun",25,175,0.0947970743438611,0.131786732599383,-0.68490982861104,-0.64536754275691,-0.953884961187625,-0.0399099169564154,0.181496037530425,-0.042979386837972
"182","2003-06-27",2003,"Jul",26,182,0.319085621799854,0.167720892048232,-1.20876728509495,-1.24222605837879,-1.14751245848616,0.057248430635551,0.387844000637477,-0.179305070898443
"183","2003-07-04",2003,"Jul",27,189,-1.38608447768337,-1.14163481205923,-0.66471919718934,-0.799525698130887,-0.730330686925976,-0.93773800831392,-1.17236532945935,-0.135140052453479
"184","2003-07-11",2003,"Jul",28,196,1.31527346133788,0.416641357450714,-1.04316149628905,-1.24247707731891,-0.881523905642959,0.741974484069972,1.5561932554145,-1.01825929274574
"185","2003-07-18",2003,"Jul",29,203,0.212030823897461,1.16726207265752,-1.0935529838329,-1.33672933916593,-1.1150639782854,1.27450175083708,0.871763382228304,-0.928916978503756
"186","2003-07-25",2003,"Jul",30,210,-0.102078442844099,-0.125022778737685,-1.1323944049286,-1.32047116079794,-1.05603120581359,-0.469367741179977,-0.559484179443102,-0.356958626017883
"187","2003-08-01",2003,"Aug",31,217,-1.35550114463947,1.79328031691692,-1.15730028524517,-1.47413432626302,-0.998201215723234,1.79622380909013,1.0240198368824,-0.948200321838968
"188","2003-08-08",2003,"Aug",32,224,-2.74800041636939,2.17887340506575,-1.31832334924379,-1.4945992757669,-1.0356643472698,2.7457574147541,1.81242463529308,-0.915471643629532
"189","2003-08-15",2003,"Aug",33,231,-2.0377566251599,1.0635533981632,-1.35152118522441,-1.64957479566244,-1.0638029615846,1.64452624017437,1.1403446456448,-0.839715779444566
"190","2003-08-22",2003,"Aug",34,238,-1.84866963707167,0.121341611634645,-1.49238817865794,-1.88183225640587,-1.01985641238221,0.697425436694501,1.17101418598534,-1.18404494672975
"191","2003-08-29",2003,"Sep",35,245,-1.47759453144292,-1.08886238257331,-1.36715035075152,-1.78814945321957,-0.768924912703631,-0.768605188628155,-1.13800278564039,1.69580442161877
"192","2003-09-05",2003,"Sep",36,252,-0.0382595790906751,-0.193363613963842,-1.25647172079239,-1.6051338653755,-0.613526858036247,0.279710141263012,0.0685887407234777,-0.414475321068843
"193","2003-09-12",2003,"Sep",37,259,0.114245670588127,-0.464871283501663,-0.871063013736907,-1.23777107244271,0.0843714914964859,-0.373127957707606,0.1836325561391,1.04169783540009
"194","2003-09-19",2003,"Sep",38,266,0.966087360988044,2.37148686880533,-0.989935467511172,-1.24306872669494,-0.759473116678667,2.68914064695047,1.16335319986444,-0.258369906440897
"195","2003-09-26",2003,"Sep",39,273,-0.0830625259858542,-0.615299282469674,-1.14059524830379,-1.35687061076606,-0.98130976868231,0.209631435910308,0.214930214622031,-0.341293028570597
"196","2003-10-03",2003,"Oct",40,280,-1.09634613068357,-1.21339740757066,-1.15019796995788,-1.33365191710499,-0.636635781153832,-0.606953861437153,-0.908481840627157,0.615283593871496
"197","2003-10-10",2003,"Oct",41,287,-0.265990711772432,-0.634248853392009,-1.01742547930616,-0.965185533805774,0.191689578899453,-0.134171450698301,0.0861886970999715,0.803921796793607
"198","2003-10-17",2003,"Oct",42,294,-0.0271565168210973,-1.66562622214358,-1.14701187983837,-1.2519280680504,-0.329728586931226,-0.577316205105731,0.973478969011354,-1.06554633385532
"199","2003-10-24",2003,"Oct",43,301,-0.730701357898454,-2.26927890076082,-1.21735390898917,-1.20601456879689,-0.371861531500426,-0.903580229322927,-0.0828912124363348,-0.790180074024752
"200","2003-10-31",2003,"Nov",44,308,-1.26023496925334,-0.588040735566489,-1.12841276423226,-0.638271817047465,-0.231297493007056,0.0426714125281677,-1.09447256197513,0.803328258169461
"201","2003-11-07",2003,"Nov",45,315,0.286328040536655,-0.365548762787634,-0.93854544782807,-0.642529618947004,0.103622561707205,-0.542561627388084,0.670411479144712,-1.05291855059783
"202","2003-11-14",2003,"Nov",46,322,-0.357195946463394,-0.470343887798692,-0.740097869474443,-0.155859352609025,0.0178474699267465,-0.541073961737675,-0.0337521419882281,0.290900517040425
"203","2003-11-21",2003,"Nov",47,329,-0.0495093545923965,1.7470002520447,-0.715506693618354,-0.447129760577836,0.0365249825443374,1.30504630790815,0.220095012477753,-0.847430895570403
"204","2003-11-28",2003,"Dec",48,336,-0.180108671198647,0.417272904756291,-0.530196583388443,-0.266551019424205,0.0993673384031159,-1.26651640512683,0.0167396036508574,0.807499626593609
"205","2003-12-05",2003,"Dec",49,343,0.932462526539993,0.00292526973235068,-0.705247303205738,-0.424977497704351,0.0526148507840945,0.279404847496504,1.38822294831413,-0.905017171317484
"206","2003-12-12",2003,"Dec",50,350,2.0625033207308,0.751344721791581,-0.870428556501125,-0.409745999087414,0.000587415159021969,-0.0670208342146281,1.45458307830453,2.16605339323029
"207","2003-12-19",2003,"Dec",51,357,1.96008254327582,0.0523978751977565,-0.88807313859476,-0.427246603058577,0.05227973749534,-0.421483797152403,1.36201867773719,0.345627972022236
"208","2003-12-26",2003,"Dec",53,365,1.35222339660956,-0.0372723695889243,-1.22888182807326,-1.04015259523064,-0.238071213905951,0.329483664158052,0.903756170602377,-0.945166545300309
"209","2004-01-02",2004,"Jan",1,7,0.0799383714981054,-0.844317204966808,-1.45647740697396,-1.85579632541763,-1.23225484121108,-1.35694959760066,-0.234475629359954,-0.375538389853162
"210","2004-01-09",2004,"Jan",2,14,-0.674831152664164,0.804695467422547,-0.674294215622423,-0.720376948292001,-0.56622282265556,-0.444745138104417,-0.65522165132209,1.30963727984663
"211","2004-01-16",2004,"Jan",3,21,-0.364422791929273,-0.0737691120765798,-0.973164476215167,-1.22493529743629,-0.716584803010712,-0.552590255140773,-0.479325409999397,0.268791236395924
"212","2004-01-23",2004,"Jan",4,28,0.30434488054159,-0.403029981368275,-1.34911891431102,-1.62535909047768,-1.1831980551279,-0.322346470514798,0.594507638449287,-1.24989151734551
"213","2004-01-30",2004,"Feb",5,35,-0.900354727560456,0.996038576541836,-0.74767654562806,-0.676231310960702,-0.417903830307423,0.646466177076031,-0.783817096932786,1.22668896010798
"214","2004-02-06",2004,"Feb",6,42,-0.817482218538374,0.800377481686273,-0.465074043578358,-0.54355073170057,-0.894101593337697,0.353632235919007,-0.833884234014998,1.80625084526202
"215","2004-02-13",2004,"Feb",7,49,-0.483193846462369,0.19811327659627,-0.429916895463072,-0.558286607539901,-0.849294138007566,-0.541338494912307,-0.593773167184578,-0.967666322225327
"216","2004-02-20",2004,"Feb",8,56,-0.41326218447435,-0.651593279455892,-1.36700451098334,-1.55343988800263,-1.36211206497866,-0.154957029894167,0.0408662469544306,-0.652744030899681
"217","2004-02-27",2004,"Mar",9,63,-0.817338310362111,-0.892861880560073,-1.77845607474789,-1.59798366889666,-1.51135318183346,-0.748405501981793,0.0202559748303469,-1.11282538048419
"218","2004-03-05",2004,"Mar",10,70,-1.03878974568901,-1.55891996451959,-2.25859756220249,-1.79171438634403,-1.74032307882428,-1.14306470975152,-0.213307916309626,-0.265998539881024
"219","2004-03-12",2004,"Mar",11,77,-0.133127974704739,0.731593328301739,-1.85740301644273,-1.95052428162339,-1.8028031426782,0.395381836453943,0.228604503448192,-1.28737148456447
"220","2004-03-19",2004,"Mar",12,84,-0.859893140273854,0.700475266598847,-1.30406210050274,-1.54473683800993,-0.972713451462721,0.0771580583164593,-0.730416566632281,1.04278631865673
"221","2004-03-26",2004,"Mar",13,91,-0.418133372635528,-0.741955664069067,-1.41136447873483,-1.626635560274,-1.20096689992817,-0.136520974992785,0.426879697899602,-0.718119635946191
"222","2004-04-02",2004,"Apr",14,98,-1.46919463126944,-0.154833828956451,-1.22954330248012,-1.53390765824446,-1.11392265457535,-0.983676517505175,-1.30794854877557,1.00033185677304
"223","2004-04-09",2004,"Apr",15,105,-1.0577994445473,-0.863392044699598,-0.466233558537963,-0.679484799876831,-0.798560729031907,-1.08106877163743,-0.580799588316007,0.0470667372874244
"224","2004-04-16",2004,"Apr",16,112,-0.301086595749467,0.550278909021492,-0.636721006879448,-0.895668869646951,-1.21135370345567,0.442594305728661,0.0426845727660153,-0.515788235932064
"225","2004-04-23",2004,"Apr",17,119,-0.0485784311162561,-0.0329238978788728,-0.247301195651707,-0.620684161560352,-0.860520882989209,-0.514068589561778,0.597161096694555,-0.268769488832765
"226","2004-04-30",2004,"May",18,126,-0.45495932488521,0.583572582206412,-0.16558072039497,-0.501684810278626,-0.418111208682024,-0.848182613505276,-0.270519277205619,2.37784213200478
"227","2004-05-07",2004,"May",19,133,-1.78797481313261,-1.40650546130196,1.02355407138271,0.495334023075393,1.40532510087774,-1.43026391378345,-1.39868698626856,2.94239362218731
"228","2004-05-14",2004,"May",20,140,-0.57650455096545,-0.0666345373154016,0.266572137247356,-0.255583208794796,0.0432491648327315,-0.441232623496204,-0.151501399629155,-0.761349239834987
"229","2004-05-21",2004,"May",21,147,-1.17804254750722,-1.64269401393992,0.370042530913179,-0.111431068950886,0.212711792428313,-1.20696665999007,-0.488770680189314,-0.440996383369694
"230","2004-05-28",2004,"Jun",22,154,-0.652326725902028,-0.69027221097708,0.0391932616094499,-0.482871828573941,0.179986567776872,-0.518573569334299,-0.148960218870297,-0.911847664313445
"231","2004-06-04",2004,"Jun",23,161,-0.549445835034766,0.0842558705593658,0.407772472085418,-0.185020271700953,0.219422891442449,-0.242787702629951,-0.36408378492037,1.16105258318456
"232","2004-06-11",2004,"Jun",24,168,-0.846346407981431,-0.392628208017232,-0.332118383375398,-0.819321222916378,-0.220098937134312,-0.922622350199974,-0.290843265263627,-0.470524189278789
"233","2004-06-18",2004,"Jun",25,175,-1.1916286062145,-1.15006293057244,-0.184224733960592,-0.76925428470706,-0.532586507488525,-1.13085886693521,-0.633551899157962,1.07572903582506
"234","2004-06-25",2004,"Jun",26,182,-0.185697983206731,-0.733281720450586,0.77937166393969,0.0193566323813908,-0.392617133474553,-0.451988380923449,0.182704486780046,0.034484615815702
"235","2004-07-02",2004,"Jul",27,189,-0.568754778975607,-1.29217228429653,1.53474253776795,1.46626712267285,-0.0982350691555551,-0.958913589493953,-0.125223734476115,1.51750266804174
"236","2004-07-09",2004,"Jul",28,196,-2.17740828128834,-1.64198282291635,1.46088183607901,1.71299840371456,0.0034727013805896,-1.38919657452857,-1.70272945331058,0.238862722882147
"237","2004-07-16",2004,"Jul",29,203,-0.224617166230918,0.114796659713917,1.61219108370388,1.76844126320038,0.225714497568797,-1.01287182324025,-0.40639821727168,0.976888371735274
"238","2004-07-23",2004,"Jul",30,210,-0.0443495992356937,-0.729827856749776,1.58488214570527,1.39572256557418,0.800950245100601,-0.972946511153856,-0.425043922328368,0.303097765262542
"239","2004-07-30",2004,"Aug",31,217,0.684782959733438,0.502455045034362,0.892967379015487,0.219135936892977,0.497918958336974,0.489036142394515,1.35757292923063,-0.948200321838968
"240","2004-08-06",2004,"Aug",32,224,0.965003529900265,0.983159791857885,-0.284904259826843,-0.665413245038042,0.0551464995011534,0.746734875824809,1.53645086351953,-0.919955565457586
"241","2004-08-13",2004,"Aug",33,231,-0.0640340997953024,0.0242545132984914,-0.535571557610485,-0.779062689160583,-0.175561222049117,-0.780308074220948,-0.458757998360074,-0.327098588504571
"242","2004-08-20",2004,"Aug",34,238,-0.36614288332698,-0.918978185086802,-0.480368385396428,-0.447405597911194,-0.0746399864681197,-0.956990732260437,-0.885133504616998,0.891931376437195
"243","2004-08-27",2004,"Sep",35,245,-1.34668060723132,-1.00301751317692,0.82466666580191,0.816502481305757,-0.238776693656613,-1.34190613756165,-1.4856214452377,1.60467973288992
"244","2004-09-03",2004,"Sep",36,252,1.56820877000504,1.21361336535924,-0.00689138072827249,-0.278591501258758,-0.299697237189331,1.16829793297288,2.06301939883433,-1.11780552153996
"245","2004-09-10",2004,"Sep",37,259,0.4715571790572,0.122059422801786,-0.744696669084874,-0.908385126427519,-0.587184896094055,0.298126577701103,0.628005320956722,-0.860699460726947
"246","2004-09-17",2004,"Sep",38,266,-0.289741102739241,-0.479954214713964,-0.834731023873643,-0.953701903773016,-0.625243504075029,-0.258897845664862,-0.144438037400068,0.396366424392511
"247","2004-09-24",2004,"Sep",39,273,-2.23765918381188,-1.24915260993109,0.463867072982675,0.710308583106614,-0.561402706381069,-1.67819535258169,-2.02651707879996,0.408324956345006
"248","2004-10-01",2004,"Oct",40,280,0.431968771286382,1.03795142668094,0.0183366513195366,-0.139686662910601,-0.57127718499164,0.508242654067435,0.817615466927821,-1.06598296849892
"249","2004-10-08",2004,"Oct",41,287,0.129413769895216,-0.597023296402555,-0.879506384477506,-1.03363859673177,-0.97700605163893,-0.139877921555172,0.741615015062957,-0.97067782471996
"250","2004-10-15",2004,"Oct",42,294,-1.17547687126281,-0.419161267973185,-1.04223993210214,-1.07516066151044,-1.08392181982938,-0.557068896563123,-1.00774836475685,-0.411296899040155
"251","2004-10-22",2004,"Oct",43,301,1.21248657956231,1.04594265687233,-0.831893850714647,-0.291111819321274,-1.03660384844768,1.37878094954713,1.52440224300506,-0.739481077524539
"252","2004-10-29",2004,"Nov",44,308,-1.23551177116127,0.481883494077321,-1.22043753353178,-0.736087726991064,-1.1687325052095,-1.01949026565306,-1.17309029588526,-0.698880654014975
"253","2004-11-05",2004,"Nov",45,315,-0.661717911451525,-0.923304485712385,-1.35982075145233,-0.638133268094581,-1.31399119201086,-0.834633114977329,-0.47062239239405,-0.0244492032843097
"254","2004-11-12",2004,"Nov",46,322,-1.6322065366367,-0.946502496887762,-0.130476173547711,-0.0125394898018592,-1.57892337595946,-1.76612841474016,-1.27181674862052,-0.386523940463065
"255","2004-11-19",2004,"Nov",47,329,0.122348219021842,-0.375092378502075,0.403805812947713,0.00899881155873771,0.117435185733135,-0.741446775263624,-0.507403244218511,2.94861184245792
"256","2004-11-26",2004,"Dec",48,336,-0.573948468114901,0.0617227737928528,0.133683430666796,-0.322323565731054,0.303425292030656,-0.174083767685006,-0.297645811404626,-0.766633575310665
"257","2004-12-03",2004,"Dec",49,343,-1.01424469734472,-0.449545655103983,-0.145999299823838,-0.595875329802476,0.120211973692477,-1.06118625918274,-0.506038409004861,-0.982269151923676
"258","2004-12-10",2004,"Dec",50,350,1.05481670555377,-0.651478861070561,-0.475830296366957,-0.855382393645141,-0.0249836923155316,-0.271840063366669,2.32204510583379,-1.22071992140162
"259","2004-12-17",2004,"Dec",51,357,1.34222337880146,-0.571639600475432,-0.338021154533547,-0.849648404982562,0.049511707065588,-0.177690337541103,1.82783319414509,0.447516335867643
"260","2004-12-24",2004,"Dec",53,366,-1.57022529490405,-0.00165891722547778,-0.0641306096766286,-0.891387677363574,-0.024455644095576,-1.11273648689825,-1.35939881994542,-0.396629749933528
"261","2004-12-31",2005,"Jan",1,7,-0.828389024663148,0.865798054078469,0.184060511870571,-0.863826143831952,-0.405164789590275,0.828156126999429,-0.63768584910568,-0.394332313371859
"262","2005-01-07",2005,"Jan",2,14,-0.0603013473529777,0.969901445464652,-0.116674900389332,-1.47720495174461,-0.738301568634751,0.919494819559593,-0.0237262797631983,-0.982797987471602
"263","2005-01-14",2005,"Jan",3,21,0.212094329783224,0.400160300912044,0.258874394550379,-1.21222193412963,-0.541904312506435,0.197823620006344,0.0714731671019461,1.16664527832515
"264","2005-01-21",2005,"Jan",4,28,0.279058490727138,-0.72552329749936,0.514381271708486,-1.05137221142629,-0.427551981310937,-0.230702441395613,0.388511570788712,1.22369182371381
"265","2005-01-28",2005,"Feb",5,35,0.149205539395691,-0.415695531540154,0.499287931328937,-0.625025088484834,-0.778547042598862,-0.252100525074726,-0.0803315449417522,-0.148562563566458
"266","2005-02-04",2005,"Feb",6,42,0.607798456599817,-0.475300793109085,0.126420672917883,-0.789002035109531,-0.729153198648354,-0.486424613880425,0.955896532876529,0.723449310236624
"267","2005-02-11",2005,"Feb",7,49,-0.530583799680349,-0.659932409624651,0.386748992126929,-0.124192487811405,1.09223194883939,-0.618544880366479,-1.3536276093839,2.30733974373832
"268","2005-02-18",2005,"Feb",8,56,-0.0272041067895348,-1.23081777437355,-0.205553313198547,-1.20452900246891,-0.899792112758846,-0.956368359402392,-0.0079421776465767,-0.320329363736187
"269","2005-02-25",2005,"Mar",9,63,-0.493828556596921,-1.88646678693293,-0.338045673569816,-0.912790860533215,-1.08855751499926,-0.585569635873595,1.94735012564668,-0.654203281725615
"270","2005-03-04",2005,"Mar",10,70,-0.585059542617303,-1.82282367010724,-0.41608910151414,-0.982102464298754,-1.22428258717256,-1.31988477835031,-0.213121875557653,-0.274460719423071
"271","2005-03-11",2005,"Mar",11,77,0.616395124930661,0.606806247195075,0.49298735171236,-1.09625229987398,-0.315069029800499,0.55967862596405,1.35577014667135,0.381247210159642
"272","2005-03-18",2005,"Mar",12,84,0.0547158797377922,0.753457687964399,0.0687324447227556,-1.10173536722288,0.551635384784615,-0.0694350434494558,0.475429818029973,-0.0169865768940249
"273","2005-03-25",2005,"Apr",13,91,-0.440071465605035,0.142866502666592,-0.413667543074796,-1.22217654749523,-0.651833359000271,-0.879892944688037,-0.192982544272623,-0.710316814838481
"274","2005-04-01",2005,"Apr",14,98,0.137635235419071,0.567236642890457,-0.249554576637307,-1.14589313227948,-0.786644869062845,1.32778534399263,0.377620813911571,0.342930266688908
"275","2005-04-08",2005,"Apr",15,105,-0.844512648346631,-0.104631526912058,0.10366528959416,-0.666501613725842,-0.496327065850522,-0.324122513271364,-0.820209874321527,-0.559028511744026
"276","2005-04-15",2005,"Apr",16,112,-0.203595257449158,-0.09138751950193,0.239635463847578,-0.50690609031102,-0.582132389297426,-0.562839009470004,-0.0116326437334222,1.09804045931309
"277","2005-04-22",2005,"Apr",17,119,-1.0928593921707,-0.754202233409524,0.560734474907993,-0.125409976056781,-0.349915338761784,-1.02706207609609,-0.891053994185649,0.502824071621126
"278","2005-04-29",2005,"May",18,126,-0.0655580029699778,1.16276645575513,0.435271599220372,-0.411081233201937,-0.278298639918469,0.680463256379767,-0.0325387502739515,-0.191108153515418
"279","2005-05-06",2005,"May",19,133,-0.352044162136965,-1.71105775527497,0.684562714760304,0.436410413680958,0.0313506084579524,-1.10877781978044,0.0688112925030906,0.206711051106105
"280","2005-05-13",2005,"May",20,140,-0.974674262756182,-1.17313021979422,0.862166196951748,0.701770301422219,0.468037602197831,-0.859360634152938,-0.7451657987275,1.22375242792835
"281","2005-05-20",2005,"May",21,147,0.246382694304867,0.756285715297768,0.957026530036305,0.736084864635219,0.505135963230264,0.615249823803144,0.379290103263684,-0.0477965195059898
"282","2005-05-27",2005,"Jun",22,154,0.603079373960557,0.526105566304127,0.695390044033543,0.671035177148421,0.419521733985373,0.602910237591646,0.755354671335328,-0.227604297594013
"283","2005-06-03",2005,"Jun",23,161,-1.03971224727811,-1.65756385945656,0.916359896755556,1.26385900109565,0.46018349647588,-1.46990545432174,-0.774416257587636,-0.158230986420159
"284","2005-06-10",2005,"Jun",24,168,-0.756067424283575,-1.0400577735497,0.674113144755074,0.535730718852551,0.462956390552171,-0.0669821973828419,-0.489369920904886,-0.647165812779912
"285","2005-06-17",2005,"Jun",25,175,0.715009883064883,1.21237980614278,-0.38262060745996,-0.625968457308742,-0.0272853777236192,1.12712757068874,1.84966835918134,-1.11898901474288
"286","2005-06-24",2005,"Jul",26,182,-0.93100161553286,0.143357045893922,0.765580665714501,0.687383697283646,0.623232260476051,-0.560689064442619,-0.897741678531155,3.08455081293747
"287","2005-07-01",2005,"Jul",27,189,-0.823099533242486,-0.747188524045075,1.35238802022937,1.1673757192894,1.04618034650229,-0.866501626775868,-0.790540943874078,-0.0200306092349074
"288","2005-07-08",2005,"Jul",28,196,1.09771589530574,1.32687439776199,0.481014141541321,0.142953889160443,0.515222921617058,1.25385971129023,1.5774140928107,-0.73778585499609
"289","2005-07-15",2005,"Jul",29,203,-0.0683808800439147,-0.705592587200238,0.157117720462673,-0.0291093914434649,0.0114632139437792,-0.681968274929255,-0.397615028029161,0.921761770695303
"290","2005-07-22",2005,"Jul",30,210,0.28501255887459,-0.0555677439724321,0.418423242409258,0.430916083512585,-0.234852026065447,-0.656404642736613,-0.303873475758381,0.241855419679821
"291","2005-07-29",2005,"Aug",31,217,-0.0195886862154118,-1.29055293075583,0.768909035838481,0.85643089094273,-0.236523797726478,-1.04608685670643,-0.702337423031787,-0.128354820475807
"292","2005-08-05",2005,"Aug",32,224,-0.183728782923184,-1.53462127735865,1.46821067550282,1.85650615707942,-0.368596664637381,-1.1115129728425,-0.824098391770487,0.0575393930582902
"293","2005-08-12",2005,"Aug",33,231,0.193785313674171,-1.00738947892987,1.07504010675763,1.46650250096896,-0.401985996133677,-0.998853863500796,-0.148698285984421,-0.385683410326284
"294","2005-08-19",2005,"Aug",34,238,-1.31475565055416,-1.04968878308089,1.39894337993189,1.85303570794487,0.00618005384082683,-1.49918830893708,-2.51739712672749,0.858582359197563
"295","2005-08-26",2005,"Sep",35,245,1.65249944813626,1.01368327650052,0.310151151215634,0.398540068807933,-0.14583207602762,0.64410020011125,2.14206742993584,0.228696933084091
"296","2005-09-02",2005,"Sep",36,252,1.43100041371555,1.76262037728435,-0.0470237534145921,0.203083073538997,0.0423679523597168,2.05013920640215,1.58011733278299,-1.10878846768777
"297","2005-09-09",2005,"Sep",37,259,-0.985663193955247,-0.0144275805967029,0.0159074044557761,1.17994822487501,-0.587771286063283,-0.751907302688237,-1.08723689017138,0.694719712207113
"298","2005-09-16",2005,"Sep",38,266,1.24383947086835,-0.330350800048734,0.103741163105066,0.467968909702572,0.356616252230438,-0.108532480903678,1.67797893879473,-0.753414449266155
"299","2005-09-23",2005,"Sep",39,273,0.056006084459915,0.341642427459402,-0.416050380569785,-0.160544018470224,-0.174263926374248,0.374048857458866,0.0608653043020017,-0.0855822206320975
"300","2005-09-30",2005,"Oct",40,280,-1.2127099888392,-0.59329244061287,0.336465381494305,0.987474244798876,-0.628117991701981,-1.17781450551391,-1.2160591113661,-0.397371169563967
"301","2005-10-07",2005,"Oct",41,287,1.68609476614169,1.01033706960514,-0.439635643092185,-0.370281342662333,-1.13600220667126,0.486956861673336,1.80971550290313,-1.01618037911774
"302","2005-10-14",2005,"Oct",42,294,1.20067734102143,-0.0220188445192786,-0.810877670425952,-0.741722697587502,-1.42536760625477,-0.117065989641617,1.69415538841656,-0.504761104013748
"303","2005-10-21",2005,"Oct",43,301,0.734231369744178,1.3462918944708,-0.128851299232319,0.30151929368161,-1.37105999813367,0.501908540909222,0.534790428349842,0.893026609782326
"304","2005-10-28",2005,"Nov",44,308,1.14785973291491,1.82539047103584,-0.537062783520476,-0.3135102738945,-1.44705822549171,0.709762712903486,1.21583913821743,-0.794952154212817
"305","2005-11-04",2005,"Nov",45,315,0.760455996740514,0.766137077272033,-0.0699737774041641,0.206766428769988,-1.56140442634604,0.592082318625356,0.870963187864669,-0.632181090333208
"306","2005-11-11",2005,"Nov",46,322,0.0564740452321746,-0.359945250371756,-0.0337297296482982,0.163795831555844,-1.15277732912093,-0.635340126979947,0.0360673318503844,0.402375427768847
"307","2005-11-18",2005,"Nov",47,329,-0.787449342746256,-1.49070143742117,0.274039479344388,0.644255033919049,0.220916619984455,-0.9184958264808,-0.49129319841921,-0.264869881318533
"308","2005-11-25",2005,"Dec",48,336,0.730301856504041,-1.09971132109396,0.111883420158271,0.4737111749111,0.192523195992935,0.0379630981988103,0.952237403000466,-0.899391797158014
"309","2005-12-02",2005,"Dec",49,343,-0.907013793857798,-0.0368018447403416,0.127565999612384,0.570728443040339,0.186656442048213,-0.523286114804265,-0.622887669841769,-0.218332899262449
"310","2005-12-09",2005,"Dec",50,350,-0.85327245960782,-0.00105025140537295,-0.0462649582931879,0.496034921606854,0.0251580880688524,-0.984718712052679,-0.8780938696118,0.788232228485022
"311","2005-12-16",2005,"Dec",51,357,-1.02936784228956,-0.417357272541471,0.310332832244643,0.854993943774895,0.141540855131976,-0.880437594877204,-1.23748563625878,0.877711649881567
"312","2005-12-23",2005,"Dec",53,365,-0.196696502184331,-1.18621713276046,0.0351111424224027,0.643159801463624,-0.0508020049983673,-1.09223339050984,-0.291739960283233,0.186485296144048
"313","2005-12-30",2006,"Jan",1,7,-0.806841498233923,-0.565996228258581,0.107705188241115,0.531010177900411,-0.531995560967042,-1.26699485115194,-1.3750137045413,-1.07091356004502
"314","2006-01-06",2006,"Jan",2,14,1.91179434915396,-0.80373849195708,-0.364045013894766,0.0345737576132977,-0.911220343995338,-0.684887218406663,1.84874854691315,-0.936579534501476
"315","2006-01-13",2006,"Jan",3,21,1.02190886892888,-0.166908804757158,-0.592050594220597,-0.11589971864598,-0.976253420869269,-0.695221686080194,0.396526677833082,-0.0679040293275401
"316","2006-01-20",2006,"Jan",4,28,0.843940716134873,-1.50445749221779,-1.23723654962063,0.696112776645864,-0.73374770391984,-0.402361388497169,2.15763908127784,-1.06401531252602
"317","2006-01-27",2006,"Feb",5,35,2.21813379119455,-0.46107848794233,-1.59600359352351,-0.263198362166131,-1.43460137100039,0.169360499960468,2.44427985564686,-0.988581061810839
"318","2006-02-03",2006,"Feb",6,42,0.283899466937397,-0.519170272242319,-0.992336830773342,-0.108192957573462,-1.1010410241155,-1.06724198114161,-0.439621026758479,1.53859203885125
"319","2006-02-10",2006,"Feb",7,49,0.37450641200924,-0.152852588738338,-0.340007221008528,0.369736093127925,-0.80881928363666,-0.473125589633609,-0.744231723289981,0.0640205703493014
"320","2006-02-17",2006,"Feb",8,56,-0.43477993699583,-1.00570922308857,-0.247250384508917,0.449815653150675,-0.586273200430387,-1.22268729075346,-1.3978663358118,-0.320329363736187
"321","2006-02-24",2006,"Mar",9,63,-0.281533183889637,-1.4153224153842,-0.867584043822933,-0.0797013605247753,-1.09334746029935,-1.21480294214223,-0.593113296848992,-0.0882440960235472
"322","2006-03-03",2006,"Mar",10,70,-0.0676252368430559,-1.24378536013107,-0.620916197874025,0.196224626943081,-1.08378456521383,-1.43134159215334,-0.770860158003196,2.03571429555611
"323","2006-03-10",2006,"Mar",11,77,-1.03664760549656,-2.67563653843673,-0.807360048567372,-0.040595437701064,-1.2654287705249,-1.7505852683676,-0.727284765026342,-1.24322813285219
"324","2006-03-17",2006,"Mar",12,84,1.02122515414823,-0.671180753198313,-0.753407222985879,-0.0937212653301559,-1.2447633211866,-0.812442813736845,0.489849209362736,-0.36303486931876
"325","2006-03-24",2006,"Apr",13,91,-0.883615365729734,0.644536318302052,1.70112744918352,1.71257518007735,2.33985672576841,-0.730028580775258,-1.17029939173291,2.22572871157042
"326","2006-03-31",2006,"Apr",14,98,-0.119738438977186,-0.614738230104311,-0.237354815354148,0.344942380282488,0.395088360700176,-0.529889062357636,0.256469637958483,0.253284595313799
"327","2006-04-07",2006,"Apr",15,105,-0.896663729760946,-0.875315424264832,-0.199557908421168,0.35162375117355,-0.753004305630255,-0.786641879937513,-0.923606556350168,-0.0741523125188656
"328","2006-04-14",2006,"Apr",16,112,-0.432273626787873,0.181629206095779,0.176149846998256,0.533297811164716,-0.483970927121637,-0.306452689622329,-0.743635232067463,0.952650486768486
"329","2006-04-21",2006,"Apr",17,119,-1.40325677788079,-0.651225608300072,0.559515932869089,0.966384479601134,-0.239821307948376,-1.27929478529817,-1.56937236866676,1.06484901071717
"330","2006-04-28",2006,"May",18,126,0.889004816242056,0.690252496022647,0.342832224053248,0.552467571706995,-0.087792587564003,1.05603633753485,1.30735253639184,-0.746128276930276
"331","2006-05-05",2006,"May",19,133,0.528384927836043,0.969317214420357,-0.612195386959864,-0.744941499478994,-0.409828870810526,1.52251190736791,1.07700008559067,-0.617893878669895
"332","2006-05-12",2006,"May",20,140,-1.02632348074604,-0.0159037113230082,-0.182589252656986,0.0615262040030847,-0.159885075611794,-0.928865038719308,-1.44590604608319,0.295564958701126
"333","2006-05-19",2006,"May",21,147,-1.3802990210749,-1.04056626362339,0.74283863961845,0.907703592945261,0.472531463217663,-1.34979443392455,-1.37202874514068,1.48568294956245
"334","2006-05-26",2006,"Jun",22,154,-1.26292298914171,-1.86038136409742,0.940359682545216,1.05811766215258,0.592044419297068,-1.4463398223922,-0.85725052897858,0.823794046389504
"335","2006-06-02",2006,"Jun",23,161,0.327675463665958,-0.94715634797303,0.596525187799078,0.589200381087204,0.563254434777298,0.116863050494105,0.413102795707967,-1.12873843992248
"336","2006-06-09",2006,"Jun",24,168,0.801382727085725,2.2124684285907,-0.592347018309942,-0.660155094780611,0.552703435140849,2.24025972030886,1.85355660727765,-0.636351019504333
"337","2006-06-16",2006,"Jun",25,175,1.02273470526244,0.707690204459186,-0.799762927335648,-0.915544341139912,0.200892249896008,0.102923528575845,0.734114076350769,-0.256473360628623
"338","2006-06-23",2006,"Jul",26,182,0.442336692897356,0.434344114114198,-0.227449360506576,-0.629614737744501,0.192545941261419,-0.436059274352589,0.143626822030436,0.17701107362513
"339","2006-06-30",2006,"Jul",27,189,0.755079161635558,1.19121962321298,-0.947624909403106,-0.955013481461486,0.0764486729094598,0.611952405304176,0.895550543542713,-0.381803145064703
"340","2006-07-07",2006,"Jul",28,196,1.26788631851716,1.35709521723715,-1.17472070677302,-1.00869945430811,-0.109584250236406,0.556760282087158,1.25948732758162,-1.09338610642868
"341","2006-07-14",2006,"Jul",29,203,-1.17404855483767,1.72965998166893,-1.27234971830949,-1.07356779752181,-0.403845268121366,2.55649228776547,2.19742930475838,-1.30692795706356
"342","2006-07-21",2006,"Jul",30,210,-2.43105411123026,1.5325333318399,-1.42883559734144,-1.18438122892062,-0.591670981659078,0.953470913048835,0.289413638663496,-0.482845669715696
"343","2006-07-28",2006,"Aug",31,217,-1.20546708062704,-0.684020574088142,-1.04243185934792,-0.88186498958323,-0.226742561970882,-0.918401371417491,-0.846020643744982,2.43993669910063
"344","2006-08-04",2006,"Aug",32,224,-0.431043386184286,-1.12044233215593,-0.771432884492418,-0.617105779976251,0.0287857262716829,-0.882063898893825,-1.33466929813868,-0.247367291249414
"345","2006-08-11",2006,"Aug",33,231,-0.3847209528456,-1.0350648599999,-0.774064803583415,-0.602657913410926,0.0210454681028624,-0.97034661671032,-1.13646181185384,0.43450409517771
"346","2006-08-18",2006,"Aug",34,238,-0.453536953598716,-1.31257315740479,-0.00691939303047571,0.0146154533297236,0.128352390374714,-1.39270814601391,-1.24013250798067,1.85905287638645
"347","2006-08-25",2006,"Sep",35,245,-0.338349321067822,-0.762913335322057,0.639873395968655,0.805833571768796,0.67360729141938,-1.03564531357472,-0.607875059095817,0.693432845601289
"348","2006-09-01",2006,"Sep",36,252,0.595880456194256,0.422686952790757,0.153579253440056,0.370412914745901,1.06710454025321,-0.321697228475296,0.39556339684984,0.342957202515443
"349","2006-09-08",2006,"Sep",37,259,1.59416616363051,1.47631786671023,-0.721855516174332,-0.586495984435025,0.361255151456831,1.41431377937418,1.65574117407902,-1.15981853244503
"350","2006-09-15",2006,"Sep",38,266,1.18636192183984,1.39179822191188,-0.914697281507283,-0.710878498656069,-0.101865717880238,0.496243080560684,0.926277333647106,-0.729460681064933
"351","2006-09-22",2006,"Sep",39,273,0.696219156094219,1.58952442209812,-1.11935516880829,-0.89834426365438,-0.299703103670424,0.830279450307397,0.564615170837779,-0.512934529789591
"352","2006-09-29",2006,"Oct",40,280,-1.21767372596316,-0.26872137049865,-0.825302197574038,-0.797726984206268,-0.0299711752350956,-0.759843358427898,-1.30994414590327,0.628266347248873
"353","2006-10-06",2006,"Oct",41,287,0.83126584703996,0.835964723707177,-1.2402107000401,-1.03534599708949,-0.853779301438924,-0.00887489090190209,0.651522504206669,-0.97067782471996
"354","2006-10-13",2006,"Oct",42,294,0.524480681693224,0.557658630990722,-1.43848733188242,-1.1948717012369,-1.23853244928047,0.303249668855825,0.44208721384447,-1.19016527382012
"355","2006-10-20",2006,"Oct",43,301,0.375375795873045,1.31743560777327,-1.29878743169919,-1.37667494858204,-1.09620868197628,1.37304166735431,0.13875612021093,0.416456042680323
"356","2006-10-27",2006,"Nov",44,308,0.134835166851671,-0.678856585297528,-0.691939963065908,-0.966528334517429,-1.12088681976456,-0.120139852214678,0.336691054107641,0.3753733936518
"357","2006-11-03",2006,"Nov",45,315,0.494790119761431,0.287688061442289,-0.439659567914238,-0.241522487577604,-1.02224765910492,0.434721448268295,0.559181571174683,-0.0979112995209909
"358","2006-11-10",2006,"Nov",46,322,0.569837617041314,1.75104177930588,-0.165937281906879,-0.0662882314908705,0.227887140881595,1.7379069355917,0.395441680361074,0.7196501736882
"359","2006-11-17",2006,"Nov",47,329,-0.179630821718216,1.12081666187894,-0.0862394181002946,0.016231322868584,0.253620292925547,0.696029802296081,-0.243755392320402,0.0671272558357593
"360","2006-11-24",2006,"Dec",48,336,1.77782010679528,1.38557964440139,-0.451095425366535,-0.37321168406941,0.194194339760987,0.724249689895151,1.88900267572837,-1.04163274913732
"361","2006-12-01",2006,"Dec",49,343,0.348421195241389,1.73837290196043,-0.367854060117578,-0.244042042738999,0.152463551404959,2.39696750758944,0.190923811052577,-0.235500006063828
"362","2006-12-08",2006,"Dec",50,350,0.696009453013785,1.0325383058043,-0.459602429029565,-0.2738137074512,0.0612857810704431,0.792586938849731,0.643419541700733,0.0593203864907517
"363","2006-12-15",2006,"Dec",51,357,-0.716822670167471,0.124549809654436,-0.585399656949554,-0.416780096871045,0.0191734644577078,0.0519238702813068,-0.538826988986675,-1.23930213223958
"364","2006-12-22",2006,"Dec",53,365,1.01655831925137,0.0449947053706397,-0.625364240021755,-0.809919821925252,-0.323360138285482,-0.332899428137323,1.19421182491922,-0.520797104758676
"365","2006-12-29",2007,"Jan",1,7,-0.907792550244083,1.09378838182731,0.162920269308619,-0.284286415141766,-0.626854784129885,0.442652924587466,-1.02438752122759,0.789684868306162
"366","2007-01-05",2007,"Jan",2,14,0.308114793276332,1.52845499027368,0.0236359263155796,-0.483615783820511,-0.590201843175143,1.7719231830685,0.028797344553063,0.607116794700717
"367","2007-01-12",2007,"Jan",3,21,-0.19568481915497,1.77429567385529,0.160059805727859,-0.460537482966766,-0.388613800232377,1.3256978633994,-0.393302397359559,2.0163999965796
"368","2007-01-19",2007,"Jan",4,28,-0.187470889564978,-0.571920386204419,-0.378203193515897,-1.25788631593688,-0.742265414016483,-0.0535156933971732,-0.324473951224548,0.122732764398388
"369","2007-01-26",2007,"Feb",5,35,0.292331860851551,0.722444182231571,0.322035149237006,0.0150474801036351,-0.428560894928189,0.115334141069602,0.131652302881288,-0.386443908202036
"370","2007-02-02",2007,"Feb",6,42,-1.16708437464875,-0.175718429028184,0.162456259643998,-0.174549376777189,-0.781764918337564,-0.915813068228611,-1.48501450017404,0.662617763325091
"371","2007-02-09",2007,"Feb",7,49,0.206900172488297,0.92561205705807,0.302348516736853,-0.0279024295113751,-0.22496784233322,-0.00795830540684065,0.0604826754974266,0.927758433900153
"372","2007-02-16",2007,"Feb",8,56,0.114907816258265,1.06775741623899,0.103118177586565,-0.3769809832367,-0.591334875148025,0.380106016568468,-0.119588024102039,-0.594932784436464
"373","2007-02-23",2007,"Mar",9,63,-0.848692250438904,0.652477881968518,0.419446776284888,0.111326921895853,-0.251502717509089,-0.390604810686474,-1.12740509535462,2.23414014875391
"374","2007-03-02",2007,"Mar",10,70,0.704605538548942,1.06978480924583,0.247111356151509,0.0715164673519027,-0.512003799810025,0.792050232239647,0.629176085334217,-0.486015207974279
"375","2007-03-09",2007,"Mar",11,77,1.47778454393494,0.981942565552995,-0.0749988121198208,-0.102705435810857,-0.953704608154668,1.21666677971289,1.39736383180463,-0.183787691757517
"376","2007-03-16",2007,"Mar",12,84,-0.729859678673016,-0.690313294246985,0.508828486682607,0.515921745480377,-0.186750197698838,-1.06848099774432,-1.10724020170208,1.82139497661239
"377","2007-03-23",2007,"Apr",13,91,1.29170358315775,0.865741859985958,0.0678850782355652,-0.0380137811491063,-0.408113154439465,0.76225645416452,1.141505362209,-0.60107731933055
"378","2007-03-30",2007,"Apr",14,98,0.112397044410858,-0.060591123803202,0.160428669336841,-0.171331204970589,-0.88520923629603,-0.0352048779734695,0.183210610918051,-0.792581570729133
"379","2007-04-06",2007,"Apr",15,105,1.26057272595738,1.41578002492128,-0.19236226239072,-0.681121290258521,-0.949415407291009,1.0740395548857,1.18497825565408,-0.857413865113355
"380","2007-04-13",2007,"Apr",16,112,1.13346554983046,0.436907556866514,-0.893013490460603,-1.75272024152023,-1.02991687639406,0.603732207919015,1.19851246809164,-1.01011414258373
"381","2007-04-20",2007,"Apr",17,119,1.27362096135344,1.55547949544054,-0.978417126019136,-1.66964247950081,-0.958455171459868,1.65960415121814,1.96415716997687,-0.640277499421679
"382","2007-04-27",2007,"May",18,126,1.35390366193527,0.646539750849159,-1.80334602720631,-2.24663781903666,-1.03236052207072,1.9073526005595,2.25843392777204,-1.01570947973178
"383","2007-05-04",2007,"May",19,133,-1.18463119516312,-0.264237619695144,-0.00383870626756659,-0.327814943549064,-0.155524429029077,-0.682438461707102,-1.3219713345765,1.74448781203973
"384","2007-05-11",2007,"May",20,140,0.0527301399181758,-0.0170310630117511,0.821441400066234,0.426807772240248,0.443309488754085,-0.648457995897898,-0.16012232764968,0.376866050896213
"385","2007-05-18",2007,"May",21,147,0.652653880891582,1.82171616682138,0.782854203583224,0.362684599472381,0.407814235439973,0.610033967557905,0.74795612152181,1.12056879026044
"386","2007-05-25",2007,"Jun",22,154,-1.20012225669308,-0.836383655695539,1.23833748462716,0.884703633772743,0.906759947789123,-1.01319001383678,-1.20204730180391,1.90300716137788
"387","2007-06-01",2007,"Jun",23,161,0.81282077257688,0.923687065747771,0.388608392995379,-0.335679721769333,0.539939385246171,0.0298448593591527,0.67371450046075,-1.19697724524686
"388","2007-06-08",2007,"Jun",24,168,0.713129974753093,1.46431051022603,0.13293047774637,-0.634628598405679,0.311290748985821,0.243682032232811,0.336683430793889,0.138709165245494
"389","2007-06-15",2007,"Jun",25,175,-0.324405498906725,0.215385623675806,1.07872919667872,0.586908508564368,0.326078957331196,-0.652268229289126,-0.668535005032491,1.70767119824541
"390","2007-06-22",2007,"Jul",26,182,-1.12655352227876,-1.09506185108152,1.60590934016582,1.14597464729143,0.88707819284777,-0.931635067704249,-1.08331766661772,-0.0510312588699561
"391","2007-06-29",2007,"Jul",27,189,-0.9877301504307,-1.34457456893608,1.11449980934768,1.24791727784689,0.657506530413756,-0.93370637901714,-1.01807660011248,0.160855658679995
"392","2007-07-06",2007,"Jul",28,196,0.470210671433824,0.124807473862311,1.15429905311615,1.04384670317073,0.405710334386325,0.0260447757374157,0.104625058152485,0.148710546462617
"393","2007-07-13",2007,"Jul",29,203,0.565757604247589,0.602930195595878,0.328908190768116,-0.325916583141355,0.333990513356495,0.385411865079361,-0.0710318862352478,1.63053235549494
"394","2007-07-20",2007,"Jul",30,210,-0.286568908005084,-0.93897335469457,1.10019509634009,0.861934126229095,0.897542251439035,-0.674654539957426,-1.04452606021227,0.687563601420726
"395","2007-07-27",2007,"Aug",31,217,0.464835955617262,-1.41195973829395,1.75937779972101,1.58765799096683,1.27637727530055,-0.758274458374524,-0.0219248535164721,-0.529911800735314
"396","2007-08-03",2007,"Aug",32,224,-0.0881707123393179,-0.288641557750459,2.06614634184065,1.92396416046456,1.48964418635273,-0.707318761638806,-1.03239426523869,3.32183448388196
"397","2007-08-10",2007,"Aug",33,231,0.35806999453338,-0.38204363432569,1.65175091966834,0.787911638252758,1.50816919766659,-0.218607197233374,-0.153209154191143,-1.00082403945428
"398","2007-08-17",2007,"Aug",34,238,0.288873570929439,-0.423936181489855,1.6826296680779,1.13307414154408,1.24702708232061,-0.753327364033316,-0.172270991546854,0.0415314368266383
"399","2007-08-24",2007,"Sep",35,245,0.145289020036828,-1.17775757727818,0.933901953352718,-0.0630382175149471,0.918092403366851,-0.762064344432934,0.0438304348968049,-0.864799331662253
"400","2007-08-31",2007,"Sep",36,252,-1.59899410385369,-1.60924847819431,1.47866008126875,0.417486490365972,0.871932965872977,-1.36671961055339,-1.61719726793156,0.532315333411513
"401","2007-09-07",2007,"Sep",37,259,0.170706351245327,-0.819444758818405,1.4276485719829,1.00857597041882,0.671466204621777,-0.600433111678,0.13527391979399,-0.304337987331303
"402","2007-09-14",2007,"Sep",38,266,0.713339716659289,0.145388058586699,1.12893589468978,0.908975034482154,0.453455879665848,-0.092153507030727,0.587023193011528,0.172797921181101
"403","2007-09-21",2007,"Sep",39,273,-0.716610396163488,-0.515104377790635,1.79943078399973,2.21934731721812,1.23587362450018,-0.558737054393287,-0.797834140545399,3.94273872634426
"404","2007-09-28",2007,"Oct",40,280,-0.0927631753998593,-0.270011911532882,2.0126024162145,2.0415900272371,1.69794916125998,-0.840304136088358,-0.0840899753496415,-1.20879325565008
"405","2007-10-05",2007,"Oct",41,287,0.355914658115363,-0.12837312630378,1.64794895215215,1.51058525374268,1.19339143479754,-0.216698974954726,0.368155398549917,-1.01618037911774
"406","2007-10-12",2007,"Oct",42,294,0.46566102907681,-0.415597676935214,1.37333161900506,1.25750729232528,1.04722816840842,-0.10237197990964,0.664002249294061,0.11833359581022
"407","2007-10-19",2007,"Oct",43,301,-1.2430118862485,-1.60639715986347,1.62309569700599,1.54560740471226,1.03513765704856,-1.28928696580868,-1.09505061737617,-0.82059947192488
"408","2007-10-26",2007,"Nov",44,308,-0.636615289711501,-0.575553556228472,1.48535968344822,1.41031442664233,0.992796596192042,-0.841131393030958,-0.741252583743697,-0.62027669930765
"409","2007-11-02",2007,"Nov",45,315,-0.747286462995759,-0.517379366502414,1.43668104306803,1.46099818405453,0.933620909226211,-0.668342410267655,-0.78541460731371,3.10102907296715
"410","2007-11-09",2007,"Nov",46,322,-2.22416341299517,-1.84000922596931,1.42465000815685,1.37708738133392,1.010407425005,-1.61367976976427,-2.03318402919642,0.153700626913133
"411","2007-11-16",2007,"Nov",47,329,0.0900688153911083,-0.198524529966181,1.0549413180159,0.908789849032134,0.542483379407508,-0.0533275327480043,0.215696287318821,-0.064418779640469
"412","2007-11-23",2007,"Dec",48,336,-0.156325903967195,-0.117609770360167,1.12861488689587,0.974724926641769,0.554150381415818,-0.379313964358485,-0.0518627900283085,0.504052262371098
"413","2007-11-30",2007,"Dec",49,343,-1.08122440292888,0.904103498033919,1.29761534547968,1.02785304951802,0.565038048707217,0.497189776631979,-0.816076353377811,1.35245737306344
"414","2007-12-07",2007,"Dec",50,350,-2.08589361207614,-0.466861348244323,1.32121228631633,0.959405006408763,0.3791518544536,-0.612827201096246,-1.89669508063137,-0.500697248212158
"415","2007-12-14",2007,"Dec",51,357,0.979212108708053,-1.05713001051638,0.958010636382077,0.176330125585752,0.217370734206058,0.000962630551524187,1.43039697662612,-1.22798120292343
"416","2007-12-21",2007,"Dec",53,365,-1.16261050383248,-0.85747757248248,0.660330856954274,-0.473876782116818,0.0526059083378195,-1.1183774453621,-0.880821870211225,-0.987603489354472
"417","2007-12-28",2008,"Jan",1,7,0.524490201437595,-0.241476223027938,0.957142615394929,0.681605324220776,-0.17165922288466,-0.0454948546176255,0.239754131824834,-0.450714083927956
"418","2008-01-04",2008,"Jan",2,14,1.13581330696746,0.765360710745857,1.07738838127986,0.859164582496664,0.111273601048282,1.40955564017688,1.19985650551402,-1.15842810875808
"419","2008-01-11",2008,"Jan",3,21,-0.950759920797928,1.90122558062464,1.11051988587272,0.888862810205217,0.247523632527919,1.13963500537842,-1.0796780037831,0.773834134981112
"420","2008-01-18",2008,"Jan",4,28,0.742941726484938,1.26221485079846,1.20440225565119,1.0323867005554,0.25936329057364,1.42819060775875,0.702246875935415,1.4238661981348
"421","2008-01-25",2008,"Feb",5,35,0.0256873697167074,0.163261326561898,1.05923004301755,0.813059762377087,0.309661438080592,0.345850255098561,0.0357819700954974,-0.676361796976644
"422","2008-02-01",2008,"Feb",6,42,1.31900736067605,1.08697217102378,0.818537184335989,0.684866540276633,0.199796037659682,1.77855278069779,1.78388150688235,-0.408017462317997
"423","2008-02-08",2008,"Feb",7,49,0.0563619613403566,-0.172996324938557,0.646250276930908,0.352109211018867,-0.353227121381598,0.0899020531702443,0.473172475758053,-1.02764811830525
"424","2008-02-15",2008,"Feb",8,56,0.639180321906898,1.25061137234921,0.874669634409358,0.688611382770371,-0.0916317108571389,0.644084150280816,0.582720449354784,-0.594932784436464
"425","2008-02-22",2008,"Mar",9,63,-1.17628468957492,0.840866749831932,0.996378546362204,0.823195150107328,0.00613468687420721,0.243961642635748,-1.52249018558021,1.75600221600561
"426","2008-02-29",2008,"Mar",10,70,0.212207731775309,0.0735806090340401,1.11329596420245,0.743294922875573,-0.201961234916918,0.405776091743199,0.55670606582273,-0.959897262328981
"427","2008-03-07",2008,"Mar",11,77,-0.248493886384364,0.235157766507838,1.34572230506483,0.94428283669783,0.406595341152421,-0.0899232960336432,-0.110131218235332,1.07871216721363
"428","2008-03-14",2008,"Mar",12,84,-0.770898108390445,-1.53104129994348,1.60624198420678,1.0527036849245,0.352256370671843,-1.4985632372713,-0.582840137305276,1.95116308627166
"429","2008-03-21",2008,"Mar",13,91,-0.267732883769326,-0.408726765495684,1.44747935180002,0.951119708764426,0.631306181144162,0.0423154551627235,-0.125086244310571,-0.218739085052786
"430","2008-03-28",2008,"Apr",14,98,-1.90369800027357,-0.894724739595966,1.66903183253963,1.10893650721136,0.432120851392242,-1.52365747895681,-1.91228421389108,1.94161140621167
"431","2008-04-04",2008,"Apr",15,105,-1.26541695777314,-0.852552608731205,1.58552425983311,1.22629795753276,0.728191146031038,-1.00269908549305,-1.29358832232792,1.73480889228269
"432","2008-04-11",2008,"Apr",16,112,-1.79116485603753,-1.38089024605378,1.25019679185081,0.780178767148336,0.0835698762916346,-1.25860063620231,-1.53437818898148,-0.937419156311429
"433","2008-04-18",2008,"Apr",17,119,0.0985820732489333,0.214131610430981,1.16843381907495,0.726275427602405,0.0572287613846508,0.34474344781904,0.161792212665268,0.0265317503532888
"434","2008-04-25",2008,"May",18,126,0.503559878861827,-0.083046781689281,1.38961233556484,0.874749378089881,0.17089457826466,-0.226359662070393,0.459328024179638,-0.270396742574686
"435","2008-05-02",2008,"May",19,133,0.766885619266109,0.918951977174157,0.826633647580017,0.063865398405475,0.040494895709583,1.29177791235746,1.60316264400919,-0.896476625215842
"436","2008-05-09",2008,"May",20,140,-0.280001942135411,0.389379220771847,0.238837177020646,-0.487819913651869,0.00263485847506475,-0.464316203114963,-0.613564250732118,-0.835875241013816
"437","2008-05-16",2008,"May",21,147,-0.335636598224812,-0.347684227471144,-0.23118203656665,-0.86848647591245,-0.03861661088664,-0.449738143350543,-0.503001922915383,-0.963390488217186
"438","2008-05-23",2008,"Jun",22,154,0.809566734330186,1.39790385312428,-0.676028528463247,-1.19682404829466,-0.140768038996949,-0.182761913556514,0.443929640654802,-0.850655168102764
"439","2008-05-30",2008,"Jun",23,161,0.727799576669479,0.601516482038893,-1.12147282778072,-1.67963868356766,-0.402415169731874,1.01131134102525,0.997867745624963,-0.848201129144467
"440","2008-06-06",2008,"Jun",24,168,0.393232158856473,-1.35762120652463,-0.639516363996526,-1.47986260000039,-0.237366783899406,-0.364470714140143,0.516833443720916,0.340585306389636
"441","2008-06-13",2008,"Jun",25,175,1.10598672732085,0.368429096228406,-0.626533849503065,-1.33457926148051,-0.167306972144835,0.603370412182395,0.790195276136712,-0.042979386837972
"442","2008-06-20",2008,"Jun",26,182,0.67511466074811,0.239433344879756,-0.713252353817774,-1.22483343984085,-0.0785113467590484,0.0822458531200158,0.327522832893242,-0.136547133555614
"443","2008-06-27",2008,"Jul",27,189,0.79703559394749,0.923491587145375,-0.859362953492929,-1.35968403531462,-0.480214358841758,0.86699084624648,0.780135230413372,-0.817574608677872
"444","2008-07-04",2008,"Jul",28,196,-0.727068307141041,-0.347900269569931,-0.894494787653861,-1.20547449047449,-0.594901275391142,-0.437439316801056,-0.930124590803565,-0.537447685174914
"445","2008-07-11",2008,"Jul",29,203,-0.763793654066206,-1.03320677491183,-0.736342298300418,-1.08440094201357,-0.584630059876159,-1.05282556196535,-1.19270326517014,-0.196520707544129
"446","2008-07-18",2008,"Jul",30,210,1.00599414386178,0.51763139125319,-0.769603097249203,-1.10244347682337,-0.600514020879746,0.622792593390375,1.34714771963744,-0.795862102694041
"447","2008-07-25",2008,"Aug",31,217,-0.726433606229066,0.965004948134149,-0.779102059387572,-1.18686132358883,-0.501989118637528,0.528508386139181,-0.0732671711794066,-0.462985637358729
"448","2008-08-01",2008,"Aug",32,224,-1.063673618292,0.198870816652734,-0.736745950875494,-1.0751622486885,-0.421910588022821,0.0618105370920716,0.361514065880333,0.017184096605801
"449","2008-08-08",2008,"Aug",33,231,0.218802610491463,-0.652909066075156,-0.70219232945907,-1.0207223468198,-0.416956645711382,0.0259057825773461,-0.347475636366523,-0.781130957622852
"450","2008-08-15",2008,"Aug",34,238,-0.61120730129342,-0.877033739461853,-0.670268054916787,-1.11424551760274,-0.363084314906038,-0.947172153339076,-1.65074475986387,0.450056898012103
"451","2008-08-22",2008,"Sep",35,245,-0.185114311050132,0.251537710133669,-0.659243527329327,-1.04287440910043,-0.212351638694555,-0.24960562450953,-0.716020648841552,-0.372726012526399
"452","2008-08-29",2008,"Sep",36,252,-0.237447754796275,0.150762045090841,-0.619913360490567,-0.972444430429318,-0.188019412367343,-0.430058644407096,-0.521195341033492,-0.198066028616188
"453","2008-09-05",2008,"Sep",37,259,0.214093999872144,-0.298745011268644,-0.661869402283705,-0.979707260010575,-0.309784782582847,-0.165052620689754,0.0166582521485168,-0.93847041937365
"454","2008-09-12",2008,"Sep",38,266,-0.423591667425768,-1.38441371594717,-0.697172755265983,-0.935481124892739,-0.334015509677474,-0.41650139084402,-0.390452606166888,-0.362169568646193
"455","2008-09-19",2008,"Sep",39,273,-0.423717250093858,-0.909454376955143,-0.492275602519361,-0.902588708773201,-0.0547074069434959,-0.901003459200626,-0.446745093792485,0.117585270606711
"456","2008-09-26",2008,"Oct",40,280,-1.18235503635868,-1.58636376646933,-0.444778912545639,-0.997073955464322,0.00726597335821634,-0.852608887101709,-1.16579772230883,0.829499024598229
"457","2008-10-03",2008,"Oct",41,287,0.24034689994342,0.870055496950144,-0.428683388412413,-0.977302438702792,-0.177632721973903,-0.306529680728183,0.00658411845104508,-0.99797935735863
"458","2008-10-10",2008,"Oct",42,294,-0.0282410185701647,0.133987252031924,-0.340995861159912,-0.907760611736868,-0.284886725867645,-0.300956810120806,-0.112415771259447,0.388341299067274
"459","2008-10-17",2008,"Oct",43,301,0.561588128990083,0.0152448672244526,-0.115191362475879,-0.758399093203352,-0.19104920882637,-0.0883504087487512,0.532634170764036,1.16680119088348
"460","2008-10-24",2008,"Nov",44,308,-1.03049596747718,-1.7658087867659,0.668177512896974,0.136683620521872,0.842050043785311,-1.52938212293704,-1.0699071963855,0.628652803264295
"461","2008-10-31",2008,"Nov",45,315,-0.925762079748658,0.739527590023051,0.57365369397777,0.168913226667335,0.763165324500134,-0.378498563703792,-1.01751812135352,-0.718999931340195
"462","2008-11-07",2008,"Nov",46,322,0.0543825400091085,0.485068619279269,0.268457866141411,-0.0772124640995071,0.638889939758223,0.92348551915519,0.0275605197732288,-0.858148562775625
"463","2008-11-14",2008,"Nov",47,329,-0.838255813534322,-0.901517475993703,0.399597730920712,0.101336326064206,0.465992292518368,-0.430082457158349,-1.29395397327685,1.43270038601757
"464","2008-11-21",2008,"Dec",48,336,0.923144245955758,-0.659612347974015,0.548226803380114,0.225363608809617,0.478449352862397,-0.122756306143091,0.337761782504931,-0.188187037261504
"465","2008-11-28",2008,"Dec",49,343,-0.179233182027307,-0.274746351424142,0.680596327767792,0.374116346372161,0.475108243841815,-0.784732687791764,-0.756648674983581,0.288096751378139
"466","2008-12-05",2008,"Dec",50,350,-0.257587105718401,-0.61374681465352,0.39932635196828,0.144256319451418,0.281661506989617,-1.1137432740206,-0.67404295194573,-0.820707325185254
"467","2008-12-12",2008,"Dec",51,357,-1.32735282855868,0.162544711309814,0.528394750228656,0.469997839881418,0.352013396189521,-0.597693226201572,-1.17440192580951,-0.152492917888618
"468","2008-12-19",2008,"Dec",53,366,-0.967543729507562,-1.29871911561114,-0.192165558900303,0.143700691088427,0.243684771157506,-0.976693054649926,-0.360083766258925,-0.981316534679782
"469","2008-12-26",2009,"Jan",1,7,0.132952991129657,-1.85355939715979,-1.46459300743769,-0.216024029750155,-0.606261194298073,-0.99686297174762,0.704970104010185,-0.86418040133933
"470","2009-01-02",2009,"Jan",2,14,1.45183067928014,-0.710407842024203,-1.92177868546922,NA,-0.758258630298672,2.10321655305567,2.60419092565127,-1.2046465617282
"471","2009-01-09",2009,"Jan",3,21,0.204759040245967,0.300955698010403,-1.64840405731062,-1.05810380250661,-0.513834839251735,-0.560144613204373,0.113641256112163,-0.580963481858527
"472","2009-01-16",2009,"Jan",4,28,0.0883738014751075,0.160787339948943,-0.0111234350994385,-0.817391499107728,-0.0593758033879874,-0.327839722656074,-0.290896101585293,-0.263317814842083
"473","2009-01-23",2009,"Feb",5,35,-1.21654300900976,-0.703877304693973,-1.05238816092948,-1.50545520359504,-0.59136961781181,-0.92844101678671,-1.05051142139521,-0.891941765552636
"474","2009-01-30",2009,"Feb",6,42,0.515580993166796,0.217663808199433,-0.0307858982858868,-0.455478451206439,-0.346152991265518,-0.386589053158707,0.0864612839143801,0.905943950971246
"475","2009-02-06",2009,"Feb",7,49,0.469189383460826,-0.886936821419441,0.111264702596169,-0.330462618350274,-0.142517830093414,-0.68707089406285,0.982298609235723,1.02372930762802
"476","2009-02-13",2009,"Feb",8,56,0.534477562678531,-0.212968145473705,0.245292724414713,-0.295218006668681,0.073025177547241,-0.882691937171678,-0.0498467355366717,-0.0168203198042967
"477","2009-02-20",2009,"Mar",9,63,-0.974034355768713,0.446180017525765,1.03631156148487,0.216936902610934,1.72961391608598,-0.877320240353502,-1.25875280092993,0.692389263565512
"478","2009-02-27",2009,"Mar",10,70,-1.92283006576294,-0.449060661085715,0.549896976047133,0.0771032144501341,2.20332307402686,-1.62276747925758,-1.70207965235261,1.14718544364104
"479","2009-03-06",2009,"Mar",11,77,-0.742093632192196,0.135173086614921,-0.168989053019861,-0.597536856280046,0.106357984814815,-0.550551896360849,-0.526756840872641,0.213502473652985
"480","2009-03-13",2009,"Mar",12,84,-0.792215138308804,-0.787079799935466,-0.487163971323325,-0.838241915261179,-0.257992480934736,-0.416169445911812,-0.622121233104171,0.0478974779356158
"481","2009-03-20",2009,"Apr",13,91,-0.373289614491345,-0.387215033919082,-0.148816176226418,-0.485570835628031,0.0515718121547835,-0.653958118853239,-0.18044935392211,0.0310292186049908
"482","2009-03-27",2009,"Apr",14,98,0.859044927659699,1.38800492958874,-0.512551797891285,-0.791333428336444,-0.0970721809889019,0.996962072207458,0.63699292074664,-1.10634142054201
"483","2009-04-03",2009,"Apr",15,105,1.5074567236869,2.00472271253733,-0.778635071889161,-1.33092758237773,-0.403379145725956,1.3112783841824,1.51515066906965,-0.848089322820563
"484","2009-04-10",2009,"Apr",16,112,-0.374952144155539,0.113375024696338,0.0428750179015227,-0.423435575914031,-0.030712628465333,-0.614478010535689,-0.522707841331181,2.88633712161178
"485","2009-04-17",2009,"Apr",17,119,-0.174946438332997,-0.104521379714616,0.0603707953822315,-0.191865691452921,-0.253881010032175,-0.340922382351286,-0.321938214777116,1.54114133198501
"486","2009-04-24",2009,"May",18,126,-0.774521560077848,-0.204297610563382,0.354512452818555,0.174209966393619,0.191036317236523,-0.909858253086721,-0.885183882746916,0.173619356157202
"487","2009-05-01",2009,"May",19,133,0.00828843267494319,-0.272500666430846,0.494224994732453,0.305837731337051,0.441807354920842,-0.564098125661192,-0.266232307796741,0.279142565208052
"488","2009-05-08",2009,"May",20,140,0.870162646849873,0.981802533194275,0.600395955221839,0.547866418718998,0.62656508517073,0.11551394135465,0.943401204559137,1.98933771276541
"489","2009-05-15",2009,"May",21,147,0.808341599315868,0.76457377793116,0.355549404386387,0.371883299540651,0.501169000433398,0.233531047427652,0.638023471510503,-0.794876260847027
"490","2009-05-22",2009,"Jun",22,154,0.0799724348625957,-0.46623466240878,-0.0864282401029218,-0.0288935518701448,0.16250797386296,-0.596775748621539,-0.0386555040353274,-0.344426335814403
"491","2009-05-29",2009,"Jun",23,161,-1.36246965931754,-1.62802831740364,0.0777220498326688,0.314331660930294,0.132619168572733,-1.63361388945144,-1.29536384549496,0.122306324357853
"492","2009-06-05",2009,"Jun",24,168,-0.403118354886906,-0.973161844569458,0.943275509901758,1.18214906867836,0.566262427789022,-1.22734130938241,-0.258069613022178,0.823646072698829
"493","2009-06-12",2009,"Jun",25,175,-0.700847503502777,-0.859899583767485,1.21366253136554,1.54094892730827,1.07462905520187,-0.661032239334337,-0.654675367190692,-0.179615530063989
"494","2009-06-19",2009,"Jul",26,182,-1.30665570202013,0.204036813674445,1.49725616579346,2.5081223503672,1.2144444546077,-0.919488127176161,-1.29965679557691,-0.336084174488813
"495","2009-06-26",2009,"Jul",27,189,0.266287006102769,0.282754561325281,0.435836395777147,1.19760809868973,0.809694956342529,-0.553855820634458,0.0285651566532358,0.76106918403398
"496","2009-07-03",2009,"Jul",28,196,-0.606597292104734,-0.443524355073383,1.07734325860844,1.76639741104226,0.982729038482511,-1.06265884928897,-0.788649966039126,0.404141712984618
"497","2009-07-10",2009,"Jul",29,203,-0.255383115174958,-0.30061967747882,0.989199634660024,1.54701877891421,0.877483524086176,-0.585485905021141,-0.764471179741058,0.606752621895464
"498","2009-07-17",2009,"Jul",30,210,0.811706468371927,-0.452788111337773,1.42254572995107,2.10725128938704,1.07758301959997,-0.2372561923657,0.360550183942384,1.51433526678745
"499","2009-07-24",2009,"Aug",31,217,0.722101762135746,-0.582179326442531,0.783772458355673,0.477390193436611,0.937552686222608,0.158508934665923,0.327035201085115,-0.898005699306529
"500","2009-07-31",2009,"Aug",32,224,0.32848247340477,0.255334114253102,0.394319772825162,-0.103238160324883,0.620786721265589,-0.202634604921257,-0.461767101938532,-0.171140620172486
"501","2009-08-07",2009,"Aug",33,231,1.17854078059188,0.757357692707316,0.340718612464388,-0.110338401456259,0.453536501040034,0.664181757333082,1.3195119802096,0.112287575158287
"502","2009-08-14",2009,"Aug",34,238,0.520486022374854,0.720757003182087,0.226944654549641,-0.238791154168047,0.0840200041678787,0.556816762148405,0.19553312606594,-0.316970498499382
"503","2009-08-21",2009,"Sep",35,245,1.03028454692362,0.578358278901597,-0.159013903389481,-0.589879921430435,-0.12721031954889,0.786129402838798,0.866138281953395,-0.910361676026684
"504","2009-08-28",2009,"Sep",36,252,-0.0413479944563568,-0.0602141764004411,-0.0511239213265875,-0.348127918359845,-0.239072295757185,0.00677841426223864,-0.257824212910755,0.379025417924215
"505","2009-09-04",2009,"Sep",37,259,-1.30296919449128,-0.70381501867385,0.293897294757036,-0.196632890864407,0.397229369109649,-1.07558273403815,-1.34546359228803,2.52532843112181
"506","2009-09-11",2009,"Sep",38,266,0.632241012496106,0.723284677522112,0.430204447448591,0.132539922122918,1.34326613307105,-0.231381169558307,0.383834332508852,-0.721476091664525
"507","2009-09-18",2009,"Sep",39,273,-0.248700712882455,0.0255194661726235,0.00420139603905753,-0.374159364843768,0.896197082370544,-0.291465761043536,-0.3344226677709,-0.225697731831275
"508","2009-09-25",2009,"Oct",40,280,-0.968391924853023,-0.30679233100906,0.583775351179397,0.469870899995521,0.655034549433842,-0.739504392248075,-1.0192630092091,0.219309615861473
"509","2009-10-02",2009,"Oct",41,287,-0.597920995512618,-0.588010793131426,1.12246590581553,0.987589195117021,1.17241558081294,-0.630815323350684,-0.537349484749541,0.685615155359369
"510","2009-10-09",2009,"Oct",42,294,-0.251553995088363,-1.46566916945741,1.16286214537163,0.952014503498738,1.17405727981024,-0.72529127838785,0.145576556767773,-0.390527075712691
"511","2009-10-16",2009,"Oct",43,301,-0.961054884237824,-0.444017160497186,0.910763979909603,0.679841849654261,0.916333208622451,-1.31431503139212,-0.925076406622914,-0.698921880324368
"512","2009-10-23",2009,"Nov",44,308,-0.907642681354289,-0.975710894105862,0.851959026558026,0.655537315455468,0.809136315922708,-1.40183761100076,-0.9527842025932,1.62430289622374
"513","2009-10-30",2009,"Nov",45,315,-0.668324853293855,-0.651470312051209,0.752918684454969,0.560148253149455,0.815523450193397,-0.831187594083397,-0.675938878202456,0.00894265864145091
"514","2009-11-06",2009,"Nov",46,322,-0.911233689406686,1.21452503667032,0.556550827251522,0.357522682951953,0.735049564316326,0.324389699844169,-0.989524935011545,0.942599995145045
"515","2009-11-13",2009,"Nov",47,329,0.933846018341825,1.90061896376822,0.373988694768176,0.196985997596961,0.555834752057563,2.29500205819566,0.996267093840786,-0.0894751673502246
"516","2009-11-20",2009,"Dec",48,336,-0.450810994639839,0.919671024728403,0.377995926409774,0.3250151770556,0.563665790771255,2.23474260992037,-0.491868635193157,1.13939518121198
"517","2009-11-27",2009,"Dec",49,343,0.0508099639025807,0.739340518010336,0.317414595576113,0.37423488430565,0.541074967218505,-0.154480858648989,0.0751656921363536,-0.0981631516528185
"518","2009-12-04",2009,"Dec",50,350,-1.12427218965658,-0.742664639911744,0.551246642176633,0.529644049948008,0.522446098029306,-1.06365781889271,-1.22055788063796,1.44603072004082
"519","2009-12-11",2009,"Dec",51,357,-0.127871554519415,-1.82009833870722,0.42315674039953,0.249049205028868,0.405038479109443,-0.659521489337936,-0.110918992219182,-0.193248263426779
"520","2009-12-18",2009,"Dec",53,365,0.672010526756644,-0.151591551675591,0.807481883649513,0.621096144659681,0.734890979902655,-0.27044977232676,-0.231875936073055,1.61908579917251
"521","2009-12-25",2010,"Jan",1,7,0.94412083915125,-1.74925476121934,0.272915717098108,-0.0719152454196576,0.369411607959356,-0.619112102055155,1.3088316977421,1.03193854246219
"522","2010-01-01",2010,"Jan",2,14,-1.35576574357314,-1.9794901278931,0.0808156359029616,-0.276475742272542,0.227019467611569,-1.22325185395799,-1.89459796642399,-0.104647381039218
"523","2010-01-08",2010,"Jan",3,21,-0.885544564758417,-0.719248842746639,0.499056665998346,0.202873197002926,0.574584976450749,-1.49689114487473,-1.39904327495375,-0.444682064779984
"524","2010-01-15",2010,"Jan",4,28,-0.554960013939579,-1.61984166965972,0.241909112871538,-0.0849896912769269,0.411282909559231,-0.967067708620413,-1.18888368455499,-0.692691847975095
"525","2010-01-22",2010,"Feb",5,35,0.647302038641712,-0.670488415340945,0.172316941163643,-0.0767473879768173,0.321336693588622,-0.751188303125877,-0.293637538432903,0.514829036286008
"526","2010-01-29",2010,"Feb",6,42,-1.11026535376306,-1.36452359053997,0.381904412196525,0.11956130101291,0.59476090403717,-1.24136954478719,-1.58969907299253,-0.688694219767836
"527","2010-02-05",2010,"Feb",7,49,-0.16085760531766,-1.51487905950708,0.346232286059235,0.00473994476466949,0.567459125283194,-0.659550900638116,-0.53576301013723,-0.847702730065487
"528","2010-02-12",2010,"Feb",8,56,0.663466957709676,0.484419642145035,0.693426988019523,0.179530720807686,0.874324875765453,-0.285021726277748,-0.702266407665326,-0.0312731314201039
"529","2010-02-19",2010,"Mar",9,63,1.59687028246321,0.258824361003466,1.67107818837773,1.56473954557394,2.28889931137217,0.407101021177893,0.275234582398568,-0.654203281725615
"530","2010-02-26",2010,"Mar",10,70,0.136137333499032,-2.11944626904671,0.287755560343839,-0.0267940587179476,0.612125608464965,-0.691256524586977,1.56016094193128,-0.748342773777775
"531","2010-03-05",2010,"Mar",11,77,1.42000626170082,-0.249729177220912,0.494187713183483,0.179748975072965,1.1589425899645,-0.261234265793177,-0.0777584459160731,-0.501619824085921
"532","2010-03-12",2010,"Mar",12,84,0.0353081269825142,1.657212699077,0.691342661469567,0.150832785806807,1.94589096711939,0.709836323425546,-0.272909560968109,-0.132336007702268
"533","2010-03-19",2010,"Apr",13,91,0.00117118504564804,0.636256331053688,0.516665582946075,0.266596369434141,0.629288544129144,-0.165175935866668,-0.263065235023273,0.991244384119712
"534","2010-03-26",2010,"Apr",14,98,0.636386469670261,0.400649810254106,0.583322469757284,0.139814659700518,0.633847156981911,0.236426122940449,0.737938560330694,-0.523644556603808
"535","2010-04-02",2010,"Apr",15,105,-0.302556143826773,-0.505112554490963,0.592487545917729,0.211032373167453,0.448298772331181,-0.696174599992561,-0.239641201370372,0.103013991044174
"536","2010-04-09",2010,"Apr",16,112,0.638829862041724,-0.305751923117398,0.573344158309064,-0.0601985439007302,0.695034679780811,0.160132770200045,0.885354085299147,-0.675717205731134
"537","2010-04-16",2010,"Apr",17,119,0.901406023821812,0.805031815458254,0.460510844235576,-0.562964518240073,0.740074292319244,1.34211408010469,1.16972213292297,-0.621225806570966
"538","2010-04-23",2010,"May",18,126,-1.07044337392664,-1.25236271508009,0.463025258206303,-0.434449068753352,0.817046182505751,-0.970115470124107,-1.0855114349119,1.45016564001138
"539","2010-04-30",2010,"May",19,133,-2.2553531282149,-1.84956215770198,0.968639197472427,0.524998492562559,1.06488820835546,-1.33563195786125,-1.91755434629477,0.563296966684918
"540","2010-05-07",2010,"May",20,140,-2.74167831879648,-2.40870767063144,1.09356735887245,0.614590407544779,1.24773613099192,-1.58815641034808,-2.59080002707104,1.6912337080501
"541","2010-05-14",2010,"May",21,147,0.629849715001175,-0.139239452241108,1.10200954441709,0.702259315467374,0.998350742707225,-0.380053346632333,0.548246776660336,0.395957612568761
"542","2010-05-21",2010,"Jun",22,154,-1.58559451840989,-0.802696850385457,1.20145182524103,1.05771450041522,0.854100081510044,-0.731450769573907,-1.41456248641488,-0.0774045341677969
"543","2010-05-28",2010,"Jun",23,161,0.48651521178221,1.01540269633318,0.893761516217964,0.475189532042033,0.789686705836924,1.22864400299917,1.36956964317389,-0.23405188122503
"544","2010-06-04",2010,"Jun",24,168,0.685657466387803,-0.784776757211445,0.649675536338477,-0.0205531481934719,0.737893264569178,-0.31138987094442,0.889920899900217,-0.611116501861316
"545","2010-06-11",2010,"Jun",25,175,0.168354970475064,-0.961633684019239,-0.0262764637780908,-0.761717216206613,0.352078561757849,0.0609976996118427,0.241673694017487,-1.10190949683962
"546","2010-06-18",2010,"Jul",26,182,0.61749459803223,1.20847084852645,-0.590624664032826,-1.04541167013167,0.0582207151037223,1.4637024402919,1.47585270123141,-0.849179422602758
"547","2010-06-25",2010,"Jul",27,189,0.415600770667842,1.198841773706,-0.797407303899029,-1.31201140087263,-0.169932664355172,1.31755488854464,0.990183629286442,-0.686020959285218
"548","2010-07-02",2010,"Jul",28,196,-0.125005134061671,2.62501646417226,-0.840975186010216,-1.22594393004644,-0.330976576496229,2.98033764874427,1.2200626983646,-0.287024972898442
"549","2010-07-09",2010,"Jul",29,203,0.335991844049553,0.843515821046414,-0.875202700092236,-1.14221848253494,-0.415219884263836,1.00646679598216,0.791572680987713,-0.968293122103736
"550","2010-07-16",2010,"Jul",30,210,-0.298527246809561,-1.12158546857178,-0.7955900074183,-1.15245451969985,-0.461952423844314,-1.0500436639859,-0.910147306267746,-0.241278639917191
"551","2010-07-23",2010,"Aug",31,217,-0.362357360916254,-0.855093802891834,-0.814635372050689,-1.09667418145162,-0.284789730599599,-0.595820499796746,-1.34354202500464,0.0222290471215095
"552","2010-07-30",2010,"Aug",32,224,-0.106321262271424,-0.454588566551567,-0.441075945988452,-0.878885812383886,-0.161680543395606,-0.460507630431629,-0.918092861187697,0.398317451990432
"553","2010-08-06",2010,"Aug",33,231,-0.970471394273863,-1.74814755097508,0.458229382738197,-0.656737435953887,0.521187259083147,-1.73120852883928,-1.93437015763707,3.07814417988255
"554","2010-08-13",2010,"Aug",34,238,0.50596621833697,0.0155050453484014,1.08690675797528,-0.198412577244912,1.27153761287646,-0.177967167650659,0.215198307946323,0.954710901390793
"555","2010-08-20",2010,"Sep",35,245,-1.48391085764665,-1.75731938589334,1.92095895896632,1.00745328574519,1.53745869988358,-1.40225519608109,-1.72077285700352,2.51984498179388
"556","2010-08-27",2010,"Sep",36,252,-0.608060661217044,-1.3138817681065,1.31495285622072,0.499833093619406,1.54232031842141,-1.02806978298945,-0.616246696839916,-0.306270674842515
"557","2010-09-03",2010,"Sep",37,259,0.016927216095483,-0.426084092187362,1.13360413838614,0.949753390938695,0.952691302244134,-0.548639652253704,-0.0917546553296935,-0.0770074928255552
"558","2010-09-10",2010,"Sep",38,266,0.712698905115404,-0.152536455760921,1.1009145470926,1.17275077569473,0.614829531302062,-0.0903137578214911,0.723295198607354,-0.481938409652304
"559","2010-09-17",2010,"Sep",39,273,-1.65004671169618,-1.43882638670315,1.25146282883419,1.31384260947446,1.12625011753074,-1.23215573306712,-1.58490795492872,0.839180153282477
"560","2010-09-24",2010,"Oct",40,280,0.880053577934663,0.843725001026101,1.2313192490001,1.1296776262594,1.47047321338447,-0.564047917193761,1.02958761122507,-1.20230187896139
"561","2010-10-01",2010,"Oct",41,287,0.92207811482105,-0.418340622853177,0.60347810924904,0.386435274362355,0.811070445277462,-0.168239199697384,1.35261151429471,-1.01618037911774
"562","2010-10-08",2010,"Oct",42,294,-0.948743124409107,-1.28075839004268,1.32781611849021,1.10195283036214,1.1752569940389,-0.970625991738051,-0.895561973063483,2.36147451517651
"563","2010-10-15",2010,"Oct",43,301,0.611994388070727,-0.986596635725854,1.09506641071602,0.808116323097771,1.14501316005676,0.306125591285935,1.00066265177102,-1.00311585932565
"564","2010-10-22",2010,"Nov",44,308,-0.0138603785064812,0.966613092016739,0.7667593342456,0.525800399133592,0.950402334361638,1.0892917043619,-0.0398004409657375,-0.917224972646434
"565","2010-10-29",2010,"Nov",45,315,-1.41332729584933,-0.0848447600434654,0.866997064846913,0.600873883988603,0.840244131924973,-0.438556228234139,-1.33502533101027,0.656744780001266
"566","2010-11-05",2010,"Nov",46,322,-1.39708393798395,0.698127671883587,0.885755661092426,0.592162302721928,0.829840653111414,0.444237841931158,-1.40935929928302,2.81194849812936
"567","2010-11-12",2010,"Nov",47,329,-1.23851825260893,-1.06965502937404,0.726312195569188,0.352281612695792,0.650118451131966,-1.10491718964312,-1.13078667285251,0.712329239362027
"568","2010-11-19",2010,"Dec",48,336,-0.88610305707653,-2.81026789609202,0.572097368071034,0.182747071010471,0.582399252939789,-1.1500887570075,-0.90173863306053,0.074958723900202
"569","2010-11-26",2010,"Dec",49,343,-0.160259995735512,-2.06957556528508,0.628643487813336,0.191910842119512,0.539042655244143,-1.12988763624265,-0.22742458757513,0.531869667957676
"570","2010-12-03",2010,"Dec",50,350,0.569158007386034,-1.44025830759824,0.854830859327747,0.404044557905568,0.566545253642692,-0.767861747609222,0.494117792704535,0.886013085337914
"571","2010-12-10",2010,"Dec",51,357,-0.200635920043121,-1.16228761711814,0.715000618900346,0.160507288856331,0.45845674816993,-0.668511022883144,-0.657167778056988,0.685255851506914
"572","2010-12-17",2010,"Dec",53,365,-0.622154821375683,-2.23160893444443,0.790619585940768,0.114863883009801,0.627833245857071,-1.32803824080232,-1.03212706331154,-0.0539907201628792
"573","2010-12-24",2011,"Jan",1,7,-0.826783562671394,-0.37932210487938,0.825418063890875,0.00886885263537392,0.772402418980933,-1.33404330020806,-1.5422650486845,-0.168805231147472
"574","2010-12-31",2011,"Jan",2,14,-0.464946066416012,0.950234067126308,2.38471216997224,2.55625057074628,2.725623223579,-0.501167482333118,-0.545568729514074,0.865940131333419
"575","2011-01-07",2011,"Jan",3,21,0.141543914412866,0.593804220113063,1.61855205461577,1.33137391296673,2.3259381757706,0.0815527290956661,0.160782768635876,-0.0278212595985553
"576","2011-01-14",2011,"Jan",4,28,-0.52441039280935,-0.303297285408999,0.499433755785185,-0.250651746127013,0.411724750428782,-0.704559353778597,-0.662986456265438,-0.649368394082554
"577","2011-01-21",2011,"Feb",5,35,-0.807156870575503,-0.995300717590808,0.221035364004847,-0.260863572475465,0.568655260120503,-0.78172032939034,0.0110612187888177,-0.966279685751254
"578","2011-01-28",2011,"Feb",6,42,0.787202672234352,0.851462335676947,0.319993288414604,0.0307547550880754,0.82340062044383,1.47212990842407,1.1850898018534,-0.505347937376457
"579","2011-02-04",2011,"Feb",7,49,-1.2210768756207,-0.338794769048062,0.468212345683374,-0.00174896357626035,1.00191367825402,-0.824217972225241,-1.84782318050434,0.0640205703493014
"580","2011-02-11",2011,"Feb",8,56,-0.324167605676179,-1.48845862459838,-0.395602133255723,-2.81005255774383,0.578277888817713,0.0959669376762191,0.813858807133718,-0.949026669023666
"581","2011-02-18",2011,"Mar",9,63,1.09003345495927,0.00293235218716571,-0.905523563151503,-2.88919265244114,0.089294776811822,0.685369892401477,2.57776328244132,-1.02500412753042
"582","2011-02-25",2011,"Mar",10,70,0.906470315385509,0.206178229459809,-1.40630843239432,-3.02700906120008,0.259094192528058,1.46690342183513,1.38310869114446,-0.951435082786933
"583","2011-03-04",2011,"Mar",11,77,-1.45846124158716,0.535499343705551,-0.304370857782778,-1.64252468502006,0.536457923448192,-0.158793201533624,-1.27625542324424,-0.483962483401006
"584","2011-03-11",2011,"Mar",12,84,1.2382062668013,0.913140819024476,-0.276346297670301,-1.61313417176044,0.331200456097397,1.85080508489687,1.68822573877381,-0.925363344508957
"585","2011-03-18",2011,"Apr",13,91,0.528393649826426,0.669700985429388,-0.486373354487479,-1.61119564124463,0.103978640263477,0.68898861714982,0.436611075052406,-0.59327449822284
"586","2011-03-25",2011,"Apr",14,98,0.899848786529027,1.30404324681585,-0.209096567370492,-1.3540379277924,0.316614749471708,0.973472125598283,0.732833428039157,0.133757033480323
"587","2011-04-01",2011,"Apr",15,105,0.647259421905439,0.497318483866064,-0.357307533428594,-1.6658372418841,0.0823327214241366,0.895778043165404,0.869145619695303,-0.633624850086358
"588","2011-04-08",2011,"Apr",16,112,0.567282625986206,1.01379035558707,-0.675115691543854,-2.2906762788555,0.142847250254291,1.66147956064484,0.674941977456183,-0.981036148074812
"589","2011-04-15",2011,"Apr",17,119,0.817424305705679,0.708242627050628,-0.90321310231062,-2.06495323909407,0.0109733778706255,0.476571998997828,0.737273170504064,0.0741609824800737
"590","2011-04-22",2011,"May",18,126,0.574356116930808,-0.914109329809059,-1.03444618801817,-1.70785020602775,-0.432767788870934,0.382954897317669,1.07139490994145,-0.754057135836202
"591","2011-04-29",2011,"May",19,133,0.297977506405485,1.20815861292373,-1.67044582219486,-2.59453106958683,-0.965765269411925,1.7286748676587,0.875199278032851,-0.868618350561247
"592","2011-05-06",2011,"May",20,140,0.392327744174129,0.803680966376486,-1.87774093608244,-2.62954030721279,-1.20682699441235,0.869401336216305,0.282111748639962,-0.713923602721187
"593","2011-05-13",2011,"May",21,147,0.744216393515969,0.481950842132216,-1.77716990682612,-2.33665958750158,-1.38703972126268,1.17218573786288,0.873030903107248,-0.160139337752762
"594","2011-05-20",2011,"Jun",22,154,0.659932762169792,0.573185920713412,-1.75189388143705,-2.08846889573402,-1.2964728361925,1.4218309503372,0.703883555262623,-0.900721755911503
"595","2011-05-27",2011,"Jun",23,161,0.287519691948738,0.505914595920206,-1.71098021097553,-2.44207702175101,-1.00189792769675,0.176557564522539,-0.0252258338868648,-0.0520817336933434
"596","2011-06-03",2011,"Jun",24,168,0.79073044205319,0.186367591087197,-1.82854925843704,-2.03522049446033,-1.30839474402955,1.07938761948899,0.675430105970235,-0.369586118706719
"597","2011-06-10",2011,"Jun",25,175,-0.588085626805926,-0.720125776465128,-1.47910063259133,-1.87958391025246,-1.24599755912338,-1.01410233492837,-0.71052819988478,0.503565186066108
"598","2011-06-17",2011,"Jul",26,182,0.461614623595175,0.207714375358123,-0.922371057196933,-1.35774482044694,-0.427337797600587,0.0925496564198913,0.168648192160128,1.64503358906224
"599","2011-06-24",2011,"Jul",27,189,-1.19487906444331,-0.904871762369566,0.127109214344738,-0.28920293855362,0.350824655650425,-0.766959644780447,-1.26670458494608,0.12796724633183
"600","2011-07-01",2011,"Jul",28,196,0.206483663679126,0.10180356650061,-0.192779944552183,-0.505875892820823,0.249580128674927,0.357278253383683,-0.156890534682019,0.624513699787913
"601","2011-07-08",2011,"Jul",29,203,-0.013161384653412,-0.820857082994876,-0.166302924555174,-0.562687186978441,0.123366429306333,-0.571750701023399,-0.477096592464447,-0.322524367064067
"602","2011-07-15",2011,"Jul",30,210,-0.321153381907218,-1.29366226818683,-0.515955839239795,-0.899199166159341,-0.576421514141369,-0.481705913387292,-1.0147960918853,-0.812873865355907
"603","2011-07-22",2011,"Aug",31,217,-0.333545239346623,-0.773821477184524,-0.425440270015366,-0.905432338999224,-0.585339451049817,-0.987366610772952,-1.30537491044841,-0.0279655754109292
"604","2011-07-29",2011,"Aug",32,224,0.32177393640429,-0.653208544512859,-0.504638850091543,-0.878611664756066,-0.473189924503004,-0.478215142196607,-0.457683504751278,-0.36394925877883
"605","2011-08-05",2011,"Aug",33,231,-0.118110348423302,0.140078927266136,NA,NA,NA,-0.461616767676769,-0.856339935507856,0.17087239698
"606","2011-08-12",2011,"Aug",34,238,0.723605130465505,1.78746278255834,NA,NA,NA,0.109898373855311,0.642366051581347,0.0331941825167315
"607","2011-08-19",2011,"Sep",35,245,0.093630900780057,-0.519018038869502,-0.520532198711957,-0.958769944875123,-0.557694194117854,-0.276373281338259,-0.185875303850563,-0.472963170128144
"608","2011-08-26",2011,"Sep",36,252,-0.131527595178392,0.153106225329647,-0.248175220230041,-0.684099487307322,-0.0246650614019805,0.141410143670928,-0.436135944363106,0.929065702908044
"609","2011-09-02",2011,"Sep",37,259,0.660071018186929,0.271719434571208,-0.227792930501549,-0.579047987730185,0.237397754564261,0.00974345068426548,0.463178218837966,0.216129197458169
"610","2011-09-09",2011,"Sep",38,266,-0.0978156484798166,-0.120478581189787,-0.450239291174885,-0.697906943918848,-0.228825725575023,-0.148340999831588,-0.324520048378448,-0.665583965861674
"611","2011-09-16",2011,"Sep",39,273,1.72523035162615,2.16551117359519,-0.623290985455413,-0.894458274553265,-0.59381061878035,2.39029182818097,1.78190581041778,-0.632032714308892
"612","2011-09-23",2011,"Oct",40,280,1.40153830703233,2.17040118423654,-0.844708463725278,-1.12109581618378,-0.836009885118591,3.40098501074569,1.37175241774251,-0.741414134064476
"613","2011-09-30",2011,"Oct",41,287,-0.299107933155404,-0.426569430187688,-0.428346223055416,-0.765697547201191,0.0532550788822322,-0.383869861731524,-0.349744453822785,1.93238514585864
"614","2011-10-07",2011,"Oct",42,294,0.816367967289512,-0.587837910437158,-0.538980529876717,-0.701635973275436,0.0268559663286841,-0.0719622291483207,1.13472717119334,-0.733229160615872
"615","2011-10-14",2011,"Oct",43,301,2.09747249819254,-0.161144265546512,-0.817250308031662,-1.11419028275504,-0.526852946053004,0.426959209797887,2.24910190174754,-1.14507304952624
"616","2011-10-21",2011,"Nov",44,308,1.87872750590134,1.48710143078775,-1.08849916521667,-1.44455913916088,-0.805035345995465,0.694510627783037,1.86199834577671,-0.960893836372725
"617","2011-10-28",2011,"Nov",45,315,0.805035736796666,0.0826384832295423,-1.42822526610017,-1.77368913178986,-1.01268965364326,-0.205590454771657,0.711937289154335,-0.979456454361152
"618","2011-11-04",2011,"Nov",46,322,1.33538020569212,-0.762332807348436,-1.72603844401029,-2.08222639277938,-1.30677757687265,0.690935265214433,1.49303359981376,-0.995348452902914
"619","2011-11-11",2011,"Nov",47,329,2.52755369642917,0.554581837263839,-1.91807969768176,-2.17108231313454,-1.85950820398659,1.53284437855682,2.6834247505492,-0.966448737191753
"620","2011-11-18",2011,"Dec",48,336,0.902829208388104,0.954825543309268,-2.17857973862602,-2.19961053865675,-2.10441930971068,1.43045529259464,0.687828240887996,-0.700254464386992
"621","2011-11-25",2011,"Dec",49,343,-0.180679027220581,0.470032499900726,-1.668689701584,-1.74304311505209,-0.85860407258527,0.654952726982569,-0.313071393529775,2.78591079097832
"622","2011-12-02",2011,"Dec",50,350,0.367797528658056,0.770659936028879,-1.08129278927849,-1.23028132313315,0.0725226621015093,1.4059372366879,0.193952945992874,0.637116358803282
"623","2011-12-09",2011,"Dec",51,357,-0.630980092786929,-0.165976862599318,-0.856101941632667,-1.11111905885185,0.285572802152715,-0.280957884364042,-0.894931980421726,1.08148837757237
"624","2011-12-16",2011,"Dec",53,365,-1.83015332784983,0.512133620525647,-1.0924149886203,-1.52409408652108,0.366684246128315,-0.542208284377609,-1.67845152905285,0.575490616640544
"625","2011-12-23",2012,"Jan",1,7,-0.587699041054204,1.26806764389562,-0.7945893316931,-1.30139188622384,0.453356228511373,1.77906279575327,-0.759038839028353,2.79123772304758
"626","2011-12-30",2012,"Jan",2,14,0.634982383643722,0.415996553717422,-0.861303518270862,-1.4344288913955,0.503083668816494,0.589234195348449,0.330529895962156,0.755015844205122
"627","2012-01-06",2012,"Jan",3,21,0.801159359409084,0.0176377491122704,-1.05468864317307,-1.79867960395519,0.624590223248866,0.536083492229087,0.256384366786954,1.71978750058512
"628","2012-01-13",2012,"Jan",4,28,0.958880080961907,0.124752533744679,-0.956860223725072,-1.4746333624593,0.496582744100336,0.113479171697637,0.113642515097054,0.0798382555938955
"629","2012-01-20",2012,"Feb",5,35,-0.68814281808652,-2.58532501153849,-2.49405122752127,-3.04438879147476,-0.158333033431421,-0.587254860895742,1.20764880194699,-0.988581061810839
"630","2012-01-27",2012,"Feb",6,42,-0.937018923405402,-2.58680809139027,-3.60219895629756,-3.63104453505074,-0.371983542739149,-0.891520841733904,1.28867290024204,-1.28399173784415
"631","2012-02-03",2012,"Feb",7,49,0.315420381910543,-0.534808817457898,-3.72191886771061,-3.80635616824872,-0.868764743405022,-0.346621402061218,-0.282748150694417,0.11200600721324
"632","2012-02-10",2012,"Feb",8,56,0.387534590776473,0.497881283085664,-2.59304377147544,-0.697007459909301,0.00676602597268988,0.366710636977596,0.308598830663818,-0.493763103125833
"633","2012-02-17",2012,"Mar",9,63,-0.739579989655269,0.621481541735049,-1.28934304044107,-0.85854292931557,0.0679534363658293,-0.855421095595798,-1.27001867810891,-0.93718287457665
"634","2012-02-24",2012,"Mar",10,70,0.364963446758819,0.258700663524561,-1.32628054703764,-1.07371599135157,0.359885620313225,0.314078352401317,0.3152950350954,-0.122141487666201
"635","2012-03-02",2012,"Mar",11,77,0.772404722650896,0.979229802920241,-1.79100783135018,-1.80211335199503,0.229937515488665,1.75798440998997,0.340562142868296,-1.27854281422201
"636","2012-03-09",2012,"Mar",12,84,1.64328992988665,1.26746076190663,-1.84875323599565,-1.96475495759297,-0.343737879371652,1.19218976345908,1.36742963754576,-0.773967216573135
"637","2012-03-16",2012,"Mar",13,91,0.960492657645053,0.871830085903873,-1.65934871530483,-1.69080240487014,-0.334753941943719,1.12125639127926,0.358643191901982,-0.671302709299935
"638","2012-03-23",2012,"Apr",14,98,-1.28464012184572,-1.00438897831975,-1.13911409576684,-1.18676381768259,0.109566597855776,-1.229459827708,-1.39613388200801,0.596926335585043
"639","2012-03-30",2012,"Apr",15,105,-0.278799891770118,-0.498825681629295,-0.631608211524221,-0.736163910272196,0.242275381845198,-0.264427017147957,-0.410528824479,-0.409835835059361
"640","2012-04-06",2012,"Apr",16,112,-0.15912397122503,-0.764674529238629,-0.615217783125601,-0.769781535445837,0.12962999795182,-0.380942447851621,-0.15601857868401,0.153005637773133
"641","2012-04-13",2012,"Apr",17,119,0.0107006347341674,0.00508464186111898,-0.406344164180532,-0.480314653219033,0.151604943431235,0.343144711834103,-0.436307769749234,-0.611699960145609
"642","2012-04-20",2012,"May",18,126,0.162768645735215,1.60041429731348,-0.766186949985218,-1.07902770411289,0.109584658319624,1.16748458395945,-0.214460498684222,-0.833345724895468
"643","2012-04-27",2012,"May",19,133,-0.460686335790386,0.0552668540853321,0.0577834690714497,-0.333536689014169,0.520272074708526,-0.102894362774411,-0.905616096926726,-0.12758824474903
"644","2012-05-04",2012,"May",20,140,0.497030125568376,-0.855780719419476,0.0644435954270038,-0.428763672883194,0.5212145426887,0.351949895911267,0.706063614185764,-0.998477425403987
"645","2012-05-11",2012,"May",21,147,0.787362912025111,1.48480642077365,-0.372512238571992,-0.983940524256274,0.174714190100886,2.37909339080028,2.07243706781992,-1.03079617916525
"646","2012-05-18",2012,"Jun",22,154,0.865969493755686,-0.00354842080029512,-0.799412625390206,-1.52723506854208,-0.165675035324291,0.523654615092527,0.475624709448093,-0.344426335814403
"647","2012-05-25",2012,"Jun",23,161,-1.3708556104716,-1.31246436810133,0.406828244342744,-0.139719230849973,0.075309710440427,-1.18945576957518,-1.51825039526076,0.71370930383583
"648","2012-06-01",2012,"Jun",24,168,-1.66424768185339,-1.23459421069895,0.172093208748243,-0.401641445697709,0.0917699355078044,-0.780807040816977,-1.64131845935762,-0.304697359053245
"649","2012-06-08",2012,"Jun",25,175,-0.332248285367009,-0.333536195508525,0.778108588147714,0.454702049572877,0.661051322311133,-0.403827466801865,-0.670601601737368,2.43355070913364
"650","2012-06-15",2012,"Jun",26,182,0.0779048731479958,0.368607699018626,1.59814256860219,1.50343383833256,1.15990171391417,-0.0760570245566034,-0.317820608863633,1.39561228789575
"651","2012-06-22",2012,"Jul",27,189,-1.3656828545863,-0.196488150923833,1.83314494991904,1.944370329333,1.36903295294738,-0.804480651135357,-1.51032717543683,-0.0775853308441933
"652","2012-06-29",2012,"Jul",28,196,-0.288014969154865,-0.752047347924201,1.10086520718092,0.829433911198121,1.06035507285949,-0.650880029676975,-0.518176203203778,1.09029994462215
"653","2012-07-06",2012,"Jul",29,203,-0.481171788972262,-1.30357550833618,1.53113282228665,1.71554756157866,1.37362338567366,-1.08306636098379,-0.911034849018957,1.40215072261506
"654","2012-07-13",2012,"Jul",30,210,1.12811844445582,0.608937448191782,1.14722624663302,0.823065691576584,0.998594494722393,0.84604341283407,1.39474107274471,-0.496455079845188
"655","2012-07-20",2012,"Aug",31,217,1.07157962494698,-0.364449762510535,0.94988015778617,0.336398852739876,0.879796049349018,0.265328289186775,0.840514073578315,-0.663764127488483
"656","2012-07-27",2012,"Aug",32,224,0.269937573515146,-0.660128741352907,0.896350744043659,0.0710799353392768,0.854792695030991,-0.411997562998973,-0.544611014285105,-0.0500747308150155
"657","2012-08-03",2012,"Aug",33,231,1.38585199723134,0.664910143175445,0.358176870941554,-0.227082887573102,0.569207591847598,1.41539362666381,1.8002868197512,-0.729869238528853
"658","2012-08-10",2012,"Aug",34,238,0.793297292616388,1.29432291079786,-0.0405589608436135,-0.323010266458321,0.432764324753703,1.73790820814527,0.817793323689758,0.0415314368266383
"659","2012-08-17",2012,"Sep",35,245,0.483574392767016,0.0528308043227456,-0.0237866815413811,-0.146553268841087,0.431201599825116,0.00899504731731107,0.0601192129678877,-0.117576884085581
"660","2012-08-24",2012,"Sep",36,252,0.850971321420377,0.407215363214714,-0.230983891202698,-0.566698504176136,0.365678087358491,0.566097424167892,0.542194789603102,-1.08173730613119
"661","2012-08-31",2012,"Sep",37,259,0.650120432266301,0.238420996744765,-0.339298947521297,-0.626478939222705,0.153447153925398,0.604269241335124,0.354924244905529,-0.412020853149815
"662","2012-09-07",2012,"Sep",38,266,0.901407936048077,-0.23631436797345,-0.496251680565097,-0.714893397597411,0.0891218053786875,0.105287042248295,0.77493069435759,-0.561784303656378
"663","2012-09-14",2012,"Sep",39,273,-0.148976575205895,0.199654995695021,-0.455992954663339,-0.722597351533843,0.255583931024532,0.322292903609533,-0.332924902872332,-0.0190273528124877
"664","2012-09-21",2012,"Oct",40,280,0.803811843569054,0.550126915733902,-0.540139474263762,-0.813344494211536,0.204062196280578,0.525210485131766,0.729053242655744,0.440016423276898
"665","2012-09-28",2012,"Oct",41,287,0.7507058936484,-0.469672706701801,-0.409265473560744,-0.674322248973644,0.162111503762313,0.163292599061435,0.805347187619524,-0.351843084910102
"666","2012-10-05",2012,"Oct",42,294,1.0354755117063,0.920353007744235,-0.220782314070977,-0.838426257391812,-0.293701575327367,1.73012391494382,0.790923503243183,-0.639764955642277
"667","2012-10-12",2012,"Oct",43,301,-0.681959373851369,-0.600897817754314,-0.665321500476415,NA,-0.44107852790638,-0.985665451244247,-0.831923331864124,0.02100386997866
"668","2012-10-19",2012,"Nov",44,308,0.596230012561225,-1.56998711078334,-0.228080261278954,NA,0.28829918960947,-0.424369644728436,0.930308032341717,0.646120348754809
"669","2012-10-26",2012,"Nov",45,315,-1.00712824093051,-0.0921493251706369,-0.000164100920530061,NA,0.608038447124792,-0.0939771604895099,-1.13259777353572,-0.151338278602212
"670","2012-11-02",2012,"Nov",46,322,1.61393029177154,-0.553916688093848,-0.100460471923068,NA,0.554379329237905,-0.258663774223043,1.67913063305808,-1.00392344603587
"671","2012-11-09",2012,"Nov",47,329,0.776707968492715,0.182712150957472,-0.323963729488084,NA,0.202985737577038,-0.842626749241583,0.596596943996535,-0.903807767917359
"672","2012-11-16",2012,"Dec",48,336,-0.844728647579588,0.405258069291944,-0.102343163266859,NA,0.221967440817195,0.831471183978699,-0.911957438634092,0.494569532239145
"673","2012-11-23",2012,"Dec",49,343,0.797145406174428,-1.25496062851875,-0.0470010978239264,NA,0.364476156551035,-0.422236987277867,0.804883572247908,0.210844770771944
"674","2012-11-30",2012,"Dec",50,350,0.674313778187587,-0.804203810853823,-0.014670546091545,NA,0.377735239109956,-0.918206977591866,0.461141752189135,0.699340540436938
"675","2012-12-07",2012,"Dec",51,357,-0.667590446539732,0.0167056948548259,0.195035065120934,NA,0.487631159801681,-0.746687458931834,-0.609345439827841,0.141851244331435
"676","2012-12-14",2012,"Dec",53,366,-0.291849231904919,1.67199071076752,0.226137090565346,0.21269985832398,0.77124120339163,1.81981210380361,-0.374965016274958,2.28789989615947
"677","2012-12-21",2013,"Jan",1,7,-1.00482568898366,1.04233092729421,-0.331826117775956,-0.0166547717598108,0.824246781382579,-0.126608250179109,-1.19850500127436,-0.319156619297065
"678","2012-12-28",2013,"Jan",2,14,-0.49546601436223,-0.661418190526869,-0.39300747095168,0.00595709278705151,0.888580788507315,-0.822081757271491,-0.531006957196694,-0.243302739949593
"679","2013-01-04",2013,"Jan",3,21,-1.00827351447832,-2.30305682618942,-0.708112981321067,-0.14791392335417,0.593765783174778,-1.14005809848426,-1.18190755199714,-0.132036460893912
"680","2013-01-11",2013,"Jan",4,28,-0.431387290271729,-1.26677336644623,-0.71918400031782,-0.148141147857003,0.0967903972885046,-0.78465718877442,-0.548406584112274,-1.26418968694701
"681","2013-01-18",2013,"Feb",5,35,-1.34814664072974,0.63978236878475,-0.0354630626960974,0.309879398683095,1.33949364122002,0.0479235053133565,-1.34221304485114,1.60581235312093
"682","2013-01-25",2013,"Feb",6,42,0.0556099836747621,-0.72408691819361,-0.114032822273461,0.198967490705089,0.881650480810075,-0.333908361800873,0.569850485959795,-0.663509959346459
"683","2013-02-01",2013,"Feb",7,49,-0.333619888304254,-0.912116491669716,-0.372630851553885,0.0578876650631995,0.284768606164192,-0.339853228139918,-0.382698547309639,-0.715742778689662
"684","2013-02-08",2013,"Feb",8,56,-1.24436621683525,-1.5187473167148,-0.552471014448111,0.03799523893119,0.123306512543332,-1.06472380871964,-1.74002072476745,0.741952290025421
"685","2013-02-15",2013,"Mar",9,63,-0.280226136686715,-0.793673591812974,-0.528484319440532,0.0682807684079876,-0.193122295089249,-0.932776297926963,-0.514225422505063,-1.18113079944823
"686","2013-02-22",2013,"Mar",10,70,-0.437715696931702,-0.366832915951551,-0.283663586856076,0.263321358200008,0.45117883573943,-0.0196647646690032,-0.976854495287934,-0.274460719423071
"687","2013-03-01",2013,"Mar",11,77,-0.195541054712948,-2.11138191082399,-0.828553516478344,0.066218635417921,0.564673836253295,-0.705974248112948,0.864940487372062,0.0281003964614134
"688","2013-03-08",2013,"Mar",12,84,-1.00236727711158,-2.44719566938954,-0.5939620889622,0.0861225832844818,0.430113565123642,-1.38626634229492,-0.20628840298916,-0.161173365404331
"689","2013-03-15",2013,"Apr",13,91,-0.564974417655725,-2.73442906613574,-0.645629207487384,0.0648440416446763,0.379153288546105,-1.161488011161,0.253119362137823,-0.608880140438259
"690","2013-03-22",2013,"Apr",14,98,-1.4024489810972,-2.34640509970202,-0.297579063520826,0.285315100728983,0.372194975723027,-1.74678203944576,-1.65024224151328,-0.822463461187503
"691","2013-03-29",2013,"Apr",15,105,-0.212866286572228,0.54428937306244,1.20327416119685,1.01397828183401,2.25619553145608,0.20959094526339,-0.718915290093716,2.74185945990418
"692","2013-04-05",2013,"Apr",16,112,0.39872050335958,0.557991245902775,0.0180053991623542,0.528066967486455,1.21748329162655,0.718623671310391,-0.180315954936663,-0.981036148074812
"693","2013-04-12",2013,"Apr",17,119,0.254187525631496,-0.0864010293734746,0.160679224499678,0.667002601152782,0.932453852281594,0.14296613772045,-0.349457367661619,2.30320904601354
"694","2013-04-19",2013,"May",18,126,-0.316816902300817,-0.293284270380834,0.168298905362822,0.589676661003182,1.0188529419489,-0.290318269601343,-0.804618639308339,-0.635124252247304
"695","2013-04-26",2013,"May",19,133,-0.610842161378737,-0.383855058154853,-0.221611966138118,0.316022815315713,0.390490547426837,-0.591153730942233,-1.03731245661191,-0.22230637857465
"696","2013-05-03",2013,"May",20,140,0.00391262743539131,0.400089061814706,0.566381919873048,0.711951081001399,0.640820853022524,-0.805134710433134,-0.605825987273141,1.77930989126144
"697","2013-05-10",2013,"May",21,147,-2.45208083238874,-2.28211804610674,0.932680259933878,1.04417754777091,1.37786777855042,-1.78466362306062,-2.04914139586527,2.88996817764711
"698","2013-05-17",2013,"Jun",22,154,-1.92291092465102,-1.12414202876608,1.23425448759786,1.27448112786806,1.53873436427219,-1.31836896138599,-1.82455620229577,2.13665123781866
"699","2013-05-24",2013,"Jun",23,161,0.585949691289255,-0.112466384535234,0.898806287579657,1.29971565533812,1.21722945611614,-0.532873850796337,0.340154004984466,0.10714214539688
"700","2013-05-31",2013,"Jun",24,168,0.284455646747887,0.585820868158542,NA,NA,NA,0.0216172717464594,0.118157359180631,-0.474129120370649
"701","2013-06-07",2013,"Jun",25,175,0.774865364558597,0.85365652221168,0.753955300406775,1.2348493981918,0.601186742012323,-0.0103084771184889,0.290965573622965,0.0680374795331692
"702","2013-06-14",2013,"Jul",26,182,-1.35655888829921,-1.77357198171837,0.470676650480517,1.27141147575341,0.628375384682391,-0.981840874163157,-1.17448886293709,-0.471484309407772
"703","2013-06-21",2013,"Jul",27,189,0.895069287320824,0.111256175232169,0.26307160433453,0.942585869872175,0.521638235799521,0.016300225549874,0.677401865367986,-0.258471598759091
"704","2013-06-28",2013,"Jul",28,196,1.59224332654749,0.058953150826914,-0.546193383902926,0.102651869008318,0.269968178035036,0.362446700818207,1.46097829012992,-1.15849601162056
"705","2013-07-05",2013,"Jul",29,203,1.16345801885725,0.716260723340258,-0.715736159590221,-0.0762230862944196,0.0232075931497255,1.03929495040133,1.75311983717722,-1.32267841450356
"706","2013-07-12",2013,"Jul",30,210,-0.21514437079752,1.25783476737505,-0.448669734135779,0.137985725823451,0.386029476063578,0.740798248034589,-0.0135706255843891,0.844071817909899
"707","2013-07-19",2013,"Aug",31,217,0.804024710539716,1.16015886603634,-0.364763325946541,0.614344581072347,0.225540057697682,1.04476000779367,0.810239989790084,-0.814347995085798
"708","2013-07-26",2013,"Aug",32,224,0.823576398573068,-0.0555583109489417,-0.417489998501789,0.352280231962144,0.206504500155152,0.0162246770366781,0.126721423490829,0.452124513927086
"709","2013-08-02",2013,"Aug",33,231,0.703504764879037,-0.464480939640739,-0.518941904098162,0.405788082245899,-0.210531942574093,0.801621596354346,0.32072457317216,-0.0634668903068564
"710","2013-08-09",2013,"Aug",34,238,0.367380573932753,-0.508800524963641,-0.577183074418616,0.540789383794307,-0.316106744067645,0.0843766137179343,-0.134363790672102,-1.06732338639105
"711","2013-08-16",2013,"Sep",35,245,0.804458547584552,-0.158513163480547,-0.702987749614119,0.461242726879757,-0.396374867793472,0.634863487186484,0.571366362127396,-0.974148958136888
"712","2013-08-23",2013,"Sep",36,252,0.981876962886246,1.16391674429684,-0.69765143989002,0.66969024564853,-0.443363930220743,1.37099816286184,0.616297541107873,1.02825329528218
"713","2013-08-30",2013,"Sep",37,259,-1.1449423157899,-1.18206840591737,-0.234889601015823,0.531782163014774,0.715908108619066,-0.233542405161286,-1.25366470670557,1.24509880416839
"714","2013-09-06",2013,"Sep",38,266,-0.696948159290766,-1.04673743713138,-0.161465070124117,0.684898221869321,0.676478868219845,-0.67198391584277,-0.864928888706042,0.0610136695753982
"715","2013-09-13",2013,"Sep",39,273,0.807530548718469,-0.572970953754985,-0.421627808864752,0.345371843528563,0.436563045856424,-0.00607273128242657,1.0141547415467,-0.611015387629016
"716","2013-09-20",2013,"Oct",40,280,0.400797240129415,-0.826880367812351,-0.361654071218845,0.292720713635326,0.556746708549571,0.659311781232539,0.521465343564308,1.85513654141107
"717","2013-09-27",2013,"Oct",41,287,-1.69852466449426,-0.742398892645572,0.55620030122622,1.06294031656366,1.35909147685419,-0.744502302189479,-1.65339662019801,1.3317514278079
"718","2013-10-04",2013,"Oct",42,294,-0.72709353087622,0.297912439778583,0.812194414340043,1.16333807845254,1.42621585982809,-0.458787806232418,-0.949672825831785,0.658349002324328
"719","2013-10-11",2013,"Oct",43,301,-0.145781821064078,1.72142362153903,0.560222661705045,0.73771680137121,1.21637404573191,2.19044732023762,-0.377007387163776,0.467155039180538
"720","2013-10-18",2013,"Nov",44,308,-0.15049182735207,0.175380001235054,0.621069599741983,0.897033896545149,1.13124130471925,0.70390514074729,-0.27833354941967,-0.174854289299472
"721","2013-10-25",2013,"Nov",45,315,-0.435546590755252,0.392560746482397,0.669123029981589,0.8361024087754,1.00356486750361,-0.272146047967747,-0.59433266309674,1.15762270888772
"722","2013-11-01",2013,"Nov",46,322,0.82113436785096,-0.796896866729764,0.373030897078141,0.508641234038065,0.872481593878681,-0.565427261851294,0.943807239214916,-0.986773459769958
"723","2013-11-08",2013,"Nov",47,329,-1.23245945011891,-1.13709739061852,0.4112674682421,0.449949569387851,0.753854302592019,-1.06930099062985,-1.3198056262961,0.67474465779739
"724","2013-11-15",2013,"Dec",48,336,0.71574501117064,-0.4854417331316,0.324688484071327,0.362789626293375,0.693235930538188,-1.48145720263256,0.221380169154097,-0.652840813727224
"725","2013-11-22",2013,"Dec",49,343,-0.4334407150346,-0.25300098350225,0.295511193150529,0.339473635312446,0.70607898307705,-0.531376059835398,-0.726408947421179,-0.295584879868643
"726","2013-11-29",2013,"Dec",50,350,0.789057151902242,0.438258574735895,0.200113212307655,0.326025497384995,0.629796728563298,1.24413530917636,0.800696927674379,-1.14071740215835
"727","2013-12-06",2013,"Dec",51,357,0.613484735132343,0.802701236170132,-0.0200312733877383,0.172495032302552,0.541434751279936,1.03134587981583,0.423717451905574,-1.00156261660031
"728","2013-12-13",2013,"Dec",53,365,1.48096284259106,1.21481443061983,0.104661772968838,0.161815772369177,0.723008499732964,1.11760401855058,1.58981047611306,-0.351049328542023
"729","2013-12-20",2014,"Jan",1,7,0.710992078575174,1.30224741296505,0.069894960523547,-0.0511664700217565,0.834389124374766,0.542039675844902,0.457622736596458,-0.337950542815763
"730","2013-12-27",2014,"Jan",2,14,0.508292382542072,0.654150625959937,0.100637622835225,0.0124479702845569,0.948451973498915,-0.461756756025719,0.296490254057126,-0.539100838958397
"731","2014-01-03",2014,"Jan",3,21,-0.852181016419311,0.289259085441214,0.106168837873918,-0.00855199068871555,0.95328895311155,-1.12952982511154,-0.902329416527606,-0.981791179148362
"732","2014-01-10",2014,"Jan",4,28,-0.910750454856836,-0.568644494731305,0.0374519915668051,0.0235287745056884,0.802164798834886,-1.34273014782141,-1.33301488001608,0.565976022044859
"733","2014-01-17",2014,"Feb",5,35,-0.315426761723887,-0.313908043609558,0.25348178378577,0.225611178124543,1.20858823280589,-0.810025064182573,-0.126267283018055,-0.943978309691668
"734","2014-01-24",2014,"Feb",6,42,0.556554157906991,0.645391229748466,0.397029941594507,0.281684470033933,1.53793661158821,0.228377894025112,0.600194394887238,-1.17449495340339
"735","2014-01-31",2014,"Feb",7,49,0.183202062375443,0.95776455906996,0.333309166313985,0.179989928112727,1.31040941754025,0.0329918026473564,-0.104336191710666,-0.235888410050301
"736","2014-02-07",2014,"Feb",8,56,1.44761871060449,1.333998759287,0.335351682261814,0.18256755980565,1.15759570785371,0.882753785385155,1.57347377613579,-0.775592929634016
"737","2014-02-14",2014,"Mar",9,63,0.209580583963184,0.701383218781323,0.22835219179073,0.193166350547067,0.658207487899151,-0.341935869254918,-0.0075725738250357,-0.673719115715342
"738","2014-02-21",2014,"Mar",10,70,2.45211706773257,1.66561307765254,0.0456450352633902,0.129969456501299,0.85443168644304,1.54251406897111,2.2439697914075,-1.09529213500175
"739","2014-02-28",2014,"Mar",11,77,1.10307549965404,1.17338609992161,-0.120236223992561,-0.101681153606284,1.07132678421855,1.17898574971342,0.640265580270145,-0.88125264881151
"740","2014-03-07",2014,"Mar",12,84,0.169611985686746,0.655587381830806,0.212502526143765,0.0486775617795071,0.900734995008954,0.0251982107825351,-0.0643889612488406,-0.925363344508957
"741","2014-03-14",2014,"Apr",13,91,1.17225466229522,0.9164770759685,0.00988865409698433,-0.022154431248455,0.712011661745982,0.226203575471652,0.675414021312722,-0.749330920377029
"742","2014-03-21",2014,"Apr",14,98,0.695744368380252,1.46991040788557,-0.252209267197844,-0.145318946107954,1.02923827358866,0.606872850047835,-0.00287040928529478,-0.867286296875056
"743","2014-03-28",2014,"Apr",15,105,-0.693027529940431,-0.38862474928396,0.103299983511139,0.165042100281675,0.800428952959591,-1.16845748018149,-1.06047154705968,0.0936894487513834
"744","2014-04-04",2014,"Apr",16,112,0.403538168565986,-0.124936184935542,0.689921335668822,0.571414216475685,1.033342935685,-1.03851942619705,0.0192870843085841,0.661870541679269
"745","2014-04-11",2014,"Apr",17,119,0.407317293550289,0.511128572120082,0.68864595950654,0.582958136264854,1.1756141544138,-1.29400669926479,-0.392382511835487,-1.04036304928666
"746","2014-04-18",2014,"May",18,126,0.143662269741796,-0.482706166132616,0.690306514212853,0.499117512689828,0.596672656266807,-0.965302774858859,-0.165843582960435,-0.175250435703567
"747","2014-04-25",2014,"May",19,133,0.0558297244932637,-0.857996549417733,0.712082142132355,0.447340172934326,0.599177170936133,-1.18264653596696,-0.325496106185435,0.635728480786864
"748","2014-05-02",2014,"May",20,140,0.63147255924602,0.0556831209107294,1.0422930022506,0.629797250168094,1.10894097184889,-0.996318830971885,0.224299261022969,-0.37516905190833
"749","2014-05-09",2014,"May",21,147,0.97753378945341,0.78156430632965,0.855774890915664,0.589642994354305,0.650487447198026,0.169330677681556,0.359884040656315,0.704900362747384
"750","2014-05-16",2014,"Jun",22,154,-0.0040150241144064,-0.912686299048506,1.12544504134939,0.903703084656705,0.900709665280478,-0.402114830439032,-0.267662865960056,1.26883038246718
"751","2014-05-23",2014,"Jun",23,161,1.11837323900655,1.17046429211104,0.429409186671071,0.544017289756754,0.610611614386248,1.1251671566322,1.2741909580215,-0.878529487066415
"752","2014-05-30",2014,"Jun",24,168,0.113472529815411,-1.01775913055628,0.0259838721529676,0.305774375575484,0.634081474498204,-1.44191643309232,-0.169328783747491,-0.347956532155561
"753","2014-06-06",2014,"Jun",25,175,-0.68629981493869,-1.24073897644897,-0.58229773707831,0.0443822468385394,0.116231616264664,-1.18300671852467,-0.773779331670949,-0.862796246194088
"754","2014-06-13",2014,"Jul",26,182,-0.550522385024638,-1.089545508556,-0.670898092162438,0.119563943941783,0.111967278206612,-1.34021801391675,-0.627039005268311,-0.0866628733223142
"755","2014-06-20",2014,"Jul",27,189,0.309081883548971,0.426146267475359,-0.615486376428069,0.00303851315941034,0.303372486571104,0.0986468521669432,-0.0759194122151939,2.45482241996441
"756","2014-06-27",2014,"Jul",28,196,0.0232672006238388,-0.127333393102008,1.05298519187899,1.20122643368174,1.64177718836552,-0.99170732560851,-0.431101300736738,3.45929880275756
"757","2014-07-04",2014,"Jul",29,203,1.30941373225454,1.10305433338938,0.538932381953592,0.749419779301245,1.17879346676252,0.213267992217094,0.782826933186423,-0.2516473085841
"758","2014-07-11",2014,"Jul",30,210,0.914513961167336,0.148114998429055,0.798846038781974,1.06411794737048,0.906684704713878,-0.911719116652715,0.226434046459166,1.05842002744942
"759","2014-07-18",2014,"Aug",31,217,0.0872579683593269,-0.431173338554211,1.89033910704713,2.558122379125,1.42958435416525,-1.27097203251109,-0.95467742880435,2.46503401036685
"760","2014-07-25",2014,"Aug",32,224,1.18976581565851,-0.0820685177491158,1.83492580601046,2.10288528323439,1.50734144703206,-0.569557045296674,0.620952981537202,-0.139753167376105
"761","2014-08-01",2014,"Aug",33,231,0.0249390783618892,-2.02490136167562,1.97065399484345,2.35608875692164,1.09110247035495,-1.76124415136203,-0.675695072226228,0.405211684266856
"762","2014-08-08",2014,"Aug",34,238,-0.0974540406772532,-2.26510225398098,1.72221807895779,2.36571182886776,0.981333612258758,-1.52766823702945,-0.702686805573226,0.791884324718305
"763","2014-08-15",2014,"Sep",35,245,0.14254420882948,-0.654408906491092,2.07613622372279,2.79235244892238,0.980907314509806,-1.19041312956878,-0.502414499609687,-0.108464415212696
"764","2014-08-22",2014,"Sep",36,252,-0.0697690551163665,0.148886700899802,2.30151877936231,3.43497985740919,1.13172880539817,-1.54042311142374,-0.567068742246425,0.351974256367636
"765","2014-08-29",2014,"Sep",37,259,-1.35418826557104,-0.545007084424657,2.30222324917826,3.13870790873327,1.475751154786,-1.28254188478371,-1.51565821566664,0.503283506307536
"766","2014-09-05",2014,"Sep",38,266,-0.563051943227904,0.0402382299934444,2.10697028103135,2.99244022217732,1.18552004805159,-1.15702549486846,-0.957292849590372,0.627919517004323
"767","2014-09-12",2014,"Sep",39,273,0.400017064131567,0.4670200087155,1.79055931151549,2.24772236971112,1.01271329803823,-0.878569203472754,0.0376497433974895,-0.561974958709303
"768","2014-09-19",2014,"Oct",40,280,2.12783977628314,1.18055621096573,0.896543859328615,1.21730142865816,0.697873443334086,-0.0377496676282727,2.1001211731986,-0.78036239419661
"769","2014-09-26",2014,"Oct",41,287,-0.782492587182926,0.971544120742439,1.67196235054222,2.10553374065012,0.375639943450257,-0.551935457067903,-1.0808876289494,1.5410631780377
"770","2014-10-03",2014,"Oct",42,294,0.421679115447558,0.9211449168638,1.86697317522253,1.88591536908784,0.355409908330848,-0.273474130316914,0.0448773356936908,1.05297564554618
"771","2014-10-10",2014,"Oct",43,301,1.36251479818222,-0.236333181589434,1.70428039952243,1.60271754885769,1.10757755512516,-0.373273551719942,1.24131940716366,0.548273433580878
"772","2014-10-17",2014,"Nov",44,308,1.4998085952673,1.01826460655127,1.43328075112885,1.38300519609497,0.862629284513236,0.655467405195479,1.30963660342992,-0.908491199901175
"773","2014-10-24",2014,"Nov",45,315,0.554649164525115,0.305427719608278,1.21857870752203,1.14595195438996,0.621051693997467,-0.558093449762291,0.315989163176369,-0.759070165651112
"774","2014-10-31",2014,"Nov",46,322,-0.358449301934672,0.615586634555037,1.12450590241013,1.01449010086267,0.552973170498587,-1.60605270099951,-0.77349594927142,1.01119994020869
"775","2014-11-07",2014,"Nov",47,329,0.852656456973986,0.0426755814290071,1.13717094605287,0.996780883789533,0.636020419282334,-0.438864582039077,0.632664838713359,-0.784789926296008
"776","2014-11-14",2014,"Dec",48,336,-1.28725325018617,-1.3057434996122,1.0702160462531,0.87344521573962,0.568019090551368,-1.76556694837679,-1.33175121302739,-1.01318455874146
"777","2014-11-21",2014,"Dec",49,343,-0.811950873052527,-0.836780476174634,1.32915463751346,0.97881644653564,0.549280047652304,-1.23105706034944,-0.75543714437461,-0.793430977108541
"778","2014-11-28",2014,"Dec",50,350,-1.43816731234964,0.500246936706749,1.68946976559004,1.13799450844604,0.570442946706876,-0.600885166142181,-1.34618213710077,0.361552125854228
"779","2014-12-05",2014,"Dec",51,357,-1.67737629489527,1.1327579576209,1.75753293452801,1.07044840134368,0.574548888040389,-0.0486647507095791,-1.58778831783668,0.696576780823069
"780","2014-12-12",2014,"Dec",53,365,-0.0632659702886928,-0.63311282259276,1.74707212092638,1.2021778287099,0.725149942945173,-0.156142154722706,-0.169406111395306,-0.294466736469806
"781","2014-12-19",2015,"Jan",1,7,0.717241436050248,-0.134429693524776,1.60111074279713,1.03731746084129,0.924434595914395,-0.123959536499947,0.185639627811879,-0.676241166152342
"782","2014-12-26",2015,"Jan",2,14,-0.461143850513669,1.20018856637183,1.54458551644748,1.14700763668704,1.13254568517377,1.42002653485018,-0.812215738412824,1.18022561153028
"783","2015-01-02",2015,"Jan",3,21,0.136280447629858,0.170560128257592,1.6296202525127,1.29027649915145,1.04347513106865,0.528283862799776,-0.151499715424948,-0.300384093755642
"784","2015-01-09",2015,"Jan",4,28,-0.795345080524908,-0.133678904689939,1.58360627031995,1.21118054784558,0.789474147192284,-1.19231177566612,-1.23467703993051,-0.220423306037581
"785","2015-01-16",2015,"Feb",5,35,0.178229548578417,-0.532394562288608,1.55829350500226,1.11299979354065,1.34791068588854,-0.674779546675379,-0.330144916397724,-0.0444894752883938
"786","2015-01-23",2015,"Feb",6,42,0.221199296494096,-0.46635372828586,1.18877991625452,0.943842397367396,1.26612578313749,-0.686765964056031,0.0148187289603503,-1.16232864402108
"787","2015-01-30",2015,"Feb",7,49,0.703702108921898,-0.0133959535060424,1.13958885894637,0.969811740235796,1.20462135088566,-0.531682454960151,0.42005821831455,-0.991659040657296
"788","2015-02-06",2015,"Feb",8,56,0.775462653822529,0.170314686863673,1.59947154869873,1.22034623750556,1.25010848552385,0.243917822913682,0.177233723907615,-0.674423248323387
"789","2015-02-13",2015,"Mar",9,63,1.44579566914853,0.216118292237356,1.49080145518567,1.02128150180092,0.809825855467176,0.261337006830382,0.562073665985954,0.243525081801802
"790","2015-02-20",2015,"Mar",10,70,0.77697948516515,0.606123649510264,1.72102040397814,1.05666986401013,1.03237067393926,1.20496430840005,0.559797521121046,-0.883737646450547
"791","2015-02-27",2015,"Mar",11,77,0.131465355398557,-0.160130502836253,1.67701187260909,1.07763200585485,1.34982401101767,-0.432003020961066,0.0841662432519201,-0.80179461572941
"792","2015-03-06",2015,"Mar",12,84,0.416566705668601,0.39288287589326,1.5297662984529,0.934736474985135,0.775175905591864,0.500275467216547,0.237850796335075,-0.853269950253804
"793","2015-03-13",2015,"Apr",13,91,-0.824867420030032,-0.583255908475652,1.53863240680488,0.957526667290803,0.886459662123667,-0.821617043001652,-1.0424223347107,2.22619688083688
"794","2015-03-20",2015,"Apr",14,98,0.0997436646933881,-0.887870724675729,1.93926076470949,1.30941846639522,1.37493783380767,-0.502749677856337,0.506721422168102,0.268225540542982
"795","2015-03-27",2015,"Apr",15,105,1.6717971499004,1.30586814420178,1.370393408506,1.07150418085709,0.96846195647514,1.46960115443149,1.47613621457619,-0.792142069063814
"796","2015-04-03",2015,"Apr",16,112,0.91728423557663,-0.157713616681036,0.76811534178041,0.720230790020334,0.875069677052659,0.258577305149221,0.654845723250143,-1.01011414258373
"797","2015-04-10",2015,"Apr",17,119,0.84932825975783,-0.0872849489022977,0.344342201840448,0.492463063965862,0.956876971134691,0.060612781864918,0.362686874087729,-0.430708878063831
"798","2015-04-17",2015,"May",18,126,0.95854073365994,0.373855483338363,0.638719892699324,0.309522208018091,0.339784386598172,0.376702476541496,0.366214132430939,0.276694521934247
"799","2015-04-24",2015,"May",19,133,1.13640645299655,0.669093183023186,0.170425299585927,0.0144528947347592,-0.364625524481795,0.875868737637083,0.697190442243411,-0.495317470189679
"800","2015-05-01",2015,"May",20,140,1.37644113602683,-0.260539027775272,-0.398080451221522,-0.342329969252911,-0.550413683784716,0.771420738334031,1.21183368984963,-1.00525251642024
"801","2015-05-08",2015,"May",21,147,-0.171208821767662,-0.894696361275562,-0.843851595331138,-0.480148287068563,-0.462130870477407,-0.165277868171988,-0.579584364433312,-1.03079617916525
"802","2015-05-15",2015,"Jun",22,154,0.217881245127212,-0.243008844088903,-0.851809309239103,-0.38996665668312,-0.364639696044198,-0.102810308351119,-0.440465530396079,-0.444559511431882
"803","2015-05-22",2015,"Jun",23,161,1.19839213110916,0.0632700906796714,-1.14329007912108,-0.585454681432547,-0.444265926000439,0.966112474075047,0.647363015841634,-1.1742309768054
"804","2015-05-29",2015,"Jun",24,168,1.2969403335493,0.160224354474208,-1.41094878817217,-0.530623980040346,-0.882322064748598,1.08666666085499,0.606238469414745,-0.661585537147351
"805","2015-06-05",2015,"Jun",25,175,-2.02581451430531,-1.80514207175859,-1.01990060657184,-0.269573954299936,-0.789652584471105,-1.35274169125479,-1.86145582026886,1.38316035808361
"806","2015-06-12",2015,"Jul",26,182,1.19022603540828,0.731766915280896,-0.808575349148352,-0.0798286770213097,-0.364595342869905,1.08130395346439,0.500306307039386,-0.735158256355215
"807","2015-06-19",2015,"Jul",27,189,0.647820690733363,2.5622539431463,-0.968383975931802,-0.265024847017685,-0.235220303881549,2.59382479411898,1.24763326168003,0.0128578031132581
"808","2015-06-26",2015,"Jul",28,196,0.208200622154656,-0.210778939414022,-0.972090304432783,-0.391759396870031,-0.21739147004251,-0.228601708106347,-0.274451202347255,-0.256974247425265
"809","2015-07-03",2015,"Jul",29,203,0.839267290768058,1.09415808035824,-0.773286061178933,-0.233142931538991,0.0424000569195472,0.416454857256979,0.0800905001625935,0.0948627550957245
"810","2015-07-10",2015,"Jul",30,210,0.712585761729836,-0.908538002381724,-0.746926395041823,-0.147039503980253,-0.000674099523281755,-0.47690015524651,-0.108074362961756,0.0479213253345415
"811","2015-07-17",2015,"Aug",31,217,1.36510046197113,0.329876773162021,-0.649177858713713,0.243820747131353,-0.110002598590974,0.888949681418808,1.78438060400141,-0.889639928884456
"812","2015-07-24",2015,"Aug",32,224,0.614548957098917,1.65176786466228,-0.756925084881255,0.129606032140919,-0.204388641423805,1.10703657598604,1.24893436903972,-0.861664581692878
"813","2015-07-31",2015,"Aug",33,231,-1.11971408128352,-0.249555107926531,-0.625838534740131,0.197728237016243,-0.150946180936476,-0.5302883826987,-1.66931306776871,1.75266258616628
"814","2015-08-07",2015,"Aug",34,238,0.713874987820803,-0.324440054658571,-0.570965739806262,0.402529811179294,-0.0142548488921455,0.231889332951489,0.289234365492877,-0.683809688135304
"815","2015-08-14",2015,"Sep",35,245,0.743098210931921,1.32307341493418,-0.517421589736065,0.497474985239857,0.125805888005502,0.8255840167364,0.0478529988802769,0.0920098999907991
"816","2015-08-21",2015,"Sep",36,252,0.00834138770934988,-1.27403070404702,-0.552477265482794,0.751586691758042,0.0246084376177902,-0.862430668665985,-0.197851513555291,-0.0628102208332817
"817","2015-08-28",2015,"Sep",37,259,-0.445724477151832,-0.198849697789313,-0.555066603222711,0.369356289921585,-0.0422672229565002,-0.513812038292103,-0.768927804202749,0.718649237944557
"818","2015-09-04",2015,"Sep",38,266,-0.493872696644013,-0.550481538770434,-0.386079673010048,0.443585416908995,0.0878531218411733,-0.816719039030357,-0.864188758314691,0.787611305012471
"819","2015-09-11",2015,"Sep",39,273,1.07814220643747,-0.538143847850528,-0.544613936052871,0.202453799921106,0.0256093989776346,0.357481611645883,1.15082112532058,-0.632032714308892
"820","2015-09-18",2015,"Oct",40,280,1.56564042342135,0.728221578460593,-0.757080942601406,-0.0336868017786933,-0.18775121759002,0.567594474993871,1.47687405995539,-0.631060730356768
"821","2015-09-25",2015,"Oct",41,287,-0.37924286321307,-1.47358720151207,-0.758503357274144,-0.0528538709717669,-0.448329646006546,-0.913517665073703,-0.384066700003738,0.521805959527347
"822","2015-10-02",2015,"Oct",42,294,-2.1196363351351,-1.3817268027852,-0.260335224516927,0.0941008372594278,0.636229457929962,-1.13754661220615,-2.15923008431644,1.38529281878563
"823","2015-10-09",2015,"Oct",43,301,0.346262359651949,-0.304612845887873,-0.262521739356778,-0.0571077752724198,0.594085448159582,-0.634960843599241,0.0661658013425497,-0.901717866325221
"824","2015-10-16",2015,"Nov",44,308,1.85106669753545,1.27027858955489,-0.585147581973881,-0.375454808350717,0.397075842503092,2.98515108203758,1.66556617051112,-1.00456270009902
"825","2015-10-23",2015,"Nov",45,315,1.39533437777134,2.5928001137169,-0.661754898649793,-0.517034449975665,0.281755962088161,2.71643865224477,0.968782648279885,-0.618824345562904
"826","2015-10-30",2015,"Nov",46,322,-0.00155613946084857,1.55861798603371,-0.342600526338747,-0.242798037119413,0.467940541182063,1.47548013189234,-0.488698097851768,1.73149936337696
"827","2015-11-06",2015,"Nov",47,329,-0.33030034277112,-0.786303442201051,-0.0259261789190407,0.0550900914541075,0.661434486112101,-0.408920540141933,-0.290614044867218,0.731121530144347
"828","2015-11-13",2015,"Dec",48,336,0.170694044607076,0.677594339817127,0.0722748011413144,0.189998656741475,0.702501560398064,0.1069528350754,-0.103891936882951,1.97387543282389
"829","2015-11-20",2015,"Dec",49,343,1.1443372512283,1.19975686574121,-0.300904572834216,0.000421277576747116,0.654133695672698,1.96045332116246,0.801387331865966,-0.836348744111981
"830","2015-11-27",2015,"Dec",50,350,1.20268534344471,1.0428696994661,-0.405350733086957,0.0380652387240707,0.519957016832239,0.0256307638205083,0.898638879199005,-0.776261481161213
"831","2015-12-04",2015,"Dec",51,357,-0.746740733927272,1.98015940060147,-0.40665492498111,0.0131392755836988,0.563225127191398,1.13145251833483,-0.759811288078031,-0.356269645579425
"832","2015-12-11",2015,"Dec",53,365,1.71372496447857,1.71696410894444,-0.779795635091318,-0.313031695796594,0.702438747989066,1.62434618942739,1.50828665880488,-0.301539560478832
"833","2015-12-18",2016,"Jan",1,7,-0.462920968834009,-0.666657526177346,-0.426959880165253,-0.268358420825959,0.862293438596885,-1.76775862896126,-0.822557691440058,-0.21579003994422
"834","2015-12-25",2016,"Jan",2,14,0.894816853102325,0.347697112578803,-0.238012487305176,-0.065172395093834,1.03013846696742,-0.0358868228632643,0.613372296400597,0.607116794700717
"835","2016-01-01",2016,"Jan",3,21,0.636021879282252,-1.23476621153682,-0.516613403311149,-0.271503461911188,0.920775146591604,-0.524543474472836,1.04112340652624,-0.556913820021137
"836","2016-01-08",2016,"Jan",4,28,1.01990192980886,1.25566306785223,-0.389188225690118,-0.155670911844453,0.85729672067064,1.7026044637822,0.687747315476655,-0.635070224481055
"837","2016-01-15",2016,"Feb",5,35,-0.57025391330654,0.79408442055215,-0.089855335270965,0.154540652528207,1.44199152387761,0.251551318758221,-0.846004481188734,1.23412275212784
"838","2016-01-22",2016,"Feb",6,42,-0.0731210823222249,0.753044622621467,0.0436628464026957,0.167697456314691,1.4365484190656,0.609880644487628,-0.318229684466349,1.01544073541201
"839","2016-01-29",2016,"Feb",7,49,-0.377787014176664,-0.298894676189935,0.00741519157678678,0.154721762934496,1.24806347217501,-0.424093370548237,-0.892026620869396,-0.0679393810265255
"840","2016-02-05",2016,"Feb",8,56,0.329025048494336,0.447400129558303,0.177036061585679,0.377795607471002,1.43760389419028,-0.589949142820481,-0.67390714621668,1.26947991400227
"841","2016-02-12",2016,"Mar",9,63,0.740975801193548,-0.417240259866518,-0.062484683920955,0.253224017333042,0.630511170520444,-0.3214791312071,0.329594666261306,-0.742024534679385
"842","2016-02-19",2016,"Mar",10,70,0.424558543840989,-0.519234077090261,-0.148568401466683,0.264832111952518,0.977908447110168,-0.604731747724535,-0.253166146893532,-0.875275466908499
"843","2016-02-26",2016,"Mar",11,77,-0.100461053062695,-0.856147886897024,-0.41602079216948,0.0305474920652167,1.12417380123461,-0.929776204936419,-0.746931810185528,-1.14611275908518
"844","2016-03-04",2016,"Mar",12,84,-0.765187367247293,-0.358069360267147,-0.420626169793528,-0.106279900158522,0.66989633271933,-0.595316982765313,-0.886315807405922,-0.68745514346695
"845","2016-03-11",2016,"Mar",13,91,-1.1233547599096,-0.36407977543104,-0.0766004488453312,0.140049820475994,0.828310328664414,-0.751870358666463,-1.34439011910158,1.36523359981223
"846","2016-03-18",2016,"Apr",14,98,0.757799659456086,0.674844677138161,0.264069439210608,0.392441285611349,1.40605016442316,0.519263315791913,0.307799567978343,2.53924921537906
"847","2016-03-25",2016,"Apr",15,105,0.653779584524141,0.16852225949146,0.0308169227039626,0.218486287829524,0.971760719231058,0.0747529230613969,0.327835190390121,-0.0648277702260749
"848","2016-04-01",2016,"Apr",16,112,-0.0517373671181185,-0.426488556994031,0.294562134981781,0.356350354943592,1.30045826441444,-0.410819252459714,-0.533822530922928,0.618253549915882
"849","2016-04-08",2016,"Apr",17,119,-1.0281898391738,-2.56093375035156,0.242495784487053,0.257144159336004,1.34405422163876,-1.37970957677297,-0.611523928362271,-0.31639872095955
"850","2016-04-15",2016,"May",18,126,1.0890840315102,-0.455125505487434,0.0699226083399263,0.0525773410011603,1.20682284561879,0.300895868936668,0.746289065589489,-1.01570947973178
"851","2016-04-22",2016,"May",19,133,1.53833606279962,1.21484774599551,-1.05832222134205,-0.818527670769616,0.0251594338031939,1.10692857796706,1.49927312283254,-0.896476625215842
"852","2016-04-29",2016,"May",20,140,-0.411117577310877,-1.05588564416731,-1.75359184765314,-1.23959801077413,-0.558774837949985,-0.188267598403388,-0.821136826393852,-1.02557778946902
"853","2016-05-06",2016,"May",21,147,-0.179789504882679,-0.133023405266078,-1.56981289929819,-1.19651498995866,-0.536814682472101,-0.185596174350876,-0.844926511597925,-0.154522196840424
"854","2016-05-13",2016,"Jun",22,154,-0.729880510409084,0.119022846713505,-0.203720330892224,-0.235134389098996,0.454792640165484,-1.24362539003708,-1.34047279449814,1.91413306977982
"855","2016-05-20",2016,"Jun",23,161,0.766533605828247,0.480265309400565,-0.113846936676755,-0.0357846408447343,0.63775595479669,0.472610612986781,0.167916056487514,-0.96193247135177
"856","2016-05-27",2016,"Jun",24,168,-0.849227636582968,-0.847059173848184,0.200278377734041,0.369024528230172,0.959870591812888,-0.976801169467223,-1.27158344066792,1.30670683900802
"857","2016-06-03",2016,"Jun",25,175,1.27887623253457,0.21715491237584,0.326541923107812,0.418484173084755,0.858448872566815,0.0441976899013155,0.373981682023649,-0.777398656677826
"858","2016-06-10",2016,"Jun",26,182,1.2778408732835,0.45824826505804,-0.358947819572182,0.0485812486266539,0.21901198255096,-0.0040545558271655,0.511621920719842,-0.528494892531543
"859","2016-06-17",2016,"Jul",27,189,0.560186881435151,-0.630950729026382,-0.300264387574784,0.00562623297242147,0.228694012984055,-0.362083560688119,-0.0101066767582398,0.0950788339836695
"860","2016-06-24",2016,"Jul",28,196,1.051687761564,0.497831618727255,-0.696317939581045,-0.285788939096588,-0.0699790007928229,0.668830600850337,0.295034192680637,-0.572506864893619
"861","2016-07-01",2016,"Jul",29,203,0.998521919142008,0.327533145240929,-0.680618915288459,-0.25311435759397,-0.0623367981179396,0.0848462828455205,0.00707300619082773,1.23677091949514
"862","2016-07-08",2016,"Jul",30,210,0.647986038469813,0.477831315151747,-0.520563184657173,-0.124224042771014,0.303499605648725,0.021519842356327,-0.297956649400687,-0.581513893154522
"863","2016-07-15",2016,"Aug",31,217,-0.669354877067579,-1.14657047718789,-0.437772975017832,0.25826216649797,0.00938981210878984,-1.26440962216182,-2.06384919937529,0.98429264565991
"864","2016-07-22",2016,"Aug",32,224,0.878461605641207,-0.71039484775323,-0.302552109984046,0.274669922876134,0.00692473931087449,-0.368183076051268,0.0760309962227972,-0.852696738036769
"865","2016-07-29",2016,"Aug",33,231,1.28584003167692,-0.471546994382047,-0.40360457431274,0.278826783050429,-0.108795373333815,-0.0183302741283706,1.02307036944635,-0.605376492157709
"866","2016-08-05",2016,"Aug",34,238,1.13978082591086,0.800744085536663,-0.583942831177448,0.330435757136143,-0.0973340812254706,0.707772578646373,0.753744391934381,-0.69214694244521
"867","2016-08-12",2016,"Sep",35,245,1.01576896110931,1.98542976763723,-0.731456994805942,0.238019715520583,-0.0726419517539836,2.47440403700642,1.75569888513492,-1.06527364686575
"868","2016-08-19",2016,"Sep",36,252,0.196855612345827,1.08374578013015,-0.724569208905744,0.498186804635982,0.0441530582229471,0.782274972923148,0.631547993539606,0.892997487499266
"869","2016-08-26",2016,"Sep",37,259,1.4480686764013,2.49364002984297,-0.697776351324253,0.16146477333491,-0.108410935539315,2.45741262065958,1.37930122309662,-1.15981853244503
"870","2016-09-02",2016,"Sep",38,266,-0.635822884609342,0.262548904185976,NA,NA,NA,-0.150004926772562,-1.12356870496248,1.38645551004303
"871","2016-09-09",2016,"Sep",39,273,1.20606580022651,1.98398158158848,NA,NA,NA,1.35082208486928,0.788632794115414,-0.632032714308892
"872","2016-09-16",2016,"Oct",40,280,-0.494980832768582,-0.517215046643735,NA,NA,NA,-0.0872598445803142,-0.78770676010332,1.19301611916481
"873","2016-09-23",2016,"Oct",41,287,-1.11394412461312,-1.01249969720167,-0.640532008572457,-0.216664975416407,1.07513677675362,-0.8216733734431,-1.24781195167925,0.74021822063671
"874","2016-09-30",2016,"Oct",42,294,0.0150508675192805,0.0959756142935518,-0.59972373563145,-0.249103853037,0.834339895239709,-0.481614040253361,-0.351939169095413,-0.556685662332414
"875","2016-10-07",2016,"Oct",43,301,-0.943854646114388,-0.932135474916385,-0.312719936475434,-0.173507426731674,0.974778928392313,-1.50971736021202,-1.07991043547243,1.0045644020828
"876","2016-10-14",2016,"Nov",44,308,-0.254878073793629,-0.423437007928983,-0.493366471708893,-0.363589244045931,0.801581734010347,-0.538936041404163,-0.529257485792207,-0.716348199505491
"877","2016-10-21",2016,"Nov",45,315,-1.06837021450126,-1.56036691573214,-0.378434277724562,-0.259195598735016,0.787553944070145,-0.856238920493411,-0.986862743032415,0.583282683764589
"878","2016-10-28",2016,"Nov",46,322,0.0896930211847349,-0.897906461160578,NA,NA,NA,0.179272545740174,-0.240024633186731,-0.549448809989224
"879","2016-11-04",2016,"Nov",47,329,0.915511646273895,1.35190041908746,NA,NA,NA,1.48625494101049,0.65911066960809,-0.515433758416111
"880","2016-11-11",2016,"Dec",48,336,1.09009711323475,-0.399869404991091,NA,NA,NA,0.767884337790743,1.35391012003392,-0.927839987553875
"881","2016-11-18",2016,"Dec",49,343,2.21035738956844,-0.496507286212227,NA,NA,NA,0.740098646581594,2.67526860409891,-0.613176355694095
"882","2016-11-25",2016,"Dec",50,350,-0.178558548023251,1.06007371586816,-0.268678247250133,NA,NA,0.953623263662471,-0.180346683058171,-0.562921429845815
"883","2016-12-02",2016,"Dec",51,357,1.2790124737272,-0.355107039728314,-0.48053547834953,NA,NA,0.44129845418831,1.33896773928283,-1.20533934429112
"884","2016-12-09",2016,"Dec",53,366,0.642911410780066,0.686356455818522,-0.229082105633596,NA,NA,1.29247683445021,0.546741759980195,-0.641820982246474
"885","2016-12-16",2017,"Jan",1,7,1.37153692577528,-1.17785165478719,-0.839936727796217,-0.292034322718907,0.614681262856412,0.154976777921521,1.67583468901239,-0.337950542815763
"886","2016-12-23",2017,"Jan",2,14,0.288042770271869,-0.453659157534525,-0.812607501187967,-0.289970117262023,0.519782434698494,-0.539138102030651,-0.502234586030944,1.56846061647933
"887","2016-12-30",2017,"Jan",3,21,1.36878692265329,-1.2239360147135,-0.453879680594444,0.0910347179453528,0.824247346899193,0.784684416719731,1.89298927651022,-1.01385739493155
"888","2017-01-06",2017,"Jan",4,28,2.19209316998198,-0.134406880572854,-0.650923357594584,-0.0775903755587445,0.644501248544852,1.49116607947648,2.57930173681288,-1.3928732133605
"889","2017-01-13",2017,"Feb",5,35,0.451975168895106,0.376237057677826,-0.163535790113169,0.298657188077378,0.951427154363242,0.106654204871374,0.129548164392646,-0.713530757075953
"890","2017-01-20",2017,"Feb",6,42,-1.57884421932104,-0.706770018535754,-0.0831537927331121,0.293287622558726,1.12182871767197,-1.04891407735393,-1.61370557730278,-1.17449495340339
"891","2017-01-27",2017,"Feb",7,49,0.871863903191181,0.400712777225406,-0.270286405911587,0.140087098467417,0.983476615266349,0.138076019717885,0.875929921924308,-0.12792117710644
"892","2017-02-03",2017,"Feb",8,56,-0.235402616149786,0.975769536478021,-0.0115192510447015,0.71537313509475,1.35737939911768,0.178713033516525,-0.731335989614378,1.52963052308675
"893","2017-02-10",2017,"Mar",9,63,0.55208362695463,0.989304779172207,-0.057863765072552,0.620594861709924,0.742505782660569,1.6153204276271,0.0701808237839408,1.18028511330868
"894","2017-02-17",2017,"Mar",10,70,-0.119906633633766,0.306917980043023,0.124901001212414,0.866831994826375,1.19738395960141,0.468094688622491,-0.388814553793188,1.57029442074345
"895","2017-02-24",2017,"Mar",11,77,1.66924841631342,0.802125156753331,-0.556676232588453,0.644023788835116,1.06354042576686,1.5541463329718,1.22002332588652,-0.501619824085921
"896","2017-03-03",2017,"Mar",12,84,-0.500709016693838,0.400977412490777,-0.277926244251271,1.00968248962666,0.893623189053927,0.2794449871069,-0.916738235402716,-0.240476099084997
"897","2017-03-10",2017,"Apr",13,91,2.43790158194343,2.00342834317864,-0.79292821172339,0.132785764082243,0.546306755100136,2.92382078123005,1.30146372467447,-0.671302709299935
"898","2017-03-17",2017,"Apr",14,98,-0.173009527125915,0.0672362544591952,-1.46416506051902,-1.05782391405167,0.829243929723634,-0.452276915690123,-0.846030507601321,-1.10634142054201
"899","2017-03-24",2017,"Apr",15,105,0.290587194829662,0.269329013997538,-1.83933000759988,-1.77823314108824,0.663643170162763,0.341161564636185,-0.331792965221233,-0.70822118842869
"900","2017-03-31",2017,"Apr",16,112,-0.787489716343298,-1.74645501422697,-0.612824911447841,-0.340949909527511,0.684654463957329,-1.00384007210728,-0.776670839379103,0.923572492259558
"901","2017-04-07",2017,"Apr",17,119,-0.141493499226003,-1.7746873294514,-0.640781662513568,-0.409913013115917,0.740074292319244,-0.468837499461688,-0.264905065267841,-1.02131135643595
"902","2017-04-14",2017,"May",18,126,-0.986766986722423,-1.08479719191505,-0.282584464097865,-0.0597119154611755,1.11018378469538,-0.992888341707514,-1.35151965873628,0.466987135676485
"903","2017-04-21",2017,"May",19,133,0.423227679942627,-0.169015843026602,-0.537095076296238,-0.653360580094622,0.996603955677868,-0.0593919238654122,-0.285392158893969,-0.707040357564598
"904","2017-04-28",2017,"May",20,140,0.934281564778616,1.85888214701854,-0.832888565143698,-0.915511290320264,0.579470884335066,1.822636275378,0.769253415661284,-0.287092868696987
"905","2017-05-05",2017,"May",21,147,1.73007935562048,0.619947084978334,-1.09101210795944,-0.925547909568162,0.0311822634490791,0.879284098600454,1.15535544452775,-0.901601938181461
"906","2017-05-12",2017,"Jun",22,154,1.03774347583628,1.99087279960672,-1.34519294824574,-0.896697375489515,-0.387193804729246,2.17403674938123,0.814457560837787,0.167365450674927
"907","2017-05-19",2017,"Jun",23,161,1.03074460825028,-0.164464483570527,-0.0262317315726258,0.0517844531863479,0.511098523560051,0.0584843695646555,0.255204327696283,1.63872422045523
"908","2017-05-26",2017,"Jun",24,168,1.72483323258338,0.72230394165265,-0.416667463188773,-0.441166468815073,-0.211248262537149,1.44931015767329,0.783614957953875,-0.35156146324742
"909","2017-06-02",2017,"Jun",25,175,1.98258951465457,1.49015813204752,-0.872736016325352,-0.861447837046048,-0.608827340398064,1.30440955116006,1.39028787768685,-0.213774565870496
"910","2017-06-09",2017,"Jul",26,182,-2.12508919332521,-0.588937424366602,-0.449191383350943,-0.377045486331655,-0.221017984020764,-0.71900809228115,-2.23825481399801,1.00366452891981
"911","2017-06-16",2017,"Jul",27,189,1.69585202947098,0.572872664466138,0.00503275980004538,-0.296419259088779,-0.0511812990969744,0.330268342289393,0.527698617244193,-0.0200306092349074
"912","2017-06-23",2017,"Jul",28,196,0.464564255640514,-0.247314556988432,0.416608924661759,0.376742306391441,0.501554528974889,-0.194513778867891,-0.372626331824033,0.519336160631793
"913","2017-06-30",2017,"Jul",29,203,1.51967578484036,0.476835478719865,0.178955920260079,-0.258632272159286,0.018494581404415,-0.0558937992257539,0.183925164654924,-0.692660116903878
"914","2017-07-07",2017,"Jul",30,210,-0.863356040216497,-1.26634849047015,1.27728804119891,1.42240283895224,1.06194637873636,-1.15482247460798,-1.9342038701048,3.17468330258561
"915","2017-07-14",2017,"Aug",31,217,0.916026658979531,0.582222327673058,1.09037752781745,1.07355050856548,0.990719997408915,0.0246766110361287,0.0132954738850077,0.289933700627848
"916","2017-07-21",2017,"Aug",32,224,0.564640942166179,-0.659784452952899,0.94914198883966,0.818945820534817,0.989809066818234,-0.441925457256632,-0.428330021933313,1.2188751465244
"917","2017-07-28",2017,"Aug",33,231,1.05994633784443,0.177352366026411,1.71844571112531,1.86693982115015,1.66532461373496,-0.372581282812882,0.427443758672624,0.683489587919998
"918","2017-08-04",2017,"Aug",34,238,1.18138418420822,-0.425887085937532,1.27026917754259,0.865414984749059,1.23755323435913,-0.330006885447593,0.832902596747986,0.224951031644599
"919","2017-08-11",2017,"Sep",35,245,1.20923966748814,0.396646042666613,1.21973729586898,0.977802677125353,1.11047161899031,0.375679977507048,0.455107163191489,-0.855686862789367
"920","2017-08-18",2017,"Sep",36,252,0.0542924712667489,-0.522955355538017,0.662831879424689,0.430566770804663,0.78878822739697,-0.148135186859211,-0.517024814915336,-0.739089259747822
"921","2017-08-25",2017,"Sep",37,259,0.0755738140087121,-1.05546115879705,0.666334831390827,0.587349294393898,0.928681591853149,-0.715879858187475,-0.249241734784245,0.886155918106686
"922","2017-09-01",2017,"Sep",38,266,0.418925788488927,-0.625283246103049,0.906338060819206,0.854704830035349,0.988164987646231,-0.491893783025024,-0.0212186597895689,-0.346200389845378
"923","2017-09-08",2017,"Sep",39,273,-0.783783568647484,0.266630199357459,0.445378480549158,0.196494468626647,0.640943532713474,-0.860157549796407,-1.13614883308405,-0.173154415131584
"924","2017-09-15",2017,"Oct",40,280,-0.450739454304482,-1.03014058070695,1.50719206107921,1.72013544910178,1.02510750645265,-0.547517923895552,-0.73112772369497,1.72530900763729
"925","2017-09-22",2017,"Oct",41,287,-0.101665657151943,0.426875444791511,1.52939278211101,1.90771691241452,1.3907955955047,-0.121704522637451,-0.589232387447764,-0.0879282694029538
"926","2017-09-29",2017,"Oct",42,294,1.99100376293819,1.9320169079683,0.933776105954318,1.14978090661171,1.12887990544542,2.2876259210613,1.28715709642444,-0.348987429057757
"927","2017-10-06",2017,"Oct",43,301,-0.388683967684086,0.168467685322727,1.25957632612387,1.33460850168621,0.875406126880989,-0.198466704481824,-0.76646286207784,0.345477447580025
"928","2017-10-13",2017,"Nov",44,308,0.790383401167296,-0.216263350730052,1.17826345699399,1.39013610025986,0.993580034316286,0.0753904480771979,0.548938936724201,0.15702907502034
"929","2017-10-20",2017,"Nov",45,315,-1.50962785172783,-0.57007658634844,1.00763727819191,1.23855671798151,0.817614544346033,-0.860821386201336,-1.49444278936814,0.382931512210005
"930","2017-10-27",2017,"Nov",46,322,-0.493088684803607,-0.969201282153112,0.832487745914366,1.03290577770813,0.684846405312189,-1.01034153834398,-0.775119683829215,-0.643773734451735
"931","2017-11-03",2017,"Nov",47,329,-0.725797185935216,0.647783433705861,0.862701952228921,1.17308835820526,0.496522357567388,0.410449944202793,-0.985666099919592,1.41390809523525
"932","2017-11-10",2017,"Dec",48,336,-0.761577345729639,-0.76107095856183,0.835532203251944,1.2486955321335,0.414345229460922,-0.653786121306792,-1.14230047415759,0.162673977620771
"933","2017-11-17",2017,"Dec",49,343,0.387033543817137,-0.416927603221143,0.902231244397987,1.25747796066056,0.306851012173557,-0.356597158188845,-0.363633878231443,0.828860615621475
"934","2017-11-24",2017,"Dec",50,350,0.229392196561702,0.265320028657789,1.12743506462484,1.47176871201979,0.247566697023528,-0.272462115559467,-0.708670801102811,1.50825490167448
"935","2017-12-01",2017,"Dec",51,357,-0.0968775938764426,0.186723285090509,1.01531444496323,1.44748385589318,0.100680951401903,-0.800478944572046,-0.133631707128492,-1.14873469771034
"936","2017-12-08",2017,"Dec",53,365,-0.711638940934207,0.956753875801612,0.886158323022156,1.5811632524745,-0.129476249233509,0.487783681753886,-0.563535110822252,-0.612743816876029
"937","2017-12-15",2018,"Jan",1,7,-0.352139755698532,1.11369528029632,1.01299107195701,1.610982058321,-0.660885691327035,0.447415071829441,-0.616188138136062,2.21802305572727
"938","2017-12-22",2018,"Jan",2,14,-0.129216859185937,0.184636666719064,0.748221867891916,1.48784451462976,-0.959000196983873,-0.57813573002765,-0.228261634754829,-1.19540287113418
"939","2017-12-29",2018,"Jan",3,21,0.127801472187409,0.114676312649246,1.04963701043819,1.9957703675682,-0.889991771117263,-0.712041169983156,-0.614134870254177,2.12061519787496
"940","2018-01-05",2018,"Jan",4,28,-0.147908233024364,1.46714006183887,1.22312025126552,2.04942663193891,-0.354329130537906,-0.207554775139919,-0.706040038242421,1.48105887654079
"941","2018-01-12",2018,"Feb",5,35,0.16316132960969,0.281905341156158,0.898859005583301,1.51558682584602,-1.0815267109714,-0.0534815514383691,-0.147109966953716,-0.326973572043138
"942","2018-01-19",2018,"Feb",6,42,-0.370065035311587,-0.850211670701657,0.610264782318788,1.16591152376733,0.00019930171695254,-0.932993027060134,-0.257722492308644,-1.18666126278569
"943","2018-01-26",2018,"Feb",7,49,0.540356264613926,-0.292696603512942,0.541213694943955,1.23339891251482,0.199651387705605,0.106541529080846,0.878728398402813,-0.655760982609742
"944","2018-02-02",2018,"Feb",8,56,0.426583738708909,-1.32392745754624,0.584317376917532,1.46794566945753,0.39468545824677,0.0156790462527439,1.87876932636383,-0.949026669023666
"945","2018-02-09",2018,"Mar",9,63,-1.14279041868852,-2.23500341266926,-0.860097245485517,-0.549682387512836,0.0829872250800041,-0.611926077518356,0.901871015790627,-1.18113079944823
"946","2018-02-16",2018,"Mar",10,70,0.909408397945669,0.953116123741336,0.067736235448573,0.73813909547184,0.557576242072829,0.357826835084567,0.509222222633797,-0.621410080647051
"947","2018-02-23",2018,"Mar",11,77,-0.670027698782821,-1.01348811959673,0.692184125321557,1.54821062352038,0.843325248368358,-1.35759217010833,-1.08635369813838,1.35240094782975
"948","2018-03-02",2018,"Mar",12,84,0.180710073251856,-1.12557860310429,0.541847549543861,1.60897074860097,0.491914848314349,-0.55533294377286,0.232716109504814,-0.817223253126227
"949","2018-03-09",2018,"Apr",13,91,-0.900173464818654,-0.66240284540843,0.732686212824774,1.76183703197268,0.752079863493472,-0.852007834998643,-1.14472101125761,1.20917717765804
"950","2018-03-16",2018,"Apr",14,98,1.70798190563415,1.01480381718187,0.837683272762404,2.06654407539498,1.02794717484858,1.76664809477625,1.16182340800582,0.835981459252004
"951","2018-03-23",2018,"Apr",15,105,1.00310354441003,1.48840424590953,0.53642558274565,1.46765582302736,0.852451825207217,0.933431339530114,0.202094103525518,0.475995682755834
"952","2018-03-30",2018,"Apr",16,112,1.21191525196824,2.33452804650816,0.227237433446581,0.848653576933047,1.0933212245426,2.21614568455263,0.857150657678564,-0.792029183766821
"953","2018-04-06",2018,"Apr",17,119,1.27103481777497,0.563279824321433,-0.498700706236612,-0.464218452079784,0.191435008548138,0.674917119655072,0.439737776646186,-0.802216888652743
"954","2018-04-13",2018,"May",18,126,1.41955618384651,0.0272758608914113,-1.33567967993027,-1.10899046210854,-0.426103026048616,0.759989006950547,0.974931626659677,-1.01570947973178
"955","2018-04-20",2018,"May",19,133,1.36674822703381,1.28488690404098,-2.00855574293886,-1.60727075444899,-1.11033826417427,0.883159526661517,0.98551462313546,-0.890904970284923
"956","2018-04-27",2018,"May",20,140,1.32567333766066,0.393324951682368,-1.51660730359262,-1.12004889858849,-1.66332510894911,0.314570568336805,0.696120890581147,0.187163502441014
"957","2018-05-04",2018,"May",21,147,1.1217454789521,0.999954756719734,-1.64338776291527,-0.90608237614813,-1.87120589138475,1.02269155984641,0.51854408898517,-0.238779310525502
"958","2018-05-11",2018,"Jun",22,154,1.18930503948608,1.53995664660056,-1.53887684663703,-0.72959954766163,-1.89798295982179,0.468804549431314,0.31667937176476,-0.71714426727946
"959","2018-05-18",2018,"Jun",23,161,1.13909293175079,1.27617044261624,-1.89626887770819,-1.10959286330753,-2.102814208301,1.19661152315985,1.00438634704415,0.0692316979944446
"960","2018-05-25",2018,"Jun",24,168,-0.0986614479358782,-0.248071487922121,-2.00446019074356,-0.915490090070135,-2.64666491005747,0.486939530860441,-0.778423383812671,-0.593091846402018
"961","2018-06-01",2018,"Jun",25,175,-0.124778642026412,-0.483483412836073,-1.94788813833085,-0.953523176845008,-2.96378083458914,-0.0967793789577324,-0.75060641537798,-0.410189021757897
"962","2018-06-08",2018,"Jul",26,182,1.68912178145784,0.273910485664163,-1.87978601286079,-0.903502025073639,-2.73512718012987,0.829771237995211,1.24913052360353,-0.7636635479171
"963","2018-06-15",2018,"Jul",27,189,0.919421616610334,0.917774974275625,-1.61168291942095,-1.06443985212047,-2.19916384803902,1.75689967490347,1.90135193696752,-1.09712611363726
"964","2018-06-22",2018,"Jul",28,196,-0.809117113686907,0.362063459592617,-1.36870854162534,-0.90607880286996,-2.09948713901369,0.486182187478699,0.980367659286429,-0.472337779983031
"965","2018-06-29",2018,"Jul",29,203,-1.94974228726293,0.777374113728021,-1.26129804554013,-0.884302279562474,-1.95088697157894,1.16787785163774,0.940503208587187,-0.23589685114411
"966","2018-07-06",2018,"Jul",30,210,-2.46327977505442,1.71709642983971,-1.2623053782612,-0.877040909724705,-1.74103377633712,2.15550169293661,1.47336343245455,-0.826483275485401
"967","2018-07-13",2018,"Aug",31,217,-3.01201421996951,2.31854034787729,-1.28112594423738,-0.758340266245212,-1.78487512509539,2.42335587794736,1.28750703160396,-0.287304458495196
"968","2018-07-20",2018,"Aug",32,224,-2.1706593735426,1.27408348985981,-1.3279728714054,-0.758450990792302,-1.87224866172641,1.51535192941188,1.36151832336629,-0.812341441584279
"969","2018-07-27",2018,"Aug",33,231,-2.17394638293179,1.40213518785002,-1.24685686732176,-0.745020470751982,-1.94484781196654,1.73262060162925,0.316710092565845,-0.685930622162566
"970","2018-08-03",2018,"Aug",34,238,-1.8662251932722,0.169138770602626,-1.36410113811065,-0.846728558152961,-1.95215911504144,0.860211941661499,-0.553934493374294,-1.04231162346132
"971","2018-08-10",2018,"Sep",35,245,-1.70605520840173,-0.202960760832962,-1.37298184966894,-0.922529773219256,-1.88040245228038,0.202800329046915,-0.252800335897873,-0.445625763509488
"972","2018-08-17",2018,"Sep",36,252,-1.44616756604414,0.816509232907843,-1.27348283410612,-0.658942133779208,-1.74599344047729,0.646648192520744,0.216042449664423,-0.134946651650831
"973","2018-08-24",2018,"Sep",37,259,-0.785615421980985,0.77961209064926,-1.16992573512683,-0.766780455131728,-1.81681238319589,0.947129879361918,0.429752939780506,-1.08802995523269
"974","2018-08-31",2018,"Sep",38,266,-1.32775817434191,1.6670685048959,-1.09277222547648,-0.725690401076727,-1.64282900288543,2.03261636827339,0.346357579055732,3.5183408799518
"975","2018-09-07",2018,"Sep",39,273,1.2149174452119,-0.158796294306408,-1.09873062627106,-0.814897332076474,-1.25750030168269,1.69658084830931,1.50312824623656,-0.597003836509098
"976","2018-09-14",2018,"Oct",40,280,0.186257836864093,0.270724781818483,-1.30762344201026,-0.947754683708776,-1.4696540255209,1.25225842888102,0.0530093583894794,-1.16335361882925
"977","2018-09-21",2018,"Oct",41,287,2.46276104564535,2.2681690478803,-1.43421243535713,-1.07388331176693,-1.88243988532498,3.53013596771876,2.03481843562271,-1.01618037911774
"978","2018-09-28",2018,"Oct",42,294,1.36883824763242,1.37372097868614,-1.47989917661806,-1.13206013312115,-2.01015203970339,2.37045237947198,1.05174878793302,-1.21093509714758
"979","2018-10-05",2018,"Oct",43,301,-1.74989510327224,-0.598052831741879,-1.53525636599429,-1.27089461641222,-1.74725366682334,-0.416853135200831,-1.64717243070935,0.446875440580448
"980","2018-10-12",2018,"Nov",44,308,-0.169232629679939,-0.710642132703392,-1.6908003075202,-1.42633250474447,-1.92561767302875,-0.0679318684136265,-0.245358410266156,-0.838621017939108
"981","2018-10-19",2018,"Nov",45,315,1.44723828200754,1.78721093112025,-2.0733338436974,-1.82376660122532,-2.00995758406777,1.42409082540495,1.28752035451186,-0.85256737904325
"982","2018-10-26",2018,"Nov",46,322,1.60330516488148,0.207524381262021,-2.38984591095869,-2.08980128601529,-2.13717309834145,0.378828192934882,1.51274640463367,-0.240749057202824
"983","2018-11-02",2018,"Nov",47,329,-1.37445596410805,-1.43590451891003,-2.62276184256085,-2.08982793459987,-2.67793517965584,-1.09924856658128,-1.29558629118626,-0.252341687463651
"984","2018-11-09",2018,"Dec",48,336,-0.530817764274866,0.102662213152851,-2.59873364525291,-1.89390462299939,-2.12550188856383,0.415674274521609,-0.502186710298235,-0.396807100164483
"985","2018-11-16",2018,"Dec",49,343,-0.0222112211699907,1.23822943975687,-2.60754388634443,-1.75026969549677,-1.50550110722971,0.270406663283439,-0.194203042406712,1.83313636350196
"986","2018-11-23",2018,"Dec",50,350,-0.541858115746445,-0.740418684767873,-2.79868991413422,-1.47212939888231,-0.837696715321192,-0.0751075127210139,-0.599372730527779,-0.811818156380446
"987","2018-11-30",2018,"Dec",51,357,-0.768375063816622,0.748587285327624,-2.92972240763509,-1.27445760179164,-0.665678155221111,0.355825027693323,-0.674538414234367,1.77206506585788
"988","2018-12-07",2018,"Dec",53,365,0.137009450738473,0.223664656381721,-2.80010264875373,-1.41558757290631,-1.03391478990953,-0.322525601244022,0.391613194218799,-0.690544880975329
"989","2018-12-14",2019,"Jan",1,7,0.549775058509892,0.336950638147051,-1.97488914446576,-1.25999037524175,-2.03059109302923,0.407582847999271,0.335950775711021,-0.478904969206007
"990","2018-12-21",2019,"Jan",2,14,-0.55626941702556,0.0569775018683462,-1.57557978951727,-0.436946582432344,-1.38094950073425,-0.437435593000963,-1.23634284523159,1.83652764370606
"991","2018-12-28",2019,"Jan",3,21,1.60819844502735,-0.367484049925103,-2.00067652545629,0.29708508681136,-1.70644957928575,0.740958663999329,1.49484582497276,-0.62104625158751
"992","2019-01-04",2019,"Jan",4,28,0.300702155450255,-0.556632892663216,-2.25397483889891,0.174993709383269,-1.92092502701239,-0.683187493561026,-0.545455335402687,0.823343074871842
"993","2019-01-11",2019,"Feb",5,35,1.24468731173824,-0.263338463618561,-1.39648936026261,0.552822275655544,-2.14998228843674,-0.149265348760187,0.381151674545413,-0.921676933632083
"994","2019-01-18",2019,"Feb",6,42,-0.146398240180148,0.287508636819452,-0.852991186955742,0.60609348963849,-2.19425027747197,0.208071389458947,-0.254095278614905,0.893777641588939
"995","2019-01-25",2019,"Feb",7,49,2.13780430974878,2.10092158843245,-0.966181477924592,0.528526406538005,-2.43724870046984,3.70295793107619,2.7110217892248,-0.967666322225327
"996","2019-02-01",2019,"Feb",8,56,1.58601790213019,1.53068829080843,-1.73836114587555,0.421475996852094,-2.52565691768645,3.37196826749621,1.60172843100745,-0.898441828368351
"997","2019-02-08",2019,"Mar",9,63,0.863616335920479,1.67087986052814,-1.58277945814698,0.490146362833845,-1.88404412382082,3.09086780470487,0.265230619922304,0.331346334755575
"998","2019-02-15",2019,"Mar",10,70,-0.829651710143599,0.67629706551481,-1.56587467058321,0.800774540479738,-1.42731776879168,0.635774214630627,-1.0492796912132,1.15564762318309
"999","2019-02-22",2019,"Mar",11,77,-1.52873679324166,0.103395010059807,-1.54577816417967,1.07006331654453,-1.77470286886002,-0.226812291583947,-1.48155316683277,1.68789042084307
"1000","2019-03-01",2019,"Mar",12,84,1.12831004850754,0.799449373177547,-2.03597892881985,0.631629100796006,-2.02703092032749,1.27291366206595,1.11336627954104,-0.795595234849681
"1001","2019-03-08",2019,"Apr",13,91,0.505182636799557,0.342560312773902,-1.921136842383,0.301281478875736,-1.99966661933227,0.451232909675181,0.326316195845387,-0.702513993730772
"1002","2019-03-15",2019,"Apr",14,98,-0.423734556145226,0.562096131700273,-1.8793067143962,0.53659338784324,-1.99571160386046,0.0936720855194888,-0.603705268007911,-0.209884706790928
"1003","2019-03-22",2019,"Apr",15,105,-1.07750945647952,-1.40247332686104,-1.89517470203306,0.35660390130517,-1.72131132809936,-0.852462015092246,-0.450391374360192,-0.717545730721482
"1004","2019-03-29",2019,"Apr",16,112,0.822580086246711,1.11520758557605,-2.05082629525661,0.100503565657085,-1.91063313019695,1.53817461799789,1.95816296936491,-1.01011414258373
"1005","2019-04-05",2019,"Apr",17,119,-0.325537558900448,0.377214763501318,-1.81072489944164,-0.134337280890303,-1.95921578415652,-0.197495245176532,0.224706677013894,0.679147488954481
"1006","2019-04-12",2019,"May",18,126,-0.804139448799968,-1.50214983035717,-1.16428219957449,0.708279244735956,-1.24802163056425,-0.573674357673191,0.182447442543049,-0.269128125149734
"1007","2019-04-19",2019,"May",19,133,-0.938678422742439,-1.33922065216839,-0.705022489582365,0.959808729699352,-0.273778455384588,-0.729281859517282,-0.444200934289557,0.891411725566735
"1008","2019-04-26",2019,"May",20,140,-1.05442486407177,-0.726698951061047,-0.74359072207947,0.860760285465343,-0.278864299383119,-0.367243834907998,-0.499155250591586,0.74861529495824
"1009","2019-05-03",2019,"May",21,147,-0.422298208354773,-0.0924118983624182,-0.393544315493663,0.971229624309261,0.0955552506534797,-0.0397237124730848,-0.137854701647893,0.130210676006022
"1010","2019-05-10",2019,"Jun",22,154,0.0596320550421182,0.983515561297757,-0.416781008178297,0.881550981628362,-0.408100892064716,1.32003992861228,0.812468378933009,-0.421195103787802
"1011","2019-05-17",2019,"Jun",23,161,-0.0111018401783523,0.790777126509615,-1.38781634271559,-0.0995658440737406,-1.070466470455,0.984520710592507,0.342840419999199,-0.24732053781588
"1012","2019-05-24",2019,"Jun",24,168,-0.787108567080239,0.962206583512603,-0.397844500684255,1.16428324466468,-0.283257832729054,0.667655592469479,-0.335331804944293,1.22008034487064
"1013","2019-05-31",2019,"Jun",25,175,0.697143588707993,1.41407871794622,-0.318676988125778,1.12536255210092,-0.699779693250066,1.50043555811559,1.68387684798686,-0.498233936549165
"1014","2019-06-07",2019,"Jul",26,182,0.0683234071597142,2.30162605899694,-1.05398935240699,-0.0230378753048508,-1.68528923937796,2.97218711659773,1.95619353569628,-0.874976711466264
"1015","2019-06-14",2019,"Jul",27,189,0.211531864405749,-0.611418968388009,-1.36288863716265,-0.763058378728264,-2.04036626692663,0.414230633933503,0.393787792322765,-0.980701133924764
"1016","2019-06-21",2019,"Jul",28,196,-1.30054007002588,-0.974869509427565,-1.06119163398163,-0.756967445031874,-1.29534912850038,-0.893134340670593,-1.13870661462429,-0.354789358840456
"1017","2019-06-28",2019,"Jul",29,203,-0.205182150623042,-0.0646755753488845,-0.864149552242274,-0.614193547192667,-0.877758261116698,-0.0281559935105498,-0.505003765067608,-0.621468049275114
"1018","2019-07-05",2019,"Jul",30,210,0.308225414349307,1.60784131897301,-0.99512837031036,-0.618755699187664,-1.33427978374322,2.01036375438625,1.26070414913091,-0.662421836374359
"1019","2019-07-12",2019,"Aug",31,217,0.250187638671584,0.240075870065641,-1.02675647982777,-0.449030130776656,-1.60400834710008,0.130447178514859,0.0239074982299881,0.467288033575797
"1020","2019-07-19",2019,"Aug",32,224,0.522383575628625,0.250169788253061,-0.845535523751026,-0.358420962721327,-1.5385126148247,-0.033956123729274,0.0203679144459603,0.145065547141916
"1021","2019-07-26",2019,"Aug",33,231,0.316575876226956,-0.48626794175974,-0.966611772452294,-0.324366119007449,-1.66998825391338,-0.0894540203855402,0.0603557487507436,-0.136697917584001
"1022","2019-08-02",2019,"Aug",34,238,0.706759600609485,1.08850249156841,-1.10970564587419,-0.318071643275118,-1.78056837206496,1.86069250762495,1.88015191654621,-1.19354941664304
"1023","2019-08-09",2019,"Sep",35,245,-0.0681066902780877,2.00329595872987,-1.17106698560189,-0.34485450395685,-1.73525343946855,1.95224564767,0.832252661036486,-0.358783935150883
"1024","2019-08-16",2019,"Sep",36,252,0.0754162652958121,-0.316198658476547,-1.34879477248244,-0.349600575302063,-1.94327624583039,0.490858027644197,0.374395537689322,-0.682462161556045
"1025","2019-08-23",2019,"Sep",37,259,0.232059578908579,0.376371667740024,-1.27513680455124,-0.531514540870169,-2.03588552380569,0.438233512844225,0.711432045480827,-0.876732242971036
"1026","2019-08-30",2019,"Sep",38,266,0.125754056520793,0.0355364083896759,-1.22098992180629,-0.555233209952398,-1.89105200208565,0.507061552418957,0.479655044792992,-0.549567881873755
"1027","2019-09-06",2019,"Sep",39,273,-0.990263755135777,0.368432508924392,-1.16939611200592,-0.666284725824001,-2.02653473350394,-0.317689922070792,-0.937405249429101,0.297773818008854
"1028","2019-09-13",2019,"Oct",40,280,-1.13185931561107,-1.35535692133831,-0.90752518125348,-0.500951495747935,-1.46850231060651,-0.786812439351803,-0.902751123601077,0.813400410410281
"1029","2019-09-20",2019,"Oct",41,287,-0.304308017685361,1.06088545751713,-0.744686401221902,-0.429907467890024,-1.18325668416311,1.2188618920746,-0.245557544508594,0.957720430658112
"1030","2019-09-27",2019,"Oct",42,294,-0.237044159520549,1.29848961232896,-0.565840963667409,-0.460958732200234,-1.00348504762564,1.00668896194569,-0.19316266529119,0.177631441410138
"1031","2019-10-04",2019,"Oct",43,301,0.281860682354303,0.698041510208842,-0.895724621665229,-0.837492378873368,-1.08944247320577,0.27200158760576,0.454823739222683,-0.856088769475029
"1032","2019-10-11",2019,"Nov",44,308,-0.102108285147273,-0.602230712086966,-1.02874047498912,-1.15518466274815,-1.36966106746737,-0.618727186282724,0.377253382655045,-0.240968948981081
"1033","2019-10-18",2019,"Nov",45,315,-0.196529290612651,-0.398941060511846,-0.632513259501481,-0.88444951398384,-1.14918066403164,-0.473816933668788,0.0219504457953503,-0.145461310903279
"1034","2019-10-25",2019,"Nov",46,322,-0.319091462923331,-0.703522318251842,-0.821723697415027,-0.276200395574837,-0.823914893257543,-0.279626622036219,0.104429151743491,0.0387099690001987
"1035","2019-11-01",2019,"Nov",47,329,-0.399679936285909,-0.648608621326906,-0.554893673977975,0.319570672417033,-0.288465347578955,-0.848316576629096,0.080688535314936,-0.772512296318227
"1036","2019-11-08",2019,"Dec",48,336,0.327538332215517,0.572575777980617,-0.44067171666947,0.454150368815075,-0.256544654275631,0.706919287452906,0.682439096561425,0.0109502955095177
"1037","2019-11-15",2019,"Dec",49,343,0.396605164816615,0.439087168627263,-0.581198743112452,0.513639727576525,-0.355280779024955,0.323830374634003,0.685734696371859,-0.0573054374655459
"1038","2019-11-22",2019,"Dec",50,350,-0.239466443318181,0.617036604188067,-0.374213853059067,0.782820581379686,0.00824674218662537,1.1818002108672,0.143363365086419,0.431420992660021
"1039","2019-11-29",2019,"Dec",51,357,0.990170108831622,1.73952502345073,-0.743888487550756,0.650714918494773,-0.151288454933469,3.61797767294966,1.16434747895759,-0.679255758969353
"1040","2019-12-06",2019,"Dec",53,365,0.886914293588089,0.134904975106667,-0.707198286817753,0.922843141408629,-0.372066074456464,1.81642678388043,1.82440906722045,-0.433730641207548
"1041","2019-12-13",2020,"Jan",1,7,0.97352328805131,0.490421557287374,-0.259864741252289,-0.569547210234812,-1.51349634914689,1.21365932941139,1.0729782985934,-0.502773252074752
"1042","2019-12-20",2020,"Jan",2,14,-0.101612190765495,0.925631964768521,0.0380396868278626,-0.454801691023402,-0.875358726046265,0.654130792416868,-0.155261946830074,-0.0331012158414637
"1043","2019-12-27",2020,"Jan",3,21,1.39261717624497,1.39350595354724,-0.103149858412007,-0.83368525788801,-1.68961309338353,2.5814872557898,2.0055059161126,-0.918620734055484
"1044","2020-01-03",2020,"Jan",4,28,-0.317549860874143,0.396469532042487,0.0551907664847709,-0.721951921744875,-1.81127976055827,-0.216592729606321,-0.459264734274353,-0.352395411459422
"1045","2020-01-10",2020,"Feb",5,35,-0.662591342321509,1.23617924870421,0.653257720143215,-0.0832070654518054,-0.9526848360889,0.83473560124466,-0.564861983123043,1.75032526998704
"1046","2020-01-17",2020,"Feb",6,42,0.408604580402764,0.655059832057435,0.484930133866216,-0.139801914068541,-1.16839058129528,1.27853362612754,0.92015701017438,1.335901324542
"1047","2020-01-24",2020,"Feb",7,49,-0.209668820687572,1.46995778991479,0.426263042352313,-0.269315043446969,-1.4369330121417,1.27745798235278,-0.361386601865917,0.63900606757142
"1048","2020-01-31",2020,"Feb",8,56,-0.369708617659754,1.10559958466098,0.83182406508803,-0.15408326230945,-0.548033162699299,0.884012239288101,-0.4392920005596,1.34087680338435
"1049","2020-02-07",2020,"Mar",9,63,-0.595241299234181,0.196556157512233,0.907738053032141,-0.00422321259959836,-0.413179970207372,-0.245644381640271,-0.210332613032656,1.20868065176373
"1050","2020-02-14",2020,"Mar",10,70,-1.59405670360556,0.267224796266219,1.03857955318175,-0.0643210805375979,-0.656969176694812,-0.605887863783433,-1.25775167509522,1.207351540185
"1051","2020-02-21",2020,"Mar",11,77,0.718854233869403,0.962643197108537,0.809553369079524,-0.51110462415672,-1.22350578313855,1.47227769787308,1.10706431093894,0.347345116044609
"1052","2020-02-28",2020,"Mar",12,84,0.133125143115156,-0.11203224105085,0.0463188491480026,-0.979610164704963,-1.93844701069269,0.420514957880068,0.943322549690132,-0.772381161899522
"1053","2020-03-06",2020,"Mar",13,91,0.234956698213266,-0.711271005442821,-0.302441641753006,-0.99856822408758,-1.85085554261632,0.268875326840161,1.23688033046829,-0.663499888192225
"1054","2020-03-13",2020,"Apr",14,98,0.917792175510677,0.374296122885784,-0.645039705071203,-1.11134361935337,-2.09475147331256,1.54678615478771,1.40998037981395,-1.09140047531283
"1055","2020-03-20",2020,"Apr",15,105,1.36622157318081,1.10645865383656,-1.66312211434117,-1.2521341044492,-1.95575505254499,2.11404721988546,1.56164627401482,-0.792142069063814
"1056","2020-03-27",2020,"Apr",16,112,1.59309027683688,0.741043561780228,-2.46599368897145,-1.36637783898954,-2.29547879742791,0.778321886313133,1.63060597606731,-0.254086285351768
"1057","2020-04-03",2020,"Apr",17,119,1.58722873652353,0.67836614697596,-2.58342633574048,-1.40673615068135,-2.6479960984276,1.66041901942099,2.02084281592322,-0.935578738607737
"1058","2020-04-10",2020,"May",18,126,-0.461726502454339,-1.11014017631923,-1.90876785752159,-0.602582531820912,-3.20231292869105,-0.982783634422457,-0.559712747272588,0.419413982240926
"1059","2020-04-17",2020,"May",19,133,0.700991634876355,-0.0496344916165003,-1.74496077061312,-0.772983708019634,-3.41967231489513,0.667747572301046,0.386925954369118,-0.194448103920058
"1060","2020-04-24",2020,"May",20,140,1.13789528292654,-0.332971373775527,-1.45923106544588,-0.507024020237172,-3.08484882464097,1.0467455975231,1.39762109235308,-1.12042906369662
"1061","2020-05-01",2020,"May",21,147,-0.0964348384827103,-0.253200313450377,-1.31344610700428,-1.02521949153403,-2.97393958688437,-0.291923591033102,-0.528087512619924,-0.148905055928086
"1062","2020-05-08",2020,"Jun",22,154,1.95256758444012,0.00805932175232593,-1.15109541606988,-1.04634774351787,-2.81254478425323,0.909902527838157,1.99976072144001,-0.934099481117329
"1063","2020-05-15",2020,"Jun",23,161,-0.806985898480189,-0.819959204368795,-0.977751723042752,-0.87015533662258,-2.62674263361482,-0.329915994085432,-1.16412656581636,-1.01500709771518
"1064","2020-05-22",2020,"Jun",24,168,-1.20840279784767,0.183753267425871,0.638482664997148,0.592698653294062,-1.17247728237903,-1.51471224663469,-1.58251417788488,3.47327042521567
"1065","2020-05-29",2020,"Jun",25,175,0.480574741126033,0.0779118916834661,1.24088421263881,0.933115944028829,0.780671091906472,-0.0051855148829724,-0.189010747540938,0.981791687357179
"1066","2020-06-05",2020,"Jun",26,182,1.18842567738787,0.567701694668242,0.310696555503426,-0.255410505896236,-0.580450069457905,0.721312806904723,0.620582214140937,-0.799295162369458
"1067","2020-06-12",2020,"Jul",27,189,1.09561029572992,0.111065621469819,-0.387215022422949,-0.747067735030893,-1.68249936654488,-0.00161566502704631,0.509414287439382,-0.89157353646124
"1068","2020-06-19",2020,"Jul",28,196,0.700918984845855,-0.0387909026099055,-0.546280288125286,-0.703133790437466,-2.1225573240808,0.36686072698828,0.163488025475152,-0.712743583768442
"1069","2020-06-26",2020,"Jul",29,203,0.922189357396734,-0.467559799576034,-0.690472085054689,-0.758864600579799,-2.25623496167842,0.133488564379167,0.159741471774668,-0.905291292343768
"1070","2020-07-03",2020,"Jul",30,210,1.10608122434115,0.0664077833737355,-0.858189801149035,-0.757383337683294,-2.20478381529846,0.609871117506074,0.602215441581508,-0.618939771010629
"1071","2020-07-10",2020,"Aug",31,217,0.476064184215096,0.324659290524,-0.927934398522436,-0.549581470361023,-1.95306180604519,0.59007928256686,0.706877818874132,0.816977237218448
"1072","2020-07-17",2020,"Aug",32,224,0.527108331208582,1.54390230894157,-0.974037281495051,-0.44486015194362,-1.86450675097156,1.68809331745093,1.34805121456015,-0.538822210072955
"1073","2020-07-24",2020,"Aug",33,231,-0.683269370868721,0.77484617819202,-0.846206156943431,-0.248160767437357,-1.53853497326478,-0.232130283080448,-1.1018186650908,0.859244053385136
"1074","2020-07-31",2020,"Aug",34,238,0.8793622317866,0.715050607672639,-0.931521701366164,-0.367256064259457,-1.80513396333094,0.885707918236412,0.473035872539524,-0.842217520023546
"1075","2020-08-07",2020,"Sep",35,245,-0.741956817815234,-0.57845580630942,-0.770858426282113,-0.397251625926942,-2.01317015853657,-0.273493204658646,-1.38948712646506,1.04881913164385
"1076","2020-08-14",2020,"Sep",36,252,1.00701848715809,0.214429980376436,-0.76343642561415,-0.280712384488203,-2.17457046722193,0.436926989216818,0.56576225665658,-0.919430336791699
"1077","2020-08-21",2020,"Sep",37,259,1.76822133764363,1.54218290856475,-0.867953199157783,-0.428725353318963,-2.19171193346958,1.92722600008218,1.75202366646574,-1.12392424383886
"1078","2020-08-28",2020,"Sep",38,266,1.93775512181779,1.32456217297805,-0.914027486744584,-0.426601373370999,-2.0389004259558,1.56708909653007,1.75454543665209,-0.777368217467377
"1079","2020-09-04",2020,"Sep",39,273,0.406352124481475,-0.261348726154361,-0.818901259094726,-0.411201720910502,-1.87183301316068,0.664759580211762,0.220765081955085,0.50990870196441
"1080","2020-09-11",2020,"Oct",40,280,0.381420880494304,0.167158863819768,-1.1214636968645,-0.663950599487253,-1.97212273809034,-0.0464028948089158,0.129213067811649,-0.410353922941343
"1081","2020-09-18",2020,"Oct",41,287,-0.502111078310308,-0.252941595429519,-0.833238466976357,-0.0901545284561585,-1.67368820692469,-0.544583115739902,-0.73804900204267,0.530906470406902
"1082","2020-09-25",2020,"Oct",42,294,-1.1410821856642,-0.803712336426261,-0.623585762858656,0.261952317321008,-1.09705919898669,-0.640160248273123,-1.37227352310484,1.20874932050217
"1083","2020-10-02",2020,"Oct",43,301,-0.0635946648735725,0.844477004534606,-0.899541932054449,-0.724371924479588,-1.33865522962566,1.14733652795912,-0.412878894069323,-0.131093119521978
"1084","2020-10-09",2020,"Nov",44,308,-0.40280999473824,1.10527754257482,-0.637977733839695,-0.500029499422358,-0.969010810728714,0.00438721681586749,-0.725172413514059,0.951802394838849
"1085","2020-10-16",2020,"Nov",45,315,2.22338957989883,0.845391608901845,-0.97344437080415,-1.14718867017714,-1.16592602036087,2.21339645578103,2.46309885994181,-1.03288343344237
"1086","2020-10-23",2020,"Nov",46,322,0.669146162038478,1.28886355841435,-1.33622526896126,-1.66058553162663,-1.49717946505901,0.789188834187832,0.196866358254725,-0.772398631446069
"1087","2020-10-30",2020,"Nov",47,329,1.45544772696669,0.409908605399811,-1.34416207117248,-1.87583973481734,-2.14191278057243,0.508576495284601,1.33852967274795,-0.42147230450452
"1088","2020-11-06",2020,"Dec",48,336,1.34990656997281,-0.506044950983425,-1.06538900635705,-1.96888501870825,-2.52972837224487,-0.32071184901469,1.58684528156419,-0.8614608766302
"1089","2020-11-13",2020,"Dec",49,343,0.099485342506065,-0.498305460867307,-1.23200335867845,-2.33757308387268,-3.58017237807273,-0.21920041889804,-0.0756442621963401,-0.879266511115421
"1090","2020-11-20",2020,"Dec",50,350,-0.53488223608752,0.29712275349501,-0.943378793519376,-2.59023145694841,-4.01577879780055,-0.365154728024898,-0.400291879699076,-0.829596493990062
"1091","2020-11-27",2020,"Dec",51,357,1.33158057725456,1.26040547570755,-0.798660924666337,-2.67889042373133,-4.06700406515146,0.0868732039396072,0.914293329489898,-0.72986031301257
"1092","2020-12-04",2020,"Dec",53,366,-0.645446386168441,0.229116254089663,-0.0618304037389128,-1.18044654516046,-3.70906725013899,-0.344607768751717,-0.348262089786216,0.0183092585960671
