"","week","AverageWeeklyMeanT","sd","year","WeeklyMeanT"
"1",1,-0.0209732142857143,5.29463173337905,1989,2.01214285714286
"2",1,-0.0209732142857143,5.29463173337905,2018,4.41657142857143
"3",1,-0.0209732142857143,5.29463173337905,2017,-3.579
"4",1,-0.0209732142857143,5.29463173337905,2002,-6.61571428571429
"5",1,-0.0209732142857143,5.29463173337905,2015,1.11828571428571
"6",1,-0.0209732142857143,5.29463173337905,1999,4.61957142857143
"7",1,-0.0209732142857143,5.29463173337905,2012,4.63442857142857
"8",1,-0.0209732142857143,5.29463173337905,1996,-5.161
"9",1,-0.0209732142857143,5.29463173337905,2010,-7.62685714285714
"10",1,-0.0209732142857143,5.29463173337905,2019,2.40628571428571
"11",1,-0.0209732142857143,5.29463173337905,2009,-6.69685714285714
"12",1,-0.0209732142857143,5.29463173337905,1993,-5.79385714285714
"13",1,-0.0209732142857143,5.29463173337905,2006,-0.650857142857143
"14",1,-0.0209732142857143,5.29463173337905,2016,-1.411
"15",1,-0.0209732142857143,5.29463173337905,2003,-1.11857142857143
"16",1,-0.0209732142857143,5.29463173337905,2013,5.36042857142857
"17",1,-0.0209732142857143,5.29463173337905,1997,-10.851
"18",1,-0.0209732142857143,5.29463173337905,2011,-1.242
"19",1,-0.0209732142857143,5.29463173337905,2000,2.30771428571429
"20",1,-0.0209732142857143,5.29463173337905,1994,3.28628571428571
"21",1,-0.0209732142857143,5.29463173337905,2008,-0.505714285714286
"22",1,-0.0209732142857143,5.29463173337905,2007,5.39471428571429
"23",1,-0.0209732142857143,5.29463173337905,2020,1.27242857142857
"24",1,-0.0209732142857143,5.29463173337905,2004,-2.56514285714286
"25",1,-0.0209732142857143,5.29463173337905,2014,4.75785714285714
"26",1,-0.0209732142857143,5.29463173337905,1998,5.19771428571429
"27",1,-0.0209732142857143,5.29463173337905,2001,3.20428571428571
"28",1,-0.0209732142857143,5.29463173337905,1995,-5.59514285714286
"29",1,-0.0209732142857143,5.29463173337905,1990,-2.56414285714286
"30",1,-0.0209732142857143,5.29463173337905,1992,2.84728571428571
"31",1,-0.0209732142857143,5.29463173337905,2005,4.485
"32",1,-0.0209732142857143,5.29463173337905,1991,3.98471428571429
"33",2,0.991165178571429,4.45434568425441,2018,1.017
"34",2,0.991165178571429,4.45434568425441,2001,-1.75728571428571
"35",2,0.991165178571429,4.45434568425441,2010,-6.37842857142857
"36",2,0.991165178571429,4.45434568425441,2012,3.54271428571429
"37",2,0.991165178571429,4.45434568425441,2017,-0.0311428571428571
"38",2,0.991165178571429,4.45434568425441,2019,1.805
"39",2,0.991165178571429,4.45434568425441,2011,4.35285714285714
"40",2,0.991165178571429,4.45434568425441,1992,1.62128571428571
"41",2,0.991165178571429,4.45434568425441,2003,-5.65171428571429
"42",2,0.991165178571429,4.45434568425441,1994,2.89071428571429
"43",2,0.991165178571429,4.45434568425441,1996,0.731571428571429
"44",2,0.991165178571429,4.45434568425441,2020,4.72371428571429
"45",2,0.991165178571429,4.45434568425441,2002,-2.65885714285714
"46",2,0.991165178571429,4.45434568425441,1989,4.37642857142857
"47",2,0.991165178571429,4.45434568425441,2004,2.94
"48",2,0.991165178571429,4.45434568425441,2015,5.09028571428571
"49",2,0.991165178571429,4.45434568425441,1997,-6.05771428571429
"50",2,0.991165178571429,4.45434568425441,2013,-0.888428571428572
"51",2,0.991165178571429,4.45434568425441,1999,-0.355285714285714
"52",2,0.991165178571429,4.45434568425441,1995,-2.879
"53",2,0.991165178571429,4.45434568425441,1993,4.65885714285714
"54",2,0.991165178571429,4.45434568425441,1998,5.40357142857143
"55",2,0.991165178571429,4.45434568425441,1990,0.0301428571428571
"56",2,0.991165178571429,4.45434568425441,2005,4.97214285714286
"57",2,0.991165178571429,4.45434568425441,2016,2.119
"58",2,0.991165178571429,4.45434568425441,2007,7.55857142857143
"59",2,0.991165178571429,4.45434568425441,2014,3.63242857142857
"60",2,0.991165178571429,4.45434568425441,2000,-0.377714285714286
"61",2,0.991165178571429,4.45434568425441,2006,-2.75385714285714
"62",2,0.991165178571429,4.45434568425441,1991,3.50085714285714
"63",2,0.991165178571429,4.45434568425441,2009,-6.62728571428571
"64",2,0.991165178571429,4.45434568425441,2008,3.16685714285714
"65",3,0.390669642857143,3.97877536173682,2002,0.131142857142857
"66",3,0.390669642857143,3.97877536173682,2013,-6.28857142857143
"67",3,0.390669642857143,3.97877536173682,2020,3.19
"68",3,0.390669642857143,3.97877536173682,2017,-4.792
"69",3,0.390669642857143,3.97877536173682,2019,-1.50242857142857
"70",3,0.390669642857143,3.97877536173682,1994,-0.934
"71",3,0.390669642857143,3.97877536173682,2006,-1.468
"72",3,0.390669642857143,3.97877536173682,2014,1.79714285714286
"73",3,0.390669642857143,3.97877536173682,2010,-1.418
"74",3,0.390669642857143,3.97877536173682,2004,0.281857142857143
"75",3,0.390669642857143,3.97877536173682,1996,-3.76214285714286
"76",3,0.390669642857143,3.97877536173682,2018,0.724428571428571
"77",3,0.390669642857143,3.97877536173682,2001,-4.66757142857143
"78",3,0.390669642857143,3.97877536173682,1999,4.957
"79",3,0.390669642857143,3.97877536173682,1995,-0.0848571428571428
"80",3,0.390669642857143,3.97877536173682,2012,-0.145428571428571
"81",3,0.390669642857143,3.97877536173682,1992,0.277714285714286
"82",3,0.390669642857143,3.97877536173682,1993,5.75585714285714
"83",3,0.390669642857143,3.97877536173682,2005,1.19242857142857
"84",3,0.390669642857143,3.97877536173682,1991,-2.84214285714286
"85",3,0.390669642857143,3.97877536173682,2007,5.71157142857143
"86",3,0.390669642857143,3.97877536173682,1998,2.24971428571429
"87",3,0.390669642857143,3.97877536173682,2000,0.826142857142857
"88",3,0.390669642857143,3.97877536173682,2015,0.518571428571429
"89",3,0.390669642857143,3.97877536173682,1997,-1.15585714285714
"90",3,0.390669642857143,3.97877536173682,2009,0.0974285714285714
"91",3,0.390669642857143,3.97877536173682,2003,2.28028571428571
"92",3,0.390669642857143,3.97877536173682,2011,2.74485714285714
"93",3,0.390669642857143,3.97877536173682,2016,-3.98342857142857
"94",3,0.390669642857143,3.97877536173682,1990,4.02328571428571
"95",3,0.390669642857143,3.97877536173682,2008,7.06257142857143
"96",3,0.390669642857143,3.97877536173682,1989,1.72385714285714
"97",4,-0.671129464285714,4.55294379477833,2012,0.173428571428571
"98",4,-0.671129464285714,4.55294379477833,2013,-5.619
"99",4,-0.671129464285714,4.55294379477833,2018,4.91285714285714
"100",4,-0.671129464285714,4.55294379477833,2007,-2.38228571428571
"101",4,-0.671129464285714,4.55294379477833,1996,-9.39271428571429
"102",4,-0.671129464285714,4.55294379477833,1997,0.488142857142857
"103",4,-0.671129464285714,4.55294379477833,1998,-4.27414285714286
"104",4,-0.671129464285714,4.55294379477833,2001,2.46714285714286
"105",4,-0.671129464285714,4.55294379477833,2003,2.55128571428571
"106",4,-0.671129464285714,4.55294379477833,2019,-2.55228571428571
"107",4,-0.671129464285714,4.55294379477833,1994,2.63842857142857
"108",4,-0.671129464285714,4.55294379477833,2014,-3.28542857142857
"109",4,-0.671129464285714,4.55294379477833,1989,-1.27885714285714
"110",4,-0.671129464285714,4.55294379477833,2010,-5.86157142857143
"111",4,-0.671129464285714,4.55294379477833,2020,0.178142857142857
"112",4,-0.671129464285714,4.55294379477833,2015,-0.223142857142857
"113",4,-0.671129464285714,4.55294379477833,2017,-4.53414285714286
"114",4,-0.671129464285714,4.55294379477833,2004,-2.43628571428571
"115",4,-0.671129464285714,4.55294379477833,1999,2.88771428571429
"116",4,-0.671129464285714,4.55294379477833,1995,3.60928571428571
"117",4,-0.671129464285714,4.55294379477833,2016,2.77014285714286
"118",4,-0.671129464285714,4.55294379477833,2002,6.47414285714286
"119",4,-0.671129464285714,4.55294379477833,2011,-0.947142857142857
"120",4,-0.671129464285714,4.55294379477833,2006,-7.15271428571429
"121",4,-0.671129464285714,4.55294379477833,2000,-3.69528571428571
"122",4,-0.671129464285714,4.55294379477833,1992,-4.00328571428571
"123",4,-0.671129464285714,4.55294379477833,2005,-3.415
"124",4,-0.671129464285714,4.55294379477833,1990,4.41928571428571
"125",4,-0.671129464285714,4.55294379477833,1991,-0.831428571428571
"126",4,-0.671129464285714,4.55294379477833,2009,-0.163428571428571
"127",4,-0.671129464285714,4.55294379477833,1993,2.73628571428571
"128",4,-0.671129464285714,4.55294379477833,2008,4.26571428571429
"129",5,-0.118107142857143,4.72595523332508,2019,-0.404571428571429
"130",5,-0.118107142857143,4.72595523332508,1997,-0.678714285714286
"131",5,-0.118107142857143,4.72595523332508,2017,1.446
"132",5,-0.118107142857143,4.72595523332508,2002,8.317
"133",5,-0.118107142857143,4.72595523332508,2012,-9.42542857142857
"134",5,-0.118107142857143,4.72595523332508,2020,6.19842857142857
"135",5,-0.118107142857143,4.72595523332508,2016,4.58671428571429
"136",5,-0.118107142857143,4.72595523332508,2013,3.70857142857143
"137",5,-0.118107142857143,4.72595523332508,2004,5.07371428571429
"138",5,-0.118107142857143,4.72595523332508,1996,-5.19828571428571
"139",5,-0.118107142857143,4.72595523332508,2005,-1.12542857142857
"140",5,-0.118107142857143,4.72595523332508,1994,1.55771428571429
"141",5,-0.118107142857143,4.72595523332508,2014,-1.29
"142",5,-0.118107142857143,4.72595523332508,1989,-1.16342857142857
"143",5,-0.118107142857143,4.72595523332508,2015,-0.706285714285714
"144",5,-0.118107142857143,4.72595523332508,2006,-4.57542857142857
"145",5,-0.118107142857143,4.72595523332508,2018,2.31514285714286
"146",5,-0.118107142857143,4.72595523332508,1999,-0.978857142857143
"147",5,-0.118107142857143,4.72595523332508,2010,-1.86514285714286
"148",5,-0.118107142857143,4.72595523332508,2000,4.81357142857143
"149",5,-0.118107142857143,4.72595523332508,1998,-5.05471428571429
"150",5,-0.118107142857143,4.72595523332508,2003,-1.847
"151",5,-0.118107142857143,4.72595523332508,1990,4.96314285714286
"152",5,-0.118107142857143,4.72595523332508,2011,-3.001
"153",5,-0.118107142857143,4.72595523332508,1995,2.62085714285714
"154",5,-0.118107142857143,4.72595523332508,2001,-1.11257142857143
"155",5,-0.118107142857143,4.72595523332508,1991,-6.05485714285714
"156",5,-0.118107142857143,4.72595523332508,2007,4.56728571428571
"157",5,-0.118107142857143,4.72595523332508,2008,1.39357142857143
"158",5,-0.118107142857143,4.72595523332508,1993,-7.64014285714286
"159",5,-0.118107142857143,4.72595523332508,2009,-1.93914285714286
"160",5,-0.118107142857143,4.72595523332508,1992,-1.28014285714286
"161",6,0.496901785714286,4.89093718670581,1996,-6.86085714285714
"162",6,0.496901785714286,4.89093718670581,2019,2.54042857142857
"163",6,0.496901785714286,4.89093718670581,2015,-0.557142857142857
"164",6,0.496901785714286,4.89093718670581,2003,-3.46485714285714
"165",6,0.496901785714286,4.89093718670581,2004,4.39114285714286
"166",6,0.496901785714286,4.89093718670581,2005,-1.51471428571429
"167",6,0.496901785714286,4.89093718670581,1997,3.35185714285714
"168",6,0.496901785714286,4.89093718670581,1999,-2.25685714285714
"169",6,0.496901785714286,4.89093718670581,2000,5.41442857142857
"170",6,0.496901785714286,4.89093718670581,1989,1.57685714285714
"171",6,0.496901785714286,4.89093718670581,2020,3.25742857142857
"172",6,0.496901785714286,4.89093718670581,2018,-2.71214285714286
"173",6,0.496901785714286,4.89093718670581,2001,5.87657142857143
"174",6,0.496901785714286,4.89093718670581,2002,6.57742857142857
"175",6,0.496901785714286,4.89093718670581,2016,4.36657142857143
"176",6,0.496901785714286,4.89093718670581,1998,1.61671428571429
"177",6,0.496901785714286,4.89093718670581,2012,-11.7852857142857
"178",6,0.496901785714286,4.89093718670581,2013,-1.97057142857143
"179",6,0.496901785714286,4.89093718670581,2006,-1.08242857142857
"180",6,0.496901785714286,4.89093718670581,2007,0.251857142857143
"181",6,0.496901785714286,4.89093718670581,1992,2.79857142857143
"182",6,0.496901785714286,4.89093718670581,2008,4.11542857142857
"183",6,0.496901785714286,4.89093718670581,1990,4.604
"184",6,0.496901785714286,4.89093718670581,2010,-4.302
"185",6,0.496901785714286,4.89093718670581,2011,4.53128571428571
"186",6,0.496901785714286,4.89093718670581,2017,-1.79242857142857
"187",6,0.496901785714286,4.89093718670581,1991,-8.61514285714286
"188",6,0.496901785714286,4.89093718670581,1994,1.05485714285714
"189",6,0.496901785714286,4.89093718670581,2014,3.71571428571429
"190",6,0.496901785714286,4.89093718670581,2009,0.790571428571429
"191",6,0.496901785714286,4.89093718670581,1993,-1.199
"192",6,0.496901785714286,4.89093718670581,1995,3.18257142857143
"193",7,0.491772321428571,4.0705313485024,2001,3.37142857142857
"194",7,0.491772321428571,4.0705313485024,2012,-0.62
"195",7,0.491772321428571,4.0705313485024,2019,4.085
"196",7,0.491772321428571,4.0705313485024,2020,5.07528571428571
"197",7,0.491772321428571,4.0705313485024,2015,-0.0872857142857143
"198",7,0.491772321428571,4.0705313485024,2000,1.24628571428571
"199",7,0.491772321428571,4.0705313485024,2002,2.45371428571429
"200",7,0.491772321428571,4.0705313485024,1999,-4.191
"201",7,0.491772321428571,4.0705313485024,2003,-6.841
"202",7,0.491772321428571,4.0705313485024,2011,0.109428571428571
"203",7,0.491772321428571,4.0705313485024,2013,-1.46914285714286
"204",7,0.491772321428571,4.0705313485024,2017,1.30285714285714
"205",7,0.491772321428571,4.0705313485024,2008,-0.776857142857143
"206",7,0.491772321428571,4.0705313485024,2004,1.99157142857143
"207",7,0.491772321428571,4.0705313485024,2005,-0.947571428571429
"208",7,0.491772321428571,4.0705313485024,1998,7.72214285714286
"209",7,0.491772321428571,4.0705313485024,2018,-0.986428571428571
"210",7,0.491772321428571,4.0705313485024,2014,4.018
"211",7,0.491772321428571,4.0705313485024,1996,0.169428571428571
"212",7,0.491772321428571,4.0705313485024,1989,1.99942857142857
"213",7,0.491772321428571,4.0705313485024,1990,2.17085714285714
"214",7,0.491772321428571,4.0705313485024,2009,-2.58342857142857
"215",7,0.491772321428571,4.0705313485024,1992,2.21885714285714
"216",7,0.491772321428571,4.0705313485024,2016,0.200142857142857
"217",7,0.491772321428571,4.0705313485024,2010,-4.57214285714286
"218",7,0.491772321428571,4.0705313485024,1995,5.42285714285714
"219",7,0.491772321428571,4.0705313485024,1994,-6.12785714285714
"220",7,0.491772321428571,4.0705313485024,2006,-0.134857142857143
"221",7,0.491772321428571,4.0705313485024,2007,4.001
"222",7,0.491772321428571,4.0705313485024,1991,-4.146
"223",7,0.491772321428571,4.0705313485024,1997,2.96214285714286
"224",7,0.491772321428571,4.0705313485024,1993,-1.30014285714286
"225",8,1.38215178571429,4.26775040290801,1989,4.37571428571429
"226",8,1.38215178571429,4.26775040290801,2017,4.94342857142857
"227",8,1.38215178571429,4.26775040290801,2018,-3.53685714285714
"228",8,1.38215178571429,4.26775040290801,2006,-1.30685714285714
"229",8,1.38215178571429,4.26775040290801,2015,1.84871428571429
"230",8,1.38215178571429,4.26775040290801,2019,4.466
"231",8,1.38215178571429,4.26775040290801,2002,1.01685714285714
"232",8,1.38215178571429,4.26775040290801,2003,-2.35585714285714
"233",8,1.38215178571429,4.26775040290801,1990,8.46585714285714
"234",8,1.38215178571429,4.26775040290801,2016,2.70428571428571
"235",8,1.38215178571429,4.26775040290801,2020,5.15742857142857
"236",8,1.38215178571429,4.26775040290801,2007,4.44385714285714
"237",8,1.38215178571429,4.26775040290801,2004,-1.57828571428571
"238",8,1.38215178571429,4.26775040290801,1991,1.53357142857143
"239",8,1.38215178571429,4.26775040290801,1998,6.49928571428571
"240",8,1.38215178571429,4.26775040290801,2012,3.34042857142857
"241",8,1.38215178571429,4.26775040290801,2014,4.53428571428571
"242",8,1.38215178571429,4.26775040290801,2001,-0.109714285714286
"243",8,1.38215178571429,4.26775040290801,1995,3.83528571428571
"244",8,1.38215178571429,4.26775040290801,2008,5.15
"245",8,1.38215178571429,4.26775040290801,2011,-4.92957142857143
"246",8,1.38215178571429,4.26775040290801,2010,2.21414285714286
"247",8,1.38215178571429,4.26775040290801,1997,6.40028571428571
"248",8,1.38215178571429,4.26775040290801,1999,1.12357142857143
"249",8,1.38215178571429,4.26775040290801,1992,1.13071428571429
"250",8,1.38215178571429,4.26775040290801,2005,-3.76485714285714
"251",8,1.38215178571429,4.26775040290801,2013,-2.89185714285714
"252",8,1.38215178571429,4.26775040290801,1996,-3.44614285714286
"253",8,1.38215178571429,4.26775040290801,2009,0.883714285714286
"254",8,1.38215178571429,4.26775040290801,1993,-3.36157142857143
"255",8,1.38215178571429,4.26775040290801,2000,1.07714285714286
"256",8,1.38215178571429,4.26775040290801,1994,-3.63414285714286
"257",9,2.31588392857143,4.01029649048845,2004,-1.28642857142857
"258",9,2.31588392857143,4.01029649048845,2016,0.368571428571429
"259",9,2.31588392857143,4.01029649048845,1989,3.33985714285714
"260",9,2.31588392857143,4.01029649048845,2005,-6.31857142857143
"261",9,2.31588392857143,4.01029649048845,2014,4.14985714285714
"262",9,2.31588392857143,4.01029649048845,2010,2.77714285714286
"263",9,2.31588392857143,4.01029649048845,2011,0.601571428571429
"264",9,2.31588392857143,4.01029649048845,2017,6.04385714285714
"265",9,2.31588392857143,4.01029649048845,2003,3.35028571428571
"266",9,2.31588392857143,4.01029649048845,2015,2.59771428571429
"267",9,2.31588392857143,4.01029649048845,2019,6.80142857142857
"268",9,2.31588392857143,4.01029649048845,2002,3.42114285714286
"269",9,2.31588392857143,4.01029649048845,1990,2.57271428571429
"270",9,2.31588392857143,4.01029649048845,2006,-3.48628571428571
"271",9,2.31588392857143,4.01029649048845,1994,4.82371428571429
"272",9,2.31588392857143,4.01029649048845,1996,0.740142857142857
"273",9,2.31588392857143,4.01029649048845,2012,5.523
"274",9,2.31588392857143,4.01029649048845,1998,5.81928571428571
"275",9,2.31588392857143,4.01029649048845,2007,4.85114285714286
"276",9,2.31588392857143,4.01029649048845,2020,3.52085714285714
"277",9,2.31588392857143,4.01029649048845,2018,-7.30057142857143
"278",9,2.31588392857143,4.01029649048845,1991,0.791
"279",9,2.31588392857143,4.01029649048845,2013,0.082
"280",9,2.31588392857143,4.01029649048845,1999,5.908
"281",9,2.31588392857143,4.01029649048845,2000,3.73142857142857
"282",9,2.31588392857143,4.01029649048845,2001,-0.721142857142857
"283",9,2.31588392857143,4.01029649048845,2008,5.99914285714286
"284",9,2.31588392857143,4.01029649048845,1995,2.60557142857143
"285",9,2.31588392857143,4.01029649048845,1997,6.43
"286",9,2.31588392857143,4.01029649048845,1993,-2.97571428571429
"287",9,2.31588392857143,4.01029649048845,2009,4.52328571428571
"288",9,2.31588392857143,4.01029649048845,1992,4.82428571428571
"289",10,3.28258928571429,3.4914311610757,2006,-1.31214285714286
"290",10,3.28258928571429,3.4914311610757,1998,2.28714285714286
"291",10,3.28258928571429,3.4914311610757,2003,5.55657142857143
"292",10,3.28258928571429,3.4914311610757,2004,-1.167
"293",10,3.28258928571429,3.4914311610757,1995,1.69542857142857
"294",10,3.28258928571429,3.4914311610757,2007,5.68757142857143
"295",10,3.28258928571429,3.4914311610757,2001,3.98557142857143
"296",10,3.28258928571429,3.4914311610757,1989,6.66285714285714
"297",10,3.28258928571429,3.4914311610757,2005,-2.407
"298",10,3.28258928571429,3.4914311610757,1999,2.44014285714286
"299",10,3.28258928571429,3.4914311610757,1996,-1.07071428571429
"300",10,3.28258928571429,3.4914311610757,2002,5.37071428571429
"301",10,3.28258928571429,3.4914311610757,2013,1.63942857142857
"302",10,3.28258928571429,3.4914311610757,2010,-3.33542857142857
"303",10,3.28258928571429,3.4914311610757,2000,4.29742857142857
"304",10,3.28258928571429,3.4914311610757,2012,3.68271428571429
"305",10,3.28258928571429,3.4914311610757,2017,4.43871428571429
"306",10,3.28258928571429,3.4914311610757,1990,6.81542857142857
"307",10,3.28258928571429,3.4914311610757,2011,2.43014285714286
"308",10,3.28258928571429,3.4914311610757,1994,6.78285714285714
"309",10,3.28258928571429,3.4914311610757,1997,6.25471428571429
"310",10,3.28258928571429,3.4914311610757,2014,5.39785714285714
"311",10,3.28258928571429,3.4914311610757,1991,6.06442857142857
"312",10,3.28258928571429,3.4914311610757,2015,4.46857142857143
"313",10,3.28258928571429,3.4914311610757,1992,5.445
"314",10,3.28258928571429,3.4914311610757,2018,4.89114285714286
"315",10,3.28258928571429,3.4914311610757,2008,3.56471428571429
"316",10,3.28258928571429,3.4914311610757,2019,5.35585714285714
"317",10,3.28258928571429,3.4914311610757,2016,1.434
"318",10,3.28258928571429,3.4914311610757,1993,0.741285714285714
"319",10,3.28258928571429,3.4914311610757,2009,2.91414285714286
"320",10,3.28258928571429,3.4914311610757,2020,4.03071428571429
"321",11,4.110125,3.82919563641936,2018,1.198
"322",11,4.110125,3.82919563641936,1996,-2.47985714285714
"323",11,4.110125,3.82919563641936,2003,2.129
"324",11,4.110125,3.82919563641936,2004,6.20342857142857
"325",11,4.110125,3.82919563641936,2017,5.90657142857143
"326",11,4.110125,3.82919563641936,2006,-4.44342857142857
"327",11,4.110125,3.82919563641936,1997,5.57728571428571
"328",11,4.110125,3.82919563641936,1998,4.19271428571429
"329",11,4.110125,3.82919563641936,2005,6.17371428571429
"330",11,4.110125,3.82919563641936,1999,3.30071428571429
"331",11,4.110125,3.82919563641936,2007,6.40814285714286
"332",11,4.110125,3.82919563641936,1989,5.06228571428571
"333",11,4.110125,3.82919563641936,2014,7.07071428571429
"334",11,4.110125,3.82919563641936,2019,4.891
"335",11,4.110125,3.82919563641936,1994,4.00771428571429
"336",11,4.110125,3.82919563641936,2012,6.79542857142857
"337",11,4.110125,3.82919563641936,2011,6.05914285714286
"338",11,4.110125,3.82919563641936,2015,3.74728571428571
"339",11,4.110125,3.82919563641936,2020,6.88857142857143
"340",11,4.110125,3.82919563641936,2000,4.58785714285714
"341",11,4.110125,3.82919563641936,1990,6.99842857142857
"342",11,4.110125,3.82919563641936,1991,8.23771428571429
"343",11,4.110125,3.82919563641936,2016,2.06557142857143
"344",11,4.110125,3.82919563641936,2010,3.22185714285714
"345",11,4.110125,3.82919563641936,2013,-3.20214285714286
"346",11,4.110125,3.82919563641936,2001,4.91142857142857
"347",11,4.110125,3.82919563641936,2008,5.31128571428571
"348",11,4.110125,3.82919563641936,2009,4.85214285714286
"349",11,4.110125,3.82919563641936,1995,1.33014285714286
"350",11,4.110125,3.82919563641936,1992,2.34114285714286
"351",11,4.110125,3.82919563641936,2002,5.06914285714286
"352",11,4.110125,3.82919563641936,1993,7.111
"353",12,4.08705803571429,3.60765768155591,2017,6.55442857142857
"354",12,4.08705803571429,3.60765768155591,2004,7.11157142857143
"355",12,4.08705803571429,3.60765768155591,2012,7.16971428571429
"356",12,4.08705803571429,3.60765768155591,1998,0.944428571428571
"357",12,4.08705803571429,3.60765768155591,1999,4.71571428571429
"358",12,4.08705803571429,3.60765768155591,1996,3.20742857142857
"359",12,4.08705803571429,3.60765768155591,1997,1.31757142857143
"360",12,4.08705803571429,3.60765768155591,2018,0.451142857142857
"361",12,4.08705803571429,3.60765768155591,1989,4.594
"362",12,4.08705803571429,3.60765768155591,2005,6.00428571428571
"363",12,4.08705803571429,3.60765768155591,2007,2.51742857142857
"364",12,4.08705803571429,3.60765768155591,2003,3.88985714285714
"365",12,4.08705803571429,3.60765768155591,2001,1.79485714285714
"366",12,4.08705803571429,3.60765768155591,2015,3.69542857142857
"367",12,4.08705803571429,3.60765768155591,2000,5.34328571428571
"368",12,4.08705803571429,3.60765768155591,2014,6.92771428571429
"369",12,4.08705803571429,3.60765768155591,2013,-3.19928571428571
"370",12,4.08705803571429,3.60765768155591,2010,9.15642857142857
"371",12,4.08705803571429,3.60765768155591,1995,3.57057142857143
"372",12,4.08705803571429,3.60765768155591,2016,4.07685714285714
"373",12,4.08705803571429,3.60765768155591,1990,8.20028571428571
"374",12,4.08705803571429,3.60765768155591,2019,5.58114285714286
"375",12,4.08705803571429,3.60765768155591,2006,0.706714285714286
"376",12,4.08705803571429,3.60765768155591,2011,5.06385714285714
"377",12,4.08705803571429,3.60765768155591,1992,4.479
"378",12,4.08705803571429,3.60765768155591,2002,4.175
"379",12,4.08705803571429,3.60765768155591,1991,6.95
"380",12,4.08705803571429,3.60765768155591,2020,3.57914285714286
"381",12,4.08705803571429,3.60765768155591,2008,0.0202857142857144
"382",12,4.08705803571429,3.60765768155591,1993,5.323
"383",12,4.08705803571429,3.60765768155591,2009,1.92157142857143
"384",12,4.08705803571429,3.60765768155591,1994,4.94242857142857
"385",13,5.33191964285714,3.76473018021699,2017,10.4192857142857
"386",13,5.33191964285714,3.76473018021699,1999,7.09142857142857
"387",13,5.33191964285714,3.76473018021699,2014,7.50314285714286
"388",13,5.33191964285714,3.76473018021699,1998,8.53814285714286
"389",13,5.33191964285714,3.76473018021699,1989,8.98557142857143
"390",13,5.33191964285714,3.76473018021699,2003,8.15785714285714
"391",13,5.33191964285714,3.76473018021699,1996,0.651857142857143
"392",13,5.33191964285714,3.76473018021699,2004,2.62742857142857
"393",13,5.33191964285714,3.76473018021699,2015,5.07971428571429
"394",13,5.33191964285714,3.76473018021699,2000,4.78328571428571
"395",13,5.33191964285714,3.76473018021699,2018,4.05642857142857
"396",13,5.33191964285714,3.76473018021699,2001,3.34128571428571
"397",13,5.33191964285714,3.76473018021699,2012,7.98214285714286
"398",13,5.33191964285714,3.76473018021699,2019,6.81157142857143
"399",13,5.33191964285714,3.76473018021699,2005,7.17657142857143
"400",13,5.33191964285714,3.76473018021699,1997,6.28142857142857
"401",13,5.33191964285714,3.76473018021699,1990,5.62328571428571
"402",13,5.33191964285714,3.76473018021699,2002,4.56485714285714
"403",13,5.33191964285714,3.76473018021699,2016,5.96871428571429
"404",13,5.33191964285714,3.76473018021699,2007,7.76171428571429
"405",13,5.33191964285714,3.76473018021699,1992,1.89642857142857
"406",13,5.33191964285714,3.76473018021699,2013,-2.12242857142857
"407",13,5.33191964285714,3.76473018021699,2011,6.912
"408",13,5.33191964285714,3.76473018021699,1994,7.027
"409",13,5.33191964285714,3.76473018021699,1995,1.377
"410",13,5.33191964285714,3.76473018021699,2008,4.44485714285714
"411",13,5.33191964285714,3.76473018021699,1991,1.97742857142857
"412",13,5.33191964285714,3.76473018021699,2006,9.22271428571429
"413",13,5.33191964285714,3.76473018021699,2020,2.81442857142857
"414",13,5.33191964285714,3.76473018021699,2010,7.476
"415",13,5.33191964285714,3.76473018021699,1993,1.54428571428571
"416",13,5.33191964285714,3.76473018021699,2009,4.646
"417",14,6.2523125,3.69449339119735,2017,7.93614285714286
"418",14,6.2523125,3.69449339119735,1998,8.029
"419",14,6.2523125,3.69449339119735,1999,9.43257142857143
"420",14,6.2523125,3.69449339119735,2014,11.8861428571429
"421",14,6.2523125,3.69449339119735,2000,5.75957142857143
"422",14,6.2523125,3.69449339119735,1989,2.83528571428571
"423",14,6.2523125,3.69449339119735,2001,8.13485714285714
"424",14,6.2523125,3.69449339119735,2002,4.77242857142857
"425",14,6.2523125,3.69449339119735,2003,1.80385714285714
"426",14,6.2523125,3.69449339119735,1995,8.26185714285714
"427",14,6.2523125,3.69449339119735,1996,1.42685714285714
"428",14,6.2523125,3.69449339119735,2012,4.32
"429",14,6.2523125,3.69449339119735,2015,3.18128571428571
"430",14,6.2523125,3.69449339119735,2004,6.81528571428571
"431",14,6.2523125,3.69449339119735,1990,4.77042857142857
"432",14,6.2523125,3.69449339119735,2018,9.095
"433",14,6.2523125,3.69449339119735,2013,-0.00671428571428575
"434",14,6.2523125,3.69449339119735,2016,9.29085714285714
"435",14,6.2523125,3.69449339119735,2010,7.20728571428571
"436",14,6.2523125,3.69449339119735,1997,3.681
"437",14,6.2523125,3.69449339119735,1992,3.92028571428571
"438",14,6.2523125,3.69449339119735,1991,7.86342857142857
"439",14,6.2523125,3.69449339119735,2019,8.76942857142857
"440",14,6.2523125,3.69449339119735,1994,3.07228571428571
"441",14,6.2523125,3.69449339119735,2006,4.79657142857143
"442",14,6.2523125,3.69449339119735,1993,5.11471428571429
"443",14,6.2523125,3.69449339119735,2008,4.69557142857143
"444",14,6.2523125,3.69449339119735,2005,8.11728571428571
"445",14,6.2523125,3.69449339119735,2007,6.02428571428571
"446",14,6.2523125,3.69449339119735,2011,11.3447142857143
"447",14,6.2523125,3.69449339119735,2020,6.61557142857143
"448",14,6.2523125,3.69449339119735,2009,11.1068571428571
"449",15,6.80022767857143,3.42245577617276,2004,4.52557142857143
"450",15,6.80022767857143,3.42245577617276,2015,10.3137142857143
"451",15,6.80022767857143,3.42245577617276,2017,8.20971428571429
"452",15,6.80022767857143,3.42245577617276,2014,7.56914285714286
"453",15,6.80022767857143,3.42245577617276,2005,7.66142857142857
"454",15,6.80022767857143,3.42245577617276,2016,7.43714285714286
"455",15,6.80022767857143,3.42245577617276,1991,9.40928571428571
"456",15,6.80022767857143,3.42245577617276,2001,3.62085714285714
"457",15,6.80022767857143,3.42245577617276,2011,7.785
"458",15,6.80022767857143,3.42245577617276,2019,3.23514285714286
"459",15,6.80022767857143,3.42245577617276,2018,12.1171428571429
"460",15,6.80022767857143,3.42245577617276,1989,10.1352857142857
"461",15,6.80022767857143,3.42245577617276,2003,4.81271428571429
"462",15,6.80022767857143,3.42245577617276,1990,4.72728571428571
"463",15,6.80022767857143,3.42245577617276,2010,5.96985714285714
"464",15,6.80022767857143,3.42245577617276,2006,5.01371428571429
"465",15,6.80022767857143,3.42245577617276,2012,5.74371428571429
"466",15,6.80022767857143,3.42245577617276,1999,6.55428571428571
"467",15,6.80022767857143,3.42245577617276,2007,11.6962857142857
"468",15,6.80022767857143,3.42245577617276,2002,4.62814285714286
"469",15,6.80022767857143,3.42245577617276,2008,5.00585714285714
"470",15,6.80022767857143,3.42245577617276,2013,8.98371428571429
"471",15,6.80022767857143,3.42245577617276,2000,5.19685714285714
"472",15,6.80022767857143,3.42245577617276,1993,5.63714285714286
"473",15,6.80022767857143,3.42245577617276,1992,7.19414285714286
"474",15,6.80022767857143,3.42245577617276,2009,13.0887142857143
"475",15,6.80022767857143,3.42245577617276,2020,9.02871428571429
"476",15,6.80022767857143,3.42245577617276,1998,4.74714285714286
"477",15,6.80022767857143,3.42245577617276,1997,4.976
"478",15,6.80022767857143,3.42245577617276,1996,3.94614285714286
"479",15,6.80022767857143,3.42245577617276,1995,4.74942857142857
"480",15,6.80022767857143,3.42245577617276,1994,3.888
"481",16,7.74751785714286,3.67764549966475,2014,8.26485714285714
"482",16,7.74751785714286,3.67764549966475,1991,0.98
"483",16,7.74751785714286,3.67764549966475,2015,7.67842857142857
"484",16,7.74751785714286,3.67764549966475,2016,7.38985714285714
"485",16,7.74751785714286,3.67764549966475,2003,9.21142857142857
"486",16,7.74751785714286,3.67764549966475,2017,3.89557142857143
"487",16,7.74751785714286,3.67764549966475,2004,9.86571428571429
"488",16,7.74751785714286,3.67764549966475,1989,5.67357142857143
"489",16,7.74751785714286,3.67764549966475,2005,8.84128571428571
"490",16,7.74751785714286,3.67764549966475,2006,9.65728571428571
"491",16,7.74751785714286,3.67764549966475,2018,15.0207142857143
"492",16,7.74751785714286,3.67764549966475,2001,3.14185714285714
"493",16,7.74751785714286,3.67764549966475,2011,11.4858571428571
"494",16,7.74751785714286,3.67764549966475,1998,7.02042857142857
"495",16,7.74751785714286,3.67764549966475,2019,11.4605714285714
"496",16,7.74751785714286,3.67764549966475,1996,10.8334285714286
"497",16,7.74751785714286,3.67764549966475,2020,9.59371428571429
"498",16,7.74751785714286,3.67764549966475,2007,9.04414285714286
"499",16,7.74751785714286,3.67764549966475,1999,5.25457142857143
"500",16,7.74751785714286,3.67764549966475,1993,10.4078571428571
"501",16,7.74751785714286,3.67764549966475,1992,4.62842857142857
"502",16,7.74751785714286,3.67764549966475,1990,6.72071428571429
"503",16,7.74751785714286,3.67764549966475,2008,5.26885714285714
"504",16,7.74751785714286,3.67764549966475,2010,6.61528571428571
"505",16,7.74751785714286,3.67764549966475,2002,7.49628571428571
"506",16,7.74751785714286,3.67764549966475,2012,6.16628571428571
"507",16,7.74751785714286,3.67764549966475,2013,11.188
"508",16,7.74751785714286,3.67764549966475,1994,6.72114285714286
"509",16,7.74751785714286,3.67764549966475,1997,3.14157142857143
"510",16,7.74751785714286,3.67764549966475,2000,9.82728571428571
"511",16,7.74751785714286,3.67764549966475,1995,5.98985714285714
"512",16,7.74751785714286,3.67764549966475,2009,9.43571428571429
"513",17,10.1942232142857,3.48742011422355,1996,12.2325714285714
"514",17,10.1942232142857,3.48742011422355,2014,12.506
"515",17,10.1942232142857,3.48742011422355,1991,4.71957142857143
"516",17,10.1942232142857,3.48742011422355,2016,3.49314285714286
"517",17,10.1942232142857,3.48742011422355,2017,5.19028571428571
"518",17,10.1942232142857,3.48742011422355,2006,9.78028571428571
"519",17,10.1942232142857,3.48742011422355,1992,10.2511428571429
"520",17,10.1942232142857,3.48742011422355,2015,9.27957142857143
"521",17,10.1942232142857,3.48742011422355,2003,12.5412857142857
"522",17,10.1942232142857,3.48742011422355,2011,12.2758571428571
"523",17,10.1942232142857,3.48742011422355,2010,11.1412857142857
"524",17,10.1942232142857,3.48742011422355,2004,10.133
"525",17,10.1942232142857,3.48742011422355,1998,10.9242857142857
"526",17,10.1942232142857,3.48742011422355,1994,12.9398571428571
"527",17,10.1942232142857,3.48742011422355,2018,11.5185714285714
"528",17,10.1942232142857,3.48742011422355,1993,15.7984285714286
"529",17,10.1942232142857,3.48742011422355,1989,6.164
"530",17,10.1942232142857,3.48742011422355,2005,8.88828571428571
"531",17,10.1942232142857,3.48742011422355,1999,10.1235714285714
"532",17,10.1942232142857,3.48742011422355,2012,10.7894285714286
"533",17,10.1942232142857,3.48742011422355,2001,8.491
"534",17,10.1942232142857,3.48742011422355,2020,10.8845714285714
"535",17,10.1942232142857,3.48742011422355,1995,11.2827142857143
"536",17,10.1942232142857,3.48742011422355,2007,14.3862857142857
"537",17,10.1942232142857,3.48742011422355,1997,8.01228571428572
"538",17,10.1942232142857,3.48742011422355,2002,9.16028571428572
"539",17,10.1942232142857,3.48742011422355,1990,7.79014285714286
"540",17,10.1942232142857,3.48742011422355,2000,13.981
"541",17,10.1942232142857,3.48742011422355,2008,10.157
"542",17,10.1942232142857,3.48742011422355,2009,10.6184285714286
"543",17,10.1942232142857,3.48742011422355,2013,10.2135714285714
"544",17,10.1942232142857,3.48742011422355,2019,10.5474285714286
"545",18,10.3428080357143,3.29337605806647,2003,13.344
"546",18,10.3428080357143,3.29337605806647,2005,13.2861428571429
"547",18,10.3428080357143,3.29337605806647,2001,12.6407142857143
"548",18,10.3428080357143,3.29337605806647,2002,8.79042857142857
"549",18,10.3428080357143,3.29337605806647,2004,12.3304285714286
"550",18,10.3428080357143,3.29337605806647,1991,5.02042857142857
"551",18,10.3428080357143,3.29337605806647,1996,8.11728571428571
"552",18,10.3428080357143,3.29337605806647,2010,8.81314285714286
"553",18,10.3428080357143,3.29337605806647,2006,11.6195714285714
"554",18,10.3428080357143,3.29337605806647,2012,14.1801428571429
"555",18,10.3428080357143,3.29337605806647,2018,10.8861428571429
"556",18,10.3428080357143,3.29337605806647,1992,7.40414285714286
"557",18,10.3428080357143,3.29337605806647,1989,9.94985714285714
"558",18,10.3428080357143,3.29337605806647,1998,9.96571428571429
"559",18,10.3428080357143,3.29337605806647,1999,10.3362857142857
"560",18,10.3428080357143,3.29337605806647,2016,8.20242857142857
"561",18,10.3428080357143,3.29337605806647,2014,9.13657142857143
"562",18,10.3428080357143,3.29337605806647,1990,14.1702857142857
"563",18,10.3428080357143,3.29337605806647,2017,8.35014285714286
"564",18,10.3428080357143,3.29337605806647,1997,11.6757142857143
"565",18,10.3428080357143,3.29337605806647,2011,7.79257142857143
"566",18,10.3428080357143,3.29337605806647,2015,11.104
"567",18,10.3428080357143,3.29337605806647,1993,10.5944285714286
"568",18,10.3428080357143,3.29337605806647,2007,11.2785714285714
"569",18,10.3428080357143,3.29337605806647,2019,7.21328571428571
"570",18,10.3428080357143,3.29337605806647,2009,10.2488571428571
"571",18,10.3428080357143,3.29337605806647,1995,11.9951428571429
"572",18,10.3428080357143,3.29337605806647,2000,14.3521428571429
"573",18,10.3428080357143,3.29337605806647,2013,10.6198571428571
"574",18,10.3428080357143,3.29337605806647,2020,8.73742857142857
"575",18,10.3428080357143,3.29337605806647,2008,9.67842857142857
"576",18,10.3428080357143,3.29337605806647,1994,9.13557142857143
"577",19,11.5140133928571,3.52618212787187,2004,8.598
"578",19,11.5140133928571,3.52618212787187,2003,12.7001428571429
"579",19,11.5140133928571,3.52618212787187,2010,7.45685714285714
"580",19,11.5140133928571,3.52618212787187,1989,9.97571428571429
"581",19,11.5140133928571,3.52618212787187,2017,10.3145714285714
"582",19,11.5140133928571,3.52618212787187,1996,5.69314285714286
"583",19,11.5140133928571,3.52618212787187,2014,10.1008571428571
"584",19,11.5140133928571,3.52618212787187,1990,13.0372857142857
"585",19,11.5140133928571,3.52618212787187,2018,15.3251428571429
"586",19,11.5140133928571,3.52618212787187,1991,8.28271428571428
"587",19,11.5140133928571,3.52618212787187,2011,14.5605714285714
"588",19,11.5140133928571,3.52618212787187,2002,13.3031428571429
"589",19,11.5140133928571,3.52618212787187,2005,6.09557142857143
"590",19,11.5140133928571,3.52618212787187,1999,11.959
"591",19,11.5140133928571,3.52618212787187,2001,12.4685714285714
"592",19,11.5140133928571,3.52618212787187,1997,9.141
"593",19,11.5140133928571,3.52618212787187,1998,16.1975714285714
"594",19,11.5140133928571,3.52618212787187,2006,13.8992857142857
"595",19,11.5140133928571,3.52618212787187,2012,12.2181428571429
"596",19,11.5140133928571,3.52618212787187,2020,9.51214285714286
"597",19,11.5140133928571,3.52618212787187,1993,15.241
"598",19,11.5140133928571,3.52618212787187,2015,12.704
"599",19,11.5140133928571,3.52618212787187,2007,12.1824285714286
"600",19,11.5140133928571,3.52618212787187,2013,11.6815714285714
"601",19,11.5140133928571,3.52618212787187,2016,15.2758571428571
"602",19,11.5140133928571,3.52618212787187,2009,11.6024285714286
"603",19,11.5140133928571,3.52618212787187,2019,8.01814285714286
"604",19,11.5140133928571,3.52618212787187,1994,12.4364285714286
"605",19,11.5140133928571,3.52618212787187,1992,9.23728571428571
"606",19,11.5140133928571,3.52618212787187,2008,14.0314285714286
"607",19,11.5140133928571,3.52618212787187,2000,16.258
"608",19,11.5140133928571,3.52618212787187,1995,8.94042857142857
"609",20,11.6772723214286,3.33707571857719,1989,13.7492857142857
"610",20,11.6772723214286,3.33707571857719,2003,9.949
"611",20,11.6772723214286,3.33707571857719,2004,11.4294285714286
"612",20,11.6772723214286,3.33707571857719,2014,11.4801428571429
"613",20,11.6772723214286,3.33707571857719,1990,11.6187142857143
"614",20,11.6772723214286,3.33707571857719,1997,16.7535714285714
"615",20,11.6772723214286,3.33707571857719,2001,12.4141428571429
"616",20,11.6772723214286,3.33707571857719,2002,14.2378571428571
"617",20,11.6772723214286,3.33707571857719,2012,8.50971428571428
"618",20,11.6772723214286,3.33707571857719,2018,12.7472857142857
"619",20,11.6772723214286,3.33707571857719,2013,12.4944285714286
"620",20,11.6772723214286,3.33707571857719,2010,7.61328571428571
"621",20,11.6772723214286,3.33707571857719,2017,15.31
"622",20,11.6772723214286,3.33707571857719,1998,12.6244285714286
"623",20,11.6772723214286,3.33707571857719,1991,7.15628571428571
"624",20,11.6772723214286,3.33707571857719,2020,10.0017142857143
"625",20,11.6772723214286,3.33707571857719,2019,10.1164285714286
"626",20,11.6772723214286,3.33707571857719,2005,8.77142857142857
"627",20,11.6772723214286,3.33707571857719,1999,10.757
"628",20,11.6772723214286,3.33707571857719,2007,11.4798571428571
"629",20,11.6772723214286,3.33707571857719,2016,9.33314285714286
"630",20,11.6772723214286,3.33707571857719,2015,10.3635714285714
"631",20,11.6772723214286,3.33707571857719,1994,13.2951428571429
"632",20,11.6772723214286,3.33707571857719,2000,14.2805714285714
"633",20,11.6772723214286,3.33707571857719,1996,9.99985714285714
"634",20,11.6772723214286,3.33707571857719,2011,12.5775714285714
"635",20,11.6772723214286,3.33707571857719,2006,12.3038571428571
"636",20,11.6772723214286,3.33707571857719,1992,14.153
"637",20,11.6772723214286,3.33707571857719,1993,14.4107142857143
"638",20,11.6772723214286,3.33707571857719,2008,12.698
"639",20,11.6772723214286,3.33707571857719,2009,13.4878571428571
"640",20,11.6772723214286,3.33707571857719,1995,7.55542857142857
"641",21,12.9821517857143,3.36078289968734,2003,13.6684285714286
"642",21,12.9821517857143,3.36078289968734,2004,8.374
"643",21,12.9821517857143,3.36078289968734,1998,9.69742857142857
"644",21,12.9821517857143,3.36078289968734,2014,15.7935714285714
"645",21,12.9821517857143,3.36078289968734,1989,15.411
"646",21,12.9821517857143,3.36078289968734,2017,14.6188571428571
"647",21,12.9821517857143,3.36078289968734,1996,11.0864285714286
"648",21,12.9821517857143,3.36078289968734,2010,12.8107142857143
"649",21,12.9821517857143,3.36078289968734,1999,13.3611428571429
"650",21,12.9821517857143,3.36078289968734,2001,13.6982857142857
"651",21,12.9821517857143,3.36078289968734,1991,9.10471428571429
"652",21,12.9821517857143,3.36078289968734,2020,12.9338571428571
"653",21,12.9821517857143,3.36078289968734,1990,11.2301428571429
"654",21,12.9821517857143,3.36078289968734,2013,7.30471428571429
"655",21,12.9821517857143,3.36078289968734,2018,16.5148571428571
"656",21,12.9821517857143,3.36078289968734,2002,13.3602857142857
"657",21,12.9821517857143,3.36078289968734,2015,10.8721428571429
"658",21,12.9821517857143,3.36078289968734,2005,15.5677142857143
"659",21,12.9821517857143,3.36078289968734,2000,10.9271428571429
"660",21,12.9821517857143,3.36078289968734,1997,9.18685714285714
"661",21,12.9821517857143,3.36078289968734,2011,14.0902857142857
"662",21,12.9821517857143,3.36078289968734,2019,12.8325714285714
"663",21,12.9821517857143,3.36078289968734,1994,12.0165714285714
"664",21,12.9821517857143,3.36078289968734,2007,18.162
"665",21,12.9821517857143,3.36078289968734,1992,16.7115714285714
"666",21,12.9821517857143,3.36078289968734,2016,13.6488571428571
"667",21,12.9821517857143,3.36078289968734,2006,10.9877142857143
"668",21,12.9821517857143,3.36078289968734,1995,12.424
"669",21,12.9821517857143,3.36078289968734,2012,17.5811428571429
"670",21,12.9821517857143,3.36078289968734,1993,13.8228571428571
"671",21,12.9821517857143,3.36078289968734,2009,15.1718571428571
"672",21,12.9821517857143,3.36078289968734,2008,12.4571428571429
"673",22,13.59275,3.54374965331655,2017,18.306
"674",22,13.59275,3.54374965331655,2014,11.1184285714286
"675",22,13.59275,3.54374965331655,2015,12.5522857142857
"676",22,13.59275,3.54374965331655,2001,12.61
"677",22,13.59275,3.54374965331655,1991,11.4832857142857
"678",22,13.59275,3.54374965331655,2012,13.7911428571429
"679",22,13.59275,3.54374965331655,2010,11.8265714285714
"680",22,13.59275,3.54374965331655,2004,11.6634285714286
"681",22,13.59275,3.54374965331655,2005,14.9452857142857
"682",22,13.59275,3.54374965331655,2003,18.1922857142857
"683",22,13.59275,3.54374965331655,2020,13.591
"684",22,13.59275,3.54374965331655,2016,15.4457142857143
"685",22,13.59275,3.54374965331655,2002,12.4832857142857
"686",22,13.59275,3.54374965331655,2000,11.7794285714286
"687",22,13.59275,3.54374965331655,1992,16.1702857142857
"688",22,13.59275,3.54374965331655,2007,12.6052857142857
"689",22,13.59275,3.54374965331655,2011,14.9548571428571
"690",22,13.59275,3.54374965331655,1998,15.0174285714286
"691",22,13.59275,3.54374965331655,2013,10.6288571428571
"692",22,13.59275,3.54374965331655,1993,13.5078571428571
"693",22,13.59275,3.54374965331655,1996,13.0358571428571
"694",22,13.59275,3.54374965331655,2006,8.32128571428571
"695",22,13.59275,3.54374965331655,2018,19.3402857142857
"696",22,13.59275,3.54374965331655,1997,10.2162857142857
"697",22,13.59275,3.54374965331655,2008,18.5857142857143
"698",22,13.59275,3.54374965331655,1989,11.7087142857143
"699",22,13.59275,3.54374965331655,1999,16.8467142857143
"700",22,13.59275,3.54374965331655,1995,12.2821428571429
"701",22,13.59275,3.54374965331655,2009,12.6482857142857
"702",22,13.59275,3.54374965331655,1994,11.6902857142857
"703",22,13.59275,3.54374965331655,2019,15.5844285714286
"704",22,13.59275,3.54374965331655,1990,12.0352857142857
"705",23,14.6589910714286,3.749213931354,1991,10.3965714285714
"706",23,14.6589910714286,3.749213931354,2001,10.6738571428571
"707",23,14.6589910714286,3.749213931354,2012,11.7468571428571
"708",23,14.6589910714286,3.749213931354,2013,14.3514285714286
"709",23,14.6589910714286,3.749213931354,2004,15.4572857142857
"710",23,14.6589910714286,3.749213931354,2007,18.6891428571429
"711",23,14.6589910714286,3.749213931354,2014,18.5038571428571
"712",23,14.6589910714286,3.749213931354,1989,10.0472857142857
"713",23,14.6589910714286,3.749213931354,1990,11.0528571428571
"714",23,14.6589910714286,3.749213931354,2005,10.7537142857143
"715",23,14.6589910714286,3.749213931354,2000,15.5654285714286
"716",23,14.6589910714286,3.749213931354,2015,15.5574285714286
"717",23,14.6589910714286,3.749213931354,1998,16.889
"718",23,14.6589910714286,3.749213931354,2002,15.232
"719",23,14.6589910714286,3.749213931354,2008,17.1798571428571
"720",23,14.6589910714286,3.749213931354,2010,17.687
"721",23,14.6589910714286,3.749213931354,1994,11.2964285714286
"722",23,14.6589910714286,3.749213931354,2017,13.8817142857143
"723",23,14.6589910714286,3.749213931354,2006,11.924
"724",23,14.6589910714286,3.749213931354,1992,14.46
"725",23,14.6589910714286,3.749213931354,2016,16.7441428571429
"726",23,14.6589910714286,3.749213931354,2011,16.6574285714286
"727",23,14.6589910714286,3.749213931354,1999,12.4362857142857
"728",23,14.6589910714286,3.749213931354,2009,10.7848571428571
"729",23,14.6589910714286,3.749213931354,1996,17.913
"730",23,14.6589910714286,3.749213931354,2019,16.8157142857143
"731",23,14.6589910714286,3.749213931354,1995,11.1338571428571
"732",23,14.6589910714286,3.749213931354,2018,19.1488571428571
"733",23,14.6589910714286,3.749213931354,1993,17.5042857142857
"734",23,14.6589910714286,3.749213931354,2003,19.4205714285714
"735",23,14.6589910714286,3.749213931354,2020,12.5604285714286
"736",23,14.6589910714286,3.749213931354,1997,16.6225714285714
"737",24,14.4680580357143,2.89136716637427,2013,15.4348571428571
"738",24,14.4680580357143,2.89136716637427,2014,14.2904285714286
"739",24,14.4680580357143,2.89136716637427,1989,14.4504285714286
"740",24,14.4680580357143,2.89136716637427,2003,17.3888571428571
"741",24,14.4680580357143,2.89136716637427,2000,16.6995714285714
"742",24,14.4680580357143,2.89136716637427,2001,13.2921428571429
"743",24,14.4680580357143,2.89136716637427,2015,14.8777142857143
"744",24,14.4680580357143,2.89136716637427,2010,13.9642857142857
"745",24,14.4680580357143,2.89136716637427,1990,12.1028571428571
"746",24,14.4680580357143,2.89136716637427,1997,15.5531428571429
"747",24,14.4680580357143,2.89136716637427,2012,13.207
"748",24,14.4680580357143,2.89136716637427,2020,16.3428571428571
"749",24,14.4680580357143,2.89136716637427,1994,11.3362857142857
"750",24,14.4680580357143,2.89136716637427,1991,12.3938571428571
"751",24,14.4680580357143,2.89136716637427,1992,15.0295714285714
"752",24,14.4680580357143,2.89136716637427,2016,13.9797142857143
"753",24,14.4680580357143,2.89136716637427,2005,13.5072857142857
"754",24,14.4680580357143,2.89136716637427,1998,11.5224285714286
"755",24,14.4680580357143,2.89136716637427,2002,15.7802857142857
"756",24,14.4680580357143,2.89136716637427,1996,14.8677142857143
"757",24,14.4680580357143,2.89136716637427,2011,15.4901428571429
"758",24,14.4680580357143,2.89136716637427,2019,16.7657142857143
"759",24,14.4680580357143,2.89136716637427,1999,14.7115714285714
"760",24,14.4680580357143,2.89136716637427,2018,15.7492857142857
"761",24,14.4680580357143,2.89136716637427,2009,12.756
"762",24,14.4680580357143,2.89136716637427,2006,17.9535714285714
"763",24,14.4680580357143,2.89136716637427,2017,16.0411428571429
"764",24,14.4680580357143,2.89136716637427,1995,10.4175714285714
"765",24,14.4680580357143,2.89136716637427,2004,14.6432857142857
"766",24,14.4680580357143,2.89136716637427,1993,12.643
"767",24,14.4680580357143,2.89136716637427,2007,17.495
"768",24,14.4680580357143,2.89136716637427,2008,12.2902857142857
"769",25,15.2339508928571,3.38337932830359,2010,12.7607142857143
"770",25,15.2339508928571,3.38337932830359,2014,12.7071428571429
"771",25,15.2339508928571,3.38337932830359,2015,11.495
"772",25,15.2339508928571,3.38337932830359,2000,18.4082857142857
"773",25,15.2339508928571,3.38337932830359,2017,19.4595714285714
"774",25,15.2339508928571,3.38337932830359,2001,12.3714285714286
"775",25,15.2339508928571,3.38337932830359,2016,16.425
"776",25,15.2339508928571,3.38337932830359,1989,17.4822857142857
"777",25,15.2339508928571,3.38337932830359,1990,14.944
"778",25,15.2339508928571,3.38337932830359,1997,11.4788571428571
"779",25,15.2339508928571,3.38337932830359,2002,18.7131428571429
"780",25,15.2339508928571,3.38337932830359,1998,16.1437142857143
"781",25,15.2339508928571,3.38337932830359,2013,18.7162857142857
"782",25,15.2339508928571,3.38337932830359,2011,13.7361428571429
"783",25,15.2339508928571,3.38337932830359,2012,15.6522857142857
"784",25,15.2339508928571,3.38337932830359,2003,16.3591428571429
"785",25,15.2339508928571,3.38337932830359,2020,16.5367142857143
"786",25,15.2339508928571,3.38337932830359,1994,15.9691428571429
"787",25,15.2339508928571,3.38337932830359,2018,14.9058571428571
"788",25,15.2339508928571,3.38337932830359,2004,12.5204285714286
"789",25,15.2339508928571,3.38337932830359,2005,19.0114285714286
"790",25,15.2339508928571,3.38337932830359,2006,17.5917142857143
"791",25,15.2339508928571,3.38337932830359,1999,11.8748571428571
"792",25,15.2339508928571,3.38337932830359,2007,16.3931428571429
"793",25,15.2339508928571,3.38337932830359,1996,11.484
"794",25,15.2339508928571,3.38337932830359,1992,14.6428571428571
"795",25,15.2339508928571,3.38337932830359,2019,19.047
"796",25,15.2339508928571,3.38337932830359,1991,13.2188571428571
"797",25,15.2339508928571,3.38337932830359,2008,16.2
"798",25,15.2339508928571,3.38337932830359,1993,13.8947142857143
"799",25,15.2339508928571,3.38337932830359,1995,13.8752857142857
"800",25,15.2339508928571,3.38337932830359,2009,13.4674285714286
"801",26,16.0508928571429,3.12715550014725,2001,17.5217142857143
"802",26,16.0508928571429,3.12715550014725,2018,17.3095714285714
"803",26,16.0508928571429,3.12715550014725,2000,10.7221428571429
"804",26,16.0508928571429,3.12715550014725,1998,16.1291428571429
"805",26,16.0508928571429,3.12715550014725,2016,17.3445714285714
"806",26,16.0508928571429,3.12715550014725,2017,15.7964285714286
"807",26,16.0508928571429,3.12715550014725,1989,15.8615714285714
"808",26,16.0508928571429,3.12715550014725,1990,18.2772857142857
"809",26,16.0508928571429,3.12715550014725,2002,14.0152857142857
"810",26,16.0508928571429,3.12715550014725,2014,13.0707142857143
"811",26,16.0508928571429,3.12715550014725,2003,16.8122857142857
"812",26,16.0508928571429,3.12715550014725,2010,18.786
"813",26,16.0508928571429,3.12715550014725,2006,17.5031428571429
"814",26,16.0508928571429,3.12715550014725,1996,12.3128571428571
"815",26,16.0508928571429,3.12715550014725,2015,17.3465714285714
"816",26,16.0508928571429,3.12715550014725,2004,14.1817142857143
"817",26,16.0508928571429,3.12715550014725,1999,15.6917142857143
"818",26,16.0508928571429,3.12715550014725,2012,16.4345714285714
"819",26,16.0508928571429,3.12715550014725,1997,14.5191428571429
"820",26,16.0508928571429,3.12715550014725,2011,15.932
"821",26,16.0508928571429,3.12715550014725,2005,17.0302857142857
"822",26,16.0508928571429,3.12715550014725,2013,11.989
"823",26,16.0508928571429,3.12715550014725,2007,13.7107142857143
"824",26,16.0508928571429,3.12715550014725,1991,13.5447142857143
"825",26,16.0508928571429,3.12715550014725,2020,18.0315714285714
"826",26,16.0508928571429,3.12715550014725,2019,20.961
"827",26,16.0508928571429,3.12715550014725,1994,19.9494285714286
"828",26,16.0508928571429,3.12715550014725,1995,17.8415714285714
"829",26,16.0508928571429,3.12715550014725,2008,16.4734285714286
"830",26,16.0508928571429,3.12715550014725,1992,17.575
"831",26,16.0508928571429,3.12715550014725,1993,13.2612857142857
"832",26,16.0508928571429,3.12715550014725,2009,17.6921428571429
"833",27,16.6393482142857,3.20597369889768,2000,15.3191428571429
"834",27,16.6393482142857,3.20597369889768,2017,17.953
"835",27,16.6393482142857,3.20597369889768,1989,18.1232857142857
"836",27,16.6393482142857,3.20597369889768,2001,17.7754285714286
"837",27,16.6393482142857,3.20597369889768,2014,17.9558571428571
"838",27,16.6393482142857,3.20597369889768,2016,15.2325714285714
"839",27,16.6393482142857,3.20597369889768,2013,17.1848571428571
"840",27,16.6393482142857,3.20597369889768,1990,12.9478571428571
"841",27,16.6393482142857,3.20597369889768,1997,15.0937142857143
"842",27,16.6393482142857,3.20597369889768,2002,15.2188571428571
"843",27,16.6393482142857,3.20597369889768,2003,14.7431428571429
"844",27,16.6393482142857,3.20597369889768,2004,13.6425714285714
"845",27,16.6393482142857,3.20597369889768,2018,18.6247142857143
"846",27,16.6393482142857,3.20597369889768,2011,14.9161428571429
"847",27,16.6393482142857,3.20597369889768,2015,22.1032857142857
"848",27,16.6393482142857,3.20597369889768,2010,20.0017142857143
"849",27,16.6393482142857,3.20597369889768,1999,18.4548571428571
"850",27,16.6393482142857,3.20597369889768,1994,18.2567142857143
"851",27,16.6393482142857,3.20597369889768,1998,12.5887142857143
"852",27,16.6393482142857,3.20597369889768,1991,20.181
"853",27,16.6393482142857,3.20597369889768,2005,15.2554285714286
"854",27,16.6393482142857,3.20597369889768,2006,20.0614285714286
"855",27,16.6393482142857,3.20597369889768,2007,14.2992857142857
"856",27,16.6393482142857,3.20597369889768,2012,17.1561428571429
"857",27,16.6393482142857,3.20597369889768,2019,14.6711428571429
"858",27,16.6393482142857,3.20597369889768,1996,13.2941428571429
"859",27,16.6393482142857,3.20597369889768,1993,15.9907142857143
"860",27,16.6393482142857,3.20597369889768,1995,16.675
"861",27,16.6393482142857,3.20597369889768,2008,18.1402857142857
"862",27,16.6393482142857,3.20597369889768,2020,16.8485714285714
"863",27,16.6393482142857,3.20597369889768,1992,15.8177142857143
"864",27,16.6393482142857,3.20597369889768,2009,17.9318571428571
"865",28,16.3221116071429,3.18881117072731,2000,11.968
"866",28,16.3221116071429,3.18881117072731,2016,17.8115714285714
"867",28,16.3221116071429,3.18881117072731,2017,15.7898571428571
"868",28,16.3221116071429,3.18881117072731,2001,15.3891428571429
"869",28,16.3221116071429,3.18881117072731,2014,16.0368571428571
"870",28,16.3221116071429,3.18881117072731,2015,15.5087142857143
"871",28,16.3221116071429,3.18881117072731,1990,14.4494285714286
"872",28,16.3221116071429,3.18881117072731,1989,15.326
"873",28,16.3221116071429,3.18881117072731,2018,16.7241428571429
"874",28,16.3221116071429,3.18881117072731,2002,17.4007142857143
"875",28,16.3221116071429,3.18881117072731,1996,14.5397142857143
"876",28,16.3221116071429,3.18881117072731,2004,12.7338571428571
"877",28,16.3221116071429,3.18881117072731,1998,13.6062857142857
"878",28,16.3221116071429,3.18881117072731,2012,14.9368571428571
"879",28,16.3221116071429,3.18881117072731,1997,16.8248571428571
"880",28,16.3221116071429,3.18881117072731,2010,23.3752857142857
"881",28,16.3221116071429,3.18881117072731,2005,19.186
"882",28,16.3221116071429,3.18881117072731,1994,18.9284285714286
"883",28,16.3221116071429,3.18881117072731,2013,15.6174285714286
"884",28,16.3221116071429,3.18881117072731,2003,17.0685714285714
"885",28,16.3221116071429,3.18881117072731,1999,17.4417142857143
"886",28,16.3221116071429,3.18881117072731,2006,19.4245714285714
"887",28,16.3221116071429,3.18881117072731,1995,21.2707142857143
"888",28,16.3221116071429,3.18881117072731,2007,16.3655714285714
"889",28,16.3221116071429,3.18881117072731,2019,13.6324285714286
"890",28,16.3221116071429,3.18881117072731,2020,15.2197142857143
"891",28,16.3221116071429,3.18881117072731,1992,15.7511428571429
"892",28,16.3221116071429,3.18881117072731,1993,13.3954285714286
"893",28,16.3221116071429,3.18881117072731,2011,16.8378571428571
"894",28,16.3221116071429,3.18881117072731,2009,15.4718571428571
"895",28,16.3221116071429,3.18881117072731,1991,18.8394285714286
"896",28,16.3221116071429,3.18881117072731,2008,15.4354285714286
"897",29,17.1289151785714,3.29779457313289,2000,12.3515714285714
"898",29,17.1289151785714,3.29779457313289,2014,20.969
"899",29,17.1289151785714,3.29779457313289,2016,18.337
"900",29,17.1289151785714,3.29779457313289,2001,14.6718571428571
"901",29,17.1289151785714,3.29779457313289,2018,19.9205714285714
"902",29,17.1289151785714,3.29779457313289,1990,15.0994285714286
"903",29,17.1289151785714,3.29779457313289,2017,18.5191428571429
"904",29,17.1289151785714,3.29779457313289,2013,19.0207142857143
"905",29,17.1289151785714,3.29779457313289,2002,14.4948571428571
"906",29,17.1289151785714,3.29779457313289,2010,19.7778571428571
"907",29,17.1289151785714,3.29779457313289,2003,21.48
"908",29,17.1289151785714,3.29779457313289,2004,18.0747142857143
"909",29,17.1289151785714,3.29779457313289,2005,15.8028571428571
"910",29,17.1289151785714,3.29779457313289,1991,14.9128571428571
"911",29,17.1289151785714,3.29779457313289,2015,20.557
"912",29,17.1289151785714,3.29779457313289,1989,14.413
"913",29,17.1289151785714,3.29779457313289,2006,22.2697142857143
"914",29,17.1289151785714,3.29779457313289,1997,15.5384285714286
"915",29,17.1289151785714,3.29779457313289,1998,17.3458571428571
"916",29,17.1289151785714,3.29779457313289,1996,12.6031428571429
"917",29,17.1289151785714,3.29779457313289,2011,15.3252857142857
"918",29,17.1289151785714,3.29779457313289,2007,19.3932857142857
"919",29,17.1289151785714,3.29779457313289,2012,14.2667142857143
"920",29,17.1289151785714,3.29779457313289,2019,17.257
"921",29,17.1289151785714,3.29779457313289,2020,15.9208571428571
"922",29,17.1289151785714,3.29779457313289,1993,14.8895714285714
"923",29,17.1289151785714,3.29779457313289,2008,14.283
"924",29,17.1289151785714,3.29779457313289,1992,18.2117142857143
"925",29,17.1289151785714,3.29779457313289,2009,16.9518571428571
"926",29,17.1289151785714,3.29779457313289,1994,18.8781428571429
"927",29,17.1289151785714,3.29779457313289,1995,18.7694285714286
"928",29,17.1289151785714,3.29779457313289,1999,17.8188571428571
"929",30,17.7828883928571,3.26204598250428,2001,20.0741428571429
"930",30,17.7828883928571,3.26204598250428,2002,16.5405714285714
"931",30,17.7828883928571,3.26204598250428,2016,19.7961428571429
"932",30,17.7828883928571,3.26204598250428,2005,18.3421428571429
"933",30,17.7828883928571,3.26204598250428,2014,18.7195714285714
"934",30,17.7828883928571,3.26204598250428,1992,17.3844285714286
"935",30,17.7828883928571,3.26204598250428,2003,18.3912857142857
"936",30,17.7828883928571,3.26204598250428,2000,14.9377142857143
"937",30,17.7828883928571,3.26204598250428,1991,16.1067142857143
"938",30,17.7828883928571,3.26204598250428,2010,15.365
"939",30,17.7828883928571,3.26204598250428,1990,15.8485714285714
"940",30,17.7828883928571,3.26204598250428,1998,16.4717142857143
"941",30,17.7828883928571,3.26204598250428,2013,21.2057142857143
"942",30,17.7828883928571,3.26204598250428,2007,15.8638571428571
"943",30,17.7828883928571,3.26204598250428,2011,14.3852857142857
"944",30,17.7828883928571,3.26204598250428,2004,15.9744285714286
"945",30,17.7828883928571,3.26204598250428,1993,14.6502857142857
"946",30,17.7828883928571,3.26204598250428,2017,15.2091428571429
"947",30,17.7828883928571,3.26204598250428,2018,23.1661428571429
"948",30,17.7828883928571,3.26204598250428,2015,15.9072857142857
"949",30,17.7828883928571,3.26204598250428,1989,17.7675714285714
"950",30,17.7828883928571,3.26204598250428,1997,16.1325714285714
"951",30,17.7828883928571,3.26204598250428,2012,18.918
"952",30,17.7828883928571,3.26204598250428,2019,23.2421428571429
"953",30,17.7828883928571,3.26204598250428,1999,15.9788571428571
"954",30,17.7828883928571,3.26204598250428,1994,22.8425714285714
"955",30,17.7828883928571,3.26204598250428,2008,18.8981428571429
"956",30,17.7828883928571,3.26204598250428,2009,17.002
"957",30,17.7828883928571,3.26204598250428,2006,22.5265714285714
"958",30,17.7828883928571,3.26204598250428,2020,18.1888571428571
"959",30,17.7828883928571,3.26204598250428,1995,17.5588571428571
"960",30,17.7828883928571,3.26204598250428,1996,15.6561428571429
"961",31,18.0801339285714,3.07501163363736,2012,17.1375714285714
"962",31,18.0801339285714,3.07501163363736,1989,12.8942857142857
"963",31,18.0801339285714,3.07501163363736,2006,16.5715714285714
"964",31,18.0801339285714,3.07501163363736,2016,16.5351428571429
"965",31,18.0801339285714,3.07501163363736,1991,17.9961428571429
"966",31,18.0801339285714,3.07501163363736,2014,17.916
"967",31,18.0801339285714,3.07501163363736,1990,20.8634285714286
"968",31,18.0801339285714,3.07501163363736,2013,20.4015714285714
"969",31,18.0801339285714,3.07501163363736,2000,15.6528571428571
"970",31,18.0801339285714,3.07501163363736,2010,16.6941428571429
"971",31,18.0801339285714,3.07501163363736,1998,15.3721428571429
"972",31,18.0801339285714,3.07501163363736,1993,17.4195714285714
"973",31,18.0801339285714,3.07501163363736,2017,19.566
"974",31,18.0801339285714,3.07501163363736,2003,22.3481428571429
"975",31,18.0801339285714,3.07501163363736,1992,19.0604285714286
"976",31,18.0801339285714,3.07501163363736,2015,17.3314285714286
"977",31,18.0801339285714,3.07501163363736,1999,18.6025714285714
"978",31,18.0801339285714,3.07501163363736,2001,18.1722857142857
"979",31,18.0801339285714,3.07501163363736,2007,14.0038571428571
"980",31,18.0801339285714,3.07501163363736,2011,16.5937142857143
"981",31,18.0801339285714,3.07501163363736,1994,23.1418571428571
"982",31,18.0801339285714,3.07501163363736,2009,16.5575714285714
"983",31,18.0801339285714,3.07501163363736,2004,18.7217142857143
"984",31,18.0801339285714,3.07501163363736,2019,18.2438571428571
"985",31,18.0801339285714,3.07501163363736,2020,18.2988571428571
"986",31,18.0801339285714,3.07501163363736,1995,19.7387142857143
"987",31,18.0801339285714,3.07501163363736,2002,18.6327142857143
"988",31,18.0801339285714,3.07501163363736,2005,15.7482857142857
"989",31,18.0801339285714,3.07501163363736,1996,16.3888571428571
"990",31,18.0801339285714,3.07501163363736,1997,16.752
"991",31,18.0801339285714,3.07501163363736,2008,20.6107142857143
"992",31,18.0801339285714,3.07501163363736,2018,24.5962857142857
"993",32,17.7713482142857,3.28839032605605,2019,18.6327142857143
"994",32,17.7713482142857,3.28839032605605,1990,16.1081428571429
"995",32,17.7713482142857,3.28839032605605,2015,22.6051428571429
"996",32,17.7713482142857,3.28839032605605,2000,15.964
"997",32,17.7713482142857,3.28839032605605,2014,17.0947142857143
"998",32,17.7713482142857,3.28839032605605,2010,16.5051428571429
"999",32,17.7713482142857,3.28839032605605,2020,22.935
"1000",32,17.7713482142857,3.28839032605605,2001,15.0307142857143
"1001",32,17.7713482142857,3.28839032605605,2012,15.5357142857143
"1002",32,17.7713482142857,3.28839032605605,1991,19.4942857142857
"1003",32,17.7713482142857,3.28839032605605,2003,24.4458571428571
"1004",32,17.7713482142857,3.28839032605605,2013,17.1107142857143
"1005",32,17.7713482142857,3.28839032605605,2016,15.0271428571429
"1006",32,17.7713482142857,3.28839032605605,1996,16.4501428571429
"1007",32,17.7713482142857,3.28839032605605,2011,15.7975714285714
"1008",32,17.7713482142857,3.28839032605605,1998,20.2157142857143
"1009",32,17.7713482142857,3.28839032605605,2002,15.929
"1010",32,17.7713482142857,3.28839032605605,2017,15.1061428571429
"1011",32,17.7713482142857,3.28839032605605,2009,18.6345714285714
"1012",32,17.7713482142857,3.28839032605605,2007,16.6937142857143
"1013",32,17.7713482142857,3.28839032605605,1993,14.79
"1014",32,17.7713482142857,3.28839032605605,1989,17.5217142857143
"1015",32,17.7713482142857,3.28839032605605,2006,14.6374285714286
"1016",32,17.7713482142857,3.28839032605605,2004,21.0815714285714
"1017",32,17.7713482142857,3.28839032605605,2005,12.55
"1018",32,17.7713482142857,3.28839032605605,1999,16.6084285714286
"1019",32,17.7713482142857,3.28839032605605,1997,19.2147142857143
"1020",32,17.7713482142857,3.28839032605605,2018,21.0622857142857
"1021",32,17.7713482142857,3.28839032605605,2008,17.9938571428571
"1022",32,17.7713482142857,3.28839032605605,1994,18.4941428571429
"1023",32,17.7713482142857,3.28839032605605,1995,18.8511428571429
"1024",32,17.7713482142857,3.28839032605605,1992,20.5617142857143
"1025",33,16.7994151785714,2.70580741030325,2001,20.5275714285714
"1026",33,16.7994151785714,2.70580741030325,2000,19.106
"1027",33,16.7994151785714,2.70580741030325,2016,15.7111428571429
"1028",33,16.7994151785714,2.70580741030325,1997,18.7444285714286
"1029",33,16.7994151785714,2.70580741030325,2014,13.6237142857143
"1030",33,16.7994151785714,2.70580741030325,2003,19.2618571428571
"1031",33,16.7994151785714,2.70580741030325,1993,16.1608571428571
"1032",33,16.7994151785714,2.70580741030325,2017,17.256
"1033",33,16.7994151785714,2.70580741030325,2002,18.3885714285714
"1034",33,16.7994151785714,2.70580741030325,2015,17.9811428571429
"1035",33,16.7994151785714,2.70580741030325,1990,16.4247142857143
"1036",33,16.7994151785714,2.70580741030325,1998,17.1611428571429
"1037",33,16.7994151785714,2.70580741030325,2012,17.2577142857143
"1038",33,16.7994151785714,2.70580741030325,2009,17.883
"1039",33,16.7994151785714,2.70580741030325,2004,17.9678571428571
"1040",33,16.7994151785714,2.70580741030325,1994,12.8947142857143
"1041",33,16.7994151785714,2.70580741030325,2007,16.2674285714286
"1042",33,16.7994151785714,2.70580741030325,1991,15.552
"1043",33,16.7994151785714,2.70580741030325,1996,15.1392857142857
"1044",33,16.7994151785714,2.70580741030325,2019,15.9832857142857
"1045",33,16.7994151785714,2.70580741030325,1989,19.1781428571429
"1046",33,16.7994151785714,2.70580741030325,2018,19.1694285714286
"1047",33,16.7994151785714,2.70580741030325,2008,15.8451428571429
"1048",33,16.7994151785714,2.70580741030325,2010,14.7182857142857
"1049",33,16.7994151785714,2.70580741030325,1999,13.8124285714286
"1050",33,16.7994151785714,2.70580741030325,2013,15.9788571428571
"1051",33,16.7994151785714,2.70580741030325,1992,14.2684285714286
"1052",33,16.7994151785714,2.70580741030325,2020,19.7434285714286
"1053",33,16.7994151785714,2.70580741030325,1995,17.9914285714286
"1054",33,16.7994151785714,2.70580741030325,2011,17.3905714285714
"1055",33,16.7994151785714,2.70580741030325,2005,15.176
"1056",33,16.7994151785714,2.70580741030325,2006,15.0167142857143
"1057",34,16.6523035714286,3.04874948807924,2014,11.461
"1058",34,16.6523035714286,3.04874948807924,2000,15.8495714285714
"1059",34,16.6523035714286,3.04874948807924,2001,20.1084285714286
"1060",34,16.6523035714286,3.04874948807924,2016,18.3238571428571
"1061",34,16.6523035714286,3.04874948807924,2017,14.7361428571429
"1062",34,16.6523035714286,3.04874948807924,2003,17.2532857142857
"1063",34,16.6523035714286,3.04874948807924,1998,13.0372857142857
"1064",34,16.6523035714286,3.04874948807924,2013,15.8817142857143
"1065",34,16.6523035714286,3.04874948807924,2009,17.8957142857143
"1066",34,16.6523035714286,3.04874948807924,2015,16.3177142857143
"1067",34,16.6523035714286,3.04874948807924,1994,15.6405714285714
"1068",34,16.6523035714286,3.04874948807924,1993,13.1021428571429
"1069",34,16.6523035714286,3.04874948807924,2002,18.14
"1070",34,16.6523035714286,3.04874948807924,2010,17.4065714285714
"1071",34,16.6523035714286,3.04874948807924,2004,15.4291428571429
"1072",34,16.6523035714286,3.04874948807924,1990,15.31
"1073",34,16.6523035714286,3.04874948807924,1989,17.1258571428571
"1074",34,16.6523035714286,3.04874948807924,2018,17.7891428571429
"1075",34,16.6523035714286,3.04874948807924,2011,19.7211428571429
"1076",34,16.6523035714286,3.04874948807924,1992,17.2154285714286
"1077",34,16.6523035714286,3.04874948807924,1999,14.1367142857143
"1078",34,16.6523035714286,3.04874948807924,1996,17.721
"1079",34,16.6523035714286,3.04874948807924,1991,16.1488571428571
"1080",34,16.6523035714286,3.04874948807924,1997,20.291
"1081",34,16.6523035714286,3.04874948807924,2007,16.0347142857143
"1082",34,16.6523035714286,3.04874948807924,2008,15.5432857142857
"1083",34,16.6523035714286,3.04874948807924,2012,19.5507142857143
"1084",34,16.6523035714286,3.04874948807924,2019,18.4835714285714
"1085",34,16.6523035714286,3.04874948807924,1995,18.6792857142857
"1086",34,16.6523035714286,3.04874948807924,2005,15.6088571428571
"1087",34,16.6523035714286,3.04874948807924,2006,14.2785714285714
"1088",34,16.6523035714286,3.04874948807924,2020,18.6524285714286
"1089",35,14.8696160714286,3.1513701703533,2014,14.0407142857143
"1090",35,14.8696160714286,3.1513701703533,2009,16.594
"1091",35,14.8696160714286,3.1513701703533,2001,14.581
"1092",35,14.8696160714286,3.1513701703533,2017,15.9364285714286
"1093",35,14.8696160714286,3.1513701703533,2015,18.1522857142857
"1094",35,14.8696160714286,3.1513701703533,1990,16.7152857142857
"1095",35,14.8696160714286,3.1513701703533,2000,15.0251428571429
"1096",35,14.8696160714286,3.1513701703533,1993,10.6214285714286
"1097",35,14.8696160714286,3.1513701703533,1996,13.0851428571429
"1098",35,14.8696160714286,3.1513701703533,2002,17.226
"1099",35,14.8696160714286,3.1513701703533,1994,14.2167142857143
"1100",35,14.8696160714286,3.1513701703533,2016,19.9807142857143
"1101",35,14.8696160714286,3.1513701703533,1989,11.9905714285714
"1102",35,14.8696160714286,3.1513701703533,1997,17.3158571428571
"1103",35,14.8696160714286,3.1513701703533,2003,12.7347142857143
"1104",35,14.8696160714286,3.1513701703533,2011,13.1447142857143
"1105",35,14.8696160714286,3.1513701703533,2012,15.3075714285714
"1106",35,14.8696160714286,3.1513701703533,2008,16.4084285714286
"1107",35,14.8696160714286,3.1513701703533,2010,11.9104285714286
"1108",35,14.8696160714286,3.1513701703533,2004,13.7315714285714
"1109",35,14.8696160714286,3.1513701703533,2007,12.8081428571429
"1110",35,14.8696160714286,3.1513701703533,1998,11.1267142857143
"1111",35,14.8696160714286,3.1513701703533,2018,15.2677142857143
"1112",35,14.8696160714286,3.1513701703533,1991,15.1577142857143
"1113",35,14.8696160714286,3.1513701703533,2019,19.6042857142857
"1114",35,14.8696160714286,3.1513701703533,1995,10.6218571428571
"1115",35,14.8696160714286,3.1513701703533,2013,14.9265714285714
"1116",35,14.8696160714286,3.1513701703533,1992,16.4895714285714
"1117",35,14.8696160714286,3.1513701703533,2020,14.8838571428571
"1118",35,14.8696160714286,3.1513701703533,1999,14.7824285714286
"1119",35,14.8696160714286,3.1513701703533,2006,13.7098571428571
"1120",35,14.8696160714286,3.1513701703533,2005,17.7302857142857
"1121",36,13.9749464285714,2.75079654942165,2015,11.4795714285714
"1122",36,13.9749464285714,2.75079654942165,2001,11.5067142857143
"1123",36,13.9749464285714,2.75079654942165,1989,13.09
"1124",36,13.9749464285714,2.75079654942165,1996,11.0422857142857
"1125",36,13.9749464285714,2.75079654942165,2009,13.9612857142857
"1126",36,13.9749464285714,2.75079654942165,2014,15.2637142857143
"1127",36,13.9749464285714,2.75079654942165,2000,11.8884285714286
"1128",36,13.9749464285714,2.75079654942165,1990,11.5088571428571
"1129",36,13.9749464285714,2.75079654942165,2002,15.6628571428571
"1130",36,13.9749464285714,2.75079654942165,2016,17.175
"1131",36,13.9749464285714,2.75079654942165,1994,12.6685714285714
"1132",36,13.9749464285714,2.75079654942165,1998,14.6507142857143
"1133",36,13.9749464285714,2.75079654942165,2012,14.4798571428571
"1134",36,13.9749464285714,2.75079654942165,1992,10.5812857142857
"1135",36,13.9749464285714,2.75079654942165,2019,13.0065714285714
"1136",36,13.9749464285714,2.75079654942165,1995,13.1467142857143
"1137",36,13.9749464285714,2.75079654942165,1993,11.1034285714286
"1138",36,13.9749464285714,2.75079654942165,2010,11.5854285714286
"1139",36,13.9749464285714,2.75079654942165,2011,15.8802857142857
"1140",36,13.9749464285714,2.75079654942165,2020,13.563
"1141",36,13.9749464285714,2.75079654942165,2017,13.3688571428571
"1142",36,13.9749464285714,2.75079654942165,1991,14.4794285714286
"1143",36,13.9749464285714,2.75079654942165,1997,15.4278571428571
"1144",36,13.9749464285714,2.75079654942165,2003,13.4588571428571
"1145",36,13.9749464285714,2.75079654942165,1999,16.995
"1146",36,13.9749464285714,2.75079654942165,2013,17.2271428571429
"1147",36,13.9749464285714,2.75079654942165,2018,16.3078571428571
"1148",36,13.9749464285714,2.75079654942165,2005,18.4824285714286
"1149",36,13.9749464285714,2.75079654942165,2007,11.2181428571429
"1150",36,13.9749464285714,2.75079654942165,2008,14.8967142857143
"1151",36,13.9749464285714,2.75079654942165,2004,16.2861428571429
"1152",36,13.9749464285714,2.75079654942165,2006,15.8052857142857
"1153",37,13.5247276785714,3.04753136469209,1990,10.6202857142857
"1154",37,13.5247276785714,3.04753136469209,1996,9.27871428571429
"1155",37,13.5247276785714,3.04753136469209,2000,16.206
"1156",37,13.5247276785714,3.04753136469209,2001,10.0362857142857
"1157",37,13.5247276785714,3.04753136469209,2009,13.0242857142857
"1158",37,13.5247276785714,3.04753136469209,2019,13.8504285714286
"1159",37,13.5247276785714,3.04753136469209,2007,11.5257142857143
"1160",37,13.5247276785714,3.04753136469209,2012,13.9365714285714
"1161",37,13.5247276785714,3.04753136469209,2002,12.1691428571429
"1162",37,13.5247276785714,3.04753136469209,2014,14.1807142857143
"1163",37,13.5247276785714,3.04753136469209,1989,14.0965714285714
"1164",37,13.5247276785714,3.04753136469209,2008,12.927
"1165",37,13.5247276785714,3.04753136469209,1997,11.7568571428571
"1166",37,13.5247276785714,3.04753136469209,2010,13.2787142857143
"1167",37,13.5247276785714,3.04753136469209,2004,14.5897142857143
"1168",37,13.5247276785714,3.04753136469209,2020,16.4465714285714
"1169",37,13.5247276785714,3.04753136469209,2016,20.6785714285714
"1170",37,13.5247276785714,3.04753136469209,1991,13.5298571428571
"1171",37,13.5247276785714,3.04753136469209,2015,13.09
"1172",37,13.5247276785714,3.04753136469209,2011,15.5532857142857
"1173",37,13.5247276785714,3.04753136469209,2005,14.9498571428571
"1174",37,13.5247276785714,3.04753136469209,1999,18.3821428571429
"1175",37,13.5247276785714,3.04753136469209,1998,11.2751428571429
"1176",37,13.5247276785714,3.04753136469209,2006,17.2647142857143
"1177",37,13.5247276785714,3.04753136469209,1994,12.0685714285714
"1178",37,13.5247276785714,3.04753136469209,2017,11.181
"1179",37,13.5247276785714,3.04753136469209,2003,12.3457142857143
"1180",37,13.5247276785714,3.04753136469209,1992,12.1627142857143
"1181",37,13.5247276785714,3.04753136469209,1993,11.8844285714286
"1182",37,13.5247276785714,3.04753136469209,2018,15.6904285714286
"1183",37,13.5247276785714,3.04753136469209,1995,13.3315714285714
"1184",37,13.5247276785714,3.04753136469209,2013,11.4797142857143
"1185",38,12.0101919642857,3.0422272926598,2000,10.7851428571429
"1186",38,12.0101919642857,3.0422272926598,2014,13.6308571428571
"1187",38,12.0101919642857,3.0422272926598,2009,14.3477142857143
"1188",38,12.0101919642857,3.0422272926598,2012,10.8464285714286
"1189",38,12.0101919642857,3.0422272926598,2015,11.9241428571429
"1190",38,12.0101919642857,3.0422272926598,1996,7.82414285714286
"1191",38,12.0101919642857,3.0422272926598,1997,11.1188571428571
"1192",38,12.0101919642857,3.0422272926598,2007,11.7177142857143
"1193",38,12.0101919642857,3.0422272926598,1999,15.4377142857143
"1194",38,12.0101919642857,3.0422272926598,2001,9.75814285714286
"1195",38,12.0101919642857,3.0422272926598,2019,11.028
"1196",38,12.0101919642857,3.0422272926598,2017,9.94985714285714
"1197",38,12.0101919642857,3.0422272926598,2016,13.7088571428571
"1198",38,12.0101919642857,3.0422272926598,2010,11.2872857142857
"1199",38,12.0101919642857,3.0422272926598,2002,10.5705714285714
"1200",38,12.0101919642857,3.0422272926598,1989,17.1421428571429
"1201",38,12.0101919642857,3.0422272926598,2013,10.8485714285714
"1202",38,12.0101919642857,3.0422272926598,1990,9.66128571428571
"1203",38,12.0101919642857,3.0422272926598,2011,12.1257142857143
"1204",38,12.0101919642857,3.0422272926598,1998,10.4511428571429
"1205",38,12.0101919642857,3.0422272926598,2008,8.05114285714286
"1206",38,12.0101919642857,3.0422272926598,1991,13.0478571428571
"1207",38,12.0101919642857,3.0422272926598,2003,16.2662857142857
"1208",38,12.0101919642857,3.0422272926598,2004,11.2148571428571
"1209",38,12.0101919642857,3.0422272926598,2020,14.5097142857143
"1210",38,12.0101919642857,3.0422272926598,2005,9.92028571428571
"1211",38,12.0101919642857,3.0422272926598,1992,12.33
"1212",38,12.0101919642857,3.0422272926598,2006,15.9988571428571
"1213",38,12.0101919642857,3.0422272926598,1993,11.5794285714286
"1214",38,12.0101919642857,3.0422272926598,1994,9.513
"1215",38,12.0101919642857,3.0422272926598,2018,16.1807142857143
"1216",38,12.0101919642857,3.0422272926598,1995,11.5497142857143
"1217",39,11.3149196428571,2.57802839164595,2015,9.62914285714286
"1218",39,11.3149196428571,2.57802839164595,2014,12.798
"1219",39,11.3149196428571,2.57802839164595,2013,9.61442857142857
"1220",39,11.3149196428571,2.57802839164595,2012,11.2738571428571
"1221",39,11.3149196428571,2.57802839164595,2011,14.2961428571429
"1222",39,11.3149196428571,2.57802839164595,1989,11.1537142857143
"1223",39,11.3149196428571,2.57802839164595,2000,12.1752857142857
"1224",39,11.3149196428571,2.57802839164595,2017,12.585
"1225",39,11.3149196428571,2.57802839164595,2016,14.5994285714286
"1226",39,11.3149196428571,2.57802839164595,2009,11.8172857142857
"1227",39,11.3149196428571,2.57802839164595,1996,9.42257142857143
"1228",39,11.3149196428571,2.57802839164595,2001,11.3398571428571
"1229",39,11.3149196428571,2.57802839164595,2007,11.1917142857143
"1230",39,11.3149196428571,2.57802839164595,2002,8.013
"1231",39,11.3149196428571,2.57802839164595,2010,9.30457142857143
"1232",39,11.3149196428571,2.57802839164595,1997,11.3888571428571
"1233",39,11.3149196428571,2.57802839164595,2003,9.327
"1234",39,11.3149196428571,2.57802839164595,1999,14.1435714285714
"1235",39,11.3149196428571,2.57802839164595,2019,13.6281428571429
"1236",39,11.3149196428571,2.57802839164595,2006,14.8194285714286
"1237",39,11.3149196428571,2.57802839164595,2020,11.1382857142857
"1238",39,11.3149196428571,2.57802839164595,1991,13.2385714285714
"1239",39,11.3149196428571,2.57802839164595,1990,9.77228571428572
"1240",39,11.3149196428571,2.57802839164595,1998,12.0064285714286
"1241",39,11.3149196428571,2.57802839164595,2008,8.87457142857143
"1242",39,11.3149196428571,2.57802839164595,2018,8.54857142857143
"1243",39,11.3149196428571,2.57802839164595,1993,9.33357142857143
"1244",39,11.3149196428571,2.57802839164595,2004,10.3594285714286
"1245",39,11.3149196428571,2.57802839164595,1995,8.83442857142857
"1246",39,11.3149196428571,2.57802839164595,1992,12.2077142857143
"1247",39,11.3149196428571,2.57802839164595,1994,12.8977142857143
"1248",39,11.3149196428571,2.57802839164595,2005,12.3448571428571
"1249",40,10.3476741071429,2.84558095387681,2000,11.6954285714286
"1250",40,10.3476741071429,2.84558095387681,1989,8.46071428571429
"1251",40,10.3476741071429,2.84558095387681,1998,4.756
"1252",40,10.3476741071429,2.84558095387681,2002,9.31814285714286
"1253",40,10.3476741071429,2.84558095387681,2004,11.9418571428571
"1254",40,10.3476741071429,2.84558095387681,2001,13.084
"1255",40,10.3476741071429,2.84558095387681,2016,10.1461428571429
"1256",40,10.3476741071429,2.84558095387681,2003,8.97757142857143
"1257",40,10.3476741071429,2.84558095387681,2015,10.8944285714286
"1258",40,10.3476741071429,2.84558095387681,1990,11.3992857142857
"1259",40,10.3476741071429,2.84558095387681,2018,9.31657142857143
"1260",40,10.3476741071429,2.84558095387681,2017,9.89942857142857
"1261",40,10.3476741071429,2.84558095387681,2012,10.7907142857143
"1262",40,10.3476741071429,2.84558095387681,1999,9.56042857142857
"1263",40,10.3476741071429,2.84558095387681,1993,10.9432857142857
"1264",40,10.3476741071429,2.84558095387681,1996,8.96057142857143
"1265",40,10.3476741071429,2.84558095387681,1991,10.4845714285714
"1266",40,10.3476741071429,2.84558095387681,2019,8.48385714285714
"1267",40,10.3476741071429,2.84558095387681,2005,11.0577142857143
"1268",40,10.3476741071429,2.84558095387681,1994,6.44885714285714
"1269",40,10.3476741071429,2.84558095387681,1997,11.7757142857143
"1270",40,10.3476741071429,2.84558095387681,2013,8.53571428571429
"1271",40,10.3476741071429,2.84558095387681,2014,11.7245714285714
"1272",40,10.3476741071429,2.84558095387681,2006,12.2568571428571
"1273",40,10.3476741071429,2.84558095387681,2007,11.1457142857143
"1274",40,10.3476741071429,2.84558095387681,2008,8.27885714285714
"1275",40,10.3476741071429,2.84558095387681,2020,11.2195714285714
"1276",40,10.3476741071429,2.84558095387681,2009,11.367
"1277",40,10.3476741071429,2.84558095387681,1995,12.4935714285714
"1278",40,10.3476741071429,2.84558095387681,2010,11.707
"1279",40,10.3476741071429,2.84558095387681,2011,14.2658571428571
"1280",40,10.3476741071429,2.84558095387681,1992,9.73557142857143
"1281",41,9.03646875,3.30161131593806,2000,7.87557142857143
"1282",41,9.03646875,3.30161131593806,2016,6.38114285714286
"1283",41,9.03646875,3.30161131593806,1999,9.29842857142857
"1284",41,9.03646875,3.30161131593806,1989,8.33628571428571
"1285",41,9.03646875,3.30161131593806,2003,7.41857142857143
"1286",41,9.03646875,3.30161131593806,2018,13.375
"1287",41,9.03646875,3.30161131593806,2001,12.3344285714286
"1288",41,9.03646875,3.30161131593806,2014,13.2841428571429
"1289",41,9.03646875,3.30161131593806,2015,5.21028571428571
"1290",41,9.03646875,3.30161131593806,1998,8.51071428571429
"1291",41,9.03646875,3.30161131593806,1996,9.04942857142857
"1292",41,9.03646875,3.30161131593806,2017,11.2084285714286
"1293",41,9.03646875,3.30161131593806,2002,4.37585714285714
"1294",41,9.03646875,3.30161131593806,1993,11.3431428571429
"1295",41,9.03646875,3.30161131593806,2007,8.00042857142857
"1296",41,9.03646875,3.30161131593806,2019,12.8247142857143
"1297",41,9.03646875,3.30161131593806,2012,6.50242857142857
"1298",41,9.03646875,3.30161131593806,2004,6.04071428571429
"1299",41,9.03646875,3.30161131593806,1990,9.50657142857143
"1300",41,9.03646875,3.30161131593806,1997,10.1801428571429
"1301",41,9.03646875,3.30161131593806,2008,10.9847142857143
"1302",41,9.03646875,3.30161131593806,1991,11.5102857142857
"1303",41,9.03646875,3.30161131593806,2009,7.37628571428571
"1304",41,9.03646875,3.30161131593806,1994,6.46142857142857
"1305",41,9.03646875,3.30161131593806,2005,9.79614285714286
"1306",41,9.03646875,3.30161131593806,2013,7.63157142857143
"1307",41,9.03646875,3.30161131593806,2006,10.9501428571429
"1308",41,9.03646875,3.30161131593806,2020,8.72842857142857
"1309",41,9.03646875,3.30161131593806,2011,8.06342857142857
"1310",41,9.03646875,3.30161131593806,1995,13.8388571428571
"1311",41,9.03646875,3.30161131593806,2010,6.74742857142857
"1312",41,9.03646875,3.30161131593806,1992,6.02185714285714
"1313",42,7.55827232142857,3.60465870484617,2015,5.52242857142857
"1314",42,7.55827232142857,3.60465870484617,2000,9.47614285714286
"1315",42,7.55827232142857,3.60465870484617,2016,8.32071428571428
"1316",42,7.55827232142857,3.60465870484617,2001,10.3467142857143
"1317",42,7.55827232142857,3.60465870484617,1989,8.96642857142857
"1318",42,7.55827232142857,3.60465870484617,2018,10.944
"1319",42,7.55827232142857,3.60465870484617,2007,6.71814285714286
"1320",42,7.55827232142857,3.60465870484617,2017,12.2281428571429
"1321",42,7.55827232142857,3.60465870484617,1998,7.83371428571429
"1322",42,7.55827232142857,3.60465870484617,2003,2.50728571428571
"1323",42,7.55827232142857,3.60465870484617,1990,10.8145714285714
"1324",42,7.55827232142857,3.60465870484617,2019,12.4992857142857
"1325",42,7.55827232142857,3.60465870484617,1993,3.03085714285714
"1326",42,7.55827232142857,3.60465870484617,2014,11.8957142857143
"1327",42,7.55827232142857,3.60465870484617,1999,3.43442857142857
"1328",42,7.55827232142857,3.60465870484617,1996,8.30842857142857
"1329",42,7.55827232142857,3.60465870484617,1995,10.075
"1330",42,7.55827232142857,3.60465870484617,2009,2.78285714285714
"1331",42,7.55827232142857,3.60465870484617,1994,3.79485714285714
"1332",42,7.55827232142857,3.60465870484617,2008,8.75757142857143
"1333",42,7.55827232142857,3.60465870484617,2006,9.15628571428571
"1334",42,7.55827232142857,3.60465870484617,2002,7.48014285714286
"1335",42,7.55827232142857,3.60465870484617,2004,6.92514285714286
"1336",42,7.55827232142857,3.60465870484617,2020,6.917
"1337",42,7.55827232142857,3.60465870484617,1991,6.729
"1338",42,7.55827232142857,3.60465870484617,2012,10.111
"1339",42,7.55827232142857,3.60465870484617,2013,10.1951428571429
"1340",42,7.55827232142857,3.60465870484617,2010,4.625
"1341",42,7.55827232142857,3.60465870484617,2011,5.19671428571429
"1342",42,7.55827232142857,3.60465870484617,1997,5.58285714285714
"1343",42,7.55827232142857,3.60465870484617,2005,7.766
"1344",42,7.55827232142857,3.60465870484617,1992,2.92314285714286
"1345",43,7.68052232142857,3.72388727527585,2016,5.84557142857143
"1346",43,7.68052232142857,3.72388727527585,2007,4.17085714285714
"1347",43,7.68052232142857,3.72388727527585,2017,9.88728571428571
"1348",43,7.68052232142857,3.72388727527585,2014,7.66185714285714
"1349",43,7.68052232142857,3.72388727527585,2000,9.48071428571428
"1350",43,7.68052232142857,3.72388727527585,2001,9.58914285714286
"1351",43,7.68052232142857,3.72388727527585,2008,7.31014285714286
"1352",43,7.68052232142857,3.72388727527585,1996,6.88
"1353",43,7.68052232142857,3.72388727527585,1999,9.005
"1354",43,7.68052232142857,3.72388727527585,1993,3.85785714285714
"1355",43,7.68052232142857,3.72388727527585,2018,7.01585714285714
"1356",43,7.68052232142857,3.72388727527585,2019,10.0692857142857
"1357",43,7.68052232142857,3.72388727527585,2009,7.48128571428571
"1358",43,7.68052232142857,3.72388727527585,1989,13.1951428571429
"1359",43,7.68052232142857,3.72388727527585,1994,7.80814285714286
"1360",43,7.68052232142857,3.72388727527585,1998,9.04114285714286
"1361",43,7.68052232142857,3.72388727527585,1997,1.38342857142857
"1362",43,7.68052232142857,3.72388727527585,2015,7.03557142857143
"1363",43,7.68052232142857,3.72388727527585,1990,5.04542857142857
"1364",43,7.68052232142857,3.72388727527585,1995,8.479
"1365",43,7.68052232142857,3.72388727527585,2020,11.3141428571429
"1366",43,7.68052232142857,3.72388727527585,2002,8.41685714285714
"1367",43,7.68052232142857,3.72388727527585,2010,4.78657142857143
"1368",43,7.68052232142857,3.72388727527585,2004,11.1665714285714
"1369",43,7.68052232142857,3.72388727527585,2011,6.04085714285714
"1370",43,7.68052232142857,3.72388727527585,2012,7.06871428571429
"1371",43,7.68052232142857,3.72388727527585,2003,1.46114285714286
"1372",43,7.68052232142857,3.72388727527585,1992,3.618
"1373",43,7.68052232142857,3.72388727527585,2005,12.0025714285714
"1374",43,7.68052232142857,3.72388727527585,2006,12.918
"1375",43,7.68052232142857,3.72388727527585,2013,13.466
"1376",43,7.68052232142857,3.72388727527585,1991,3.27457142857143
"1377",44,6.57103125,3.29438613454819,1989,9.67642857142857
"1378",44,6.57103125,3.29438613454819,2000,8.52771428571429
"1379",44,6.57103125,3.29438613454819,2016,7.08157142857143
"1380",44,6.57103125,3.29438613454819,1993,0.971571428571429
"1381",44,6.57103125,3.29438613454819,1990,5.53928571428571
"1382",44,6.57103125,3.29438613454819,2001,8.33071428571429
"1383",44,6.57103125,3.29438613454819,1991,3.53571428571429
"1384",44,6.57103125,3.29438613454819,2017,6.89128571428571
"1385",44,6.57103125,3.29438613454819,1994,7.80471428571429
"1386",44,6.57103125,3.29438613454819,2018,5.76028571428571
"1387",44,6.57103125,3.29438613454819,1995,4.973
"1388",44,6.57103125,3.29438613454819,2012,3.48314285714286
"1389",44,6.57103125,3.29438613454819,2015,6.86642857142857
"1390",44,6.57103125,3.29438613454819,1998,5.08571428571429
"1391",44,6.57103125,3.29438613454819,2019,5.55542857142857
"1392",44,6.57103125,3.29438613454819,1992,3.09228571428571
"1393",44,6.57103125,3.29438613454819,1997,1.134
"1394",44,6.57103125,3.29438613454819,2009,5.41028571428571
"1395",44,6.57103125,3.29438613454819,1999,8.274
"1396",44,6.57103125,3.29438613454819,1996,8.84442857142857
"1397",44,6.57103125,3.29438613454819,2007,6.90657142857143
"1398",44,6.57103125,3.29438613454819,2013,7.47228571428571
"1399",44,6.57103125,3.29438613454819,2010,8.75085714285714
"1400",44,6.57103125,3.29438613454819,2004,8.57742857142857
"1401",44,6.57103125,3.29438613454819,2020,11.1028571428571
"1402",44,6.57103125,3.29438613454819,2008,3.944
"1403",44,6.57103125,3.29438613454819,2002,5.65442857142857
"1404",44,6.57103125,3.29438613454819,2014,9.73942857142857
"1405",44,6.57103125,3.29438613454819,2005,10.0544285714286
"1406",44,6.57103125,3.29438613454819,2006,5.877
"1407",44,6.57103125,3.29438613454819,2011,8.90371428571429
"1408",44,6.57103125,3.29438613454819,2003,6.452
"1409",45,5.29866964285714,2.81927711654628,2017,4.99728571428571
"1410",45,5.29866964285714,2.81927711654628,2000,5.48142857142857
"1411",45,5.29866964285714,2.81927711654628,2016,2.474
"1412",45,5.29866964285714,2.81927711654628,2012,6.00442857142857
"1413",45,5.29866964285714,2.81927711654628,2014,5.86042857142857
"1414",45,5.29866964285714,2.81927711654628,2001,2.47557142857143
"1415",45,5.29866964285714,2.81927711654628,2008,8.10214285714286
"1416",45,5.29866964285714,2.81927711654628,2009,4.995
"1417",45,5.29866964285714,2.81927711654628,2010,5.54671428571429
"1418",45,5.29866964285714,2.81927711654628,1996,7.027
"1419",45,5.29866964285714,2.81927711654628,2018,8.69857142857143
"1420",45,5.29866964285714,2.81927711654628,1991,4.19857142857143
"1421",45,5.29866964285714,2.81927711654628,1989,4.47057142857143
"1422",45,5.29866964285714,2.81927711654628,2002,2.28571428571429
"1423",45,5.29866964285714,2.81927711654628,2011,4.35428571428571
"1424",45,5.29866964285714,2.81927711654628,1997,6.98785714285714
"1425",45,5.29866964285714,2.81927711654628,2013,6.91242857142857
"1426",45,5.29866964285714,2.81927711654628,2015,12.2404285714286
"1427",45,5.29866964285714,2.81927711654628,2003,3.12042857142857
"1428",45,5.29866964285714,2.81927711654628,2019,4.58971428571429
"1429",45,5.29866964285714,2.81927711654628,2007,4.34628571428571
"1430",45,5.29866964285714,2.81927711654628,1990,3.25057142857143
"1431",45,5.29866964285714,2.81927711654628,1994,7.10657142857143
"1432",45,5.29866964285714,2.81927711654628,2006,6.65685714285714
"1433",45,5.29866964285714,2.81927711654628,1992,6.22642857142857
"1434",45,5.29866964285714,2.81927711654628,1998,4.55957142857143
"1435",45,5.29866964285714,2.81927711654628,1999,4.96914285714286
"1436",45,5.29866964285714,2.81927711654628,1995,3.012
"1437",45,5.29866964285714,2.81927711654628,2004,4.18657142857143
"1438",45,5.29866964285714,2.81927711654628,2020,3.96085714285714
"1439",45,5.29866964285714,2.81927711654628,1993,3.44271428571429
"1440",45,5.29866964285714,2.81927711654628,2005,7.01728571428571
"1441",46,3.99361160714286,3.50155980951284,2015,9.38314285714286
"1442",46,3.99361160714286,3.50155980951284,2009,7.83042857142857
"1443",46,3.99361160714286,3.50155980951284,2016,1.48028571428571
"1444",46,3.99361160714286,3.50155980951284,2000,5.51642857142857
"1445",46,3.99361160714286,3.50155980951284,2013,1.93657142857143
"1446",46,3.99361160714286,3.50155980951284,1996,3.87614285714286
"1447",46,3.99361160714286,3.50155980951284,2004,2.97728571428571
"1448",46,3.99361160714286,3.50155980951284,2017,3.12585714285714
"1449",46,3.99361160714286,3.50155980951284,2010,7.18985714285714
"1450",46,3.99361160714286,3.50155980951284,2012,1.45914285714286
"1451",46,3.99361160714286,3.50155980951284,1999,-0.437
"1452",46,3.99361160714286,3.50155980951284,1998,0.732714285714286
"1453",46,3.99361160714286,3.50155980951284,2001,1.91928571428571
"1454",46,3.99361160714286,3.50155980951284,2014,7.04128571428571
"1455",46,3.99361160714286,3.50155980951284,2008,6.01242857142857
"1456",46,3.99361160714286,3.50155980951284,1995,3.76528571428571
"1457",46,3.99361160714286,3.50155980951284,1997,3.07214285714286
"1458",46,3.99361160714286,3.50155980951284,2011,0.260285714285714
"1459",46,3.99361160714286,3.50155980951284,2018,4.533
"1460",46,3.99361160714286,3.50155980951284,2005,3.71714285714286
"1461",46,3.99361160714286,3.50155980951284,2002,6.766
"1462",46,3.99361160714286,3.50155980951284,1989,1.14785714285714
"1463",46,3.99361160714286,3.50155980951284,1993,1.033
"1464",46,3.99361160714286,3.50155980951284,2019,3.005
"1465",46,3.99361160714286,3.50155980951284,2006,9.23014285714286
"1466",46,3.99361160714286,3.50155980951284,2007,1.24071428571429
"1467",46,3.99361160714286,3.50155980951284,1990,7.20142857142857
"1468",46,3.99361160714286,3.50155980951284,1994,5.18514285714286
"1469",46,3.99361160714286,3.50155980951284,2003,3.19428571428571
"1470",46,3.99361160714286,3.50155980951284,1991,3.375
"1471",46,3.99361160714286,3.50155980951284,1992,3.04128571428571
"1472",46,3.99361160714286,3.50155980951284,2020,7.984
"1473",47,2.61727232142857,3.6429886589797,2016,7.04685714285714
"1474",47,2.61727232142857,3.6429886589797,2012,4.33671428571429
"1475",47,2.61727232142857,3.6429886589797,2018,0.792285714285714
"1476",47,2.61727232142857,3.6429886589797,2002,4.07128571428571
"1477",47,2.61727232142857,3.6429886589797,2003,8.44871428571428
"1478",47,2.61727232142857,3.6429886589797,2015,2.61457142857143
"1479",47,2.61727232142857,3.6429886589797,2014,3.622
"1480",47,2.61727232142857,3.6429886589797,1999,0.0242857142857143
"1481",47,2.61727232142857,3.6429886589797,1993,-5.089
"1482",47,2.61727232142857,3.6429886589797,2017,5.72585714285714
"1483",47,2.61727232142857,3.6429886589797,2000,4.48171428571429
"1484",47,2.61727232142857,3.6429886589797,2019,2.52228571428571
"1485",47,2.61727232142857,3.6429886589797,2020,4.36128571428571
"1486",47,2.61727232142857,3.6429886589797,2013,1.50842857142857
"1487",47,2.61727232142857,3.6429886589797,1995,0.745571428571429
"1488",47,2.61727232142857,3.6429886589797,1991,0.792
"1489",47,2.61727232142857,3.6429886589797,2011,2.38371428571429
"1490",47,2.61727232142857,3.6429886589797,2004,2.22328571428571
"1491",47,2.61727232142857,3.6429886589797,2005,0.450857142857143
"1492",47,2.61727232142857,3.6429886589797,2001,3.15342857142857
"1493",47,2.61727232142857,3.6429886589797,1992,4.01785714285714
"1494",47,2.61727232142857,3.6429886589797,1996,0.999285714285714
"1495",47,2.61727232142857,3.6429886589797,1998,-4.21514285714286
"1496",47,2.61727232142857,3.6429886589797,2006,6.80714285714286
"1497",47,2.61727232142857,3.6429886589797,2010,1.82142857142857
"1498",47,2.61727232142857,3.6429886589797,2007,2.67571428571429
"1499",47,2.61727232142857,3.6429886589797,2009,8.99342857142857
"1500",47,2.61727232142857,3.6429886589797,1994,5.87071428571429
"1501",47,2.61727232142857,3.6429886589797,1989,-1.02357142857143
"1502",47,2.61727232142857,3.6429886589797,1990,1.77857142857143
"1503",47,2.61727232142857,3.6429886589797,1997,0.0862857142857142
"1504",47,2.61727232142857,3.6429886589797,2008,1.72485714285714
"1505",48,1.68160714285714,3.68182172290176,2014,-0.650857142857143
"1506",48,1.68160714285714,3.68182172290176,2016,-0.286714285714286
"1507",48,1.68160714285714,3.68182172290176,2000,5.224
"1508",48,1.68160714285714,3.68182172290176,1995,-1.43228571428571
"1509",48,1.68160714285714,3.68182172290176,2015,4.11442857142857
"1510",48,1.68160714285714,3.68182172290176,2018,2.52571428571429
"1511",48,1.68160714285714,3.68182172290176,1992,5.02857142857143
"1512",48,1.68160714285714,3.68182172290176,1998,-1.61685714285714
"1513",48,1.68160714285714,3.68182172290176,1999,4.49942857142857
"1514",48,1.68160714285714,3.68182172290176,2019,3.64771428571429
"1515",48,1.68160714285714,3.68182172290176,2001,4.36628571428571
"1516",48,1.68160714285714,3.68182172290176,2017,0.703142857142857
"1517",48,1.68160714285714,3.68182172290176,2002,5.52085714285714
"1518",48,1.68160714285714,3.68182172290176,2003,4.73514285714286
"1519",48,1.68160714285714,3.68182172290176,1996,-0.237714285714286
"1520",48,1.68160714285714,3.68182172290176,1997,1.88457142857143
"1521",48,1.68160714285714,3.68182172290176,2011,4.31742857142857
"1522",48,1.68160714285714,3.68182172290176,1993,-5.00985714285714
"1523",48,1.68160714285714,3.68182172290176,2007,2.49842857142857
"1524",48,1.68160714285714,3.68182172290176,2008,-0.359
"1525",48,1.68160714285714,3.68182172290176,1991,0.167571428571429
"1526",48,1.68160714285714,3.68182172290176,1989,-1.57271428571429
"1527",48,1.68160714285714,3.68182172290176,2020,0.600285714285714
"1528",48,1.68160714285714,3.68182172290176,2009,5.29342857142857
"1529",48,1.68160714285714,3.68182172290176,2010,-6.07685714285714
"1530",48,1.68160714285714,3.68182172290176,2012,3.54671428571429
"1531",48,1.68160714285714,3.68182172290176,2004,2.32585714285714
"1532",48,1.68160714285714,3.68182172290176,2005,-0.552857142857143
"1533",48,1.68160714285714,3.68182172290176,2006,5.58271428571429
"1534",48,1.68160714285714,3.68182172290176,1994,3.65642857142857
"1535",48,1.68160714285714,3.68182172290176,1990,0.061
"1536",48,1.68160714285714,3.68182172290176,2013,1.30742857142857
"1537",49,1.46321875,3.81708544830305,2017,1.69685714285714
"1538",49,1.46321875,3.81708544830305,2000,5.72171428571429
"1539",49,1.46321875,3.81708544830305,2016,-1.844
"1540",49,1.46321875,3.81708544830305,2001,1.735
"1541",49,1.46321875,3.81708544830305,2002,-2.34242857142857
"1542",49,1.46321875,3.81708544830305,2018,5.69128571428571
"1543",49,1.46321875,3.81708544830305,2008,1.86671428571429
"1544",49,1.46321875,3.81708544830305,2014,-0.0392857142857143
"1545",49,1.46321875,3.81708544830305,1998,-3.97742857142857
"1546",49,1.46321875,3.81708544830305,2019,2.931
"1547",49,1.46321875,3.81708544830305,2006,7.859
"1548",49,1.46321875,3.81708544830305,2011,3.45828571428571
"1549",49,1.46321875,3.81708544830305,2009,4.19785714285714
"1550",49,1.46321875,3.81708544830305,1999,3.45342857142857
"1551",49,1.46321875,3.81708544830305,2010,-4.63271428571429
"1552",49,1.46321875,3.81708544830305,1991,-1.134
"1553",49,1.46321875,3.81708544830305,2003,-0.255714285714286
"1554",49,1.46321875,3.81708544830305,1994,5.27285714285714
"1555",49,1.46321875,3.81708544830305,2020,0.687857142857143
"1556",49,1.46321875,3.81708544830305,1995,-4.22271428571429
"1557",49,1.46321875,3.81708544830305,2015,5.04357142857143
"1558",49,1.46321875,3.81708544830305,2004,1.098
"1559",49,1.46321875,3.81708544830305,2013,1.70885714285714
"1560",49,1.46321875,3.81708544830305,2005,2.64228571428571
"1561",49,1.46321875,3.81708544830305,1996,1.69271428571429
"1562",49,1.46321875,3.81708544830305,1993,3.723
"1563",49,1.46321875,3.81708544830305,1989,0.239714285714286
"1564",49,1.46321875,3.81708544830305,1997,-0.221714285714286
"1565",49,1.46321875,3.81708544830305,2007,5.54071428571429
"1566",49,1.46321875,3.81708544830305,1992,2.72142857142857
"1567",49,1.46321875,3.81708544830305,2012,-1.992
"1568",49,1.46321875,3.81708544830305,1990,-1.49714285714286
"1569",50,0.903227678571429,3.95905407316041,2001,-3.03885714285714
"1570",50,0.903227678571429,3.95905407316041,2016,4.08471428571429
"1571",50,0.903227678571429,3.95905407316041,2000,7.25014285714286
"1572",50,0.903227678571429,3.95905407316041,2018,-0.155285714285714
"1573",50,0.903227678571429,3.95905407316041,2019,2.806
"1574",50,0.903227678571429,3.95905407316041,2004,-2.63785714285714
"1575",50,0.903227678571429,3.95905407316041,2017,1.07885714285714
"1576",50,0.903227678571429,3.95905407316041,2009,-0.610428571428571
"1577",50,0.903227678571429,3.95905407316041,2003,1.90357142857143
"1578",50,0.903227678571429,3.95905407316041,1998,2.10371428571429
"1579",50,0.903227678571429,3.95905407316041,2007,0.796
"1580",50,0.903227678571429,3.95905407316041,1993,2.43171428571429
"1581",50,0.903227678571429,3.95905407316041,2014,2.88514285714286
"1582",50,0.903227678571429,3.95905407316041,2010,-3.04228571428571
"1583",50,0.903227678571429,3.95905407316041,2005,1.15557142857143
"1584",50,0.903227678571429,3.95905407316041,1992,1.98757142857143
"1585",50,0.903227678571429,3.95905407316041,1994,3.86685714285714
"1586",50,0.903227678571429,3.95905407316041,1989,3.28628571428571
"1587",50,0.903227678571429,3.95905407316041,1999,2.33814285714286
"1588",50,0.903227678571429,3.95905407316041,2020,2.37471428571429
"1589",50,0.903227678571429,3.95905407316041,1995,-2.12885714285714
"1590",50,0.903227678571429,3.95905407316041,2015,3.62928571428571
"1591",50,0.903227678571429,3.95905407316041,1990,-1.08385714285714
"1592",50,0.903227678571429,3.95905407316041,2006,4.15971428571429
"1593",50,0.903227678571429,3.95905407316041,2008,-0.154571428571429
"1594",50,0.903227678571429,3.95905407316041,2011,2.79471428571429
"1595",50,0.903227678571429,3.95905407316041,2012,-2.08857142857143
"1596",50,0.903227678571429,3.95905407316041,2013,2.96585714285714
"1597",50,0.903227678571429,3.95905407316041,2002,-6.01614285714286
"1598",50,0.903227678571429,3.95905407316041,1991,-4.54842857142857
"1599",50,0.903227678571429,3.95905407316041,1996,-1.66585714285714
"1600",50,0.903227678571429,3.95905407316041,1997,2.17571428571429
"1601",51,1.08405803571429,4.25779195615618,2020,4.95985714285714
"1602",51,1.08405803571429,4.25779195615618,2001,-2.17771428571429
"1603",51,1.08405803571429,4.25779195615618,2019,5.56757142857143
"1604",51,1.08405803571429,4.25779195615618,1993,3.09957142857143
"1605",51,1.08405803571429,4.25779195615618,1998,1.11385714285714
"1606",51,1.08405803571429,4.25779195615618,2006,2.55371428571429
"1607",51,1.08405803571429,4.25779195615618,2000,-1.96814285714286
"1608",51,1.08405803571429,4.25779195615618,2012,2.13142857142857
"1609",51,1.08405803571429,4.25779195615618,1994,0.314
"1610",51,1.08405803571429,4.25779195615618,2009,-6.50757142857143
"1611",51,1.08405803571429,4.25779195615618,2011,2.015
"1612",51,1.08405803571429,4.25779195615618,2002,-0.897
"1613",51,1.08405803571429,4.25779195615618,2018,4.02528571428571
"1614",51,1.08405803571429,4.25779195615618,2004,-1.276
"1615",51,1.08405803571429,4.25779195615618,2016,-0.406
"1616",51,1.08405803571429,4.25779195615618,2017,2.89614285714286
"1617",51,1.08405803571429,4.25779195615618,1997,-1.86285714285714
"1618",51,1.08405803571429,4.25779195615618,2014,5.88028571428571
"1619",51,1.08405803571429,4.25779195615618,2010,-4.11028571428571
"1620",51,1.08405803571429,4.25779195615618,2008,2.39057142857143
"1621",51,1.08405803571429,4.25779195615618,1991,3.19028571428571
"1622",51,1.08405803571429,4.25779195615618,2013,4.07342857142857
"1623",51,1.08405803571429,4.25779195615618,2005,1.15742857142857
"1624",51,1.08405803571429,4.25779195615618,1999,-1.41228571428571
"1625",51,1.08405803571429,4.25779195615618,1995,0.0905714285714286
"1626",51,1.08405803571429,4.25779195615618,2003,0.464142857142857
"1627",51,1.08405803571429,4.25779195615618,2015,8.87285714285714
"1628",51,1.08405803571429,4.25779195615618,1990,-1.08885714285714
"1629",51,1.08405803571429,4.25779195615618,1992,0.158285714285714
"1630",51,1.08405803571429,4.25779195615618,1989,8.039
"1631",51,1.08405803571429,4.25779195615618,1996,-2.42385714285714
"1632",51,1.08405803571429,4.25779195615618,2007,-4.17285714285714
"1633",52,0.721816964285714,4.37784937961129,2001,-0.850571428571429
"1634",52,0.721816964285714,4.37784937961129,2000,-1.79814285714286
"1635",52,0.721816964285714,4.37784937961129,2018,2.23814285714286
"1636",52,0.721816964285714,4.37784937961129,2003,0.565714285714286
"1637",52,0.721816964285714,4.37784937961129,2009,0.789714285714286
"1638",52,0.721816964285714,4.37784937961129,1995,-5.013
"1639",52,0.721816964285714,4.37784937961129,2002,2.987
"1640",52,0.721816964285714,4.37784937961129,1993,0.0735714285714286
"1641",52,0.721816964285714,4.37784937961129,2004,1.73228571428571
"1642",52,0.721816964285714,4.37784937961129,2019,1.77757142857143
"1643",52,0.721816964285714,4.37784937961129,2011,4.10228571428571
"1644",52,0.721816964285714,4.37784937961129,2016,3.70985714285714
"1645",52,0.721816964285714,4.37784937961129,2014,-0.577857142857143
"1646",52,0.721816964285714,4.37784937961129,2010,-6.655
"1647",52,0.721816964285714,4.37784937961129,1996,-9.959
"1648",52,0.721816964285714,4.37784937961129,2012,5.97814285714286
"1649",52,0.721816964285714,4.37784937961129,1994,2.77714285714286
"1650",52,0.721816964285714,4.37784937961129,2005,-1.89128571428571
"1651",52,0.721816964285714,4.37784937961129,2020,2.27428571428571
"1652",52,0.721816964285714,4.37784937961129,2007,-0.454428571428571
"1653",52,0.721816964285714,4.37784937961129,1989,-0.734714285714286
"1654",52,0.721816964285714,4.37784937961129,2013,5.23371428571429
"1655",52,0.721816964285714,4.37784937961129,2015,6.40114285714286
"1656",52,0.721816964285714,4.37784937961129,2006,0.0411428571428572
"1657",52,0.721816964285714,4.37784937961129,2017,3.24228571428571
"1658",52,0.721816964285714,4.37784937961129,1998,3.26671428571429
"1659",52,0.721816964285714,4.37784937961129,1990,2.22257142857143
"1660",52,0.721816964285714,4.37784937961129,1992,-3.57142857142857
"1661",52,0.721816964285714,4.37784937961129,1997,4.25671428571429
"1662",52,0.721816964285714,4.37784937961129,1999,1.20457142857143
"1663",52,0.721816964285714,4.37784937961129,2008,-1.431
"1664",52,0.721816964285714,4.37784937961129,1991,1.16
"1665",53,-0.559225,4.94977845392586,2018,5.69
"1666",53,-0.559225,4.94977845392586,2004,1.7965
"1667",53,-0.559225,4.94977845392586,2017,9.689
"1668",53,-0.559225,4.94977845392586,2019,1.815
"1669",53,-0.559225,4.94977845392586,2014,1.107
"1670",53,-0.559225,4.94977845392586,2008,-6.9635
"1671",53,-0.559225,4.94977845392586,2011,1.664
"1672",53,-0.559225,4.94977845392586,1995,-5.762
"1673",53,-0.559225,4.94977845392586,2005,-1.027
"1674",53,-0.559225,4.94977845392586,1989,-4.117
"1675",53,-0.559225,4.94977845392586,2002,-4.854
"1676",53,-0.559225,4.94977845392586,2001,-6.404
"1677",53,-0.559225,4.94977845392586,2015,0.43
"1678",53,-0.559225,4.94977845392586,2009,-0.719
"1679",53,-0.559225,4.94977845392586,1998,-1.311
"1680",53,-0.559225,4.94977845392586,2012,5.7675
"1681",53,-0.559225,4.94977845392586,1996,-12.4345
"1682",53,-0.559225,4.94977845392586,2006,7.381
"1683",53,-0.559225,4.94977845392586,1993,5.932
"1684",53,-0.559225,4.94977845392586,2003,-1.085
"1685",53,-0.559225,4.94977845392586,2016,-2.324
"1686",53,-0.559225,4.94977845392586,2000,-1.459
"1687",53,-0.559225,4.94977845392586,1990,1.957
"1688",53,-0.559225,4.94977845392586,1999,0.565
"1689",53,-0.559225,4.94977845392586,2013,0.675
"1690",53,-0.559225,4.94977845392586,1997,3.952
"1691",53,-0.559225,4.94977845392586,2010,-1.702
"1692",53,-0.559225,4.94977845392586,1994,3.575
"1693",53,-0.559225,4.94977845392586,2007,0.725
"1694",53,-0.559225,4.94977845392586,1992,-5.982
"1695",53,-0.559225,4.94977845392586,1991,-0.035
"1696",53,-0.559225,4.94977845392586,2020,1.344
