TIMESTAMP,MeanT,TA_ERA_NIGHT,TA_ERA_NIGHT_SD,TA_ERA_DAY,TA_ERA_DAY_SD,SW_IN_ERA,LW_IN_ERA,VPD_ERA,PA_ERA,Precip,WS_ERA
19890101,4.356,4.216,0.919,4.611,0.569,6.503,332.164,0.743,97.805,0.45,1.75
19890102,4.387,3.949,1.027,5.185,0.385,12.077,325.744,0.943,97.932,0.177,1.4
19890103,0.078,-0.18,0.909,0.549,1.674,43.236,259.716,1.152,97.716,0.001,2.256
19890104,0.222,0.067,1.121,0.505,1.134,42.276,260.171,1.129,97.327,0.091,3.723
19890105,2.318,1.953,0.439,2.985,0.439,27.077,299.009,1.236,96.778,2.029,3.684
19890106,0.996,1.02,0.185,0.954,0.301,10.601,314.388,0.781,95.605,9.277,1.663
19890107,1.728,1.964,1.074,1.296,0.71,11.419,316.164,0.889,96.017,1.521,3.149
19890108,6.069,5.657,1.534,6.821,0.723,6.633,338.106,1.034,96.164,2.377,3.886
19890109,6.802,6.692,0.493,7.001,0.133,15.184,335.133,1.243,96.125,0.194,3.262
19890110,5.384,5.42,0.581,5.32,0.415,6.88,333.136,1.213,95.996,4.539,3.832
19890111,1.362,1.03,1.077,1.968,1.044,43.09,271.173,1.224,96.707,0.026,2.376
19890112,3.429,3.324,2.242,3.62,1.367,42.572,287.417,1.541,96.371,0.27,4.074
19890113,3.818,3.519,1.689,4.363,1.08,43.571,275.357,2.164,97.175,0.374,4.107
19890114,3.771,3.05,1.436,4.972,1.488,37.443,286.645,1.684,97.273,0.318,4.756
19890115,3.204,3.083,1.799,3.404,1.516,38.789,282.609,1.631,97.64,0.022,4.903
19890116,4.975,4.887,0.255,5.121,0.389,16.423,328.386,1.517,97.523,0.236,3.625
19890117,3.348,3.388,1.166,3.281,0.238,15.274,319.922,1.582,97.278,0.728,3.778
19890118,1.874,1.421,1.121,2.63,0.385,37.567,294.202,1.239,97.711,0.056,2.251
19890119,-0.501,-0.943,0.935,0.235,1.123,56.343,250.816,1.119,97.732,0.001,1.611
19890120,-1.694,-2.3,0.441,-0.683,1.377,57.535,247.064,0.826,97.268,0.002,1.305
19890121,0.861,0.631,1.601,1.243,1.388,44.022,289.166,1.175,96.458,0.036,3.597
19890122,2.577,2.449,0.559,2.791,0.697,25.277,314.439,1.128,96.686,0.227,2.27
19890123,1.084,0.634,0.634,1.835,0.73,29.537,302.119,1.18,97.669,0.018,2.2
19890124,-0.762,-1.323,1.01,0.174,0.529,52.693,262.549,1.132,97.559,0.004,1.445
19890125,-2.72,-3.591,0.977,-1.269,1.82,65.687,235.707,1.023,97.322,0.0,1.892
19890126,-2.803,-3.89,1.523,-0.993,2.978,67.039,239.592,1.116,97.311,0.0,1.72
19890127,-3.098,-4.558,1.35,-0.664,2.952,69.536,236.081,1.198,97.79,0.0,1.838
19890128,-3.23,-4.512,1.734,-1.094,2.734,70.198,237.05,1.242,97.809,0.0,2.052
19890129,-2.161,-2.344,1.739,-1.856,0.528,10.371,302.885,0.755,98.228,0.082,1.57
19890130,0.377,0.179,0.43,0.708,0.648,39.292,309.249,0.936,98.27,0.053,2.88
19890131,0.559,0.176,0.461,1.197,0.497,19.015,319.927,0.696,98.38,0.114,1.644
19890201,-0.235,-0.922,0.394,0.813,1.135,46.578,293.728,0.703,97.91,0.073,1.553
19890202,-2.141,-2.442,0.7,-1.68,0.558,56.649,262.09,0.779,97.621,0.021,1.472
19890203,-2.095,-2.647,0.506,-1.252,0.857,62.524,261.009,0.797,97.438,0.026,2.237
19890204,-2.448,-3.292,1.261,-1.267,1.927,81.347,237.414,1.094,97.151,0.0,2.925
19890205,-0.163,-0.521,1.773,0.339,1.12,21.027,299.027,0.883,96.842,1.238,4.815
19890206,4.713,4.129,1.593,5.531,0.913,26.552,324.879,1.333,97.274,0.055,4.612
19890207,4.973,4.288,0.834,5.933,1.18,40.976,308.289,1.598,97.406,0.016,3.48
19890208,2.192,1.64,1.543,2.965,1.692,50.701,297.012,0.928,97.276,0.017,1.406
19890209,-0.096,-1.021,1.024,1.2,2.33,75.57,277.016,0.845,96.85,0.045,1.553
19890210,-0.107,-1.36,0.976,1.649,2.094,90.379,251.666,1.141,97.064,0.0,1.996
19890211,-0.474,-1.769,1.42,1.339,2.456,94.078,252.983,1.095,97.895,0.0,1.878
19890212,1.138,0.814,1.859,1.593,1.076,27.679,299.443,0.96,97.517,2.209,3.999
19890213,1.841,1.41,0.433,2.444,1.321,70.42,280.966,1.925,97.19,1.522,4.004
19890214,2.129,1.672,0.386,2.77,0.412,65.439,293.277,1.424,96.11,3.946,5.47
19890215,2.243,2.218,1.175,2.279,0.71,32.49,307.599,1.314,95.974,3.211,5.506
19890216,1.813,1.356,1.276,2.453,0.703,79.317,279.172,1.664,95.735,3.431,4.414
19890217,0.018,-0.303,1.3,0.466,1.948,84.195,270.136,1.87,96.337,0.746,2.097
19890218,4.814,4.405,2.374,5.34,1.102,16.662,331.412,1.3,95.899,3.29,4.395
19890219,9.732,9.182,0.688,10.439,0.73,16.223,351.051,1.791,96.266,4.563,4.979
19890220,7.791,7.442,3.372,8.203,1.049,52.029,313.402,2.656,96.31,3.028,4.974
19890221,1.864,1.145,1.319,2.714,2.001,69.137,270.358,2.235,96.708,0.001,1.174
19890222,0.869,0.217,2.855,1.64,2.592,70.025,283.109,1.33,96.004,0.483,2.4
19890223,3.951,3.212,0.913,4.825,0.61,45.548,312.081,1.426,95.051,1.356,3.156
19890224,2.066,2.038,1.717,2.098,1.156,51.247,301.492,0.933,93.911,1.91,2.447
19890225,4.357,3.467,0.613,5.408,0.695,88.593,284.584,2.233,91.992,1.054,3.993
19890226,3.034,2.315,1.199,3.884,1.396,96.467,278.072,2.051,91.213,2.324,5.058
19890227,1.483,1.046,0.48,2.0,0.496,66.487,280.319,1.482,92.237,3.105,5.144
19890228,1.999,1.33,0.565,2.789,0.498,86.197,274.987,1.444,93.08,1.784,4.266
19890301,2.745,2.041,1.681,3.577,1.166,63.427,298.061,1.541,93.762,3.565,5.31
19890302,3.924,3.383,0.576,4.564,1.004,88.293,286.078,2.079,94.75,3.19,4.789
19890303,4.717,3.545,1.158,6.103,1.018,65.708,303.818,1.282,94.515,5.404,2.271
19890304,5.477,4.953,0.779,6.096,0.974,56.841,312.961,1.922,95.922,0.23,2.527
19890305,6.323,5.446,2.214,7.36,1.995,47.191,320.522,1.71,96.495,0.405,2.103
19890306,8.153,6.394,2.863,10.065,4.836,137.937,291.031,3.516,96.5,0.0,1.818
19890307,8.545,6.162,2.429,10.928,4.613,142.806,282.625,4.232,96.048,0.0,1.948
19890308,5.599,4.998,1.764,6.2,0.585,26.612,326.266,1.593,95.63,5.541,2.972
19890309,4.71,3.636,1.376,5.785,2.654,135.36,283.502,3.028,96.54,0.188,2.73
19890310,6.157,4.774,1.644,7.54,3.162,111.963,283.295,3.372,96.537,0.019,2.308
19890311,7.153,5.476,3.563,8.83,4.186,91.034,310.054,3.017,96.549,0.301,2.24
19890312,6.92,6.57,0.506,7.27,1.5,103.4,317.041,2.468,96.313,3.839,2.192
19890313,6.994,5.517,1.127,8.472,1.274,71.56,304.427,2.608,95.333,1.668,4.978
19890314,4.552,3.633,1.239,5.47,1.932,121.314,272.553,3.244,95.934,0.502,4.621
19890315,4.924,4.528,0.926,5.319,1.301,32.149,308.098,2.072,94.477,2.096,5.23
19890316,4.755,5.06,2.749,4.45,1.607,31.584,308.646,1.196,94.251,8.177,2.89
19890317,5.757,4.943,2.754,6.57,1.771,92.633,313.146,1.641,94.48,4.597,4.099
19890318,1.534,0.381,2.059,2.687,2.288,139.674,256.379,2.358,96.162,0.037,1.663
19890319,3.686,1.45,3.892,5.922,3.957,162.214,263.481,3.684,96.219,0.0,2.673
19890320,4.403,2.434,2.717,6.214,4.173,164.484,275.302,2.897,95.258,0.0,2.053
19890321,3.8,2.724,0.671,4.789,0.677,130.752,279.49,2.789,95.04,1.01,4.278
19890322,6.704,5.864,3.024,7.476,2.378,47.131,327.783,2.367,95.357,1.44,4.948
19890323,4.006,4.155,2.174,3.869,1.034,172.061,269.661,3.102,95.873,1.955,5.072
19890324,3.94,4.102,1.853,3.791,0.753,79.172,304.539,2.072,95.283,5.682,7.104
19890325,5.619,4.763,1.117,6.344,1.155,116.179,285.705,3.325,95.678,0.986,5.37
19890326,5.014,2.554,3.334,7.096,4.786,186.815,262.384,3.568,96.55,0.0,1.781
19890327,8.815,5.411,4.984,11.695,6.301,201.484,270.027,5.84,96.265,0.0,2.512
19890328,13.134,10.585,4.008,15.291,5.441,186.497,294.746,8.305,95.848,0.0,2.659
19890329,9.598,9.2,2.052,9.936,2.025,125.856,310.499,3.676,96.427,0.887,1.674
19890330,10.387,6.715,2.675,13.493,4.744,171.704,301.699,4.148,96.299,0.109,2.539
19890331,9.696,7.037,3.142,11.946,4.825,203.87,286.256,4.394,96.038,0.003,1.351
19890401,6.255,4.967,2.31,7.344,1.079,133.937,308.633,1.987,95.599,0.841,2.997
19890402,0.179,-0.29,0.967,0.544,1.929,151.519,270.968,2.74,95.419,0.021,3.811
19890403,0.504,-0.18,1.615,1.036,1.985,123.598,288.395,2.813,95.364,0.725,4.869
19890404,0.586,0.615,0.317,0.563,0.447,106.503,302.41,2.207,94.886,0.369,6.147
19890405,0.497,0.449,0.882,0.534,1.149,53.01,319.947,0.803,94.147,8.057,4.883
19890406,5.562,3.945,1.211,6.819,1.824,126.657,303.018,3.1,94.742,1.102,4.126
19890407,6.333,4.762,1.402,7.554,2.199,171.898,283.318,2.866,95.351,1.511,3.586
19890408,6.186,4.478,2.025,7.515,2.952,142.81,292.698,2.363,95.572,0.99,2.199
19890409,7.112,5.53,1.681,8.342,3.389,201.257,276.626,4.001,95.8,0.092,1.893
19890410,8.228,5.992,1.66,9.967,2.64,184.109,301.039,3.355,95.211,0.007,2.695
19890411,11.667,9.859,3.556,13.073,3.609,171.105,310.169,5.264,95.11,0.623,3.74
19890412,13.874,11.104,1.108,15.852,2.958,191.016,314.825,5.827,94.368,3.632,2.173
19890413,12.003,10.16,1.459,13.32,3.097,162.17,332.239,3.64,94.044,0.259,1.703
19890414,11.465,9.152,0.98,13.117,2.484,167.881,322.245,3.633,94.507,13.058,2.306
19890415,6.598,6.765,0.248,6.478,0.367,51.298,341.792,1.279,95.567,0.563,3.266
19890416,7.406,7.047,0.668,7.641,0.775,60.613,346.426,1.268,95.169,0.783,2.016
19890417,5.12,5.13,1.79,5.113,0.955,84.793,314.931,1.924,94.963,2.306,4.134
19890418,3.647,1.878,2.843,4.806,3.519,166.001,286.139,2.997,95.532,1.857,1.282
19890419,4.244,3.469,0.557,4.752,0.977,135.461,302.357,1.607,95.401,5.133,3.012
19890420,5.236,3.464,1.488,6.397,2.393,208.426,287.033,2.266,95.656,1.525,2.01
19890421,7.052,5.01,3.331,8.39,3.528,117.602,307.801,2.676,95.591,9.019,1.591
19890422,7.01,6.231,1.616,7.52,0.788,93.088,314.872,2.742,95.209,9.936,3.669
19890423,5.143,3.658,1.749,6.116,1.872,148.945,299.951,2.066,95.777,2.977,2.612
19890424,8.825,6.205,4.037,10.541,4.875,216.704,292.783,4.54,95.496,0.326,2.313
19890425,12.19,9.45,2.657,13.985,3.84,200.137,313.85,6.077,94.855,0.04,2.307
19890426,7.41,5.69,2.646,8.537,1.304,91.573,336.786,1.412,94.408,2.208,2.479
19890427,2.819,1.842,0.92,3.459,1.57,117.919,307.652,1.902,95.341,0.645,2.37
19890428,2.019,1.243,0.694,2.527,0.523,84.713,296.061,1.207,95.806,4.304,2.989
19890429,4.742,3.165,1.642,5.775,2.841,178.39,291.712,2.855,96.312,0.425,2.795
19890430,5.695,3.427,1.789,7.18,2.827,191.034,288.351,3.482,96.606,0.077,2.123
19890501,7.245,3.532,3.751,9.281,5.038,275.953,269.765,4.739,96.701,0.0,2.127
19890502,10.951,8.112,3.307,12.508,4.599,177.883,317.673,5.46,96.664,0.0,1.372
19890503,12.375,9.355,1.697,14.031,3.561,211.805,316.876,4.684,96.707,0.016,1.889
19890504,11.824,9.418,3.465,13.143,3.996,202.401,322.176,4.619,96.922,0.008,1.772
19890505,13.423,9.982,3.014,15.31,4.683,263.511,310.002,5.503,96.844,0.076,1.925
19890506,8.136,6.914,2.138,8.805,0.826,203.122,293.804,4.355,96.444,0.771,4.809
19890507,5.965,4.239,2.045,6.912,2.658,185.536,299.366,3.281,96.749,0.038,2.854
19890508,9.505,7.434,3.32,10.641,4.453,219.438,304.739,4.976,96.393,0.007,1.706
19890509,12.881,8.839,3.956,15.098,5.809,279.906,298.078,7.351,95.554,0.0,2.402
19890510,11.069,9.662,0.488,11.841,0.94,134.43,335.359,2.422,95.23,8.192,1.776
19890511,10.616,9.668,1.342,11.136,2.177,119.809,327.763,1.852,95.055,6.96,2.391
19890512,10.579,9.149,1.402,11.363,0.935,154.844,317.973,2.76,94.714,7.859,4.143
19890513,9.215,6.882,1.215,10.494,2.394,242.829,286.847,4.265,95.365,0.219,3.601
19890514,9.524,7.331,2.144,10.727,2.711,220.682,302.501,3.976,96.525,0.492,1.533
19890515,10.953,7.87,2.229,12.644,4.226,250.023,292.826,5.435,97.421,0.0,1.484
19890516,13.13,9.815,4.457,14.948,4.93,305.312,283.487,7.938,97.21,0.0,1.692
19890517,14.424,10.967,2.795,16.32,4.738,301.189,294.522,7.93,96.983,0.0,1.725
19890518,14.934,12.065,2.732,16.507,4.377,285.064,305.878,6.693,96.798,0.0,2.582
19890519,16.713,12.963,2.955,18.77,5.13,265.501,319.018,8.546,96.607,0.0,1.912
19890520,16.567,13.441,1.983,18.13,4.512,261.584,321.225,7.823,96.565,0.133,2.302
19890521,15.151,12.196,1.672,16.494,3.825,276.334,307.727,7.121,96.689,0.166,3.303
19890522,12.858,10.953,2.193,13.723,3.714,311.758,282.31,7.849,96.897,0.0,4.666
19890523,14.331,11.103,3.081,15.798,4.634,311.288,288.978,8.801,96.829,0.0,3.69
19890524,15.836,12.314,3.305,17.436,4.918,311.749,296.426,9.526,96.742,0.0,3.19
19890525,16.627,13.035,2.726,18.259,4.354,311.088,303.225,9.95,96.603,0.0,2.855
19890526,17.238,13.871,3.301,18.768,4.962,307.804,311.129,10.158,96.442,0.0,1.736
19890527,15.836,12.958,1.635,17.144,4.182,276.53,317.666,7.265,96.465,0.2,2.363
19890528,15.089,11.992,3.623,16.497,4.774,279.088,313.455,7.744,96.388,0.155,1.687
19890529,15.51,12.73,1.552,16.774,3.409,250.576,319.572,7.299,95.961,0.417,1.125
19890530,13.186,10.074,1.199,14.6,3.502,235.944,323.596,4.813,95.393,5.901,2.654
19890531,8.75,6.755,1.326,9.656,3.174,286.818,282.05,5.089,95.651,0.0,2.566
19890601,11.362,7.735,3.3,13.01,4.293,205.621,313.65,6.959,95.438,0.354,1.607
19890602,8.922,8.726,0.919,9.011,0.313,80.309,335.924,2.685,95.477,3.631,2.01
19890603,9.142,7.741,1.187,9.779,2.167,114.315,338.711,2.38,95.409,5.467,1.695
19890604,9.423,7.848,1.206,10.14,1.149,179.229,319.744,2.44,95.3,5.146,1.743
19890605,8.108,5.83,1.593,9.143,2.626,250.509,292.22,3.097,95.431,1.179,2.175
19890606,9.567,7.427,1.288,10.54,2.874,238.726,303.482,3.68,95.52,0.706,1.685
19890607,8.7,6.922,0.847,9.509,1.647,218.827,299.594,2.752,95.403,4.574,2.656
19890608,9.335,7.077,1.244,10.361,2.391,224.983,303.557,2.82,95.906,2.504,2.296
19890609,11.179,8.24,2.51,12.515,3.51,211.97,310.409,3.965,96.264,6.071,1.636
19890610,14.019,10.628,3.367,15.56,4.974,260.3,311.194,6.534,96.167,0.101,1.68
19890611,12.461,11.8,0.558,12.762,1.411,122.687,343.21,2.487,96.423,9.31,1.41
19890612,15.097,12.563,1.336,16.25,3.455,255.256,330.653,6.347,96.877,0.012,2.895
19890613,14.855,11.349,2.502,16.449,4.079,316.627,299.426,7.341,96.862,0.0,2.69
19890614,15.506,12.936,2.428,16.674,3.457,270.179,309.292,8.42,96.767,0.0,2.058
19890615,14.258,11.262,1.757,15.62,3.57,251.558,315.193,6.421,96.654,0.088,1.675
19890616,13.439,10.074,2.233,14.969,3.689,221.452,320.409,7.339,96.786,0.024,1.224
19890617,15.537,11.733,3.181,17.267,4.708,269.463,316.054,8.788,96.677,0.0,2.318
19890618,16.792,13.342,3.015,18.36,4.399,299.892,319.866,8.359,96.657,0.0,2.285
19890619,17.892,15.387,2.728,19.031,3.543,303.916,316.659,9.3,96.839,0.002,2.429
19890620,18.344,14.918,3.951,19.901,4.656,245.059,339.254,9.24,96.524,0.109,2.427
19890621,18.985,16.064,1.201,20.312,3.513,233.312,351.512,8.06,95.99,0.527,1.278
19890622,17.366,15.377,0.996,18.184,1.846,202.985,355.62,4.673,95.763,2.623,1.504
19890623,17.156,14.595,1.324,18.32,2.645,242.696,340.396,6.805,95.802,0.038,2.055
19890624,15.841,13.797,1.231,16.77,2.985,219.083,339.911,5.638,96.064,0.011,2.101
19890625,17.497,13.856,2.775,19.152,4.657,235.886,337.461,8.338,96.011,0.005,1.405
19890626,19.597,15.594,3.279,21.417,4.596,240.564,347.469,8.921,95.731,0.481,1.719
19890627,18.367,15.094,0.962,19.715,2.777,253.059,344.618,6.831,95.28,3.746,2.833
19890628,13.202,11.869,1.078,13.751,1.872,231.561,326.048,4.519,95.677,1.947,3.38
19890629,13.876,11.556,2.609,14.93,3.333,160.43,337.51,5.717,95.772,0.904,3.264
19890630,13.7,12.555,1.454,14.22,2.778,235.789,328.294,5.556,95.919,4.78,1.865
19890701,14.792,12.288,2.584,15.93,3.34,182.361,342.82,4.196,95.595,3.97,2.024
19890702,14.79,13.79,0.584,15.245,0.756,163.071,354.462,2.657,95.586,5.561,2.394
19890703,12.439,12.609,0.466,12.361,0.906,50.998,364.498,2.272,96.519,1.443,3.229
19890704,16.076,14.739,3.537,16.683,3.945,144.7,365.581,4.618,96.589,0.63,3.986
19890705,20.727,17.795,1.759,22.06,3.811,286.263,346.01,9.165,96.696,0.078,2.882
19890706,21.452,17.915,2.416,23.06,4.541,300.146,338.941,12.844,96.608,0.0,2.274
19890707,22.358,18.486,3.223,24.117,5.246,296.038,346.342,13.707,96.037,0.002,2.399
19890708,19.021,17.442,1.168,19.738,1.478,200.016,363.607,4.569,95.811,6.398,1.623
19890709,17.646,15.53,1.011,18.607,1.922,169.477,358.409,3.743,95.882,7.86,2.432
19890710,16.258,14.752,0.931,16.942,1.408,191.298,359.815,4.123,96.38,0.52,2.256
19890711,15.438,13.158,1.204,16.475,2.616,200.294,341.846,5.933,96.524,0.003,1.854
19890712,16.811,13.788,3.676,18.185,4.565,209.846,341.795,8.274,96.336,0.136,2.175
19890713,16.294,13.997,1.042,17.337,2.998,214.396,344.329,6.867,95.997,0.282,3.135
19890714,12.318,11.559,0.723,12.663,1.217,195.924,324.622,4.973,96.015,1.161,4.118
19890715,12.517,12.037,2.687,12.734,1.983,112.707,342.948,4.457,96.245,0.123,4.392
19890716,13.209,11.725,1.078,13.884,2.277,205.168,326.284,5.858,96.297,0.156,5.092
19890717,12.49,11.196,2.663,13.078,3.094,154.686,343.527,5.513,96.532,0.106,3.769
19890718,13.948,12.725,1.181,14.559,1.222,178.073,338.465,5.485,95.936,1.893,4.805
19890719,11.78,9.51,2.029,12.915,2.927,192.632,329.525,5.119,96.521,0.004,2.829
19890720,13.91,9.648,3.028,16.041,4.828,245.828,318.923,6.439,96.596,0.001,2.442
19890721,16.175,12.536,3.282,17.995,5.125,300.672,307.094,8.59,96.637,0.0,1.326
19890722,19.379,15.524,4.749,21.306,5.597,266.194,332.254,12.531,96.393,0.0,2.07
19890723,19.128,16.396,1.352,20.494,3.068,155.423,365.694,6.421,96.155,15.034,1.716
19890724,19.59,17.031,0.936,20.869,2.834,226.905,364.531,5.16,96.226,3.297,1.729
19890725,17.742,15.634,0.775,18.795,2.298,153.233,372.629,3.04,96.259,8.712,1.466
19890726,18.218,16.824,1.957,18.914,2.598,151.469,371.063,3.881,96.247,1.175,1.382
19890727,17.393,16.101,1.168,18.039,1.512,156.957,359.825,5.045,96.277,1.457,2.605
19890728,15.435,13.434,2.331,16.435,3.465,210.443,327.153,7.243,96.579,0.018,1.67
19890729,16.867,13.193,2.505,18.704,4.497,223.348,333.91,8.669,96.435,0.0,1.509
19890730,16.428,12.957,1.495,18.164,4.186,170.633,347.01,6.441,95.428,3.977,3.178
19890731,12.949,11.536,0.969,13.656,1.363,173.055,328.51,4.081,95.135,1.842,5.335
19890801,10.935,9.361,0.303,11.722,1.69,199.302,318.682,3.28,95.127,1.002,3.839
19890802,10.579,9.569,1.128,11.132,1.616,155.981,327.645,3.204,95.45,1.849,4.348
19890803,11.951,11.458,1.814,12.221,2.148,90.281,350.381,3.698,95.629,0.88,4.139
19890804,13.391,12.446,1.471,13.909,2.004,146.338,340.942,4.88,95.575,0.842,3.927
19890805,14.027,11.165,3.077,15.596,4.534,261.637,306.48,6.397,95.484,0.0,2.224
19890806,17.017,14.295,3.707,18.509,5.27,252.026,327.466,9.186,95.395,0.71,0.568
19890807,18.106,16.39,0.875,19.047,2.606,163.059,364.996,4.885,95.466,10.184,2.135
19890808,17.37,15.776,0.404,18.244,1.961,146.251,362.55,3.966,95.727,2.661,1.64
19890809,17.149,15.172,1.272,18.336,2.984,185.011,350.072,6.219,95.973,1.146,2.368
19890810,17.863,13.94,3.131,20.217,4.814,231.265,333.778,8.576,95.725,0.002,1.871
19890811,17.703,14.58,1.601,19.576,3.218,207.453,348.783,7.708,95.259,0.397,3.418
19890812,17.444,15.642,0.743,18.525,1.838,163.012,357.035,6.635,95.314,0.701,3.64
19890813,17.73,14.779,2.686,19.501,3.883,191.654,337.425,8.936,95.619,0.122,1.889
19890814,18.555,15.014,1.801,20.679,3.658,219.475,337.984,9.492,95.592,0.012,2.503
19890815,20.655,16.225,3.835,23.313,5.154,232.644,341.949,11.512,95.876,0.0,3.053
19890816,23.079,18.678,2.995,25.72,5.005,212.489,369.819,13.685,95.789,0.084,2.357
19890817,18.763,17.487,1.104,19.528,2.535,160.995,358.343,7.241,96.223,3.607,2.294
19890818,17.082,14.103,1.369,18.869,3.626,205.504,327.193,8.566,96.752,0.333,1.876
19890819,18.383,15.067,4.767,20.556,5.75,233.597,325.371,11.575,96.588,0.0,2.345
19890820,20.557,17.571,4.219,22.513,5.415,242.15,338.112,11.884,96.126,0.0,1.524
19890821,21.51,17.532,3.879,24.116,5.792,224.421,351.199,13.079,96.244,0.159,1.72
19890822,20.403,18.235,1.515,21.824,3.575,190.241,361.581,8.466,96.386,1.422,1.343
19890823,16.407,14.771,1.772,17.479,2.988,205.989,328.027,7.578,96.623,0.001,2.639
19890824,15.962,13.057,3.14,17.865,4.52,205.698,323.307,8.235,96.166,0.0,2.834
19890825,13.563,12.362,1.458,14.35,0.946,69.641,339.168,3.529,95.503,1.136,3.508
19890826,11.479,9.807,2.566,12.573,3.546,136.894,319.698,3.411,95.541,0.274,1.02
19890827,13.491,11.527,1.282,14.778,1.7,107.106,352.908,2.72,94.742,6.064,4.163
19890828,9.145,9.403,0.131,8.976,0.341,30.592,338.606,2.06,95.135,11.532,6.542
19890829,10.709,9.41,0.753,11.637,1.844,122.187,327.085,3.75,96.047,0.824,4.18
19890830,12.066,9.051,2.146,14.219,4.141,180.004,309.208,5.721,96.186,0.002,1.184
19890831,13.349,9.719,3.392,15.942,5.028,225.309,304.47,6.713,96.043,0.0,1.116
19890901,13.008,10.517,1.315,14.788,2.785,97.577,347.973,3.942,96.031,2.543,1.801
19890902,12.166,11.093,0.327,13.001,1.29,110.75,342.168,3.391,96.179,0.398,1.456
19890903,10.919,9.712,1.022,11.857,2.066,92.205,331.738,3.738,96.313,1.791,2.368
19890904,10.679,8.684,1.784,12.231,2.871,124.794,320.294,3.739,96.527,0.009,2.208
19890905,10.592,8.402,1.851,12.295,3.228,134.347,310.835,4.139,96.838,0.168,1.578
19890906,12.477,10.426,3.921,14.073,4.603,167.193,319.904,5.768,96.93,0.0,1.164
19890907,15.022,13.125,2.363,16.498,3.829,115.288,341.645,6.467,96.667,0.0,1.457
19890908,15.634,13.257,3.471,17.482,4.952,200.823,316.741,7.438,96.029,0.0,2.7
19890909,16.307,13.527,2.157,18.47,3.83,153.865,333.456,7.514,95.481,0.014,2.89
19890910,15.359,13.709,1.897,16.642,3.18,111.993,345.59,5.573,95.781,0.254,2.595
19890911,14.82,13.543,0.911,15.813,2.591,122.12,339.145,4.492,96.165,0.163,4.032
19890912,13.827,12.097,1.365,15.172,3.319,134.976,329.162,5.03,96.259,0.505,3.033
19890913,12.636,11.059,1.882,13.863,2.393,97.483,332.717,2.595,95.781,6.284,2.312
19890914,13.492,12.061,0.644,14.606,1.621,109.773,337.619,3.348,95.528,1.769,3.984
19890915,12.547,12.168,1.783,12.867,1.647,23.791,362.193,1.51,95.227,12.22,3.44
19890916,15.995,15.436,1.174,16.468,1.215,61.078,371.617,2.329,95.649,3.309,4.033
19890917,17.566,15.786,1.451,19.203,3.069,148.504,335.73,5.443,95.914,0.0,2.581
19890918,18.365,15.562,3.226,20.944,5.264,176.9,331.521,7.659,96.204,0.0,2.126
19890919,18.995,16.4,1.339,21.383,3.169,169.562,344.777,7.588,96.149,1.964,2.727
19890920,16.119,14.703,1.623,17.422,3.177,103.313,354.889,4.142,97.034,0.061,1.906
19890921,17.087,14.763,2.427,19.226,4.488,162.957,337.103,4.973,96.606,0.0,1.912
19890922,17.427,15.091,2.563,19.576,4.548,152.816,342.559,5.321,95.942,0.0,1.453
19890923,14.436,13.595,1.161,15.209,1.079,85.022,359.796,1.907,96.065,0.501,2.312
19890924,14.072,13.735,0.54,14.382,0.969,41.518,369.704,2.351,96.495,7.917,1.735
19890925,13.68,12.602,1.187,14.671,1.247,60.452,350.642,2.479,96.367,3.168,1.866
19890926,12.198,10.604,0.988,13.664,1.731,73.418,344.493,2.754,96.257,1.372,2.495
19890927,8.947,7.882,1.154,9.926,1.842,117.182,303.593,2.466,96.126,0.751,2.052
19890928,9.332,8.221,1.567,10.355,2.747,91.248,323.138,2.863,96.656,0.087,2.766
19890929,9.248,8.319,1.014,10.178,1.844,88.781,313.068,2.217,96.827,0.438,2.802
19890930,10.599,10.522,1.653,10.676,1.655,32.372,352.518,1.769,96.704,0.673,3.541
19891001,11.163,10.787,0.358,11.539,0.671,48.712,349.174,2.213,96.729,0.85,3.468
19891002,10.27,9.984,0.541,10.556,1.074,61.88,337.098,3.194,96.318,0.447,5.296
19891003,8.482,7.118,2.433,9.847,1.855,117.256,303.352,3.629,96.451,0.796,3.533
19891004,6.203,3.793,3.138,8.613,4.905,147.738,266.332,3.821,97.009,0.0,0.906
19891005,7.335,4.354,3.69,10.315,6.055,146.365,271.754,4.409,96.843,0.0,1.974
19891006,7.783,6.424,2.37,9.26,1.865,57.653,314.268,2.243,96.144,1.769,2.796
19891007,7.989,7.575,0.563,8.439,0.511,64.718,333.03,1.537,95.071,12.362,4.108
19891008,7.175,6.753,0.444,7.633,0.869,63.383,328.453,1.665,95.235,4.916,2.486
19891009,7.303,7.161,0.11,7.457,0.344,44.252,336.334,1.051,95.7,4.175,2.24
19891010,6.888,6.358,0.406,7.464,0.855,83.522,305.635,1.725,95.81,1.417,3.394
19891011,7.711,6.791,1.035,8.711,0.949,47.542,320.433,2.257,95.776,1.193,4.336
19891012,8.943,8.546,2.11,9.414,2.192,40.269,336.283,2.029,96.181,0.171,4.138
19891013,11.464,10.919,0.481,12.11,1.001,57.479,347.895,3.063,95.774,1.318,5.152
19891014,8.87,8.222,1.767,9.636,0.751,59.694,319.019,2.491,95.44,3.029,4.306
19891015,6.925,5.976,0.948,8.047,1.281,90.66,294.751,2.405,96.275,0.768,3.869
19891016,7.76,7.054,2.565,8.593,3.046,84.546,305.374,2.493,96.99,0.001,3.432
19891017,8.618,6.856,1.562,10.7,3.202,114.911,287.761,2.783,97.105,0.0,2.375
19891018,7.551,5.298,2.831,10.213,5.105,113.513,280.947,2.804,96.657,0.0,1.609
19891019,8.466,6.656,2.995,10.606,4.035,92.523,298.633,2.39,95.95,0.641,2.064
19891020,9.77,8.835,1.217,10.875,1.492,69.304,307.272,2.111,95.548,0.075,3.973
19891021,13.675,12.77,3.524,14.745,2.364,75.825,320.84,4.397,95.924,0.237,5.19
19891022,15.212,14.095,1.644,16.532,3.173,104.987,301.866,6.193,96.358,0.0,3.796
19891023,14.288,12.931,1.623,15.892,3.712,99.277,309.531,5.583,96.296,0.0,2.602
19891024,13.227,12.146,1.172,14.617,1.948,54.097,333.952,3.905,96.426,0.105,3.092
19891025,12.311,11.285,1.2,13.629,2.38,88.87,310.21,3.039,96.507,0.008,3.406
19891026,13.366,12.477,1.606,14.61,2.588,66.906,331.554,3.128,96.313,0.405,2.973
19891027,12.462,11.656,1.29,13.59,2.389,76.898,323.716,2.339,96.118,0.007,2.481
19891028,11.5,10.16,2.752,13.375,3.795,95.413,303.171,3.673,95.459,0.893,3.033
19891029,10.032,9.892,0.44,10.228,0.911,37.484,320.878,3.468,95.515,1.713,4.918
19891030,11.338,10.192,1.432,12.943,1.035,20.051,349.589,2.475,95.435,8.952,6.18
19891031,9.21,9.306,0.811,9.075,0.496,31.204,342.265,2.306,96.062,8.059,3.51
19891101,10.511,10.251,0.567,10.876,0.476,33.865,345.159,1.389,96.104,14.339,2.463
19891102,9.826,9.359,0.353,10.479,1.649,66.944,316.544,1.994,95.859,6.717,2.178
19891103,9.499,9.219,0.504,9.891,0.459,25.73,339.634,1.395,95.441,11.231,1.977
19891104,7.319,6.844,0.632,7.983,1.013,32.522,315.655,1.617,94.913,0.534,2.37
19891105,6.352,5.639,0.629,7.349,0.741,61.618,300.911,2.094,94.273,1.888,3.064
19891106,5.051,4.758,0.525,5.462,0.66,27.9,321.054,1.186,94.672,1.118,2.864
19891107,3.667,3.426,0.972,4.006,0.69,27.687,312.015,1.263,95.367,2.145,3.457
19891108,3.424,2.812,1.941,4.28,2.028,65.45,284.0,1.98,95.672,0.13,3.083
19891109,4.93,4.054,1.712,6.157,1.138,51.497,282.326,2.417,96.073,0.012,3.743
19891110,3.003,2.351,2.77,3.998,2.492,67.195,270.504,1.918,96.631,0.014,3.143
19891111,4.867,3.708,1.016,6.637,2.195,63.877,281.681,2.579,96.802,0.0,2.426
19891112,3.606,2.038,1.914,5.999,4.25,69.697,268.929,2.412,97.007,0.0,1.626
19891113,1.147,0.365,1.714,2.451,3.083,68.342,261.147,1.428,97.136,0.0,1.353
19891114,0.387,-0.579,2.283,1.998,3.346,67.499,263.777,1.322,97.012,0.003,1.894
19891115,4.02,3.285,1.135,5.244,1.291,32.612,312.152,1.587,96.656,0.221,3.256
19891116,0.739,0.088,1.061,1.823,1.949,47.838,276.236,1.462,96.95,0.017,2.652
19891117,-0.282,-1.23,1.036,1.297,1.688,63.375,252.026,1.893,96.645,0.001,4.2
19891118,-1.582,-2.482,1.581,-0.081,2.832,65.532,234.051,2.189,96.322,0.0,3.212
19891119,-2.101,-3.307,1.244,-0.091,3.148,63.439,240.379,1.761,96.045,0.0,1.75
19891120,-1.428,-2.92,1.974,1.06,3.866,61.418,252.021,1.46,95.939,0.0,1.611
19891121,0.395,-0.261,2.643,1.488,3.322,55.815,281.195,1.113,95.573,0.313,1.084
19891122,0.987,0.989,2.244,0.985,0.778,28.839,284.54,1.205,94.878,6.419,2.924
19891123,-1.244,-1.341,2.062,-1.082,1.875,50.144,255.999,1.166,95.375,0.361,3.583
19891124,1.025,0.465,1.474,1.957,0.17,17.546,305.72,1.104,95.03,2.645,3.89
19891125,-4.799,-4.983,0.586,-4.492,0.902,44.371,229.091,1.178,96.104,0.097,2.88
19891126,-0.947,-1.08,2.727,-0.725,1.131,13.905,298.439,1.318,95.777,3.91,5.835
19891127,2.931,3.04,1.086,2.75,0.426,8.825,326.998,0.875,95.616,1.369,4.66
19891128,1.708,1.369,2.421,2.327,0.793,48.257,269.858,1.558,96.44,1.01,2.792
19891129,-2.848,-3.491,1.42,-1.674,2.252,53.443,227.025,1.129,97.231,0.0,1.063
19891130,-4.837,-5.529,1.432,-3.575,2.566,53.353,225.735,1.02,97.369,0.0,1.56
19891201,-4.887,-5.723,1.644,-3.362,2.448,51.36,233.74,0.985,97.989,0.0,1.631
19891202,-2.129,-3.112,3.547,-0.336,3.669,49.868,248.274,1.766,98.24,0.0,1.505
19891203,0.026,-0.48,1.737,0.95,2.962,48.735,254.631,1.841,97.849,0.0,0.705
19891204,-2.311,-2.374,2.519,-2.196,2.48,43.035,270.632,0.915,97.324,0.121,1.167
19891205,1.023,0.882,0.447,1.28,0.556,13.225,317.098,0.888,96.968,0.482,1.676
19891206,2.118,2.09,0.749,2.17,0.464,6.877,324.93,0.955,96.5,0.767,2.962
19891207,2.202,1.599,2.22,3.301,0.544,26.871,297.714,1.423,96.228,0.797,3.449
19891208,-1.579,-1.542,1.247,-1.646,0.848,21.832,301.509,0.674,96.242,0.069,1.42
19891209,0.199,-0.244,0.784,1.006,0.383,10.493,303.48,0.815,95.938,1.353,2.427
19891210,-2.548,-2.793,0.704,-2.101,1.292,31.241,265.695,0.73,96.317,0.047,1.586
19891211,-2.207,-2.305,2.009,-2.028,0.943,22.112,285.902,1.003,95.615,0.556,3.188
19891212,-0.675,-0.419,0.867,-1.141,0.749,26.471,294.114,0.965,94.934,1.665,3.176
19891213,3.175,3.777,2.198,2.077,0.406,15.198,321.787,1.221,93.787,6.408,4.983
19891214,8.127,8.184,1.046,8.024,0.581,12.556,326.493,2.593,93.69,10.199,7.083
19891215,8.156,7.919,1.301,8.587,0.268,17.782,328.902,2.204,93.469,11.457,5.35
19891216,8.976,8.551,2.421,9.751,2.183,15.097,324.97,2.369,93.641,8.869,3.18
19891217,9.789,9.769,0.944,9.826,0.325,30.428,311.492,2.985,93.36,6.01,5.618
19891218,9.274,9.393,0.683,9.057,0.593,24.106,306.564,3.836,93.983,0.747,5.462
19891219,7.784,7.195,2.65,8.857,1.051,34.218,302.318,2.675,94.351,1.644,5.154
19891220,5.797,6.266,2.229,4.942,1.128,4.017,330.405,1.358,95.224,10.278,4.709
19891221,10.518,10.239,0.873,11.026,0.586,27.401,317.895,3.418,95.01,1.296,6.445
19891222,9.32,9.155,1.309,9.622,0.112,9.974,333.546,1.929,94.535,14.227,4.372
19891223,3.791,3.767,0.533,3.836,0.523,30.557,293.347,2.072,95.712,1.894,5.375
19891224,4.515,4.2,0.638,5.089,0.94,14.131,297.669,1.343,96.015,2.388,3.709
19891225,3.082,2.39,0.857,4.343,1.605,40.313,251.629,2.088,95.97,0.0,2.848
19891226,-0.014,-0.546,0.624,0.956,2.154,43.211,244.384,1.483,96.029,0.0,1.859
19891227,-2.468,-2.851,1.145,-1.77,0.879,41.525,238.159,1.096,95.751,0.0,1.811
19891228,-2.856,-2.98,0.668,-2.632,0.492,34.64,249.084,0.992,96.062,0.001,1.033
19891229,-3.64,-3.56,0.314,-3.786,0.112,18.99,276.715,0.724,96.512,0.063,2.448
19891230,-3.762,-3.85,0.275,-3.602,0.327,34.468,259.578,0.614,96.532,0.035,1.569
19891231,-4.117,-4.179,0.94,-4.005,0.584,35.108,253.747,0.77,96.38,0.02,0.926
19900101,-2.834,-2.935,0.241,-2.649,0.151,18.197,288.982,0.68,96.214,0.122,1.183
19900102,-2.155,-2.296,0.355,-1.898,0.247,11.831,301.709,0.674,96.361,0.688,0.866
19900103,-2.735,-2.685,0.542,-2.825,0.207,22.509,272.902,0.948,96.658,0.071,2.074
19900104,-3.422,-3.739,1.071,-2.842,1.404,44.078,238.254,1.174,96.627,0.0,2.257
19900105,-1.855,-2.128,0.438,-1.357,0.496,20.124,289.858,0.854,96.674,2.402,2.009
19900106,-2.207,-2.334,0.244,-1.976,0.325,32.963,273.084,0.876,97.071,0.014,1.653
19900107,-2.741,-3.192,0.795,-1.918,0.806,48.253,240.068,0.92,97.245,0.002,2.564
19900108,-2.808,-2.88,1.581,-2.676,1.023,36.094,275.456,0.705,97.532,0.262,2.835
19900109,0.093,0.033,1.191,0.201,0.643,11.246,319.631,0.811,97.651,0.23,2.244
19900110,1.134,0.929,0.361,1.507,0.242,12.869,314.812,0.884,97.412,0.512,2.843
19900111,1.216,0.977,0.728,1.652,0.468,15.373,313.827,0.958,97.201,0.091,3.804
19900112,1.501,0.832,1.138,2.721,1.112,41.499,279.719,1.172,97.181,0.001,2.154
19900113,-1.499,-1.473,1.144,-1.546,0.849,33.152,283.436,0.806,96.961,0.372,2.807
19900114,0.574,0.415,0.509,0.838,0.602,13.732,308.036,0.937,96.774,0.638,1.511
19900115,1.67,1.793,1.35,1.464,0.599,17.207,314.674,1.043,96.551,0.439,4.8
19900116,6.522,6.085,1.144,7.25,0.523,7.214,339.241,1.306,96.433,0.325,5.161
19900117,6.338,5.872,1.844,7.113,0.416,9.305,318.106,1.863,96.206,0.594,5.12
19900118,1.883,1.728,0.85,2.142,1.244,47.481,262.492,1.902,96.632,0.061,4.081
19900119,2.241,2.063,0.154,2.537,0.601,29.018,298.599,1.687,96.807,0.563,4.439
19900120,3.181,3.095,1.214,3.323,0.585,15.692,318.063,1.466,96.745,0.882,4.83
19900121,6.328,5.799,1.097,7.211,0.411,10.8,333.396,1.675,97.203,0.177,4.479
19900122,4.888,4.855,0.706,4.942,0.636,41.161,299.637,1.788,97.24,0.116,3.135
19900123,5.208,4.597,0.941,6.226,1.087,34.549,315.011,2.077,96.233,2.443,4.97
19900124,3.996,3.722,1.816,4.454,0.478,42.427,295.634,1.944,94.82,10.444,6.236
19900125,4.896,4.844,3.396,4.981,1.735,9.982,307.297,1.906,94.227,9.573,6.699
19900126,3.774,3.791,1.732,3.747,0.371,52.768,269.306,2.63,94.052,1.538,6.847
19900127,3.157,2.697,0.857,3.924,1.23,47.709,271.384,1.865,94.927,1.466,4.699
19900128,5.016,4.258,0.684,6.28,1.087,33.572,296.082,3.161,94.506,0.757,5.468
19900129,3.37,2.62,1.03,4.62,1.235,42.606,275.429,2.172,95.143,0.007,4.044
19900130,3.47,3.297,2.328,3.758,1.67,46.28,282.247,1.787,94.954,0.006,4.49
19900131,6.41,6.047,0.892,7.013,1.584,56.973,280.076,3.28,95.11,0.013,4.431
19900201,6.44,5.91,0.983,7.248,1.226,49.154,286.78,2.943,95.297,0.0,3.001
19900202,4.766,4.173,0.494,5.671,0.506,22.115,285.801,2.087,95.305,2.462,4.686
19900203,5.322,5.145,2.597,5.593,1.933,47.806,279.267,3.059,95.481,3.119,5.431
19900204,4.964,4.381,0.721,5.779,1.543,72.72,274.14,2.729,96.738,1.12,5.307
19900205,4.396,3.048,1.58,6.283,3.085,82.796,253.566,3.036,96.979,0.0,3.166
19900206,2.315,0.476,2.258,4.889,4.447,87.159,245.615,2.737,96.292,0.0,2.235
19900207,7.003,6.307,4.261,7.979,2.734,69.056,294.842,3.917,95.823,0.0,5.146
19900208,9.094,8.045,3.775,10.563,2.318,44.217,304.724,3.968,95.427,1.465,7.766
19900209,3.412,2.752,0.528,4.335,0.997,58.842,276.676,2.143,96.818,0.37,4.269
19900210,2.557,2.031,2.126,3.292,2.567,83.299,267.422,2.288,95.933,2.818,4.137
19900211,3.451,2.909,1.815,4.21,0.51,70.47,287.002,1.729,94.434,3.811,5.244
19900212,1.276,0.349,0.435,2.574,0.832,79.576,272.748,1.463,93.196,3.213,5.304
19900213,0.84,0.311,0.536,1.582,0.917,70.286,273.715,1.539,93.698,4.785,3.8
19900214,2.595,2.137,1.092,3.236,0.54,63.23,297.069,1.741,92.999,7.225,6.524
19900215,0.815,1.146,0.739,0.351,0.278,40.326,306.178,0.932,93.609,10.136,3.526
19900216,0.992,0.667,0.426,1.448,0.777,74.512,272.909,1.751,95.025,0.198,4.417
19900217,1.476,1.003,2.452,2.137,2.661,104.825,256.398,2.026,95.814,0.005,2.843
19900218,7.202,6.467,1.893,8.148,1.659,63.623,326.07,2.291,95.749,0.247,4.044
19900219,9.056,8.398,1.264,9.903,2.41,99.948,305.786,2.851,96.126,0.101,2.963
19900220,10.498,9.48,1.295,11.702,2.222,95.123,299.93,3.297,96.746,0.004,3.802
19900221,8.868,7.42,3.034,10.58,3.893,107.323,289.803,3.445,97.088,0.076,3.591
19900222,5.55,3.743,2.648,7.684,4.447,115.883,262.085,3.584,98.181,0.0,1.73
19900223,6.55,4.382,2.977,9.111,5.241,117.671,269.335,3.338,97.656,0.0,2.157
19900224,8.136,6.522,4.197,10.043,4.554,116.992,279.353,3.187,96.837,0.0,3.124
19900225,10.603,10.095,1.42,11.203,2.218,104.931,302.324,4.102,95.639,1.603,4.472
19900226,6.998,5.978,2.605,8.205,1.227,19.148,319.414,2.341,93.801,8.99,8.389
19900227,1.451,1.482,0.528,1.413,0.51,76.267,285.991,1.319,93.16,8.46,7.013
19900228,2.659,2.835,1.834,2.452,0.763,88.878,298.953,1.554,93.719,11.201,7.159
19900301,2.116,2.433,1.805,1.742,0.225,93.814,282.281,1.869,93.889,5.654,7.19
19900302,0.214,-0.235,0.575,0.744,0.781,106.962,262.808,1.566,96.025,2.399,4.855
19900303,1.451,0.993,1.933,1.993,1.339,91.118,277.879,1.352,97.779,3.355,4.413
19900304,3.12,2.982,0.362,3.284,0.577,60.754,301.121,1.86,97.815,0.77,5.269
19900305,4.364,4.196,0.714,4.561,0.334,67.876,314.873,2.116,97.06,0.113,5.381
19900306,5.635,5.512,0.74,5.768,0.587,49.663,325.847,2.477,95.975,2.186,6.793
19900307,7.274,6.813,0.996,7.734,0.85,30.595,333.363,2.032,96.274,0.544,4.639
19900308,7.692,7.071,0.87,8.314,2.103,107.304,301.285,3.374,96.226,0.018,3.405
19900309,6.009,5.321,1.91,6.698,1.531,86.841,287.588,3.34,96.022,1.244,6.321
19900310,5.494,6.115,2.98,4.873,2.008,21.953,321.115,1.899,96.814,4.961,5.066
19900311,11.24,10.066,1.603,12.414,3.193,124.065,314.49,4.591,96.739,0.018,5.316
19900312,8.337,7.607,1.794,9.067,1.257,120.98,304.814,3.755,96.551,0.012,3.882
19900313,4.031,2.695,2.141,5.368,3.411,140.247,264.955,2.597,96.924,0.007,1.583
19900314,4.957,3.131,2.565,6.783,2.915,72.603,300.359,2.276,97.113,0.352,2.158
19900315,6.603,4.677,2.269,8.529,4.385,161.285,271.424,3.528,97.793,0.0,1.309
19900316,6.968,3.996,3.761,9.94,5.749,170.549,265.85,4.188,97.788,0.0,1.931
19900317,8.852,6.091,3.386,11.612,6.093,173.441,268.73,5.331,97.631,0.0,1.848
19900318,9.241,6.286,3.555,12.195,6.015,176.97,269.014,6.154,97.535,0.0,2.057
19900319,10.629,7.813,4.095,13.445,4.932,176.299,281.572,6.631,97.378,0.0,3.033
19900320,9.789,9.564,0.865,9.995,0.646,69.445,317.384,3.197,96.687,1.924,3.939
19900321,10.666,9.516,1.395,11.723,2.065,104.814,331.718,3.274,96.233,0.15,3.797
19900322,9.641,8.383,1.145,10.798,1.121,76.686,328.367,2.568,96.069,2.812,3.742
19900323,6.519,5.481,1.381,7.474,2.092,130.132,283.241,3.381,96.498,0.001,3.722
19900324,6.966,6.007,2.03,7.849,2.509,172.143,288.231,3.631,96.001,0.694,4.67
19900325,3.192,2.988,1.307,3.366,1.042,152.068,284.289,2.053,95.878,3.847,4.546
19900326,2.982,1.839,0.447,3.949,1.636,122.029,288.005,1.671,96.234,1.557,2.751
19900327,3.281,1.946,1.367,4.41,1.72,131.977,286.894,1.518,96.556,1.301,3.004
19900328,3.217,3.047,1.71,3.361,1.121,62.993,313.371,1.43,96.336,5.676,3.892
19900329,6.158,5.609,0.995,6.624,1.518,52.699,330.598,1.991,96.979,0.492,2.205
19900330,6.539,4.936,1.46,7.895,3.292,192.277,283.579,3.131,97.552,0.002,1.623
19900331,7.179,4.884,2.283,9.121,3.642,159.867,291.344,2.738,97.686,0.004,1.826
19900401,10.007,7.193,4.595,12.388,5.919,212.977,276.196,5.524,96.728,0.0,1.869
19900402,10.996,8.204,2.871,13.167,5.08,205.034,287.067,6.181,95.259,0.132,2.395
19900403,8.333,6.867,3.441,9.473,3.159,102.247,316.555,3.194,94.454,9.025,3.941
19900404,2.736,1.217,0.702,3.918,1.521,183.199,268.524,2.437,95.53,1.634,3.513
19900405,1.054,-0.842,1.765,2.529,3.101,202.205,246.745,2.467,96.141,0.174,1.314
19900406,3.162,1.425,3.281,4.514,3.553,172.981,271.518,3.241,95.768,0.02,3.302
19900407,4.207,2.906,1.763,5.219,2.681,149.892,283.15,3.742,95.549,0.018,4.355
19900408,2.905,1.436,1.052,4.047,1.661,199.112,261.147,3.428,96.219,0.221,4.304
19900409,1.459,-0.801,2.291,3.217,3.653,239.526,236.014,3.714,96.004,0.0,3.694
19900410,2.787,0.42,4.173,4.627,4.76,240.833,249.185,4.295,95.354,0.536,1.788
19900411,5.042,3.808,0.315,6.001,0.842,144.787,306.585,1.863,94.947,7.297,4.262
19900412,5.543,4.191,1.302,6.509,2.179,121.693,309.44,3.074,95.848,0.764,2.107
19900413,7.061,6.163,1.745,7.703,2.491,68.469,324.096,2.536,95.654,0.387,2.681
19900414,7.497,6.045,1.568,8.535,1.669,147.695,307.054,2.469,95.372,1.564,3.401
19900415,3.702,2.683,0.769,4.43,1.305,94.903,284.771,1.867,94.934,1.685,4.437
19900416,4.521,2.677,0.757,5.73,1.653,193.415,285.674,2.137,95.749,2.621,3.423
19900417,4.183,2.126,0.785,5.531,1.591,183.087,285.326,1.995,95.9,2.139,2.616
19900418,4.48,3.036,2.122,5.426,3.531,193.181,287.104,2.597,96.079,3.974,0.982
19900419,6.178,5.581,0.703,6.569,1.97,155.182,307.46,2.191,95.58,6.18,1.148
19900420,8.858,7.691,2.049,9.623,3.289,140.2,306.198,3.886,95.248,1.192,3.898
19900421,9.459,7.698,1.748,10.612,2.958,123.692,314.242,3.037,95.332,4.354,3.478
19900422,9.366,7.776,1.25,10.408,2.645,147.016,315.668,2.622,95.359,4.811,3.296
19900423,8.378,7.807,0.267,8.752,0.812,103.26,329.645,1.764,95.299,6.52,3.476
19900424,7.837,7.286,0.422,8.198,1.295,117.56,327.666,1.915,95.356,6.206,2.535
19900425,8.046,7.372,0.608,8.487,1.273,94.876,329.249,1.864,95.775,5.799,2.408
19900426,9.785,7.805,2.563,11.083,3.981,249.331,291.455,5.149,96.075,0.412,1.857
19900427,7.014,6.501,2.282,7.35,0.688,127.101,305.917,3.165,95.992,3.166,4.269
19900428,4.837,3.655,1.725,5.611,2.369,140.445,294.297,3.294,96.876,0.025,3.541
19900429,8.634,6.538,3.077,10.007,3.716,208.649,295.581,4.533,97.087,0.0,1.309
19900430,11.398,8.246,2.56,13.462,4.017,259.407,298.238,4.466,97.091,0.002,2.235
19900501,12.881,9.266,3.792,14.863,5.554,276.845,294.091,5.912,97.351,0.0,2.183
19900502,15.058,11.778,2.594,16.857,4.052,272.434,302.62,7.211,97.689,0.0,3.298
19900503,13.878,11.156,2.028,15.371,3.742,283.171,287.709,7.55,97.538,0.0,3.174
19900504,14.399,10.46,3.092,16.56,4.993,281.936,297.218,7.564,97.059,0.0,2.468
19900505,15.418,11.088,2.844,17.793,4.992,275.133,303.127,8.412,96.569,0.001,2.164
19900506,16.16,12.21,2.102,18.326,5.006,273.713,307.488,9.667,96.174,0.126,1.876
19900507,15.593,11.932,2.182,17.601,4.735,242.777,317.546,8.018,95.856,1.052,1.37
19900508,13.891,10.89,1.424,15.537,3.734,231.555,321.413,4.526,95.994,4.925,1.405
19900509,14.135,11.688,2.139,15.478,4.236,218.297,336.783,4.87,95.887,0.405,1.06
19900510,14.572,11.491,1.422,16.261,3.357,237.953,324.677,5.28,95.713,4.705,1.652
19900511,11.891,10.463,0.827,12.674,1.678,220.976,313.49,4.062,95.513,0.116,2.074
19900512,10.914,8.541,0.982,12.215,2.789,224.783,308.115,4.441,95.457,1.503,1.911
19900513,10.265,8.15,2.233,11.426,2.939,219.849,301.977,4.195,95.585,0.352,3.012
19900514,10.349,8.763,1.5,11.219,2.04,139.476,324.792,3.551,95.893,0.583,3.166
19900515,11.805,8.453,3.976,13.643,4.996,287.823,292.965,5.638,96.181,0.0,1.438
19900516,13.541,10.681,2.352,15.109,3.236,232.929,323.766,4.119,96.104,5.164,1.944
19900517,13.228,10.877,1.175,14.517,2.322,231.141,315.4,4.833,96.034,0.157,2.863
19900518,9.377,8.013,1.325,10.126,2.356,175.88,325.958,3.912,96.367,0.006,1.797
19900519,10.88,7.96,2.739,12.481,3.691,187.944,311.619,5.088,96.591,0.109,2.287
19900520,12.151,9.175,2.761,13.639,4.204,233.62,304.395,6.948,96.413,0.0,2.689
19900521,12.386,9.261,3.124,13.806,4.478,215.429,314.774,6.247,95.871,0.0,1.65
19900522,13.812,10.528,1.267,15.305,3.619,217.711,325.286,6.572,95.885,0.007,1.499
19900523,14.234,10.828,2.579,15.782,4.584,239.046,323.967,5.649,95.919,4.277,1.392
19900524,13.041,10.466,1.097,14.211,2.873,273.322,304.25,5.545,95.9,0.089,2.236
19900525,8.552,6.747,1.236,9.372,2.036,188.0,300.494,4.292,96.265,0.002,3.078
19900526,7.812,4.405,2.197,9.361,3.748,251.874,284.116,4.463,96.815,0.0,2.161
19900527,8.774,5.247,2.786,10.378,4.506,275.828,281.348,5.358,96.822,0.0,2.028
19900528,7.729,5.68,1.18,8.66,2.135,183.598,302.072,4.218,96.835,0.123,2.835
19900529,9.393,6.565,3.935,10.678,4.189,282.57,278.998,5.401,96.884,0.416,1.513
19900530,11.945,9.121,4.094,13.229,4.971,265.946,292.156,7.76,96.458,0.183,1.517
19900531,14.517,12.09,4.087,15.621,4.944,253.631,310.687,9.062,96.398,0.023,1.309
19900601,16.311,13.17,2.434,17.739,4.896,225.892,326.384,9.704,96.082,0.0,1.246
19900602,12.714,10.654,1.278,13.651,1.287,125.242,328.777,3.77,95.169,6.497,2.86
19900603,11.638,9.614,1.791,12.558,2.44,230.455,319.22,4.381,95.235,1.823,3.018
19900604,11.156,10.06,0.586,11.655,0.958,220.806,321.978,3.635,94.853,4.875,4.576
19900605,11.752,10.08,1.811,12.513,2.565,188.003,325.894,4.686,95.485,0.304,3.044
19900606,12.297,10.566,0.879,13.083,2.38,170.9,326.76,4.177,95.591,0.272,1.325
19900607,12.912,11.847,1.451,13.397,1.536,103.399,349.829,3.206,95.274,2.238,3.102
19900608,10.359,10.265,2.365,10.402,0.713,77.073,339.566,1.479,94.991,5.942,2.24
19900609,9.733,7.817,2.146,10.604,2.491,224.271,311.554,2.563,95.301,5.334,1.981
19900610,9.161,9.502,1.412,9.006,1.126,37.176,342.808,1.087,95.419,20.456,4.078
19900611,10.604,9.895,0.539,10.926,1.31,114.63,350.448,2.129,95.949,0.137,2.922
19900612,12.107,10.592,2.17,12.795,2.26,142.618,344.482,3.609,95.99,0.086,1.219
19900613,11.954,11.668,0.412,12.084,1.041,91.776,351.341,2.823,96.106,2.402,2.036
19900614,11.658,11.466,0.501,11.746,0.836,67.23,354.284,2.439,96.169,0.399,1.241
19900615,11.707,11.023,0.617,12.019,1.174,95.23,346.975,3.276,96.191,0.041,1.31
19900616,12.279,10.313,0.975,13.173,2.345,142.678,342.442,3.993,96.148,0.446,1.299
19900617,14.411,12.224,3.144,15.405,4.192,232.15,323.98,6.172,95.827,0.0,1.553
19900618,15.586,12.605,2.156,16.941,3.838,202.088,341.8,5.489,95.612,0.565,1.859
19900619,17.273,14.255,2.558,18.645,3.882,237.053,338.685,6.987,95.78,0.318,2.148
19900620,15.552,14.0,0.64,16.257,1.279,135.771,358.624,2.797,95.654,5.799,2.058
19900621,15.466,13.662,1.087,16.285,2.198,236.399,334.174,6.261,95.452,0.574,2.955
19900622,14.125,12.864,1.068,14.697,0.849,216.055,334.03,5.211,95.084,2.659,4.758
19900623,12.57,11.05,0.976,13.261,1.79,202.571,323.753,3.579,95.792,5.961,3.418
19900624,14.036,12.05,2.717,14.939,3.145,215.219,323.388,5.855,96.421,0.718,2.757
19900625,16.087,13.575,2.576,17.229,2.972,175.396,358.368,5.427,96.635,0.118,2.324
19900626,19.561,16.901,2.931,20.77,4.453,260.201,345.387,8.183,96.453,0.003,1.266
19900627,20.449,17.332,1.547,21.733,3.511,238.717,361.914,7.688,95.754,4.224,2.0
19900628,19.188,17.011,1.097,20.084,2.291,212.943,360.951,6.521,95.834,1.08,2.415
19900629,18.344,15.699,1.72,19.546,3.735,221.999,354.373,6.83,96.14,4.065,1.452
19900630,18.814,16.497,1.53,19.868,3.145,234.892,372.218,5.286,95.751,6.013,2.297
19900701,15.498,14.366,1.957,16.012,1.12,207.506,343.709,5.204,95.516,5.678,4.662
19900702,13.171,10.99,0.675,14.162,2.342,247.311,311.368,6.114,95.67,0.003,3.887
19900703,11.651,10.527,0.688,12.161,1.41,126.063,329.69,3.422,95.673,4.285,1.095
19900704,12.859,10.627,3.137,13.873,3.564,244.176,314.623,4.979,95.809,0.764,1.616
19900705,14.021,13.582,0.624,14.221,0.772,83.941,349.764,4.269,94.75,3.855,4.595
19900706,11.713,11.224,1.302,11.935,0.712,240.467,322.732,3.34,95.553,5.529,4.8
19900707,11.761,9.98,1.719,12.571,2.512,187.513,326.732,4.071,96.253,0.524,3.755
19900708,15.459,14.463,3.28,15.912,2.688,58.371,376.508,3.091,95.866,0.396,3.646
19900709,16.181,15.458,1.533,16.51,0.887,155.416,361.103,5.09,95.633,5.642,3.96
19900710,12.035,11.298,0.697,12.37,1.148,205.028,325.376,3.387,96.068,3.744,4.304
19900711,12.828,10.869,1.739,13.719,3.162,178.682,333.813,4.99,97.058,0.053,2.839
19900712,16.451,12.626,4.823,18.19,5.324,255.417,332.68,7.348,96.871,0.0,1.622
19900713,15.467,12.293,1.397,16.91,3.378,293.024,318.201,5.992,96.44,0.0,2.176
19900714,12.924,10.915,4.009,13.837,4.332,306.217,290.406,6.469,96.438,0.0,1.78
19900715,15.26,12.253,4.049,16.626,4.952,279.668,310.395,8.646,96.399,0.0,1.011
19900716,17.722,14.517,3.504,19.178,5.448,267.322,330.776,10.03,96.271,0.283,2.142
19900717,13.883,14.259,1.387,13.712,0.821,119.624,350.416,3.763,96.39,0.528,4.192
19900718,12.687,11.997,0.658,13.032,0.987,140.21,355.864,3.343,96.589,0.253,3.816
19900719,12.574,11.743,1.251,12.99,1.813,133.549,350.386,3.896,96.474,0.383,2.599
19900720,16.019,12.004,4.432,18.026,5.359,294.477,317.753,7.516,96.481,0.0,2.459
19900721,18.324,14.487,2.518,20.243,4.2,280.851,328.816,8.839,96.544,0.0,2.63
19900722,14.487,11.821,1.583,15.82,3.621,301.694,295.955,7.12,96.598,0.0,2.731
19900723,11.913,9.341,2.516,13.2,3.325,204.465,314.974,5.34,96.496,0.016,2.907
19900724,11.877,9.893,2.352,12.87,2.769,188.913,332.077,4.637,96.45,0.01,2.811
19900725,13.405,11.645,1.746,14.285,2.654,131.43,347.608,4.867,96.39,0.032,1.469
19900726,16.135,12.837,2.66,17.784,4.095,211.306,341.93,6.245,96.178,0.219,1.831
19900727,17.826,14.35,3.114,19.564,4.663,260.545,328.422,9.262,96.147,0.0,1.968
19900728,20.832,16.629,3.089,22.934,5.39,286.992,336.029,13.717,96.136,0.0,1.769
19900729,18.952,16.821,0.971,20.018,1.93,198.874,364.041,7.066,96.256,0.59,2.446
19900730,18.435,15.596,1.636,19.854,3.373,238.963,352.115,7.824,96.631,0.002,1.384
19900731,20.225,16.158,3.309,22.258,4.972,268.883,341.591,12.084,96.706,0.0,1.348
19900801,20.85,17.015,1.618,22.768,4.439,232.523,346.995,11.302,96.865,0.001,1.794
19900802,20.208,16.936,2.499,22.002,4.872,285.999,325.357,14.081,96.94,0.0,2.051
19900803,21.206,17.529,3.573,23.222,5.384,283.529,329.883,15.515,96.871,0.0,2.139
19900804,22.633,18.597,3.917,24.846,6.144,282.462,341.139,16.522,96.512,0.0,1.598
19900805,22.487,18.502,1.075,24.672,3.841,223.446,360.94,14.444,95.844,0.028,3.309
19900806,15.495,13.971,2.082,16.331,2.051,194.897,341.213,7.002,95.853,0.125,3.107
19900807,12.561,10.492,1.65,13.696,2.902,221.283,317.15,5.275,96.412,2.049,2.282
19900808,13.816,10.825,3.456,15.457,4.541,196.353,321.92,7.639,96.706,0.12,1.756
19900809,16.008,12.805,2.893,17.93,4.089,193.658,338.531,8.18,96.63,0.001,2.342
19900810,15.787,14.042,1.228,16.834,1.498,155.636,341.78,5.055,96.451,1.444,2.797
19900811,17.692,14.461,4.278,19.631,5.119,232.936,335.474,8.439,96.359,0.0,1.579
19900812,21.398,16.893,4.071,24.101,5.614,239.935,350.603,14.146,95.98,0.653,2.205
19900813,21.345,17.967,2.213,23.372,3.976,218.22,355.369,13.071,95.756,1.15,2.494
19900814,18.676,16.32,0.691,20.09,2.129,177.745,364.686,5.852,95.736,10.613,2.552
19900815,18.419,16.538,1.816,19.548,3.123,177.336,355.795,6.972,95.714,0.988,2.467
19900816,17.107,15.713,1.634,17.944,1.291,112.816,353.519,5.002,95.558,8.334,3.71
19900817,13.307,11.868,0.833,14.17,2.113,199.192,316.005,5.694,96.14,0.172,3.449
19900818,12.273,11.191,1.271,12.922,1.943,99.124,340.125,3.759,96.232,7.764,2.982
19900819,13.846,12.939,1.683,14.441,2.626,124.077,349.623,4.531,96.213,1.194,1.707
19900820,15.443,13.456,0.868,16.745,1.355,163.674,343.117,5.592,95.467,10.504,5.135
19900821,11.232,11.499,0.647,11.058,0.649,59.023,342.95,2.644,95.69,6.853,6.002
19900822,12.878,11.894,0.382,13.524,1.445,95.004,353.948,3.667,96.621,0.391,3.429
19900823,15.007,13.235,1.016,16.169,2.51,133.498,348.763,4.448,96.842,0.094,2.435
19900824,16.518,14.047,3.38,18.137,5.355,236.343,320.099,7.698,96.538,0.0,1.571
19900825,18.508,15.426,2.938,20.528,4.704,204.53,344.888,7.841,95.92,0.031,2.122
19900826,17.584,15.761,1.53,18.778,3.177,202.041,339.324,5.994,96.163,0.044,1.536
19900827,18.35,15.858,3.064,19.984,4.373,213.657,338.317,9.149,96.28,0.414,1.922
19900828,19.268,16.477,2.638,21.097,4.54,206.181,349.591,8.522,96.246,2.725,1.727
19900829,19.82,16.83,2.089,21.955,4.327,210.57,351.353,8.674,96.073,0.39,1.274
19900830,19.106,16.219,1.86,21.168,3.975,191.573,355.902,6.809,95.786,4.178,1.963
19900831,16.468,15.042,1.411,17.487,1.321,51.166,382.692,2.346,95.683,22.501,2.133
19900901,10.683,10.772,0.474,10.619,0.345,47.063,355.947,1.618,96.004,2.493,3.52
19900902,13.312,12.151,1.574,14.216,2.023,113.306,348.24,2.682,96.314,5.254,2.442
19900903,13.364,13.13,0.588,13.547,0.854,43.746,368.062,1.89,96.052,3.293,1.494
19900904,13.796,12.397,1.25,14.884,1.487,133.023,348.608,2.306,95.461,6.069,2.751
19900905,10.766,9.593,0.568,11.679,1.665,156.242,309.704,3.35,95.486,0.932,3.971
19900906,11.119,9.502,2.489,12.377,2.868,108.072,330.841,3.1,95.514,6.905,3.304
19900907,9.87,9.158,1.238,10.424,1.121,125.669,318.049,2.376,95.287,2.992,2.625
19900908,10.658,9.371,2.154,11.659,2.131,115.643,326.344,2.513,95.934,0.868,3.305
19900909,10.989,9.929,0.569,11.814,1.275,96.261,331.901,2.999,96.65,0.314,3.97
19900910,9.697,9.393,0.355,9.933,0.355,30.412,341.935,1.448,96.289,10.936,3.754
19900911,11.563,10.61,1.04,12.304,1.802,97.371,347.042,2.014,96.447,1.112,2.788
19900912,11.382,10.282,0.911,12.238,1.88,115.306,328.319,2.1,96.802,1.056,1.863
19900913,11.554,10.318,0.938,12.515,1.864,101.553,335.448,2.987,96.762,0.146,1.793
19900914,10.362,8.128,2.05,12.099,3.514,130.319,317.421,3.371,96.807,0.0,1.364
19900915,9.762,8.642,1.187,10.71,1.609,120.398,324.38,3.321,96.785,0.017,2.808
19900916,10.022,8.221,1.569,11.546,2.712,132.627,311.028,4.316,96.763,0.006,1.809
19900917,9.498,7.194,4.186,11.618,4.586,174.769,298.338,4.594,96.129,0.016,2.08
19900918,10.344,9.689,0.685,10.946,1.867,120.122,327.016,3.775,96.111,2.394,4.038
19900919,12.477,10.517,1.918,14.281,2.362,140.524,330.837,4.745,95.317,3.005,5.466
19900920,8.993,8.069,0.258,9.842,1.001,91.259,318.869,3.905,95.227,1.083,4.675
19900921,8.183,7.394,1.002,8.909,0.677,105.165,305.003,3.208,94.205,5.558,6.588
19900922,7.743,7.491,1.647,7.974,1.187,59.292,321.892,1.959,94.475,2.687,3.952
19900923,10.391,9.013,1.257,11.658,2.629,114.97,315.953,2.492,94.812,1.181,2.32
19900924,9.595,9.005,0.809,10.139,0.672,112.094,314.027,3.004,94.828,6.089,4.757
19900925,8.76,7.983,0.445,9.474,0.993,103.0,310.053,2.228,95.312,3.328,4.67
19900926,7.919,6.936,1.606,8.823,2.37,92.956,309.647,2.259,96.377,0.402,2.169
19900927,8.162,7.287,0.536,8.966,1.462,105.483,299.209,2.956,96.845,0.287,2.701
19900928,8.365,7.159,3.017,9.474,3.334,102.006,300.852,3.194,96.82,0.008,2.97
19900929,10.959,9.706,3.105,12.213,3.973,139.969,306.95,4.713,96.19,0.497,2.335
19900930,14.646,13.483,1.975,15.808,2.557,79.473,358.973,3.117,95.31,6.498,3.322
19901001,13.269,12.75,2.08,13.789,0.527,62.708,357.678,2.525,95.63,2.058,2.789
19901002,10.547,9.137,1.43,11.957,2.972,126.348,314.592,2.691,96.449,0.005,1.626
19901003,12.194,10.954,1.644,13.434,2.752,120.706,325.514,2.838,95.765,0.014,2.812
19901004,10.393,10.019,2.277,10.768,0.879,39.635,323.931,2.348,95.834,3.014,3.073
19901005,8.859,8.281,3.056,9.437,2.705,113.135,309.103,3.265,96.461,0.001,4.528
19901006,13.148,12.528,0.993,13.823,1.519,55.435,346.161,3.513,95.527,0.045,5.517
19901007,11.385,10.407,1.844,12.448,0.877,113.165,305.805,3.971,95.158,0.201,3.994
19901008,6.625,6.197,0.766,7.09,1.182,83.578,300.17,2.481,96.29,0.358,3.819
19901009,6.874,5.51,2.0,8.356,2.979,116.935,278.871,2.906,96.787,0.0,2.797
19901010,8.48,7.249,2.785,9.819,3.05,100.226,304.119,2.945,96.585,0.0,2.877
19901011,9.408,7.669,1.806,11.297,3.423,129.401,290.049,3.511,96.441,0.002,2.335
19901012,10.575,8.636,4.633,12.866,5.891,129.149,288.281,4.476,96.522,0.0,1.931
19901013,11.299,9.669,2.196,13.225,3.602,97.623,311.393,3.454,96.324,0.0,1.638
19901014,13.285,10.965,3.786,16.027,4.94,117.602,315.574,3.818,96.51,0.0,1.898
19901015,14.161,11.992,2.774,16.726,4.547,115.756,314.984,4.756,95.955,0.0,2.297
19901016,13.656,11.999,2.34,15.613,3.12,66.069,340.466,3.411,96.001,0.0,1.69
19901017,13.259,12.564,0.902,14.081,1.43,79.24,339.545,2.702,95.641,0.321,1.908
19901018,10.484,9.39,1.332,11.776,2.415,64.892,321.79,1.754,95.443,0.605,2.031
19901019,10.314,8.526,1.648,12.427,3.541,103.752,298.949,2.713,95.617,0.0,1.356
19901020,8.695,7.796,1.836,9.757,2.345,57.608,329.918,1.382,95.993,0.388,2.724
19901021,5.133,4.681,1.665,5.668,1.326,90.736,289.727,3.046,96.738,0.014,4.749
19901022,2.76,1.499,1.995,4.25,3.22,110.553,246.779,2.665,97.066,0.0,4.369
19901023,4.138,2.428,3.066,6.159,4.655,110.578,251.498,4.29,96.32,0.0,3.833
19901024,2.375,0.546,2.408,4.726,4.398,106.348,257.398,2.974,95.87,0.0,1.79
19901025,4.9,2.666,3.867,7.772,5.181,98.814,281.01,2.532,95.62,0.0,1.552
19901026,5.728,4.708,1.851,7.156,2.969,79.833,293.903,2.433,95.126,0.172,1.853
19901027,7.486,6.941,0.729,8.249,1.483,50.195,311.561,2.698,95.016,0.119,3.093
19901028,7.931,7.007,1.008,9.224,2.015,68.887,307.125,2.816,94.056,4.85,4.696
19901029,5.77,5.362,2.075,6.341,0.701,66.486,302.35,1.905,92.862,9.381,4.556
19901030,5.488,4.852,1.99,6.38,1.673,62.894,297.492,2.448,93.507,7.427,4.329
19901031,7.342,6.724,1.739,8.209,1.517,61.127,291.402,2.565,94.084,1.786,5.138
19901101,7.559,7.235,1.19,8.014,0.399,57.543,306.014,2.846,94.347,1.297,5.503
19901102,5.687,5.025,0.347,6.614,0.935,54.101,297.767,1.602,94.484,1.019,3.092
19901103,4.901,4.493,0.332,5.471,0.751,55.425,303.561,1.663,94.597,1.962,3.352
19901104,2.028,1.998,0.84,2.07,0.62,38.597,305.639,0.977,94.913,6.486,3.122
19901105,1.229,0.997,0.491,1.553,1.15,40.039,297.666,1.108,95.983,0.82,2.012
19901106,1.877,1.928,0.965,1.806,1.092,53.799,307.768,1.375,96.962,0.435,1.863
19901107,4.141,3.782,0.861,4.645,0.817,31.243,316.732,1.528,97.204,0.108,2.067
19901108,4.498,4.131,0.74,5.012,0.723,30.278,309.577,2.14,97.037,0.16,1.347
19901109,2.885,2.085,0.975,4.005,1.656,61.793,278.593,1.565,96.935,0.016,1.974
19901110,1.884,1.574,3.075,2.358,2.644,73.329,277.071,1.543,96.47,0.018,1.899
19901111,6.24,5.91,1.182,6.745,0.825,15.996,342.089,1.064,96.331,2.938,2.319
19901112,7.517,7.228,0.288,7.958,0.655,22.109,341.094,1.32,96.805,0.274,1.823
19901113,6.19,6.012,0.628,6.485,1.039,32.822,327.903,1.43,96.643,0.681,2.458
19901114,7.273,7.259,0.818,7.297,0.282,12.728,342.893,1.207,95.748,2.26,3.714
19901115,6.93,7.048,0.97,6.733,0.224,29.653,331.364,1.379,95.86,3.697,2.801
19901116,7.024,7.148,0.48,6.817,0.314,11.881,341.482,1.585,96.415,0.105,4.75
19901117,9.745,9.417,1.191,10.291,0.234,5.574,352.993,1.838,95.242,10.602,6.783
19901118,5.731,5.388,0.89,6.303,0.745,35.273,305.077,2.074,94.924,4.039,5.467
19901119,3.378,3.356,0.453,3.415,0.612,48.064,285.208,1.832,94.698,2.664,5.449
19901120,4.263,3.747,1.282,5.123,0.834,9.315,321.853,1.341,93.813,6.475,4.22
19901121,2.355,1.885,1.214,3.139,0.792,41.896,285.678,1.887,94.624,0.11,3.955
19901122,0.731,0.303,1.084,1.443,1.477,35.917,282.514,1.126,95.652,0.02,2.138
19901123,0.122,0.266,0.353,-0.117,0.284,11.313,307.505,0.894,95.02,8.84,3.516
19901124,0.843,0.431,0.524,1.529,1.317,56.191,270.668,1.46,94.534,0.008,3.201
19901125,0.758,0.794,0.808,0.698,1.236,48.854,284.407,1.469,94.074,2.298,3.42
19901126,1.77,0.997,0.821,3.058,0.465,35.161,284.612,1.331,94.405,0.43,2.244
19901127,0.665,0.472,0.545,0.986,1.856,43.138,282.514,0.93,95.312,0.052,1.284
19901128,1.558,1.437,0.611,1.777,0.386,13.428,320.588,0.795,95.931,1.312,1.626
19901129,1.057,1.089,0.415,0.998,0.49,19.047,316.686,0.846,95.906,4.365,2.551
19901130,-0.99,-1.388,2.669,-0.266,0.582,38.557,268.344,1.162,96.202,1.233,3.05
19901201,-4.274,-4.604,2.794,-3.671,2.033,37.686,261.235,0.934,97.032,0.537,2.087
19901202,0.641,0.388,1.389,1.102,0.779,15.446,319.625,0.729,97.106,1.156,1.806
19901203,2.127,2.109,0.249,2.159,0.354,13.546,319.045,0.818,96.883,0.488,2.282
19901204,2.743,2.542,0.41,3.107,0.313,29.105,305.476,1.3,96.202,3.821,4.271
19901205,-0.249,-0.427,0.792,0.075,0.932,41.088,260.627,1.573,96.768,0.283,3.809
19901206,-2.599,-3.225,0.878,-1.459,1.965,46.835,241.303,1.266,97.293,0.003,1.444
19901207,-3.361,-3.861,0.662,-2.449,1.333,45.088,241.14,1.388,96.167,0.0,2.09
19901208,-4.801,-5.068,0.936,-4.315,1.512,45.308,234.281,1.286,94.825,0.0,2.395
19901209,-4.34,-4.819,1.662,-3.467,1.085,29.242,254.708,1.098,94.774,0.005,3.774
19901210,-0.779,-0.952,1.119,-0.464,0.231,9.818,311.443,0.716,93.804,7.304,4.958
19901211,-0.393,-0.176,0.217,-0.787,0.146,11.112,308.006,0.697,94.643,10.389,2.034
19901212,0.324,0.25,0.409,0.459,0.462,26.877,298.056,0.952,94.135,6.624,4.556
19901213,-0.202,0.058,0.554,-0.676,1.572,34.374,292.275,0.877,95.351,1.874,1.881
19901214,-0.911,-1.208,1.855,-0.37,0.745,20.805,293.007,0.945,96.619,0.885,2.107
19901215,-3.338,-3.293,0.886,-3.421,0.245,34.326,282.39,0.827,96.636,2.495,1.618
19901216,-2.288,-2.204,0.918,-2.442,0.414,17.318,296.145,0.797,97.304,0.698,1.908
19901217,-2.665,-2.819,1.438,-2.384,0.347,21.206,274.749,0.766,97.128,0.534,2.297
19901218,-3.053,-3.199,0.848,-2.789,0.418,26.279,279.36,0.787,96.564,0.128,3.058
19901219,-4.563,-5.173,1.526,-3.452,1.129,21.568,270.87,0.651,96.142,0.829,2.012
19901220,-1.049,-1.392,1.511,-0.424,0.507,24.71,294.712,0.994,96.108,2.105,4.678
19901221,0.967,0.764,0.387,1.336,0.216,10.523,316.289,1.024,95.569,3.465,4.558
19901222,0.899,0.877,0.224,0.939,0.262,10.38,323.216,0.795,96.375,0.208,1.812
19901223,1.842,1.765,0.384,1.983,0.207,15.628,320.785,0.845,96.717,0.007,1.27
19901224,-0.173,-0.159,0.546,-0.198,1.311,30.912,291.375,0.944,96.223,0.057,1.738
19901225,-0.307,-0.268,0.239,-0.376,0.28,17.654,300.004,0.902,95.67,0.095,3.152
19901226,1.148,0.877,0.842,1.642,0.871,25.063,297.489,1.471,94.732,3.741,5.546
19901227,2.622,2.214,1.103,3.365,0.309,31.768,283.422,1.644,94.261,3.076,5.846
19901228,1.182,1.203,0.691,1.142,0.925,31.198,282.058,1.604,95.648,0.493,4.755
19901229,5.49,5.235,2.791,5.954,1.031,11.194,335.12,1.591,94.968,6.615,6.127
19901230,5.596,5.553,2.107,5.673,0.62,34.237,291.564,2.134,95.85,4.227,4.509
19901231,1.957,2.033,1.011,1.817,1.164,35.642,275.672,1.135,96.139,2.785,2.436
19910101,2.918,2.813,1.231,3.109,0.316,31.901,295.29,1.695,95.82,0.229,3.903
19910102,3.989,4.174,2.325,3.651,1.114,8.948,323.664,1.408,95.0,5.942,6.795
19910103,6.865,6.928,1.363,6.749,0.457,9.978,340.283,1.508,95.069,13.637,4.295
19910104,4.946,4.607,1.664,5.566,0.402,21.034,309.172,1.563,95.152,3.314,4.032
19910105,2.721,2.716,0.56,2.731,0.697,36.466,292.346,1.852,95.406,1.516,5.727
19910106,3.004,2.72,0.489,3.521,0.904,34.807,272.972,2.363,94.515,1.176,6.958
19910107,3.45,2.92,1.774,4.417,1.591,13.432,299.184,1.63,94.668,0.832,3.886
19910108,4.186,3.989,1.632,4.546,0.747,18.683,296.396,1.853,95.154,1.565,5.337
19910109,5.987,6.089,0.315,5.801,0.213,14.695,308.136,2.276,95.009,2.623,6.246
19910110,8.454,7.217,1.442,10.709,0.871,13.887,329.467,2.812,94.988,5.426,7.014
19910111,5.449,4.931,0.692,6.394,0.284,26.619,309.361,1.701,95.63,2.506,4.441
19910112,2.989,2.892,0.897,3.167,1.093,37.486,281.503,1.98,96.288,0.163,3.437
19910113,0.239,0.0,1.61,0.676,0.74,39.537,277.064,1.242,97.21,0.352,1.987
19910114,-2.798,-3.394,1.316,-1.71,0.501,46.134,240.624,1.338,97.893,0.09,5.069
19910115,-5.172,-5.91,1.633,-3.942,2.439,55.897,210.026,1.713,97.668,0.0,4.882
19910116,-4.388,-5.146,1.654,-3.125,2.649,56.776,216.143,1.662,97.387,0.0,3.904
19910117,-3.803,-4.946,1.53,-1.897,3.104,57.697,222.873,2.316,97.344,0.0,2.146
19910118,-3.635,-4.64,2.094,-1.96,3.711,58.134,227.08,2.192,97.498,0.0,1.609
19910119,-1.853,-2.56,1.598,-0.674,2.675,53.596,256.747,2.456,97.162,1.533,2.175
19910120,-1.235,-1.661,0.589,-0.526,0.36,35.027,281.087,0.965,97.707,0.209,1.822
19910121,0.191,-0.038,1.091,0.573,0.648,13.934,310.923,0.976,97.189,2.57,3.224
19910122,0.394,0.076,0.368,0.925,0.391,31.959,303.391,0.909,97.847,0.442,1.916
19910123,-0.592,-0.717,0.278,-0.384,0.414,23.759,300.747,0.931,97.959,0.143,0.781
19910124,-1.687,-1.666,0.295,-1.723,0.505,44.394,289.028,1.204,97.779,0.158,1.256
19910125,-1.222,-1.387,0.656,-0.947,0.666,31.366,294.661,1.014,97.712,0.069,0.543
19910126,-1.216,-1.212,0.476,-1.224,0.294,33.049,289.691,0.934,97.407,0.056,1.132
19910127,-0.185,-0.444,0.241,0.247,0.419,20.989,299.181,1.224,97.506,0.127,1.33
19910128,-1.312,-1.451,0.864,-1.081,0.317,39.421,282.162,1.355,97.428,0.015,0.692
19910129,-2.679,-3.068,1.667,-2.03,1.277,35.67,278.274,0.813,97.01,0.134,1.372
19910130,-1.928,-2.127,1.082,-1.597,0.239,35.045,282.571,1.349,96.974,0.205,2.696
19910131,-5.477,-6.106,1.299,-4.429,2.156,76.828,214.841,1.502,97.108,0.001,3.268
19910201,-6.919,-8.124,1.955,-5.08,3.28,77.555,213.112,1.953,97.114,0.0,2.442
19910202,-8.733,-10.149,2.533,-6.571,3.736,80.805,206.598,1.528,97.143,0.0,1.771
19910203,-9.471,-10.321,2.594,-8.282,2.83,80.144,211.771,1.168,97.208,0.0,2.669
19910204,-7.177,-7.511,3.436,-6.71,3.244,69.699,242.949,1.087,97.536,0.34,2.57
19910205,-6.96,-7.428,1.32,-6.306,1.158,50.539,255.787,0.889,97.309,0.867,3.472
19910206,-14.035,-13.78,1.48,-14.393,1.334,70.965,210.386,0.697,97.034,0.202,4.94
19910207,-10.692,-11.217,0.683,-9.956,0.287,48.57,252.477,0.589,96.164,1.166,4.569
19910208,-8.33,-8.79,2.097,-7.685,1.214,51.636,263.422,0.59,95.275,1.842,3.171
19910209,-9.728,-10.683,2.071,-8.391,2.202,90.212,229.715,0.513,95.141,0.12,2.052
19910210,-4.698,-5.454,1.663,-3.639,0.71,67.468,283.329,0.718,95.054,4.825,1.455
19910211,-5.863,-5.824,1.004,-5.917,1.008,74.421,266.877,0.798,95.564,2.244,2.628
19910212,-5.128,-5.853,0.951,-4.113,0.512,67.642,271.379,0.783,95.603,0.609,1.973
19910213,-5.707,-5.52,0.595,-5.968,1.026,71.712,265.252,0.757,95.775,1.174,2.268
19910214,-6.6,-6.66,0.977,-6.517,0.916,66.169,258.839,0.761,95.875,1.232,3.055
19910215,-3.791,-4.371,0.856,-2.98,0.558,55.831,289.392,0.796,94.849,8.297,4.706
19910216,-2.199,-2.356,0.612,-1.978,0.158,81.47,284.081,0.929,94.01,1.461,3.136
19910217,-3.119,-3.564,0.613,-2.496,0.585,82.387,268.177,1.194,95.258,0.038,1.921
19910218,-2.478,-3.196,1.158,-1.555,1.56,63.124,285.088,1.032,95.739,0.125,1.192
19910219,-4.223,-4.053,4.666,-4.441,5.243,96.221,259.73,1.124,95.921,0.008,1.779
19910220,-0.202,-1.54,1.52,1.381,3.5,113.274,257.472,1.525,95.621,0.002,2.053
19910221,0.459,-1.13,3.157,2.337,3.289,86.01,273.632,1.537,95.481,0.016,2.037
19910222,0.616,-0.643,2.471,2.104,1.634,103.554,260.892,1.755,95.917,0.608,3.069
19910223,3.302,3.277,1.664,3.332,0.827,31.24,311.692,1.643,96.558,1.512,5.167
19910224,6.426,4.988,1.189,8.126,3.182,121.819,261.269,2.883,96.931,0.0,2.956
19910225,4.357,3.561,1.68,5.298,2.421,43.507,305.291,1.569,96.737,0.129,2.002
19910226,2.165,1.494,1.271,2.959,2.447,90.829,288.192,1.389,96.778,0.053,1.314
19910227,-1.407,-1.608,0.814,-1.168,0.797,87.077,271.509,1.226,96.47,0.039,4.337
19910228,-1.201,-1.845,1.661,-0.44,2.003,111.345,254.241,1.847,95.78,0.062,3.788
19910301,0.029,-0.949,1.299,1.184,2.348,130.434,252.633,1.846,95.652,0.176,2.142
19910302,0.844,0.221,2.335,1.58,2.216,98.874,284.086,1.467,95.833,1.037,1.736
19910303,3.495,1.696,1.179,5.621,2.236,97.437,290.455,1.785,96.674,0.42,2.26
19910304,1.612,0.591,2.264,2.818,2.684,131.787,255.317,1.289,96.996,0.001,1.885
19910305,2.971,2.337,1.379,3.721,1.489,59.742,304.336,1.278,95.819,0.441,1.868
19910306,5.051,4.154,2.123,6.026,2.477,65.804,304.086,1.761,94.989,0.015,2.051
19910307,6.048,4.61,1.759,7.485,3.186,126.654,285.931,2.886,94.582,0.004,2.662
19910308,6.347,4.811,2.736,7.884,4.126,124.043,290.066,2.87,94.23,0.0,2.642
19910309,6.949,5.889,2.301,8.01,2.671,142.529,300.872,2.246,94.319,0.01,1.977
19910310,8.333,7.052,1.606,9.614,1.907,73.869,326.95,2.442,95.504,1.95,2.055
19910311,6.752,4.94,3.092,8.563,4.109,110.286,304.153,2.588,95.897,0.125,1.537
19910312,8.095,6.825,2.528,9.365,3.433,111.735,304.835,2.874,95.838,0.227,1.324
19910313,7.641,6.13,1.793,9.152,4.212,132.154,291.04,3.298,95.894,0.02,1.614
19910314,7.083,4.497,3.152,9.668,5.225,162.204,272.173,3.844,95.912,0.0,2.131
19910315,8.032,7.242,1.429,8.822,2.244,104.704,312.31,2.035,95.654,3.51,2.153
19910316,9.103,7.438,2.432,10.769,3.778,112.194,312.398,3.067,95.414,0.035,1.56
19910317,9.25,7.075,2.818,11.424,4.627,166.679,287.671,3.93,94.968,0.015,2.003
19910318,8.46,7.115,1.698,9.804,2.578,110.191,307.129,2.49,95.859,0.429,1.844
19910319,6.441,6.276,1.38,6.607,0.804,35.681,320.548,1.625,95.939,5.972,4.24
19910320,9.859,9.334,0.638,10.342,1.245,109.337,326.927,3.084,95.653,1.796,4.498
19910321,11.294,10.224,0.851,12.28,0.784,93.165,345.0,2.423,94.902,14.527,3.572
19910322,5.84,5.06,0.878,6.557,0.817,90.436,310.88,1.65,94.784,3.531,2.048
19910323,5.695,5.055,1.342,6.284,2.042,119.497,300.622,1.615,95.453,2.641,1.134
19910324,5.83,5.292,0.365,6.324,0.955,73.83,310.09,1.823,95.951,1.092,3.045
19910325,3.691,4.142,0.703,3.309,0.465,68.918,310.488,1.742,96.498,0.296,6.349
19910326,2.371,2.006,0.529,2.68,1.265,156.927,271.72,2.332,96.516,0.0,6.107
19910327,2.524,0.474,1.162,4.259,2.774,181.55,251.926,3.106,96.46,0.0,3.239
19910328,0.25,-1.198,0.775,1.476,2.068,145.933,254.646,2.479,96.907,0.311,2.819
19910329,-0.395,-2.296,1.127,1.213,1.834,103.811,266.825,1.998,97.42,0.321,2.407
19910330,1.368,-0.852,2.521,3.246,3.203,161.809,264.943,2.74,97.085,0.0,1.49
19910331,2.742,1.319,1.397,3.945,1.901,78.701,301.102,2.597,96.655,0.101,2.285
19910401,4.982,3.859,4.525,5.932,2.728,67.373,310.67,2.156,95.889,4.382,3.088
19910402,10.043,9.167,1.165,10.725,2.801,119.74,312.662,4.366,95.056,1.987,3.661
19910403,9.955,7.578,1.521,11.804,3.189,171.973,293.95,4.828,94.897,0.026,3.085
19910404,6.368,5.076,1.381,7.373,1.944,110.165,291.223,2.759,94.929,0.909,2.376
19910405,7.934,6.905,1.878,8.735,1.719,97.359,307.097,3.731,94.633,0.125,2.385
19910406,7.179,4.467,1.735,9.289,3.89,196.931,279.95,4.552,95.913,0.0,2.12
19910407,6.378,4.739,1.805,7.652,1.628,148.602,292.329,3.325,95.957,0.603,3.517
19910408,7.187,6.427,0.64,7.778,1.445,173.974,291.473,3.37,96.261,1.031,3.884
19910409,7.673,6.725,0.614,8.409,2.138,195.759,288.926,4.325,96.855,1.131,3.386
19910410,7.871,5.539,3.366,9.685,4.899,222.319,271.782,5.355,97.192,0.0,1.353
19910411,9.354,6.662,3.159,11.449,4.325,241.143,267.553,6.126,97.076,0.0,2.635
19910412,10.558,7.566,3.257,12.696,4.575,231.719,279.869,6.16,96.509,0.0,2.866
19910413,10.058,7.233,2.864,12.076,4.249,218.159,287.842,5.776,96.375,0.018,2.543
19910414,9.885,6.831,2.584,12.067,3.976,220.364,284.433,6.057,96.695,0.13,2.686
19910415,10.466,7.141,3.332,12.841,4.72,225.973,286.902,6.596,96.985,0.0,1.788
19910416,3.902,2.971,2.976,4.512,1.586,159.783,282.988,2.731,96.045,0.641,4.499
19910417,1.836,-0.049,0.674,3.071,1.73,185.556,271.419,1.688,95.506,3.464,3.538
19910418,0.379,-0.889,1.142,1.209,1.799,221.068,255.065,2.469,95.271,0.893,1.638
19910419,-0.119,-1.496,0.893,0.784,1.702,222.073,253.887,1.973,95.104,1.97,2.241
19910420,-0.57,-1.843,0.432,0.265,1.58,216.858,260.846,1.854,95.604,1.58,2.191
19910421,-0.445,-2.552,2.07,0.935,2.918,234.594,243.585,1.913,96.016,0.929,1.307
19910422,1.877,0.027,2.526,3.09,2.286,145.666,278.098,2.124,95.671,1.583,3.831
19910423,2.829,1.602,0.605,3.633,1.571,201.022,287.511,1.692,95.985,3.182,1.295
19910424,2.591,1.029,2.331,3.614,3.004,207.621,278.09,1.832,96.297,1.388,1.072
19910425,4.386,2.488,2.646,5.629,3.797,224.771,273.751,3.111,95.843,0.683,2.858
19910426,4.555,2.645,1.629,5.806,2.989,205.735,281.89,2.5,95.729,1.057,2.424
19910427,4.972,2.821,2.13,6.381,3.78,167.388,285.071,2.866,95.683,0.027,1.657
19910428,7.502,4.975,2.823,9.158,4.604,230.324,275.975,4.468,95.818,0.045,1.557
19910429,6.202,5.111,0.71,6.916,2.182,174.163,291.715,3.244,96.206,1.251,1.927
19910430,5.592,4.914,1.44,6.036,1.779,128.685,314.482,2.245,95.548,5.064,1.799
19910501,4.593,4.708,0.432,4.53,0.655,48.329,325.934,1.298,95.091,10.036,3.003
19910502,4.77,3.85,0.62,5.275,1.184,178.291,303.358,1.882,95.67,2.95,1.586
19910503,3.954,2.825,0.51,4.573,1.545,192.163,289.311,2.058,95.562,1.838,2.882
19910504,4.515,2.751,1.324,5.483,1.996,194.329,295.67,2.128,95.18,3.018,1.809
19910505,5.066,2.516,2.634,6.465,3.45,183.181,286.342,2.999,95.277,0.269,1.688
19910506,6.653,4.418,2.294,7.879,3.323,171.66,299.452,3.605,95.331,0.164,1.712
19910507,6.64,5.583,1.14,7.22,1.813,155.776,311.982,2.549,95.321,1.846,1.303
19910508,7.225,4.809,1.17,8.55,2.837,231.584,282.393,4.589,95.565,0.0,1.645
19910509,6.446,4.314,1.082,7.615,2.064,165.553,301.935,2.925,95.928,0.523,2.133
19910510,9.53,6.698,4.138,11.082,4.576,227.929,302.66,4.298,95.683,0.735,2.995
19910511,10.144,8.713,1.635,10.929,1.808,153.88,322.879,2.617,95.517,3.07,2.594
19910512,8.244,7.29,0.895,8.768,1.606,136.711,316.694,3.342,96.1,0.328,2.758
19910513,9.75,7.216,3.646,11.14,4.564,277.196,289.788,4.867,96.572,0.001,1.815
19910514,9.284,8.199,2.245,9.879,0.495,99.72,327.71,2.617,96.318,4.753,3.506
19910515,4.765,3.275,0.424,5.582,1.599,190.061,301.96,2.45,96.21,5.746,4.212
19910516,4.814,3.261,1.581,5.666,2.578,207.148,293.182,2.594,95.918,0.893,2.695
19910517,6.199,4.519,1.001,7.121,1.96,198.111,296.255,2.806,96.278,0.54,2.179
19910518,6.267,3.641,2.219,7.708,3.01,247.055,280.166,2.747,96.552,2.878,2.537
19910519,7.334,4.614,3.551,8.825,3.556,186.721,296.289,3.46,96.575,0.675,1.295
19910520,11.431,9.834,4.041,12.229,3.725,159.421,327.982,4.805,96.577,0.022,3.07
19910521,13.718,12.949,0.927,14.068,1.721,108.455,350.707,3.879,96.96,0.477,4.328
19910522,13.349,10.939,2.214,14.445,1.678,213.964,327.467,5.559,97.02,0.202,4.988
19910523,6.469,5.347,0.772,6.979,1.27,202.097,292.401,3.281,96.876,0.952,4.835
19910524,6.436,4.657,1.752,7.244,2.571,223.992,293.033,3.893,96.88,1.206,2.995
19910525,6.679,5.554,1.244,7.19,1.674,127.787,318.803,2.299,96.722,2.557,2.852
19910526,8.215,6.406,1.099,9.037,2.316,162.516,315.121,3.104,96.798,1.641,3.216
19910527,8.867,6.144,2.344,10.104,2.806,171.031,313.475,3.498,96.939,0.014,1.948
19910528,10.46,8.775,2.097,11.226,2.851,138.546,331.189,3.969,96.678,0.616,1.18
19910529,12.104,9.522,3.026,13.278,4.04,206.566,317.371,4.718,96.381,0.944,1.547
19910530,14.136,11.515,2.458,15.328,4.027,213.22,323.901,6.428,96.35,0.269,1.258
19910531,14.321,11.134,1.957,15.769,4.52,266.005,311.574,6.659,96.037,0.0,2.111
19910601,9.729,7.917,1.298,10.553,2.532,315.474,279.651,4.787,95.888,0.008,3.271
19910602,10.068,7.006,3.591,11.46,4.46,276.399,291.119,5.973,95.84,0.0,1.528
19910603,9.565,6.621,0.788,10.903,2.454,248.543,306.148,4.254,94.968,1.025,3.79
19910604,7.012,5.27,0.696,7.803,2.152,279.328,289.509,3.278,95.439,1.461,3.876
19910605,7.481,4.809,2.072,8.696,3.077,263.993,280.304,4.369,95.846,0.147,2.473
19910606,8.829,6.781,3.265,9.76,2.808,106.036,321.578,3.792,95.342,0.841,2.165
19910607,11.908,10.011,1.174,12.77,2.222,174.693,336.353,2.92,94.692,4.567,1.905
19910608,12.289,10.462,0.935,13.119,2.126,180.349,334.674,2.622,95.005,2.929,1.922
19910609,12.572,10.955,2.123,13.307,2.535,126.476,338.75,3.313,95.42,0.876,2.966
19910610,12.685,11.365,0.516,13.286,1.632,235.511,328.209,3.602,95.505,4.653,4.198
19910611,11.847,10.509,0.839,12.455,1.819,213.345,321.788,4.449,96.103,1.066,4.018
19910612,14.612,12.159,2.091,15.727,3.627,210.035,332.415,6.215,95.847,0.971,3.167
19910613,12.765,11.872,1.882,13.171,1.378,187.823,335.611,3.905,95.379,5.014,3.971
19910614,11.606,9.443,1.218,12.588,2.788,242.558,313.006,5.184,95.532,0.709,4.15
19910615,13.413,11.625,2.95,14.226,2.633,168.851,338.787,4.977,95.408,0.387,2.767
19910616,12.367,12.248,1.814,12.421,0.83,163.646,337.282,4.881,95.221,0.223,4.039
19910617,10.147,8.766,0.602,10.774,1.531,155.237,327.492,2.233,95.631,6.467,1.265
19910618,9.936,8.346,0.437,10.659,1.684,210.316,319.729,2.407,95.577,9.136,2.117
19910619,9.652,7.951,1.402,10.426,1.957,231.676,304.48,2.753,95.705,2.857,3.496
19910620,10.195,8.314,0.85,11.05,2.089,173.647,319.283,3.248,95.387,5.343,2.341
19910621,12.646,10.712,3.58,13.525,3.891,207.303,320.875,4.674,95.812,0.546,2.107
19910622,17.3,14.36,0.907,18.636,3.085,232.462,352.761,5.924,96.115,11.216,2.725
19910623,17.025,15.316,1.144,17.802,2.419,220.114,357.387,5.721,96.411,3.778,2.655
19910624,15.778,14.279,0.81,16.46,1.2,218.785,343.937,4.241,96.017,1.351,3.644
19910625,16.028,14.759,2.314,16.605,2.737,135.648,366.291,3.115,95.998,2.998,1.898
19910626,16.324,14.539,1.759,17.136,1.044,181.276,344.432,4.531,95.645,0.733,3.621
19910627,12.461,9.474,0.876,13.69,2.606,209.455,318.861,4.302,95.226,4.37,3.22
19910628,8.822,8.241,0.476,9.061,0.177,61.301,335.992,1.675,95.135,25.923,5.586
19910629,10.23,9.341,1.403,10.634,1.749,148.241,327.015,3.276,96.091,0.643,5.12
19910630,13.286,11.385,3.212,14.15,3.611,223.762,325.397,4.914,96.662,1.092,2.962
19910701,17.662,15.732,2.306,18.54,3.289,226.919,351.366,6.197,96.567,0.599,1.742
19910702,20.089,16.911,2.483,21.533,3.844,305.341,336.197,9.552,96.363,0.0,2.62
19910703,18.726,16.305,2.273,19.827,3.632,307.532,324.841,8.908,96.506,0.0,3.352
19910704,18.436,16.554,2.447,19.292,3.225,222.663,354.971,6.691,96.684,0.007,3.444
19910705,20.7,18.294,2.266,21.794,3.613,224.597,364.794,8.617,96.484,0.082,3.958
19910706,20.499,17.579,2.029,21.826,4.098,314.621,326.79,11.565,96.483,0.0,3.114
19910707,21.824,18.401,3.11,23.38,4.349,306.974,343.458,11.49,96.326,0.0,2.556
19910708,20.993,18.055,1.409,22.329,3.241,259.895,355.482,7.423,96.109,2.603,1.683
19910709,19.845,16.984,1.331,21.145,2.732,216.863,356.181,6.795,96.347,1.902,2.367
19910710,17.427,14.69,3.515,18.672,4.778,293.835,325.039,7.585,96.749,0.0,1.833
19910711,21.971,18.347,3.975,23.618,5.707,290.482,353.963,11.767,96.333,0.007,1.765
19910712,22.53,18.652,1.296,24.293,3.521,249.821,363.224,9.733,96.121,0.421,2.243
19910713,18.502,16.312,0.791,19.497,2.843,226.618,353.788,8.014,96.142,0.935,2.028
19910714,15.521,15.117,0.623,15.705,0.889,47.077,366.511,2.585,95.569,17.187,2.478
19910715,16.08,14.507,2.359,16.795,3.232,195.147,339.917,5.944,95.877,0.168,3.2
19910716,15.936,14.428,0.927,16.622,1.903,174.425,350.079,6.152,95.871,0.695,3.151
19910717,14.575,12.153,1.483,15.676,2.692,191.626,332.877,4.676,95.9,0.908,2.189
19910718,14.164,12.131,1.738,15.181,2.843,191.386,332.809,5.042,95.845,0.571,2.519
19910719,15.304,14.037,0.431,15.937,0.728,153.143,356.351,4.874,95.443,0.958,4.237
19910720,14.835,13.376,0.917,15.564,2.016,169.216,345.663,4.886,95.862,0.858,2.916
19910721,14.866,13.205,0.786,15.697,1.819,197.652,342.216,4.356,96.159,2.016,2.234
19910722,14.71,11.706,1.933,16.212,4.031,288.451,306.413,6.665,96.394,0.0,1.959
19910723,17.529,13.449,4.491,19.568,5.729,291.978,320.913,10.442,96.005,0.0,1.639
19910724,16.552,13.842,0.84,17.907,2.275,184.638,347.297,4.892,95.312,4.782,2.535
19910725,13.883,11.665,0.531,14.992,2.235,188.083,328.038,3.401,95.407,5.918,1.924
19910726,13.331,11.112,1.874,14.441,2.441,193.212,332.435,3.109,95.638,2.358,2.281
19910727,15.623,13.315,1.532,16.777,2.911,214.278,338.27,5.274,96.147,0.841,2.122
19910728,17.001,13.319,3.243,18.841,4.565,289.535,317.755,8.554,96.233,0.0,2.558
19910729,18.828,15.607,2.434,20.438,3.96,226.173,336.856,10.157,95.93,0.0,3.078
19910730,19.808,17.124,2.639,21.15,3.869,200.86,350.641,11.429,95.604,0.016,3.269
19910731,18.063,16.101,1.015,19.043,2.557,193.796,355.793,4.877,95.373,6.049,2.113
19910801,15.875,15.617,0.403,16.003,0.54,63.722,387.553,1.537,95.516,4.428,3.622
19910802,16.417,16.598,0.918,16.318,1.586,54.268,377.775,2.771,96.112,0.722,3.451
19910803,18.117,16.243,1.078,19.144,2.899,184.349,355.902,6.248,96.476,0.002,2.564
19910804,18.198,15.305,2.341,19.785,3.834,217.0,341.327,7.776,96.545,0.0,1.704
19910805,19.495,16.825,2.958,20.959,4.665,211.865,346.066,9.597,96.4,0.029,0.904
19910806,22.114,18.866,3.4,23.895,5.092,258.761,353.449,12.796,95.936,0.0,2.197
19910807,23.973,20.873,2.448,25.673,4.827,246.385,362.336,14.76,95.56,1.52,2.493
19910808,19.134,17.178,2.125,20.207,1.774,128.34,380.523,3.991,95.713,8.802,1.901
19910809,15.929,14.073,1.656,17.043,3.189,238.017,334.256,6.026,96.614,0.035,2.178
19910810,17.305,16.206,2.638,17.964,2.957,99.178,369.557,5.197,96.618,2.259,2.355
19910811,20.939,18.68,0.707,22.295,2.534,192.752,369.634,8.063,96.117,0.263,3.714
19910812,17.066,15.623,1.858,17.933,1.905,203.407,346.429,5.956,95.947,8.052,2.894
19910813,14.267,11.647,1.775,15.839,3.252,190.57,319.299,5.948,96.165,0.076,1.957
19910814,15.607,12.891,2.58,17.236,4.416,166.798,334.611,7.68,96.226,0.055,1.106
19910815,18.068,15.132,3.849,19.83,4.471,217.192,330.777,10.524,96.13,0.029,0.954
19910816,18.355,14.783,3.034,20.498,5.037,205.467,338.777,8.876,95.92,0.303,2.639
19910817,16.5,14.244,0.721,17.853,2.262,189.812,341.452,5.558,95.767,2.206,3.695
19910818,13.53,11.956,0.545,14.475,1.932,172.24,323.994,4.921,95.867,0.55,4.547
19910819,12.537,10.92,1.393,13.597,2.442,140.253,329.422,5.059,96.257,0.227,3.533
19910820,13.255,12.68,1.526,13.632,1.259,59.742,353.716,3.04,96.282,2.911,2.939
19910821,15.764,13.613,3.071,17.174,4.819,236.667,324.694,6.279,96.238,0.005,1.061
19910822,19.257,15.845,4.1,21.492,5.763,247.42,324.481,11.771,95.936,0.0,2.67
19910823,18.552,16.747,1.496,19.735,2.034,146.003,355.494,6.709,96.144,0.125,1.95
19910824,17.479,15.281,1.184,18.92,2.917,199.006,341.125,7.648,96.447,0.025,2.604
19910825,14.166,12.253,1.735,15.419,2.78,161.133,329.033,5.29,96.587,0.009,2.152
19910826,14.569,12.511,2.208,15.917,3.202,140.455,336.94,5.781,96.494,0.316,1.854
19910827,14.643,12.276,1.779,16.195,3.699,145.158,337.682,6.455,96.787,0.066,1.227
19910828,14.43,11.97,1.362,16.042,2.766,149.275,334.28,5.544,96.787,0.151,2.024
19910829,12.529,9.699,2.14,14.55,3.634,158.551,317.096,5.777,96.799,0.002,2.244
19910830,13.596,10.566,2.551,15.761,3.719,108.265,343.174,5.68,96.908,0.184,1.728
19910831,15.402,11.513,4.763,18.179,5.46,223.33,311.029,8.771,96.791,0.0,2.244
19910901,17.472,14.369,3.459,19.688,5.147,222.816,316.406,10.465,96.621,0.0,3.042
19910902,18.032,15.087,3.78,20.323,5.382,220.534,318.652,11.745,96.799,0.0,2.472
19910903,18.355,14.953,3.634,21.001,5.45,206.705,325.838,12.139,97.107,0.0,2.197
19910904,18.752,15.212,3.126,21.505,5.334,215.592,325.897,12.261,96.9,0.0,1.325
19910905,15.12,13.996,2.148,15.995,2.833,179.876,340.084,4.979,96.6,0.095,2.927
19910906,12.344,11.388,1.162,13.088,2.381,120.112,337.618,5.51,96.647,0.1,3.868
19910907,11.435,10.93,1.508,11.828,1.733,72.668,342.779,3.719,96.604,0.751,4.167
19910908,12.61,11.687,0.807,13.328,1.696,90.307,348.482,3.21,96.488,1.445,2.729
19910909,12.74,9.976,1.609,14.889,3.486,119.257,324.277,4.919,96.439,0.07,1.657
19910910,14.737,10.807,4.283,17.794,6.517,199.281,306.676,8.894,96.094,0.0,2.062
19910911,13.384,11.658,1.003,14.727,1.523,113.916,332.557,4.677,95.824,0.202,2.256
19910912,10.042,7.361,2.032,12.128,4.172,199.829,281.909,5.564,96.346,0.0,1.859
19910913,10.893,7.295,3.962,13.692,5.633,199.523,283.897,7.688,96.591,0.0,1.973
19910914,13.779,10.481,5.489,16.343,6.658,196.895,295.423,9.989,96.535,0.0,1.26
19910915,15.256,12.577,4.6,17.522,6.114,173.889,323.275,8.36,96.231,0.031,2.287
19910916,16.618,15.392,1.608,17.655,2.691,91.745,364.69,5.152,96.192,4.81,2.178
19910917,15.563,14.418,0.842,16.615,0.561,92.721,356.56,4.792,95.995,3.772,4.166
19910918,13.878,12.208,1.33,15.414,2.973,113.786,341.272,5.215,96.323,0.012,2.715
19910919,13.155,11.436,1.486,14.736,2.345,84.921,341.592,2.77,96.094,0.432,1.485
19910920,11.231,9.532,0.833,12.793,2.804,119.789,326.024,3.6,96.081,0.017,1.57
19910921,12.071,8.979,4.311,14.916,5.935,174.047,298.633,5.619,96.019,0.0,1.977
19910922,14.465,11.657,1.019,17.047,3.049,127.951,339.182,3.628,95.252,11.821,3.763
19910923,10.972,9.973,2.108,11.89,1.887,91.562,328.013,3.624,95.572,0.896,4.331
19910924,14.962,14.317,2.072,15.556,1.553,107.241,357.221,4.443,95.535,0.113,5.376
19910925,17.238,15.543,1.316,18.798,3.003,118.149,346.338,5.639,95.138,0.061,3.077
19910926,14.821,13.334,0.65,16.189,1.525,65.736,361.463,3.131,94.502,1.825,1.929
19910927,11.034,10.386,1.347,11.63,0.903,70.651,330.549,2.364,94.743,4.214,3.426
19910928,10.288,9.078,1.556,11.402,2.147,84.914,327.559,3.787,94.879,0.064,3.31
19910929,12.023,10.873,1.791,13.172,2.485,90.509,330.565,4.45,94.513,0.323,1.944
19910930,12.304,10.986,0.996,13.622,1.86,87.671,333.817,3.576,94.637,0.51,3.233
19911001,9.677,8.963,1.863,10.391,2.689,85.258,324.868,3.334,95.224,0.652,5.237
19911002,9.166,8.307,0.861,10.025,1.221,93.941,308.175,3.005,95.931,3.065,6.354
19911003,9.945,8.309,2.692,11.58,3.721,135.119,299.416,3.744,97.055,0.001,2.841
19911004,10.76,8.833,2.312,12.687,3.59,83.238,316.239,3.371,96.901,0.033,1.694
19911005,11.497,9.465,3.029,13.529,4.982,120.241,307.525,4.169,96.03,0.681,1.886
19911006,10.886,10.187,1.328,11.645,1.408,26.946,346.253,1.543,95.849,4.167,1.068
19911007,11.461,10.345,1.363,12.675,1.808,88.758,340.734,2.479,95.933,0.01,2.452
19911008,11.829,10.262,3.587,13.532,4.471,133.392,309.063,3.962,95.527,0.0,1.899
19911009,12.425,10.669,2.153,14.335,3.893,119.007,322.366,4.227,95.818,0.0,1.538
19911010,12.132,10.381,1.961,14.036,3.645,128.262,306.05,3.637,96.376,0.0,1.477
19911011,11.354,9.47,2.671,13.402,3.696,129.174,292.037,4.266,95.788,0.0,3.633
19911012,11.18,10.297,2.907,12.223,3.144,74.329,330.946,3.093,95.045,0.58,3.118
19911013,10.993,10.807,0.145,11.213,0.26,16.527,360.496,1.225,94.851,0.886,2.149
19911014,10.659,9.257,1.054,12.316,2.517,116.798,299.275,2.808,95.254,0.004,2.054
19911015,10.0,8.275,2.862,12.039,4.304,117.628,293.471,3.107,95.52,0.022,1.856
19911016,11.344,10.594,2.841,12.23,2.795,92.118,316.566,3.679,95.517,0.466,3.875
19911017,9.292,8.685,3.15,10.01,0.606,72.045,321.721,3.229,94.481,6.439,6.308
19911018,6.018,5.156,0.86,7.038,0.529,54.659,293.969,2.66,94.469,0.582,7.027
19911019,5.194,4.489,0.438,6.028,0.764,71.283,294.909,2.413,95.12,0.589,4.865
19911020,4.112,3.486,0.714,4.852,1.257,79.104,295.072,2.247,95.802,2.529,3.065
19911021,1.143,0.168,1.047,2.295,1.837,83.03,264.466,2.346,96.462,0.026,1.598
19911022,4.077,3.579,1.901,4.667,1.854,47.659,317.802,1.981,96.742,1.094,2.333
19911023,5.082,3.73,1.761,6.68,0.9,42.291,306.254,1.41,96.779,1.607,2.879
19911024,5.112,4.19,2.805,6.299,0.703,25.217,327.178,0.958,96.802,0.483,2.584
19911025,5.69,4.984,2.146,6.598,0.164,20.121,326.751,1.119,96.854,1.32,2.224
19911026,1.336,0.226,1.948,2.889,3.347,101.234,250.637,2.374,96.669,0.0,3.302
19911027,1.224,-0.366,2.264,3.449,3.619,99.573,244.804,3.008,96.39,0.0,3.426
19911028,0.401,-0.921,2.334,2.251,3.476,98.737,239.632,2.735,96.552,0.0,3.013
19911029,0.918,-0.612,2.672,3.06,3.586,95.361,250.271,2.244,96.902,0.0,2.604
19911030,0.018,-1.396,2.246,1.997,3.386,95.052,240.244,1.997,96.442,0.0,2.638
19911031,-0.502,-1.73,1.748,1.217,2.927,93.948,241.823,1.904,96.544,0.0,2.316
19911101,1.259,0.265,2.379,2.65,2.728,79.123,262.241,2.566,96.45,0.0,3.027
19911102,6.359,5.844,2.849,7.081,1.937,47.46,309.344,1.989,95.686,2.411,4.718
19911103,10.236,9.698,0.667,10.988,0.98,50.779,330.974,3.322,94.522,2.347,6.116
19911104,6.462,6.481,1.874,6.435,1.077,67.459,300.315,2.435,93.72,6.513,5.586
19911105,4.4,3.796,0.828,5.244,1.193,42.601,298.298,1.61,94.316,4.161,4.671
19911106,2.414,1.901,0.81,3.133,1.48,59.169,272.628,1.705,96.031,0.242,3.863
19911107,5.042,4.968,2.986,5.146,1.867,7.706,332.967,1.228,95.701,14.149,6.311
19911108,8.407,8.135,0.609,8.789,0.172,7.886,347.092,1.614,95.395,11.751,6.378
19911109,3.995,3.854,1.346,4.193,0.382,54.45,287.828,1.374,95.401,3.312,3.69
19911110,2.348,1.822,0.864,3.15,0.907,57.009,274.081,1.697,96.292,0.679,3.265
19911111,2.784,2.467,1.476,3.269,0.867,37.152,308.365,1.623,95.772,6.138,5.447
19911112,4.947,5.117,1.241,4.687,1.011,42.131,317.563,1.561,95.659,1.876,3.379
19911113,6.378,6.408,2.363,6.328,0.495,31.807,317.241,2.094,94.403,6.93,5.221
19911114,4.239,4.081,0.337,4.503,0.517,35.488,295.862,1.989,94.443,0.51,4.448
19911115,3.645,3.186,0.413,4.411,0.8,43.794,287.567,1.633,94.454,1.478,3.496
19911116,2.354,2.12,0.741,2.742,0.937,31.847,307.045,1.468,95.136,0.049,1.728
19911117,1.168,0.894,0.742,1.625,0.579,23.994,297.01,1.24,95.489,0.4,1.62
19911118,0.894,0.682,1.763,1.247,1.17,30.37,298.39,1.252,95.193,0.444,2.444
19911119,3.821,3.636,0.96,4.13,1.114,20.398,327.783,1.002,94.977,1.359,1.934
19911120,2.326,2.502,0.659,2.032,0.217,17.532,320.048,1.002,95.654,3.299,4.441
19911121,-0.165,-0.547,1.526,0.472,0.684,27.836,285.694,1.402,96.538,0.091,2.989
19911122,-2.478,-2.718,0.933,-2.078,1.889,57.424,255.143,0.861,96.465,0.028,0.964
19911123,0.584,0.457,0.889,0.797,0.666,4.815,323.061,1.006,96.436,1.489,1.238
19911124,1.325,0.821,0.927,2.164,0.957,48.897,282.775,0.991,96.223,0.05,1.914
19911125,0.131,0.081,1.412,0.215,1.371,51.167,277.035,0.809,95.899,0.002,1.631
19911126,1.28,0.912,1.3,1.895,0.898,51.253,269.998,1.185,96.454,0.0,1.699
19911127,-0.146,-0.745,1.345,0.853,1.606,42.484,269.514,1.034,96.865,0.0,1.784
19911128,1.427,1.005,1.077,2.196,1.801,47.823,282.945,0.96,96.89,0.019,1.682
19911129,1.481,1.129,0.573,2.122,1.065,29.904,305.355,0.743,96.916,0.013,1.394
19911130,0.982,0.47,0.856,1.914,1.538,41.301,281.452,0.893,96.69,0.015,2.538
19911201,-1.034,-1.47,0.625,-0.24,1.099,46.004,255.693,0.797,96.871,0.0,1.639
19911202,-2.817,-2.878,0.414,-2.705,0.731,29.787,286.357,0.485,97.088,0.028,1.597
19911203,-3.229,-3.273,0.212,-3.148,0.157,27.007,290.329,0.525,97.222,0.135,0.998
19911204,-1.127,-1.26,2.189,-0.886,0.952,13.221,308.136,0.654,97.008,0.517,2.179
19911205,0.597,0.46,1.388,0.846,0.641,21.049,299.237,1.129,96.907,0.403,2.722
19911206,-1.313,-1.216,0.772,-1.489,1.069,35.395,277.856,1.173,97.584,0.722,3.024
19911207,0.395,0.249,0.303,0.66,0.435,15.521,311.709,0.907,97.595,0.374,2.842
19911208,0.423,0.246,0.359,0.745,0.234,11.025,309.2,0.82,97.349,1.329,2.039
19911209,-3.684,-3.635,3.311,-3.775,0.468,43.938,244.428,0.994,97.862,0.072,2.959
19911210,-7.381,-7.754,1.735,-6.699,2.498,44.445,221.152,1.38,98.286,0.0,3.708
19911211,-4.252,-5.213,1.319,-2.499,2.015,43.871,229.461,1.068,98.051,0.0,2.997
19911212,-5.444,-6.332,1.042,-3.824,2.687,42.924,231.345,0.946,97.989,0.0,1.68
19911213,-4.704,-5.504,2.701,-3.246,2.832,42.161,235.948,1.115,97.857,0.0,2.444
19911214,-2.385,-3.181,0.947,-0.933,1.729,43.065,235.165,1.614,97.498,0.0,3.23
19911215,-4.819,-5.699,1.544,-3.214,3.407,43.26,227.968,1.232,97.113,0.0,1.978
19911216,-2.854,-3.226,1.812,-2.174,1.637,28.311,270.599,1.333,96.727,0.098,2.03
19911217,-0.009,-0.261,1.516,0.45,0.552,15.617,305.878,1.147,96.395,0.723,2.632
19911218,2.796,2.622,0.912,3.113,0.513,18.267,302.63,1.317,95.132,7.07,5.967
19911219,3.496,4.001,2.662,2.577,1.817,3.481,327.034,1.128,94.798,15.486,5.61
19911220,2.022,2.28,2.386,1.551,0.269,35.773,273.024,1.763,94.187,5.631,5.538
19911221,0.787,1.063,1.661,0.282,0.342,23.585,303.249,1.142,94.389,9.533,4.348
19911222,4.698,6.019,2.27,2.29,0.388,3.834,338.304,0.81,94.758,6.078,3.027
19911223,8.542,8.391,0.647,8.819,0.456,13.373,334.083,2.384,95.493,1.972,6.742
19911224,2.329,2.237,1.371,2.496,0.533,31.698,275.043,1.632,96.68,1.463,5.243
19911225,0.573,0.444,0.26,0.807,0.262,30.942,274.785,1.227,97.87,0.729,2.976
19911226,1.759,2.012,1.915,1.297,0.718,8.536,313.553,1.263,96.491,5.631,5.824
19911227,2.125,1.97,1.929,2.408,0.682,20.084,293.538,1.601,96.173,2.989,5.202
19911228,-0.911,-1.079,0.819,-0.606,1.312,32.29,276.209,1.218,97.435,0.012,1.537
19911229,0.485,0.418,1.129,0.606,0.692,23.365,302.016,1.073,97.772,0.225,2.479
19911230,1.76,1.312,0.641,2.577,0.408,21.869,306.375,1.008,98.125,0.325,2.327
19911231,-0.035,-0.321,0.676,0.487,0.221,22.726,291.083,1.427,97.841,0.201,1.688
19920101,-0.64,-0.59,1.014,-0.731,0.637,21.596,288.241,1.113,97.345,0.038,4.415
19920102,1.627,1.39,0.849,2.059,0.969,34.773,269.28,1.631,97.195,0.003,5.351
19920103,0.876,0.781,0.791,1.049,1.452,41.98,245.575,1.915,96.906,0.001,5.376
19920104,3.364,3.073,0.975,3.897,0.279,10.362,316.988,1.692,96.384,3.743,5.839
19920105,4.01,4.59,1.887,2.953,0.556,7.883,322.467,1.239,96.677,7.297,3.358
19920106,7.481,7.304,0.342,7.804,0.216,3.328,337.74,1.521,96.734,4.753,4.562
19920107,3.213,3.022,1.72,3.562,0.694,31.403,282.494,1.313,96.442,0.016,3.196
19920108,3.611,3.171,2.286,4.414,1.651,36.208,269.493,1.942,95.685,0.001,4.529
19920109,6.929,6.244,1.137,8.178,0.925,23.952,323.048,1.861,94.943,4.901,4.337
19920110,0.934,0.468,1.546,1.782,0.19,22.778,291.12,1.359,96.306,1.771,4.34
19920111,-2.905,-2.965,1.287,-2.795,1.481,47.234,244.599,0.696,96.955,0.003,1.809
19920112,0.622,0.46,0.534,0.918,0.551,14.859,300.955,1.098,97.091,0.568,3.004
19920113,0.002,0.069,0.702,-0.119,0.424,23.599,291.796,1.326,97.564,0.144,1.697
19920114,2.156,2.141,1.331,2.181,0.622,6.555,323.384,0.867,97.211,1.63,3.96
19920115,3.61,3.575,0.22,3.668,0.372,20.256,316.41,1.544,97.299,0.628,4.042
19920116,2.613,2.58,0.55,2.67,0.091,21.871,307.674,1.803,96.946,0.516,4.053
19920117,2.309,2.345,0.436,2.25,0.247,34.464,289.607,1.81,97.04,1.27,4.25
19920118,2.184,2.275,0.827,2.032,0.616,12.605,312.91,1.612,97.097,0.512,3.531
19920119,2.223,2.233,0.993,2.208,0.561,13.452,319.472,1.12,96.111,9.597,4.262
19920120,-3.513,-3.063,3.607,-4.263,0.877,29.338,269.769,0.939,96.662,1.659,4.635
19920121,-7.482,-8.164,0.993,-6.346,1.875,58.123,208.338,1.072,97.72,0.0,3.751
19920122,-7.447,-7.942,1.994,-6.622,2.272,57.055,224.789,0.869,97.501,0.0,3.804
19920123,-5.017,-5.789,2.172,-3.731,2.475,57.725,235.972,0.873,97.37,0.0,2.283
19920124,-3.99,-4.501,2.066,-3.14,2.561,59.656,238.378,0.905,97.456,0.0,0.914
19920125,-5.279,-5.804,0.925,-4.405,2.102,58.117,241.957,0.554,97.707,0.001,0.846
19920126,-3.559,-3.799,2.947,-3.157,1.553,28.607,277.521,0.634,97.782,0.276,2.328
19920127,-0.612,-0.703,0.207,-0.46,0.343,26.971,296.566,0.816,98.025,0.654,2.09
19920128,-2.119,-2.288,0.822,-1.836,0.567,42.312,280.921,1.024,98.204,0.026,1.733
19920129,-1.805,-2.494,1.404,-0.657,2.156,58.277,262.549,0.993,98.012,0.013,1.026
19920130,-0.682,-0.618,0.659,-0.788,0.391,48.745,280.588,0.954,97.806,0.07,1.069
19920131,-1.655,-1.97,0.77,-1.131,1.32,61.927,262.975,0.86,97.597,0.009,1.325
19920201,-2.643,-2.912,0.898,-2.232,0.636,52.05,275.32,0.668,97.381,0.021,0.912
19920202,-3.419,-3.826,0.602,-2.798,0.507,56.402,259.699,0.622,96.91,0.01,1.824
19920203,0.296,-0.415,1.911,1.291,1.379,35.356,284.481,1.361,95.723,2.836,5.666
19920204,0.947,0.817,0.299,1.127,0.341,47.906,284.515,1.31,95.507,2.365,4.336
19920205,1.898,2.133,2.404,1.57,1.342,15.768,311.899,0.987,95.788,2.458,4.032
19920206,4.769,4.519,0.801,5.119,0.842,24.167,328.556,1.345,96.713,0.784,4.15
19920207,4.156,3.976,0.602,4.409,0.409,40.982,313.12,1.499,97.207,0.017,2.788
19920208,1.461,0.533,1.178,2.76,2.137,81.72,252.074,1.397,97.047,0.01,2.092
19920209,1.005,0.22,1.84,2.105,2.121,85.159,255.72,1.351,96.129,0.003,3.356
19920210,2.912,2.293,0.5,3.779,0.504,60.929,286.358,1.785,95.738,2.004,4.574
19920211,3.389,2.843,0.482,4.154,0.493,34.825,313.993,1.356,95.703,1.124,4.14
19920212,5.938,5.637,2.271,6.36,1.273,13.471,338.488,1.163,95.498,0.738,2.72
19920213,7.036,6.76,1.808,7.422,0.491,23.848,314.171,1.49,95.148,2.817,2.953
19920214,4.085,3.673,0.341,4.661,0.652,68.046,287.946,2.161,95.927,0.621,4.106
19920215,4.87,4.308,1.165,5.657,1.448,15.401,317.431,1.978,95.511,3.914,6.023
19920216,1.425,1.244,1.18,1.678,0.512,78.505,265.699,2.184,95.412,2.362,5.498
19920217,-2.55,-2.525,2.037,-2.585,0.649,75.126,260.244,1.087,96.055,3.216,3.37
19920218,-5.272,-5.428,0.772,-5.07,0.819,64.901,251.468,0.912,97.192,0.349,2.478
19920219,-2.177,-2.391,1.224,-1.903,0.877,69.768,275.313,1.162,97.401,0.679,3.386
19920220,-0.595,-0.669,0.855,-0.507,0.878,57.694,290.796,1.03,97.102,0.517,2.407
19920221,0.786,0.577,0.697,1.032,0.826,31.701,309.746,1.133,97.165,1.7,3.13
19920222,2.171,2.044,0.606,2.323,0.865,48.802,309.618,1.457,97.209,0.097,3.486
19920223,2.848,2.744,0.984,2.972,0.841,18.918,313.294,1.501,96.771,0.673,5.179
19920224,2.268,1.651,1.422,2.998,1.853,99.159,273.22,1.61,97.197,0.007,1.838
19920225,2.614,1.274,1.86,4.197,2.589,91.189,281.318,1.86,96.695,0.043,1.454
19920226,2.785,1.678,2.594,4.093,3.19,92.016,278.211,1.766,96.836,0.0,2.092
19920227,4.159,2.639,2.073,5.955,4.063,118.848,270.264,1.986,97.326,0.0,1.634
19920228,5.021,3.199,3.232,7.173,4.84,121.359,269.401,2.729,97.366,0.0,2.201
19920229,6.107,4.093,2.614,8.489,4.863,125.611,266.631,3.38,97.241,0.0,2.4
19920301,6.265,4.434,3.496,8.428,5.041,130.291,261.606,3.916,96.703,0.0,2.612
19920302,4.739,3.955,1.066,5.665,0.575,84.058,267.926,3.153,96.475,0.912,4.146
19920303,4.694,4.283,2.191,5.181,1.928,54.292,311.683,2.721,96.908,0.21,5.353
19920304,6.732,5.607,1.111,8.062,1.949,99.021,297.718,3.11,97.291,0.059,2.508
19920305,6.313,4.697,4.056,8.069,5.32,135.444,271.336,3.755,97.02,0.0,2.156
19920306,6.118,5.075,0.718,7.162,1.043,73.681,302.793,2.326,96.804,3.591,3.006
19920307,3.936,2.557,1.152,5.314,3.137,121.265,277.487,2.153,97.295,0.0,1.598
19920308,4.398,2.771,2.064,6.025,3.559,133.723,273.587,2.321,97.1,0.0,1.73
19920309,4.611,3.015,2.198,6.206,4.079,127.545,279.422,2.53,97.605,0.0,1.089
19920310,6.007,4.627,4.032,7.387,5.085,146.342,274.911,3.872,97.076,0.0,2.736
19920311,3.276,3.521,2.955,3.031,0.943,118.135,285.375,2.388,96.237,4.786,5.543
19920312,3.229,3.039,2.188,3.418,0.956,45.299,314.538,1.314,95.194,7.894,6.717
19920313,4.105,3.666,2.236,4.543,0.593,47.992,317.792,1.639,93.602,19.185,7.075
19920314,0.176,-0.078,0.427,0.43,0.892,135.196,267.997,1.473,94.655,3.452,5.061
19920315,0.726,0.674,0.281,0.778,0.78,140.284,264.914,2.018,95.21,3.175,5.646
19920316,1.877,1.652,0.531,2.101,0.969,106.439,289.05,2.16,96.616,1.331,4.014
19920317,2.999,2.485,1.489,3.513,1.181,54.682,305.873,1.897,97.163,0.394,1.75
19920318,5.068,3.1,2.044,7.037,3.998,133.97,291.249,2.711,96.796,0.001,1.691
19920319,4.25,3.135,1.681,5.275,1.824,50.387,301.517,1.722,96.405,1.121,2.238
19920320,7.525,6.416,2.827,8.545,2.965,108.344,320.393,2.881,96.098,1.696,3.496
19920321,7.215,5.658,2.531,8.647,1.932,73.176,325.825,2.072,95.682,5.106,5.111
19920322,2.258,2.443,0.947,2.088,0.775,51.19,304.69,1.425,94.907,8.337,4.79
19920323,2.44,1.879,0.888,2.957,1.414,114.755,290.154,1.792,94.092,1.451,3.108
19920324,2.597,1.966,0.612,3.132,1.14,110.866,297.805,1.926,94.308,3.468,4.58
19920325,0.702,0.726,0.352,0.682,0.235,70.238,303.177,0.931,94.695,11.755,3.546
19920326,1.912,0.994,0.57,2.69,1.232,111.757,283.114,1.848,93.87,0.223,3.213
19920327,2.171,0.895,1.393,3.25,1.752,135.925,286.08,2.125,93.865,1.556,2.243
19920328,0.23,-0.239,0.826,0.627,1.189,141.012,274.596,1.364,94.136,3.421,4.916
19920329,0.113,-0.786,0.946,0.874,1.71,126.9,277.515,2.096,94.579,0.75,3.202
19920330,2.758,1.396,1.899,3.91,2.777,132.601,287.951,2.012,94.201,1.736,2.52
19920331,5.389,3.569,3.515,6.93,3.835,150.546,271.879,3.123,93.463,0.001,3.78
19920401,3.273,3.718,1.251,2.926,1.285,58.651,300.578,1.299,93.175,5.04,2.958
19920402,4.675,3.124,1.842,5.881,2.963,191.511,266.731,2.695,93.995,1.007,3.039
19920403,4.907,3.849,0.995,5.731,1.542,158.487,289.306,2.169,94.556,1.866,2.557
19920404,3.72,3.032,0.629,4.254,1.017,124.343,302.613,2.141,95.124,0.919,1.665
19920405,1.875,0.72,1.997,2.774,2.53,153.759,270.412,2.251,95.394,0.004,2.29
19920406,3.436,1.619,2.618,4.85,3.083,161.035,275.771,2.663,95.25,0.457,2.244
19920407,5.556,3.498,2.878,7.157,3.712,177.054,275.025,4.156,94.907,0.0,2.207
19920408,4.934,2.557,1.828,6.782,3.426,195.319,267.297,3.909,95.503,0.0,3.073
19920409,5.494,2.817,3.09,7.576,4.447,207.266,271.055,4.067,96.604,0.0,2.135
19920410,6.632,4.765,2.874,8.084,4.351,170.167,285.808,4.136,96.592,0.0,1.757
19920411,9.227,7.293,2.333,10.608,3.785,220.028,285.962,5.575,96.106,0.0,0.885
19920412,9.928,7.483,2.604,11.674,4.604,214.494,286.447,5.971,95.56,0.018,2.124
19920413,7.026,6.482,1.273,7.415,1.545,190.723,299.843,3.787,95.564,3.424,4.719
19920414,7.118,6.121,1.819,7.83,2.009,159.04,298.239,4.127,95.457,2.46,5.602
19920415,7.071,6.613,1.766,7.371,0.978,147.221,307.334,3.487,94.213,5.954,5.521
19920416,1.44,1.288,1.656,1.54,0.781,78.451,305.0,1.491,95.351,2.678,4.638
19920417,1.306,0.434,1.878,1.877,2.024,155.372,285.883,1.768,96.522,3.004,3.201
19920418,4.995,5.183,3.036,4.871,1.349,36.661,333.446,1.109,96.181,2.401,3.735
19920419,8.121,7.292,2.06,8.665,0.704,164.28,311.567,3.68,96.135,1.182,5.367
19920420,4.128,2.74,0.661,5.037,1.974,173.895,278.438,3.459,96.693,0.181,3.88
19920421,5.338,3.287,3.283,6.681,5.016,218.496,263.007,4.681,96.427,0.001,1.84
19920422,7.05,4.487,3.027,8.729,3.862,179.065,288.763,4.037,95.385,0.563,2.399
19920423,6.866,5.663,1.007,7.655,1.535,141.737,303.617,2.06,95.151,2.382,1.943
19920424,9.589,8.324,2.949,10.418,3.375,142.396,315.025,3.521,95.401,0.317,2.395
19920425,13.329,10.307,2.213,15.309,3.926,199.668,325.727,5.584,95.662,1.898,2.837
19920426,13.93,12.369,2.566,14.953,2.855,159.822,334.174,5.672,96.032,0.654,3.165
19920427,11.253,10.814,3.198,11.54,1.293,193.1,312.394,4.842,95.709,2.55,3.81
19920428,9.741,8.027,2.421,10.863,3.028,111.284,319.582,3.512,95.317,5.769,3.172
19920429,7.395,7.068,0.96,7.609,0.885,138.399,315.865,2.568,95.634,2.359,3.266
19920430,7.43,4.825,1.882,8.859,3.644,191.891,289.307,3.701,96.434,0.101,1.817
19920501,7.848,5.709,1.48,9.022,2.443,135.635,307.436,2.959,95.512,4.353,3.758
19920502,6.096,5.491,0.544,6.427,1.225,79.299,319.904,2.02,95.707,2.985,0.905
19920503,6.585,5.134,0.777,7.381,1.798,161.586,303.428,2.887,96.729,0.001,2.25
19920504,7.262,4.525,1.894,8.763,2.688,171.504,295.287,3.75,97.031,0.055,1.879
19920505,9.213,6.416,4.654,10.746,4.91,241.381,291.892,5.458,96.772,0.0,1.617
19920506,10.206,7.168,2.536,11.871,4.167,222.091,299.507,5.003,96.856,0.0,2.025
19920507,10.974,10.198,2.068,11.399,1.967,84.654,340.716,2.86,96.306,0.282,2.456
19920508,11.044,9.052,2.67,12.136,1.447,141.32,323.537,3.093,95.274,1.465,4.144
19920509,6.371,5.74,1.815,6.718,1.255,146.656,310.066,2.383,95.06,4.029,4.319
19920510,8.692,8.69,0.637,8.693,2.108,141.834,321.834,3.671,95.239,1.271,4.103
19920511,7.986,7.25,0.786,8.389,0.59,136.454,315.779,1.853,95.539,8.477,2.848
19920512,9.388,7.861,3.639,10.226,3.404,194.061,303.974,4.181,96.657,0.001,3.58
19920513,13.645,11.06,2.755,15.063,4.273,287.422,299.851,5.538,97.022,0.0,1.838
19920514,16.689,13.603,3.735,18.381,4.909,289.903,311.405,7.106,97.075,0.0,2.948
19920515,17.897,14.28,2.727,19.88,4.838,292.135,314.376,8.544,97.147,0.0,2.14
19920516,16.008,13.007,1.889,17.653,2.938,261.109,313.827,6.28,97.204,0.424,2.412
19920517,9.586,8.004,2.297,10.454,3.618,254.449,301.316,3.782,97.258,0.0,2.347
19920518,11.85,8.817,2.784,13.513,3.87,292.368,289.055,6.236,96.92,0.0,2.716
19920519,13.396,10.844,3.496,14.672,4.666,281.626,294.687,7.431,96.88,0.0,2.928
19920520,15.225,12.18,2.924,16.609,4.594,291.112,300.795,8.485,96.658,0.0,3.084
19920521,15.701,12.689,2.598,17.07,4.584,251.375,315.561,8.363,96.272,0.008,2.802
19920522,16.769,13.925,3.162,18.062,4.781,303.154,308.027,9.453,96.13,0.0,2.451
19920523,18.068,15.358,2.448,19.299,3.898,268.413,326.703,9.543,95.963,0.023,3.415
19920524,18.394,15.697,2.444,19.62,4.229,269.173,325.239,9.986,95.879,0.017,3.51
19920525,17.81,14.53,2.504,19.301,4.736,301.309,317.148,10.22,96.111,0.0,2.135
19920526,15.014,12.874,1.596,15.987,3.853,300.812,298.583,9.829,96.124,0.0,4.443
19920527,14.642,12.533,2.867,15.6,4.157,292.737,299.827,8.418,96.04,0.0,4.326
19920528,15.379,12.368,2.189,16.747,3.669,289.934,301.629,8.859,96.057,0.167,3.509
19920529,14.639,11.934,3.048,15.868,4.446,252.926,314.16,7.811,95.892,0.076,3.07
19920530,15.945,13.236,2.258,17.176,4.158,281.573,315.3,9.326,95.962,0.0,3.298
19920531,16.754,13.953,2.799,18.027,4.137,278.193,317.664,9.709,95.837,0.0,2.992
19920601,17.702,15.676,2.315,18.623,3.432,241.713,337.872,9.278,95.438,0.798,2.871
19920602,18.131,15.999,2.284,19.1,3.275,197.57,349.763,6.625,95.206,2.592,2.708
19920603,16.035,13.956,0.394,16.981,1.957,180.96,357.214,4.144,95.5,12.599,2.373
19920604,14.343,12.936,0.509,14.982,1.319,81.133,374.431,1.537,95.462,21.681,2.477
19920605,15.771,13.712,2.204,16.706,4.035,242.794,341.84,4.329,95.584,2.792,2.634
19920606,13.824,12.748,0.91,14.314,1.323,150.646,351.148,1.944,95.535,7.748,0.818
19920607,13.851,12.492,0.719,14.468,1.806,137.24,351.698,2.274,95.468,13.278,1.443
19920608,13.22,11.646,0.653,13.936,1.996,187.886,337.367,2.316,95.09,7.802,2.437
19920609,14.176,12.804,1.361,14.8,2.356,197.756,345.458,2.545,95.285,2.239,1.867
19920610,13.932,11.627,0.672,14.98,2.567,254.438,316.857,5.313,95.555,0.231,2.904
19920611,10.21,9.293,0.721,10.627,1.311,180.91,317.102,2.777,95.7,5.975,1.988
19920612,12.21,10.515,2.304,12.98,2.694,199.9,333.304,3.203,95.918,0.29,2.258
19920613,15.88,13.435,1.79,16.992,2.88,197.225,345.983,5.385,96.211,0.272,2.304
19920614,16.667,14.18,3.842,17.798,4.033,226.715,338.411,7.187,96.565,0.0,1.082
19920615,18.872,16.225,1.772,20.075,3.345,282.529,341.5,8.603,96.478,0.0,1.369
19920616,17.436,14.918,1.495,18.581,3.156,226.155,348.781,5.377,96.302,0.448,2.306
19920617,15.264,13.218,1.272,16.193,3.212,306.848,309.869,6.6,96.556,0.002,3.097
19920618,12.292,11.037,0.99,12.863,2.311,217.727,327.805,4.236,96.055,2.282,2.748
19920619,11.045,10.805,2.09,11.154,2.03,103.601,355.483,1.859,95.787,17.969,2.469
19920620,17.256,15.303,2.683,18.144,3.76,262.931,344.529,6.207,95.912,0.042,3.894
19920621,16.099,15.246,0.925,16.487,1.514,162.231,357.987,4.729,95.897,2.302,2.202
19920622,15.281,13.511,1.261,16.086,3.09,253.46,333.913,4.694,95.848,0.182,1.845
19920623,15.263,13.133,2.693,16.231,3.341,237.353,339.543,5.222,95.354,0.802,2.568
19920624,15.777,13.873,0.604,16.642,2.27,213.662,345.425,5.454,95.495,0.192,1.45
19920625,16.076,13.462,2.493,17.265,3.635,223.114,338.929,6.535,95.896,0.279,1.573
19920626,16.434,13.406,1.784,17.811,3.8,273.391,321.389,8.844,96.284,0.011,2.377
19920627,16.994,13.299,3.556,18.515,4.558,320.415,304.017,10.585,96.481,0.0,1.519
19920628,18.936,16.05,3.504,20.248,4.853,265.746,325.311,11.553,96.466,0.0,1.057
19920629,18.74,14.663,3.504,20.594,5.191,300.544,323.434,11.411,96.261,0.0,1.821
19920630,20.068,16.337,4.071,21.763,5.221,312.222,326.968,12.231,95.773,0.0,1.879
19920701,19.309,16.806,1.211,20.447,2.955,262.081,346.672,7.945,95.52,0.124,2.177
19920702,17.819,15.239,1.528,18.992,2.998,252.979,345.658,6.111,95.812,1.252,1.763
19920703,17.471,15.216,2.002,18.495,3.075,207.142,349.441,5.112,95.903,1.87,0.879
19920704,16.143,15.119,0.659,16.608,1.453,144.699,350.862,3.72,95.288,4.364,2.05
19920705,14.515,13.57,0.374,14.944,1.348,109.736,359.539,2.499,95.28,25.87,2.132
19920706,11.262,11.745,0.849,11.042,0.437,40.195,363.112,1.449,95.622,13.878,3.749
19920707,14.205,12.442,1.891,15.006,2.914,226.748,333.88,4.895,96.085,1.103,2.491
19920708,16.26,13.418,2.858,17.551,4.765,271.971,320.563,7.403,96.337,0.0,1.212
19920709,18.429,15.086,2.536,19.948,4.205,255.244,337.295,9.066,95.929,0.0,1.837
19920710,16.278,14.032,0.962,17.3,2.584,178.543,348.883,4.458,95.245,8.445,1.524
19920711,14.088,13.279,0.831,14.456,0.96,87.098,353.64,2.508,95.349,2.854,1.975
19920712,14.257,12.662,0.963,14.982,1.634,154.334,334.525,3.34,95.276,1.34,3.036
19920713,15.308,13.685,2.37,16.046,2.969,207.858,336.742,5.618,96.001,0.317,3.591
19920714,15.638,14.766,0.838,16.034,0.695,56.531,366.209,3.567,95.82,1.812,4.789
19920715,13.503,12.136,1.321,14.124,3.073,237.653,322.701,4.887,96.266,0.0,2.505
19920716,15.601,12.782,2.939,16.882,4.495,262.688,321.331,6.844,96.27,0.425,0.919
19920717,18.01,14.342,3.258,19.843,4.223,214.9,354.388,5.546,96.134,2.564,2.485
19920718,16.947,15.529,0.758,17.656,1.668,229.15,350.589,5.712,96.292,6.975,3.867
19920719,18.729,15.42,4.511,20.383,4.927,290.628,331.748,9.177,96.381,0.0,1.749
19920720,22.004,18.073,3.493,23.97,4.555,274.927,354.95,11.048,95.996,0.0,1.423
19920721,22.688,19.098,0.882,24.483,3.936,262.803,365.811,9.937,95.526,1.423,2.471
19920722,17.88,16.74,0.852,18.449,1.86,172.545,364.798,5.297,96.379,12.55,1.677
19920723,17.544,15.25,2.57,18.692,3.491,199.622,348.84,6.407,96.792,0.245,1.985
19920724,19.645,16.671,2.606,21.133,4.279,279.888,339.273,9.604,96.303,0.004,2.568
19920725,16.744,15.23,0.643,17.5,1.981,188.519,352.848,4.268,96.199,6.297,1.554
19920726,17.978,15.414,3.65,19.259,4.119,211.897,339.473,7.426,96.399,0.048,1.472
19920727,17.945,14.37,1.519,19.732,4.431,223.949,338.838,7.633,96.251,1.534,3.335
19920728,13.955,11.588,1.857,15.138,3.192,190.742,315.655,6.271,97.012,0.07,3.32
19920729,15.496,12.629,3.647,16.929,4.739,284.721,309.471,7.451,96.747,0.0,2.474
19920730,19.646,15.172,4.043,21.883,5.954,281.286,331.724,11.416,96.191,0.0,2.099
19920731,18.719,16.516,1.268,19.82,3.58,218.798,359.413,5.594,96.142,4.531,1.929
19920801,20.905,18.368,2.661,22.296,4.453,242.945,362.758,8.754,95.787,0.484,2.007
19920802,20.749,19.055,0.784,21.678,2.388,208.899,366.372,8.1,95.68,0.119,2.887
19920803,20.987,17.583,2.156,22.853,3.764,227.638,364.33,7.902,95.517,0.685,2.856
19920804,16.921,15.056,1.237,17.944,1.841,218.584,336.201,7.47,96.256,0.1,3.217
19920805,17.742,15.019,5.079,19.236,5.391,271.013,320.89,10.108,96.772,0.0,1.666
19920806,20.247,16.658,3.25,22.215,5.546,272.482,331.598,12.033,96.645,0.0,1.74
19920807,19.916,17.709,2.884,21.126,4.587,260.641,343.634,7.811,96.608,0.0,2.353
19920808,23.267,20.11,3.781,25.162,5.298,250.468,369.377,12.079,96.137,0.14,1.594
19920809,25.786,21.949,3.053,28.088,5.35,246.4,377.454,16.321,95.667,0.06,1.718
19920810,20.128,18.549,2.259,21.075,2.355,230.677,358.634,8.813,95.454,0.238,3.764
19920811,16.846,14.8,1.881,18.073,3.696,213.864,333.184,8.262,95.992,0.191,3.143
19920812,17.257,15.538,1.995,18.289,3.197,194.617,340.192,8.411,96.075,0.234,3.729
19920813,13.645,13.837,1.394,13.529,1.084,117.288,352.428,3.193,95.601,11.338,4.882
19920814,13.461,12.421,0.454,14.084,0.808,96.363,347.641,3.003,95.245,11.419,4.401
19920815,12.272,10.737,0.521,13.193,1.919,137.093,331.476,3.883,96.05,0.746,2.451
19920816,13.697,11.133,3.558,15.235,4.39,227.642,322.633,5.823,96.201,0.0,1.785
19920817,14.396,13.085,0.889,15.182,0.652,75.153,350.918,3.34,95.982,1.222,2.81
19920818,15.151,13.69,2.873,16.107,2.951,115.651,347.193,3.971,96.161,0.08,1.162
19920819,19.34,16.812,2.888,20.997,4.653,202.47,356.087,6.914,95.848,0.92,1.195
19920820,19.804,17.335,1.683,21.422,3.657,144.46,372.391,5.362,95.654,15.679,1.568
19920821,17.045,15.422,0.964,18.107,1.777,152.495,355.578,4.401,95.644,0.5,3.583
19920822,16.548,14.61,2.499,17.818,3.725,181.584,341.502,5.38,95.661,0.3,1.141
19920823,15.087,13.768,1.702,15.951,0.672,133.85,341.056,3.73,95.701,4.204,2.694
19920824,13.434,12.473,3.235,14.064,2.866,97.62,338.237,2.933,96.063,0.488,3.43
19920825,19.25,17.39,1.776,20.468,2.689,166.375,366.384,6.061,95.847,3.117,4.521
19920826,18.813,16.545,0.954,20.299,3.255,182.111,357.425,5.052,95.607,5.983,2.504
19920827,18.673,17.391,1.073,19.514,2.293,154.756,353.178,5.757,95.576,0.101,3.936
19920828,22.051,19.118,3.077,24.146,4.345,215.484,358.623,10.016,95.242,0.029,2.504
19920829,17.368,14.846,1.055,19.17,2.56,143.583,360.31,3.71,95.001,3.326,3.045
19920830,15.541,14.178,2.466,16.515,2.929,156.182,348.991,5.346,95.042,0.542,2.993
19920831,12.865,13.159,1.69,12.655,0.737,33.331,355.076,2.331,94.749,33.531,1.989
19920901,10.116,9.088,1.407,10.916,1.485,157.825,319.908,2.691,95.335,5.615,4.944
19920902,10.551,8.893,2.751,11.841,2.821,127.503,323.43,3.095,96.114,2.06,4.688
19920903,13.125,11.677,0.899,14.252,1.09,117.799,343.889,3.039,95.562,1.821,5.229
19920904,9.051,8.47,0.654,9.503,0.423,92.751,317.199,2.104,95.496,5.25,4.013
19920905,9.282,8.231,0.424,10.1,1.187,120.666,322.798,2.206,95.926,4.747,5.267
19920906,9.412,7.433,1.126,10.951,2.219,112.544,311.358,3.151,96.36,0.273,3.582
19920907,10.982,8.159,4.796,13.178,4.614,176.873,319.064,4.376,95.852,0.223,2.006
19920908,11.666,10.552,1.193,12.533,1.905,136.909,320.931,4.232,96.077,0.59,2.746
19920909,10.809,8.816,2.49,12.359,3.704,144.088,314.311,4.443,96.681,0.014,1.685
19920910,12.025,9.678,4.45,13.85,4.761,192.276,306.087,5.381,96.704,0.0,2.571
19920911,15.224,12.785,1.998,17.12,4.264,173.354,329.598,5.108,96.3,0.657,1.948
19920912,12.295,11.008,1.847,13.296,2.148,177.585,312.547,4.514,96.888,0.993,2.204
19920913,11.77,9.746,2.939,13.345,3.754,112.014,328.278,3.589,96.189,0.19,1.605
19920914,11.147,10.701,1.663,11.523,0.399,37.853,336.656,1.966,95.736,4.385,3.004
19920915,11.869,10.538,2.621,12.995,2.962,97.622,323.975,2.963,96.36,0.446,3.239
19920916,12.722,11.347,1.074,13.988,1.536,95.251,335.706,3.568,96.518,0.193,3.595
19920917,10.567,8.875,1.531,12.124,3.242,175.125,292.068,3.74,96.642,0.009,1.587
19920918,11.437,9.048,3.396,13.634,5.013,179.74,290.002,4.867,96.514,0.0,2.573
19920919,11.459,10.037,3.048,12.768,3.428,120.19,322.071,3.287,96.416,3.341,1.271
19920920,12.907,12.022,0.838,13.72,2.143,116.413,332.131,2.171,96.423,0.331,1.02
19920921,12.263,10.79,2.649,13.619,4.552,144.518,327.271,3.206,96.195,0.075,2.301
19920922,14.955,12.552,3.12,17.166,4.805,165.258,313.082,5.874,95.769,0.0,2.712
19920923,12.877,11.518,0.972,14.127,1.197,84.177,336.289,3.441,96.022,4.861,2.135
19920924,11.106,9.258,2.111,12.806,3.38,142.1,311.894,3.129,96.368,0.0,1.707
19920925,11.09,8.907,3.101,13.099,4.426,153.177,312.682,2.999,96.411,0.0,1.661
19920926,12.038,9.924,2.013,13.982,4.362,155.459,306.727,2.662,96.347,0.0,1.293
19920927,13.584,11.128,3.787,15.843,5.224,157.138,305.239,3.83,96.049,0.0,1.978
19920928,13.801,11.656,3.206,15.947,4.868,158.339,300.72,5.08,95.885,0.0,2.531
19920929,10.958,10.277,1.018,11.64,2.112,109.01,320.484,2.34,96.045,0.013,2.303
19920930,10.105,9.38,1.775,10.83,2.272,94.197,330.966,2.875,96.237,0.038,1.712
19921001,11.03,10.802,1.383,11.258,1.6,66.035,345.876,1.76,96.182,8.911,0.901
19921002,10.84,10.235,0.933,11.445,1.936,78.337,339.065,1.117,95.82,4.364,0.921
19921003,10.835,10.484,1.254,11.185,2.275,99.98,326.118,2.965,95.127,0.67,4.097
19921004,10.042,9.559,1.217,10.526,2.146,127.951,307.268,3.733,95.275,0.35,6.736
19921005,6.569,7.013,0.645,6.086,0.34,27.08,347.942,0.955,95.142,1.893,4.796
19921006,8.728,8.828,0.821,8.62,0.893,14.791,356.622,0.781,94.78,2.55,2.07
19921007,9.554,9.431,0.362,9.687,0.379,11.909,355.714,0.882,95.829,1.711,1.738
19921008,8.697,8.064,0.652,9.385,1.435,70.095,335.081,1.938,96.67,0.121,1.761
19921009,7.889,7.378,0.666,8.444,0.81,46.251,330.929,2.174,95.876,1.2,3.049
19921010,5.556,4.086,1.452,7.154,2.465,100.368,286.998,2.074,96.089,0.01,2.331
19921011,4.778,3.776,3.801,5.962,3.884,80.35,303.431,1.6,95.836,0.216,1.882
19921012,4.199,3.479,2.63,5.051,2.008,126.814,264.488,2.993,96.38,0.292,2.976
19921013,1.48,-0.341,2.849,3.632,4.186,125.853,246.186,2.617,96.822,0.0,2.232
19921014,3.389,2.247,4.044,4.738,4.491,116.131,270.287,3.155,95.696,0.0,3.03
19921015,4.747,4.174,1.171,5.424,0.198,35.82,304.539,1.91,94.268,4.094,4.715
19921016,2.793,1.766,1.076,4.007,1.249,70.71,277.392,2.139,94.297,0.062,3.943
19921017,0.169,-1.048,1.653,1.607,2.98,80.41,259.531,1.343,94.519,0.0,1.728
19921018,1.194,0.282,1.897,2.272,2.43,96.326,267.541,1.516,95.103,0.004,2.671
19921019,4.387,2.906,1.433,6.139,2.916,107.478,270.58,2.626,95.562,0.061,3.337
19921020,3.783,2.33,3.039,5.5,4.775,107.774,267.933,2.522,95.511,0.0,2.03
19921021,4.206,3.401,0.463,5.158,1.126,58.154,300.774,1.432,95.024,3.157,2.658
19921022,4.256,3.783,0.485,4.815,1.314,55.928,304.195,2.067,94.817,2.614,4.425
19921023,4.316,4.011,0.478,4.708,0.776,29.177,319.382,1.371,94.424,3.918,3.762
19921024,3.268,2.826,0.652,3.836,0.386,63.606,296.392,1.356,94.604,3.498,4.139
19921025,3.045,3.074,1.475,3.006,0.923,31.406,317.558,1.076,94.304,14.218,3.685
19921026,3.649,4.028,1.753,3.119,1.66,16.449,318.374,0.972,94.379,10.016,4.639
19921027,2.586,2.283,1.554,3.009,1.646,46.284,309.168,1.081,94.908,2.277,2.437
19921028,5.409,5.169,1.009,5.746,0.529,27.061,317.223,1.144,93.962,8.801,3.596
19921029,4.57,4.125,0.528,5.193,0.463,54.466,296.539,1.623,94.057,3.178,5.263
19921030,3.531,3.045,0.944,4.212,1.093,48.883,303.515,1.338,95.337,0.561,1.969
19921031,1.625,0.818,1.223,2.755,2.098,45.481,298.109,1.332,96.185,0.167,1.148
19921101,-0.292,-1.3,1.493,1.119,2.957,86.265,250.158,1.1,96.441,0.0,1.778
19921102,1.346,0.934,2.507,1.924,2.257,83.428,268.574,1.903,95.703,2.405,4.443
19921103,5.457,4.968,0.735,6.142,0.653,33.233,312.296,1.601,95.416,2.046,4.449
19921104,4.893,4.701,1.161,5.162,1.043,39.382,308.967,1.541,95.983,0.528,3.831
19921105,7.398,7.563,1.698,7.167,1.262,11.862,342.477,1.522,96.949,0.747,3.699
19921106,8.68,8.517,0.37,8.908,0.833,49.109,319.317,2.055,97.384,0.04,3.643
19921107,7.872,7.878,0.468,7.862,0.991,56.577,324.806,1.915,96.526,0.044,4.616
19921108,5.828,5.611,1.742,6.131,1.342,50.072,314.182,1.643,96.832,0.826,2.296
19921109,2.364,1.786,2.231,3.246,3.082,70.148,269.866,1.367,96.56,0.008,2.762
19921110,6.55,6.117,0.662,7.21,0.45,24.384,306.711,1.641,95.419,4.989,4.41
19921111,6.489,6.39,1.329,6.639,1.673,8.78,322.009,1.896,94.369,6.565,6.127
19921112,3.317,3.204,0.978,3.505,0.305,45.095,287.61,1.714,94.648,3.498,5.993
19921113,1.562,1.48,0.377,1.698,0.608,46.561,278.397,1.212,94.886,2.015,4.341
19921114,1.375,1.118,0.736,1.804,0.662,44.97,282.593,1.242,95.402,1.892,4.396
19921115,0.371,0.078,1.412,0.859,0.877,11.837,306.438,0.933,95.026,6.49,2.129
19921116,4.797,4.433,1.585,5.404,0.996,21.165,327.647,1.171,94.178,1.102,3.55
19921117,3.378,3.143,1.999,3.77,0.69,28.481,315.014,1.35,93.57,6.925,4.925
19921118,2.345,1.966,0.61,2.976,0.256,31.739,302.69,1.428,94.804,4.321,5.377
19921119,3.069,2.435,0.558,4.126,0.339,45.007,292.544,1.575,94.869,2.686,5.978
19921120,1.401,1.031,0.41,2.017,0.508,49.302,264.359,1.501,95.727,0.953,4.816
19921121,1.639,1.15,1.162,2.455,1.194,21.955,290.47,1.118,95.7,1.942,3.549
19921122,5.693,4.354,2.21,7.926,1.067,8.915,337.139,0.98,95.415,15.609,2.025
19921123,8.514,7.579,1.318,10.073,0.154,14.328,333.096,1.287,96.216,4.36,2.834
19921124,5.464,5.486,0.842,5.429,1.025,23.083,309.189,1.059,96.363,1.331,2.557
19921125,6.938,6.636,0.281,7.443,1.002,32.163,301.614,2.173,95.758,1.831,4.731
19921126,7.11,6.945,1.9,7.384,0.907,30.169,312.553,2.433,95.416,4.886,6.3
19921127,3.679,3.395,0.706,4.196,0.933,38.664,275.878,1.902,96.584,0.712,4.098
19921128,4.832,3.816,1.031,6.686,0.698,28.579,307.244,1.854,96.055,2.824,4.503
19921129,1.14,1.016,0.883,1.366,1.412,44.623,274.257,1.228,96.461,0.012,1.57
19921130,5.648,5.025,1.933,6.785,1.702,22.364,314.659,1.09,96.178,0.009,2.836
19921201,5.853,5.254,0.751,6.945,0.374,26.764,284.444,1.818,95.996,0.091,3.745
19921202,6.52,6.381,1.894,6.775,1.324,36.857,307.066,1.779,94.87,4.25,5.434
19921203,6.74,7.041,2.246,6.192,0.376,37.13,299.821,2.339,93.89,3.806,5.115
19921204,3.032,3.317,1.169,2.513,0.984,22.762,304.187,1.656,93.293,6.296,5.723
19921205,1.67,1.348,0.748,2.259,0.573,31.249,288.163,1.458,94.124,0.066,2.853
19921206,0.481,-0.029,0.549,1.41,0.973,26.8,281.137,1.159,95.331,0.105,2.077
19921207,0.21,0.025,0.655,0.548,0.284,10.159,288.654,1.203,94.51,2.316,3.548
19921208,0.397,0.589,0.281,0.046,0.303,18.477,311.017,0.864,95.344,0.096,2.154
19921209,0.644,0.594,0.245,0.736,0.086,13.216,310.679,0.811,96.189,0.404,2.579
19921210,0.867,0.824,0.48,0.946,0.276,15.278,310.694,0.775,96.824,0.655,2.074
19921211,0.983,0.875,0.24,1.181,0.146,17.806,310.959,1.076,96.476,4.521,3.046
19921212,2.077,1.687,0.85,2.788,0.599,23.416,300.118,1.019,95.241,11.422,5.043
19921213,2.235,2.126,0.336,2.434,0.178,26.254,299.204,1.206,95.866,2.507,4.672
19921214,4.507,4.15,1.13,5.16,0.448,9.892,327.124,1.186,95.934,0.807,4.556
19921215,2.6,2.263,1.144,3.215,1.768,40.831,277.595,1.29,95.977,0.039,2.358
19921216,-0.052,-0.701,0.724,1.131,2.112,40.405,259.612,0.875,95.925,0.0,1.841
19921217,-0.652,-1.24,0.43,0.421,1.352,34.046,273.12,0.731,96.524,0.008,1.574
19921218,-0.61,-0.944,0.475,-0.002,1.39,39.91,260.352,0.943,96.33,0.003,2.523
19921219,1.48,1.279,0.892,1.846,0.451,8.417,317.223,1.282,96.263,4.667,3.312
19921220,0.96,0.8,0.301,1.25,0.512,9.73,313.664,0.775,96.392,4.574,1.212
19921221,-0.492,-0.385,0.239,-0.686,0.096,10.456,309.473,0.693,96.538,5.937,2.876
19921222,0.474,0.338,0.633,0.721,0.476,12.21,317.19,0.594,96.895,1.153,2.033
19921223,1.451,1.107,0.529,2.078,0.619,16.102,306.285,0.664,97.115,0.959,1.869
19921224,-1.19,-1.239,0.685,-1.101,0.396,32.274,276.056,0.5,97.404,0.01,1.01
19921225,-4.057,-4.266,1.145,-3.678,0.934,42.027,247.691,0.424,97.58,0.01,1.752
19921226,-5.415,-6.034,0.772,-4.285,1.653,42.999,227.519,0.672,97.71,0.0,1.256
19921227,-5.385,-5.9,2.348,-4.445,1.411,23.887,263.396,0.546,98.192,0.203,2.118
19921228,-4.339,-4.802,1.228,-3.497,0.806,33.356,250.614,0.682,98.423,0.093,2.53
19921229,-6.065,-6.545,1.381,-5.188,2.386,43.795,223.361,0.648,97.641,0.0,0.938
19921230,-6.429,-6.908,1.875,-5.556,2.371,42.664,234.227,0.783,96.958,0.003,1.512
19921231,-5.535,-6.04,0.819,-4.616,1.351,40.495,238.623,0.677,96.956,0.004,1.751
19930101,-7.378,-8.021,1.213,-6.205,2.124,43.555,220.034,0.57,97.766,0.0,2.232
19930102,-10.656,-10.891,0.948,-10.227,1.766,46.297,204.021,0.564,98.001,0.0,2.591
19930103,-12.684,-12.941,0.85,-12.217,1.757,46.22,201.827,0.614,97.774,0.0,3.339
19930104,-10.203,-11.135,2.032,-8.504,2.801,46.863,212.212,0.923,97.288,0.0,2.614
19930105,-5.774,-5.847,5.247,-5.64,3.269,40.644,254.145,1.749,97.385,0.191,3.727
19930106,2.397,2.433,1.519,2.33,0.861,8.767,329.762,1.265,96.97,2.329,5.424
19930107,3.741,3.453,2.367,4.267,0.921,10.322,322.513,0.903,96.589,6.03,3.098
19930108,3.309,2.219,1.852,5.295,1.028,15.618,302.117,1.244,96.599,0.941,3.839
19930109,1.0,1.097,3.644,0.823,1.929,25.402,286.662,1.012,96.662,0.621,4.062
19930110,7.064,7.076,0.794,7.042,0.374,8.807,337.589,1.577,95.669,1.504,6.102
19930111,7.813,7.82,0.588,7.798,0.538,6.427,341.043,1.656,94.5,13.201,7.089
19930112,4.445,4.707,1.692,3.969,2.095,9.753,310.222,1.421,94.871,22.144,4.031
19930113,3.324,3.807,2.73,2.443,1.116,41.491,277.592,1.945,96.01,0.425,5.494
19930114,5.657,5.552,2.82,5.831,0.522,40.062,277.992,2.975,96.377,0.909,6.184
19930115,3.042,2.932,3.141,3.225,1.672,34.878,279.423,1.807,96.848,0.023,4.342
19930116,9.3,9.065,0.724,9.692,0.868,33.606,318.718,2.712,96.831,0.052,5.725
19930117,7.044,6.747,0.542,7.54,1.569,52.065,280.543,2.73,96.588,0.048,4.647
19930118,4.371,4.116,2.277,4.797,0.302,35.455,290.587,1.9,96.9,0.734,3.529
19930119,2.329,1.772,1.926,3.259,1.614,15.02,297.541,1.386,96.521,0.649,4.391
19930120,6.308,6.034,1.205,6.765,0.255,5.039,335.11,1.548,96.271,4.324,5.873
19930121,7.897,7.883,0.428,7.921,0.235,28.45,323.301,2.878,96.491,0.205,6.014
19930122,8.002,7.506,1.694,8.829,0.364,5.171,343.822,1.519,95.7,24.632,6.918
19930123,3.868,4.208,0.804,3.3,0.798,36.177,284.791,2.507,96.187,0.533,5.824
19930124,7.848,7.353,1.996,8.672,0.598,38.829,309.898,3.225,94.909,3.455,8.878
19930125,0.799,0.851,1.792,0.711,0.17,36.292,275.8,1.421,94.915,4.108,7.473
19930126,-0.869,-0.95,0.89,-0.733,0.46,37.358,274.024,1.583,95.873,2.53,6.475
19930127,-0.027,0.07,0.508,-0.187,0.574,55.668,268.83,1.236,95.554,3.362,4.003
19930128,-0.467,-0.616,0.223,-0.219,0.256,22.345,296.699,0.929,95.798,11.493,2.159
19930129,-3.477,-3.567,2.376,-3.327,0.722,43.331,277.832,0.565,96.227,13.238,3.873
19930130,-9.27,-9.979,2.577,-8.089,1.821,80.433,205.241,0.533,97.265,0.001,2.893
19930131,-10.337,-11.407,1.801,-8.555,3.09,81.963,206.914,0.851,97.535,0.0,1.383
19930201,-11.312,-12.184,1.704,-9.981,3.367,82.476,216.05,0.71,98.136,0.0,2.098
19930202,-9.901,-10.779,4.814,-8.561,6.521,82.97,229.539,0.8,98.071,0.002,1.973
19930203,-4.765,-5.615,3.077,-3.467,3.229,72.689,259.391,0.756,98.177,0.073,1.106
19930204,-4.419,-5.623,2.169,-2.735,4.056,83.821,244.653,0.91,97.637,0.0,1.596
19930205,-4.479,-5.212,3.133,-3.453,2.771,83.915,248.164,0.798,97.397,0.034,2.807
19930206,-1.089,-0.876,1.179,-1.387,0.763,31.899,314.977,0.746,97.251,0.954,3.446
19930207,0.981,0.952,0.255,1.022,0.227,19.035,320.842,0.619,97.631,0.386,1.032
19930208,0.358,0.259,0.289,0.495,0.348,39.786,309.692,0.8,97.794,0.165,0.642
19930209,-0.594,-0.552,0.233,-0.654,0.518,61.392,302.215,0.644,97.648,0.099,1.408
19930210,-1.994,-2.03,0.782,-1.943,0.63,78.015,275.298,0.564,97.568,0.037,1.906
19930211,-1.576,-2.418,1.548,-0.398,2.799,86.68,254.667,1.041,97.607,0.001,2.056
19930212,-0.846,-1.582,1.468,0.185,2.531,94.762,246.252,1.281,97.749,0.0,0.783
19930213,-2.371,-2.96,1.136,-1.547,1.852,92.699,245.249,0.782,97.823,0.0,0.799
19930214,-3.576,-3.608,0.397,-3.53,1.269,81.888,263.836,0.59,97.737,0.059,1.572
19930215,-3.181,-3.772,1.438,-2.352,1.271,98.743,243.229,0.816,97.618,0.001,1.473
19930216,-2.084,-2.429,1.041,-1.602,1.065,43.472,284.337,0.822,97.208,0.997,1.894
19930217,1.316,0.685,1.697,2.2,0.893,24.974,319.268,0.852,96.167,5.894,4.46
19930218,1.641,1.652,0.303,1.628,0.508,50.744,309.786,1.107,96.585,0.144,3.081
19930219,1.534,1.528,0.567,1.542,0.24,58.208,294.198,1.29,95.106,5.296,6.186
19930220,0.794,0.808,0.528,0.778,0.621,79.587,284.553,1.382,95.703,5.28,5.605
19930221,-1.402,-1.526,1.769,-1.255,0.484,92.884,264.455,1.191,94.386,6.043,6.209
19930222,-5.91,-6.529,0.903,-5.179,1.575,101.971,228.356,1.188,95.725,0.392,2.774
19930223,-6.401,-6.933,0.861,-5.771,1.327,88.07,232.928,1.011,96.546,0.386,3.097
19930224,-6.829,-7.889,1.893,-5.576,2.661,115.206,232.227,0.872,97.013,0.014,2.638
19930225,-5.317,-5.704,1.798,-4.86,1.8,116.234,249.661,1.073,96.579,0.012,1.666
19930226,-3.653,-4.208,2.803,-2.998,3.888,115.419,245.611,1.273,95.58,0.013,2.053
19930227,-2.052,-3.222,1.489,-0.67,1.783,62.069,272.222,1.155,95.385,1.341,2.82
19930228,-2.362,-3.153,1.048,-1.428,2.001,126.758,237.906,1.776,95.766,0.014,1.819
19930301,-1.203,-1.654,1.908,-0.669,2.034,101.434,265.582,1.393,95.743,0.067,5.018
19930302,-1.853,-2.215,0.708,-1.426,1.171,122.193,259.389,1.356,95.614,0.066,6.434
19930303,-5.382,-5.285,0.876,-5.498,0.549,69.695,278.385,0.957,95.982,0.142,4.503
19930304,-4.325,-4.797,2.11,-3.767,1.826,75.256,270.504,0.826,96.441,1.622,2.298
19930305,-2.08,-2.265,0.978,-1.861,0.865,55.454,296.941,1.035,96.218,1.499,2.666
19930306,1.855,1.388,1.365,2.362,0.941,37.26,321.795,0.821,95.686,2.853,3.923
19930307,2.249,1.456,0.826,3.041,1.119,57.949,302.539,1.177,96.142,1.162,2.604
19930308,-1.338,-1.973,1.144,-0.703,1.814,97.906,266.493,1.543,96.876,0.029,3.452
19930309,-0.633,-2.227,2.041,0.96,3.643,154.157,232.035,2.04,96.819,0.0,2.516
19930310,1.693,0.448,4.287,2.938,3.833,124.96,267.47,2.394,96.55,0.278,2.704
19930311,3.443,2.494,1.541,4.391,2.648,114.441,281.289,2.253,96.798,0.071,1.469
19930312,4.903,1.796,2.752,8.011,4.372,133.139,281.713,3.325,96.636,0.0,2.105
19930313,5.952,3.598,4.204,8.305,5.254,147.145,271.173,4.002,96.5,0.0,1.638
19930314,5.822,3.293,3.316,8.352,5.398,152.775,269.845,3.822,96.58,0.026,2.159
19930315,7.307,5.484,2.349,9.13,4.192,111.919,293.151,3.596,96.924,0.028,1.896
19930316,8.915,7.241,2.715,10.59,3.633,129.051,299.801,4.29,96.595,1.103,4.289
19930317,8.439,8.791,1.315,8.087,1.181,25.783,342.713,2.27,96.387,0.418,5.093
19930318,8.439,8.207,0.892,8.671,1.113,74.597,317.656,3.042,96.421,0.09,4.922
19930319,4.953,4.241,1.986,5.665,2.791,151.275,276.257,3.408,96.79,0.541,4.211
19930320,4.59,2.549,2.729,6.467,4.959,182.344,250.696,3.731,96.543,0.0,2.538
19930321,7.0,4.963,5.587,8.875,5.569,153.063,289.065,4.019,95.775,0.564,2.465
19930322,9.706,8.851,1.348,10.493,1.708,126.444,317.205,2.398,95.703,0.818,2.93
19930323,6.601,6.456,2.836,6.735,0.891,160.107,286.866,3.438,96.141,2.301,4.211
19930324,2.953,1.72,1.101,4.087,2.344,148.233,262.898,3.116,96.656,0.105,2.72
19930325,1.458,0.681,0.577,2.116,1.271,137.427,272.418,1.734,96.592,3.682,3.886
19930326,1.232,-0.013,0.83,2.287,1.494,165.664,265.531,2.045,96.732,2.908,2.816
19930327,-1.584,-2.825,0.42,-0.535,1.642,183.041,242.854,1.931,96.652,0.623,2.084
19930328,-1.609,-2.854,0.639,-0.556,1.671,150.505,255.508,1.623,96.384,0.613,2.434
19930329,-1.669,-3.12,1.024,-0.441,2.126,142.935,260.532,1.798,96.381,0.356,2.293
19930330,-0.279,-2.345,3.835,1.469,4.059,196.251,234.831,2.95,96.429,0.002,1.374
19930331,5.291,2.651,4.921,7.526,5.209,152.569,283.595,4.14,96.173,0.0,1.517
19930401,9.428,6.332,3.028,12.047,5.42,182.883,288.585,5.001,95.537,0.0,2.291
19930402,6.199,5.654,0.936,6.622,1.193,81.373,312.348,1.336,95.502,3.694,2.204
19930403,3.853,3.055,1.538,4.473,3.187,179.373,281.517,2.013,95.598,0.004,1.995
19930404,4.876,3.862,1.379,5.664,2.173,120.639,309.459,1.649,95.28,3.356,1.58
19930405,6.388,5.752,1.689,6.883,2.696,188.223,299.98,3.783,95.463,1.259,3.211
19930406,5.843,4.821,0.248,6.638,1.208,165.076,307.735,2.157,94.691,5.288,4.494
19930407,4.82,4.359,0.445,5.179,0.466,116.232,305.58,1.551,95.013,5.177,4.47
19930408,3.824,3.299,0.888,4.232,1.384,106.643,301.584,1.945,96.047,0.322,2.516
19930409,3.715,2.564,0.926,4.611,1.887,121.546,299.577,2.128,96.266,0.015,2.932
19930410,4.135,2.791,2.998,5.18,4.09,142.465,305.445,2.987,95.621,0.034,3.263
19930411,4.828,3.436,2.448,5.91,3.972,221.075,275.69,3.789,95.054,0.015,3.42
19930412,5.831,4.512,2.667,6.774,3.595,184.442,285.295,3.74,94.735,0.084,2.222
19930413,6.327,4.536,2.195,7.606,3.082,185.762,284.191,3.126,94.692,0.641,2.226
19930414,7.436,5.729,2.063,8.655,2.825,171.289,296.829,2.768,95.289,5.905,1.457
19930415,7.188,5.421,1.612,8.45,3.239,190.861,293.908,2.183,95.705,3.219,1.528
19930416,7.621,5.256,2.38,9.17,3.948,225.321,274.1,4.494,96.296,0.161,1.3
19930417,8.377,6.558,2.583,9.568,3.305,171.161,313.435,3.671,96.063,0.206,3.391
19930418,9.592,8.725,0.618,10.16,1.306,96.037,340.586,1.916,95.633,6.417,4.824
19930419,7.731,7.897,0.827,7.623,0.334,28.932,346.582,1.026,95.816,5.073,3.814
19930420,10.944,8.906,2.407,12.28,3.763,143.798,327.046,3.56,96.099,0.181,1.443
19930421,14.179,10.882,3.353,16.339,4.692,253.459,294.767,8.185,95.426,0.0,3.027
19930422,14.411,11.511,3.124,16.311,5.053,243.059,303.571,8.462,95.366,0.094,2.246
19930423,13.456,12.162,1.672,14.304,3.489,214.73,309.884,5.899,95.597,0.264,2.194
19930424,15.546,12.362,3.647,17.632,5.398,251.281,307.511,8.366,95.05,0.01,2.393
19930425,15.531,12.726,2.922,17.368,4.417,257.949,303.174,8.998,94.942,0.0,2.197
19930426,15.469,12.523,2.814,17.399,4.113,250.97,312.659,7.99,95.449,0.0,1.979
19930427,16.343,13.459,3.649,18.232,4.397,267.067,305.098,9.19,96.018,0.0,3.289
19930428,17.032,14.441,3.204,18.73,4.414,268.482,300.794,11.392,95.895,0.0,4.192
19930429,17.212,14.879,2.736,18.741,4.432,255.157,308.237,10.835,95.802,0.008,3.486
19930430,16.426,13.865,2.501,18.104,4.308,258.721,306.102,10.139,95.666,0.001,3.336
19930501,14.434,11.872,2.053,15.838,4.143,243.651,309.264,6.785,95.328,1.303,2.019
19930502,12.932,10.382,2.005,14.331,3.667,224.934,315.504,3.932,95.335,3.985,1.82
19930503,9.255,9.048,1.797,9.369,0.639,136.698,326.585,2.181,96.295,0.021,2.626
19930504,6.832,4.931,1.873,7.875,3.6,266.667,272.822,4.21,97.14,0.0,2.345
19930505,7.759,5.872,2.501,8.793,2.852,163.49,308.453,4.767,96.868,0.294,3.138
19930506,6.523,6.988,0.376,6.268,0.42,74.745,331.588,2.391,96.589,1.011,3.923
19930507,11.164,9.874,2.436,11.872,3.236,238.002,326.293,2.676,96.439,0.003,3.406
19930508,14.396,11.509,2.572,15.979,4.447,266.864,307.921,6.627,96.314,0.814,2.759
19930509,15.481,13.031,3.16,16.824,4.505,256.979,316.773,6.98,96.15,0.719,2.869
19930510,16.937,14.487,2.73,18.28,4.3,262.087,320.203,8.669,96.115,0.039,3.0
19930511,17.31,14.62,2.976,18.786,4.608,282.09,312.511,10.902,95.885,0.0,3.528
19930512,16.956,14.604,3.257,18.245,4.493,272.67,314.412,10.314,95.148,0.003,2.02
19930513,14.443,12.159,1.213,15.695,3.229,232.854,323.086,4.986,94.28,2.142,1.809
19930514,12.779,10.848,0.289,13.837,1.782,187.228,335.458,2.872,94.448,1.502,2.358
19930515,12.445,9.644,0.816,13.981,3.328,215.585,332.074,3.871,95.124,2.368,2.25
19930516,10.25,8.176,2.825,11.387,3.603,161.982,310.368,5.208,96.232,0.054,1.805
19930517,13.866,10.75,4.995,15.575,5.781,299.331,295.163,8.268,96.113,0.0,2.703
19930518,17.337,14.354,3.41,18.973,4.918,296.262,313.965,10.843,95.585,0.0,2.654
19930519,16.887,14.942,2.597,17.954,3.225,209.809,335.351,7.708,95.634,0.065,1.412
19930520,17.311,13.978,2.608,18.977,4.846,252.624,338.058,6.854,95.683,5.597,1.772
19930521,12.05,11.004,1.743,12.525,0.89,128.178,351.225,1.89,95.848,19.99,3.112
19930522,10.572,9.423,0.887,11.094,1.981,101.828,338.119,3.134,96.085,12.432,3.316
19930523,11.879,9.656,1.821,12.889,3.465,169.595,330.406,3.473,96.284,2.259,1.965
19930524,13.925,11.71,2.025,14.932,3.479,201.83,334.227,4.141,96.199,0.051,1.75
19930525,16.898,12.804,3.143,18.758,5.277,293.113,321.566,7.409,95.802,0.0,1.431
19930526,16.215,14.188,1.979,17.137,3.64,247.909,339.396,4.963,95.421,0.067,2.699
19930527,15.221,13.953,0.985,15.798,2.577,201.493,338.146,4.342,94.763,4.383,3.183
19930528,12.712,11.216,1.764,13.392,1.428,207.944,334.565,3.322,95.09,5.386,4.2
19930529,12.562,10.382,2.888,13.553,3.914,226.096,317.769,5.426,95.791,0.139,3.628
19930530,14.082,10.671,1.779,15.633,3.83,213.952,327.854,4.869,95.413,8.384,2.675
19930531,12.702,11.247,0.539,13.363,1.657,235.383,320.831,3.774,95.753,1.216,4.155
19930601,13.787,11.968,2.291,14.614,2.707,145.338,336.422,5.006,96.001,0.567,2.57
19930602,15.453,11.871,2.478,17.082,4.431,246.114,332.849,4.981,95.525,5.854,2.092
19930603,13.257,12.848,0.545,13.442,0.664,95.318,359.643,1.741,95.684,6.254,2.685
19930604,14.343,12.871,1.709,15.012,3.312,194.867,346.705,3.786,96.232,0.116,2.216
19930605,16.875,13.983,3.488,18.19,4.66,304.381,323.333,7.208,96.425,0.0,1.968
19930606,19.269,15.997,2.537,20.756,4.408,252.809,348.256,7.582,96.187,0.545,1.032
19930607,17.387,15.602,1.414,18.199,2.131,274.197,334.997,5.745,96.06,0.894,2.085
19930608,16.79,13.104,2.258,18.465,3.806,295.362,322.601,6.839,96.126,0.0,1.919
19930609,18.139,14.832,3.833,19.643,4.604,307.129,323.807,8.153,95.95,0.0,2.46
19930610,19.727,16.386,1.942,21.246,4.403,286.216,344.086,8.01,95.434,3.793,1.688
19930611,18.688,16.101,1.046,19.864,2.357,264.054,348.616,6.473,95.305,1.646,3.253
19930612,12.384,11.933,0.766,12.589,0.9,122.469,341.538,3.356,95.349,13.924,4.008
19930613,11.296,10.772,1.513,11.534,1.452,101.081,336.164,2.973,95.377,1.58,3.09
19930614,11.308,10.916,0.753,11.487,0.692,136.46,338.701,2.691,95.828,1.498,2.907
19930615,11.145,9.112,1.245,12.069,2.073,152.034,325.802,3.659,96.176,0.809,2.361
19930616,11.096,8.279,3.559,12.376,2.699,185.153,326.79,2.769,96.224,6.553,3.114
19930617,12.584,12.361,0.574,12.685,1.738,177.865,338.606,3.405,95.91,1.832,4.08
19930618,13.881,12.424,1.926,14.544,2.302,179.063,341.979,3.988,96.132,0.649,3.064
19930619,17.185,14.123,2.314,18.577,3.543,236.952,342.242,5.241,95.826,1.406,2.557
19930620,14.901,13.193,1.125,15.678,2.239,245.502,322.757,5.864,95.979,0.151,2.646
19930621,13.369,10.871,1.707,14.504,3.395,215.08,319.013,4.927,96.045,0.074,1.43
19930622,14.407,12.096,2.047,15.359,3.025,184.923,341.809,4.64,95.789,0.726,1.855
19930623,13.201,12.044,0.727,13.726,1.407,178.276,336.523,2.983,95.439,4.47,1.869
19930624,10.319,9.299,0.923,10.783,1.914,216.641,311.354,3.874,96.152,0.59,4.392
19930625,9.554,8.27,1.273,10.137,1.585,156.792,315.144,3.182,96.561,0.611,4.186
19930626,10.61,9.332,2.034,11.191,2.61,151.175,332.08,3.894,96.33,1.203,2.583
19930627,13.726,11.559,0.787,14.618,2.131,168.764,341.856,4.161,95.811,2.046,3.643
19930628,11.64,10.394,1.451,12.153,2.627,136.99,333.467,3.418,96.108,0.622,3.824
19930629,14.475,11.263,2.676,15.935,4.527,308.132,307.153,6.245,96.186,0.0,1.857
19930630,16.72,13.208,2.707,18.316,4.687,313.994,308.799,8.835,95.954,0.0,1.276
19930701,16.104,13.133,2.745,17.454,4.813,322.496,298.537,8.741,96.13,0.0,1.875
19930702,18.466,14.582,4.837,20.231,6.122,320.254,312.142,11.612,95.981,0.0,1.163
19930703,19.032,16.224,2.954,20.309,4.608,267.625,335.096,9.683,96.211,0.011,2.178
19930704,19.564,17.621,2.517,20.447,3.321,174.633,360.984,8.001,96.583,0.162,2.405
19930705,17.192,14.705,3.164,18.323,2.707,164.599,361.087,4.349,96.169,23.581,2.472
19930706,11.082,10.508,1.72,11.343,2.076,169.192,331.689,3.627,96.58,1.501,4.116
19930707,12.706,11.67,0.682,13.177,1.823,168.259,333.372,4.831,96.335,0.575,5.242
19930708,13.893,12.196,3.402,14.664,4.239,195.284,333.372,6.28,96.241,0.018,2.66
19930709,17.468,13.941,4.496,19.072,4.97,309.245,316.296,10.384,95.455,0.0,2.873
19930710,15.022,14.519,1.518,15.25,1.085,154.546,342.986,5.145,94.979,1.274,2.198
19930711,12.093,10.398,0.585,12.863,2.151,133.516,330.382,4.356,95.397,1.502,1.587
19930712,11.451,9.575,0.517,12.304,2.32,225.164,311.84,3.451,95.794,2.692,2.503
19930713,10.873,9.638,1.002,11.434,2.09,222.804,309.687,3.691,96.352,0.842,3.076
19930714,11.676,10.361,2.614,12.274,1.929,105.126,342.585,2.35,95.68,1.803,3.0
19930715,15.185,13.955,0.942,15.744,1.988,153.79,362.252,3.748,95.402,2.54,3.316
19930716,16.442,14.903,1.333,17.141,2.017,82.155,370.558,2.651,95.616,5.025,2.44
19930717,17.51,15.007,1.039,18.647,2.155,212.164,352.271,5.693,95.887,4.199,3.177
19930718,16.337,13.012,2.52,18.0,3.825,240.599,329.784,7.172,95.886,0.171,2.08
19930719,15.454,13.21,0.973,16.577,2.354,195.375,342.947,3.876,95.422,8.884,1.984
19930720,13.228,11.595,0.807,14.044,1.584,170.951,333.995,2.805,95.11,4.534,2.878
19930721,12.69,11.44,0.659,13.315,1.62,167.991,332.045,3.683,95.773,0.554,3.899
19930722,12.566,11.037,0.639,13.33,1.656,177.389,335.552,2.971,96.341,2.367,2.748
19930723,13.457,12.184,2.356,14.094,2.275,134.577,337.867,3.902,96.388,2.634,3.348
19930724,17.489,15.321,0.993,18.574,2.535,163.535,350.242,5.406,95.84,0.549,3.737
19930725,15.5,13.413,2.313,16.544,1.307,204.208,334.54,4.908,94.953,6.06,4.322
19930726,11.958,10.338,0.508,12.768,1.468,195.208,325.597,3.231,95.648,4.164,4.464
19930727,11.923,11.025,1.124,12.371,1.093,54.422,346.367,1.855,95.828,10.126,4.491
19930728,15.547,13.86,0.998,16.391,1.842,171.062,358.185,3.365,95.846,1.956,4.162
19930729,16.678,14.555,2.532,17.739,2.972,122.458,349.313,3.926,96.205,0.681,2.205
19930730,20.061,15.817,2.263,22.182,4.541,209.014,354.717,6.715,95.742,6.603,1.802
19930731,14.753,14.561,1.526,14.848,0.664,129.418,352.85,2.259,95.937,13.508,3.359
19930801,14.955,12.396,1.99,16.235,3.549,206.346,330.293,5.99,96.611,0.002,2.12
19930802,17.395,14.115,3.417,19.194,5.218,235.185,332.178,8.208,96.238,0.013,1.867
19930803,18.36,14.822,2.35,20.3,4.685,231.05,337.038,8.085,96.118,0.024,2.284
19930804,18.871,16.207,1.581,20.332,3.288,188.199,356.852,6.945,96.225,0.167,1.7
19930805,17.542,15.763,1.084,18.517,2.68,181.452,351.903,4.004,95.947,10.46,2.173
19930806,13.426,13.072,0.847,13.621,1.367,136.158,334.296,3.798,96.15,0.98,5.113
19930807,13.764,12.255,2.477,14.591,3.491,164.533,332.85,4.596,96.432,0.058,2.449
19930808,15.954,13.942,2.577,17.058,3.477,172.063,343.303,5.426,96.08,2.377,1.12
19930809,15.245,13.942,1.928,16.027,2.821,146.63,354.641,4.666,95.747,1.555,2.99
19930810,13.935,12.902,1.882,14.555,0.897,138.612,344.075,2.902,95.201,19.949,4.121
19930811,13.13,11.91,3.99,13.863,3.505,160.337,321.675,5.517,95.783,0.261,3.473
19930812,18.076,16.376,1.426,19.096,2.554,201.266,351.254,7.553,95.591,1.066,4.504
19930813,14.24,12.089,1.179,15.531,2.965,232.075,308.768,6.147,96.415,0.003,2.635
19930814,16.705,13.488,5.276,18.636,5.948,257.281,319.974,7.523,96.258,0.0,2.56
19930815,19.583,16.959,1.643,21.157,3.233,218.388,354.621,6.331,96.036,4.801,2.405
19930816,19.12,16.075,2.382,20.946,4.098,212.381,346.063,7.825,96.398,0.004,2.174
19930817,14.661,13.25,2.448,15.507,1.658,187.037,328.676,5.001,96.979,0.061,2.355
19930818,13.189,10.456,3.779,14.829,4.602,242.547,300.624,6.397,96.932,0.0,1.31
19930819,15.628,12.326,2.108,17.791,4.425,241.315,316.491,7.787,96.654,0.0,1.458
19930820,16.166,14.551,3.124,17.225,3.616,163.085,341.277,7.427,96.495,0.9,1.574
19930821,17.815,16.276,0.711,18.823,1.935,139.504,365.486,5.585,96.153,0.783,2.502
19930822,16.166,13.344,2.21,18.016,3.759,130.27,354.836,3.291,95.345,4.976,2.833
19930823,10.085,8.866,0.753,10.884,1.707,132.368,330.454,3.195,95.666,0.082,2.235
19930824,10.389,8.282,2.502,11.769,3.366,130.191,316.523,3.772,95.964,0.11,2.441
19930825,10.456,8.671,1.88,11.626,3.098,139.171,313.28,4.028,96.026,0.086,2.268
19930826,10.638,8.797,1.948,11.844,2.541,138.983,320.096,3.223,96.106,0.873,1.951
19930827,10.737,9.217,1.49,11.733,2.905,148.208,321.118,3.053,95.954,0.54,1.742
19930828,10.859,9.162,1.06,11.971,2.308,155.289,319.777,3.961,96.349,0.182,2.67
19930829,10.626,7.563,2.274,12.814,4.177,174.425,305.469,4.539,96.881,0.14,1.855
19930830,10.434,8.777,0.86,11.617,1.522,75.986,326.357,2.649,96.318,4.362,3.807
19930831,10.843,9.84,1.317,11.559,1.884,122.089,333.263,2.5,96.341,1.854,4.418
19930901,11.423,9.663,0.892,12.68,2.128,121.863,327.091,3.444,96.848,0.657,2.787
19930902,9.428,8.243,2.888,10.349,1.744,67.414,338.274,1.438,96.362,3.933,2.735
19930903,10.8,10.12,0.889,11.33,0.755,66.059,342.265,1.331,95.326,5.185,3.301
19930904,10.188,9.1,0.458,11.034,1.271,135.552,328.75,2.327,95.324,4.571,3.367
19930905,9.0,7.982,0.951,9.792,1.74,126.749,315.264,2.595,95.851,1.183,3.405
19930906,9.212,6.944,3.709,10.976,4.436,202.39,282.186,4.104,96.165,0.0,1.58
19930907,10.917,8.396,3.544,12.878,5.381,209.335,293.573,4.984,95.683,0.0,1.662
19930908,12.825,11.637,2.81,13.749,2.544,75.652,341.316,1.847,95.027,7.068,2.397
19930909,14.782,13.513,0.989,15.769,1.909,122.672,337.058,2.451,95.166,3.375,2.314
19930910,13.83,12.421,0.698,14.926,1.501,120.721,335.492,2.536,95.134,0.752,2.887
19930911,11.829,10.855,0.528,12.587,1.447,107.545,320.83,2.005,95.264,4.339,2.577
19930912,11.763,10.433,0.973,12.797,2.149,137.32,328.231,1.707,95.081,2.965,1.465
19930913,10.356,10.365,0.331,10.348,0.395,57.411,352.099,0.859,94.562,8.418,4.138
19930914,11.955,11.146,1.59,12.583,2.508,149.113,317.879,3.259,94.189,0.801,3.907
19930915,12.301,11.513,0.403,12.968,1.135,131.883,334.373,2.709,94.442,5.29,4.674
19930916,11.157,10.422,0.542,11.779,0.551,92.6,336.423,2.635,94.752,7.687,5.196
19930917,8.93,8.233,1.675,9.57,0.47,56.299,332.333,1.506,95.73,3.078,3.192
19930918,6.823,4.962,1.386,8.536,2.935,135.305,303.45,2.417,96.492,0.0,1.279
19930919,8.321,6.054,3.389,10.407,4.628,182.434,279.205,2.926,96.795,0.0,2.653
19930920,12.247,9.824,4.197,14.475,5.363,163.591,308.43,3.929,96.637,0.0,2.086
19930921,15.71,13.807,1.394,17.461,2.684,128.58,345.725,3.365,96.186,6.117,2.875
19930922,15.581,13.962,2.302,17.07,3.234,127.497,346.459,2.663,95.841,1.101,2.019
19930923,13.444,13.104,1.287,13.757,0.712,63.258,359.516,1.937,95.7,1.106,2.168
19930924,11.659,11.402,0.597,11.896,0.902,29.605,368.293,0.859,95.424,3.258,2.774
19930925,11.811,11.189,0.604,12.384,0.532,39.015,368.033,0.959,94.721,1.448,2.522
19930926,10.263,9.818,0.461,10.672,1.115,80.614,332.597,2.968,95.134,0.351,4.744
19930927,9.137,8.337,0.936,9.873,1.215,68.524,324.852,2.964,95.699,0.076,3.822
19930928,7.516,5.4,2.159,9.462,3.641,131.733,290.695,2.534,95.965,0.0,1.643
19930929,7.555,5.99,2.244,9.121,3.243,117.265,306.666,1.956,96.002,0.05,2.555
19930930,7.394,6.099,1.971,8.688,3.234,89.986,311.671,1.868,95.817,0.027,2.731
19931001,9.504,8.145,2.588,10.863,3.724,116.962,313.705,3.151,94.764,0.382,2.933
19931002,9.939,9.317,1.626,10.562,2.244,81.28,331.413,1.641,93.975,13.784,1.675
19931003,9.606,9.903,0.235,9.308,0.317,20.672,346.399,1.269,93.841,24.092,4.115
19931004,10.6,10.361,0.604,10.839,0.915,43.68,347.854,2.113,95.081,0.884,4.323
19931005,13.678,12.372,1.674,14.985,2.829,82.241,336.008,3.243,95.114,0.377,2.895
19931006,12.373,11.293,1.197,13.547,1.042,84.778,327.729,2.311,94.736,1.785,2.172
19931007,10.903,9.176,1.864,12.78,2.455,119.809,295.694,3.368,95.299,0.0,2.577
19931008,10.757,9.206,2.943,12.443,2.94,84.171,326.56,2.172,95.162,4.207,2.453
19931009,10.63,9.957,1.558,11.362,0.63,75.561,317.815,2.32,95.29,0.487,3.394
19931010,9.506,8.067,2.243,11.07,3.552,112.646,300.455,3.265,95.498,0.741,2.361
19931011,11.884,10.759,2.108,13.107,1.753,74.362,337.743,1.859,94.907,6.491,3.113
19931012,12.901,11.604,0.692,14.434,1.465,71.921,319.777,3.363,94.361,0.111,4.367
19931013,12.158,11.329,1.809,13.137,2.488,113.187,305.059,3.85,94.707,0.002,3.975
19931014,11.566,10.934,0.517,12.314,1.536,81.761,329.022,2.794,94.177,3.57,4.109
19931015,4.81,5.471,3.036,4.028,0.874,21.074,321.166,0.984,95.147,7.223,2.75
19931016,2.994,2.029,1.582,4.135,1.923,67.741,284.409,1.124,96.178,0.33,2.09
19931017,2.983,1.741,1.203,4.452,2.248,84.962,271.889,1.832,96.752,0.001,1.895
19931018,1.236,0.251,1.549,2.4,2.791,109.152,249.027,1.999,97.865,0.005,3.761
19931019,1.552,0.692,2.461,2.568,3.431,98.063,263.553,1.725,97.554,0.0,2.559
19931020,3.655,3.156,1.45,4.245,1.588,54.153,315.135,1.393,96.622,0.738,2.013
19931021,3.986,3.895,0.618,4.093,0.545,50.222,312.756,1.125,95.689,1.856,2.706
19931022,4.118,3.684,1.237,4.631,0.795,39.3,316.562,1.38,96.282,1.089,3.53
19931023,3.581,3.751,0.831,3.38,0.349,9.986,326.758,1.017,96.344,4.714,5.442
19931024,3.134,3.074,0.49,3.211,0.575,26.177,322.023,1.12,96.483,1.009,4.116
19931025,3.393,3.004,1.618,3.895,1.991,65.13,304.143,1.359,97.0,0.128,1.7
19931026,3.753,3.161,0.785,4.581,1.38,47.259,316.665,1.247,97.158,0.104,1.013
19931027,5.412,5.035,0.684,5.939,0.786,29.511,329.342,1.328,97.159,0.169,0.847
19931028,3.614,3.198,0.894,4.197,2.082,77.911,283.091,1.217,97.07,0.006,2.108
19931029,2.103,1.866,0.372,2.436,1.45,73.039,287.662,0.829,97.158,0.001,3.878
19931030,1.321,0.756,0.954,2.112,1.673,67.631,287.946,0.794,97.107,0.002,3.026
19931031,-0.42,-1.198,1.141,0.671,1.892,86.539,254.953,0.672,96.689,0.001,1.465
19931101,0.013,-0.377,0.45,0.559,1.268,64.282,283.927,0.664,96.229,0.015,0.982
19931102,0.684,0.112,0.579,1.484,1.457,70.875,285.443,0.775,95.741,0.02,1.304
19931103,1.657,0.718,1.121,2.972,2.556,68.503,291.838,0.873,95.646,0.004,1.204
19931104,1.443,1.137,0.741,1.872,1.959,57.311,301.261,0.775,95.741,0.062,1.128
19931105,1.133,1.594,1.22,0.488,0.533,48.955,315.785,0.587,95.575,0.145,2.666
19931106,2.518,2.608,0.738,2.391,0.322,10.608,331.181,0.548,95.091,1.797,4.161
19931107,3.221,3.097,0.676,3.394,0.417,4.763,329.637,0.529,94.935,3.967,1.858
19931108,4.234,4.076,0.25,4.455,0.385,11.451,331.132,0.639,95.537,2.145,1.926
19931109,3.978,3.901,0.174,4.086,0.352,18.078,317.326,0.936,96.145,1.065,2.394
19931110,4.065,3.763,0.514,4.526,1.102,52.907,296.248,1.828,96.247,0.164,2.119
19931111,4.95,4.224,0.51,6.059,0.822,33.159,301.594,1.544,95.914,1.557,3.014
19931112,2.805,1.963,1.126,4.09,1.032,34.944,278.566,1.336,96.581,0.144,2.463
19931113,2.079,1.429,0.922,3.164,1.704,53.368,271.411,1.259,96.622,0.001,2.809
19931114,3.64,3.031,1.941,4.654,2.336,15.657,313.978,1.319,94.941,9.304,5.967
19931115,1.926,2.112,1.127,1.615,0.75,14.693,318.99,0.791,95.85,8.5,4.827
19931116,0.215,0.173,0.417,0.287,0.649,35.634,283.913,1.106,97.562,0.856,2.888
19931117,-0.475,-0.656,0.985,-0.174,0.242,37.81,280.034,1.25,97.89,0.239,2.508
19931118,-2.959,-3.267,0.987,-2.447,0.702,46.887,250.389,1.022,97.845,0.007,3.156
19931119,-4.67,-5.024,1.847,-4.082,2.373,59.446,239.419,1.07,97.284,0.109,2.044
19931120,-3.978,-4.603,1.563,-2.935,0.468,46.092,258.874,0.786,96.506,0.465,2.954
19931121,-8.357,-8.149,0.907,-8.705,0.495,31.69,261.634,0.614,96.187,0.545,3.627
19931122,-5.341,-5.263,0.565,-5.47,0.877,46.322,248.781,0.691,96.49,0.12,1.284
19931123,-4.71,-4.994,0.832,-4.237,1.256,58.108,226.126,1.22,96.423,0.023,2.35
19931124,-5.796,-5.842,1.1,-5.719,1.199,44.968,237.843,0.887,96.629,0.0,1.438
19931125,-2.771,-3.405,0.808,-1.715,2.307,53.449,254.48,1.167,97.075,0.0,1.381
19931126,-4.48,-4.935,1.119,-3.721,2.241,51.825,243.8,0.679,97.261,0.001,1.706
19931127,-6.552,-6.279,0.466,-7.007,0.465,40.521,259.958,0.55,97.102,0.053,2.704
19931128,-4.177,-4.193,2.008,-4.148,1.155,25.327,289.699,0.821,97.031,0.721,2.484
19931129,-6.571,-6.286,2.711,-7.09,0.406,34.522,263.015,0.651,97.024,1.228,2.672
19931130,-7.34,-7.866,1.585,-6.381,1.843,51.735,229.721,0.655,96.107,0.0,2.07
19931201,-5.856,-5.941,1.916,-5.701,1.669,44.79,245.063,0.604,95.418,0.006,1.54
19931202,-0.093,-0.372,3.04,0.417,1.206,9.638,308.59,0.811,95.84,1.822,4.769
19931203,5.275,4.98,0.86,5.814,0.583,6.873,334.55,1.156,96.286,0.177,4.751
19931204,5.148,5.502,1.089,4.502,0.55,36.724,310.847,1.345,95.816,1.201,5.203
19931205,3.618,3.674,1.238,3.516,0.97,26.239,313.572,1.454,96.602,0.204,3.554
19931206,3.368,2.988,0.641,4.06,0.665,19.602,309.928,1.346,96.712,0.016,2.795
19931207,1.071,1.072,0.53,1.069,0.886,24.647,301.584,1.187,95.37,3.93,4.356
19931208,1.663,1.849,1.741,1.324,0.437,26.525,301.308,1.122,94.566,6.403,4.94
19931209,5.918,6.162,0.961,5.473,0.158,14.345,310.901,2.507,93.943,6.479,8.941
19931210,4.672,4.742,0.899,4.544,0.785,18.285,311.122,1.728,95.101,2.419,4.759
19931211,1.829,1.81,1.057,1.864,0.327,32.686,279.255,1.537,94.625,1.948,5.405
19931212,1.509,1.217,0.317,2.042,0.301,25.851,298.118,1.286,95.532,2.118,4.174
19931213,3.643,3.048,2.481,4.728,1.419,6.934,322.76,0.925,94.187,15.173,4.793
19931214,1.969,2.049,2.374,1.824,1.556,12.286,303.222,1.077,94.485,1.688,3.201
19931215,0.8,0.824,1.312,0.755,0.545,25.016,296.266,1.249,93.875,2.02,4.282
19931216,2.6,2.411,0.345,2.945,0.403,22.33,299.857,1.467,93.516,2.851,6.107
19931217,2.204,2.019,0.373,2.542,0.515,30.912,277.294,1.616,95.084,1.633,5.016
19931218,5.211,4.544,2.137,6.427,0.716,10.56,331.301,1.198,96.219,2.643,3.736
19931219,8.212,8.533,1.319,7.626,0.433,5.938,340.442,1.812,95.025,13.575,7.581
19931220,2.245,2.603,2.502,1.593,0.971,6.589,309.336,1.389,94.805,12.796,3.155
19931221,1.788,0.975,1.13,3.269,0.549,12.821,311.796,0.86,93.992,17.875,3.299
19931222,0.295,0.338,1.458,0.217,0.757,29.417,281.257,1.001,94.677,4.265,5.699
19931223,1.742,1.865,0.636,1.517,0.244,34.455,282.776,1.415,94.428,3.278,5.236
19931224,1.574,1.351,0.533,1.979,0.428,22.282,294.44,0.96,93.591,2.907,3.141
19931225,-0.921,-1.053,1.035,-0.679,0.318,13.061,299.305,0.757,93.701,4.494,3.422
19931226,-0.992,-1.176,0.755,-0.658,0.309,18.72,302.359,0.807,94.173,7.586,4.424
19931227,-1.014,-1.086,0.566,-0.883,0.213,26.955,285.467,0.723,95.157,1.81,2.163
19931228,-1.338,-1.481,0.185,-1.078,0.459,24.239,284.543,0.897,95.555,0.107,3.052
19931229,-0.534,-0.651,1.446,-0.322,0.88,23.714,285.562,0.985,95.654,2.827,3.852
19931230,3.74,3.731,1.753,3.757,0.513,26.77,318.475,1.273,95.227,4.751,5.864
19931231,5.932,5.564,0.814,6.602,0.343,29.313,316.079,1.688,94.587,14.333,5.508
19940101,1.698,1.651,1.257,1.783,0.38,32.175,284.998,1.272,95.245,1.355,3.505
19940102,0.459,0.932,1.773,-0.402,0.328,10.938,304.084,0.955,94.577,8.525,4.561
19940103,3.408,3.362,0.308,3.491,0.268,18.85,314.079,1.183,94.608,7.513,4.156
19940104,4.281,4.489,0.575,3.9,0.916,37.599,292.358,1.622,94.228,1.6,4.357
19940105,3.879,4.134,0.715,3.415,0.591,18.967,310.735,1.473,93.88,5.646,5.275
19940106,5.198,5.037,0.578,5.491,0.803,24.305,305.783,1.442,93.483,3.925,3.942
19940107,4.081,3.857,0.938,4.489,0.596,30.692,293.992,1.28,94.01,0.006,1.46
19940108,1.966,1.353,1.366,3.085,0.72,26.502,294.194,1.273,95.436,0.861,1.992
19940109,-0.16,-0.714,0.769,0.849,1.406,34.898,281.014,0.709,95.59,0.009,1.341
19940110,0.661,0.343,0.564,1.242,0.65,30.033,290.781,0.788,94.809,0.004,1.89
19940111,1.484,1.554,0.542,1.355,0.24,7.384,317.772,0.61,94.856,0.6,1.152
19940112,4.168,4.161,1.271,4.182,0.772,18.069,322.728,1.166,95.383,3.171,4.737
19940113,7.426,7.342,1.571,7.58,0.594,40.223,308.405,2.177,95.336,2.429,6.324
19940114,4.69,4.341,0.853,5.272,0.794,42.433,279.694,2.001,95.521,1.195,5.403
19940115,2.743,2.277,0.76,3.519,0.597,29.694,291.089,1.641,95.331,0.589,3.776
19940116,0.323,-0.05,0.446,0.945,0.538,28.535,291.054,0.847,94.973,1.548,1.504
19940117,-3.435,-3.766,1.49,-2.885,0.519,27.304,262.325,1.266,96.017,0.166,2.201
19940118,-2.944,-3.361,2.207,-2.25,1.92,39.458,257.617,1.389,96.927,0.0,4.124
19940119,-1.102,-1.241,1.09,-0.87,1.125,31.599,278.505,1.62,96.554,0.085,3.79
19940120,-0.771,-1.157,0.777,-0.126,0.384,34.908,275.509,1.041,96.743,0.927,2.457
19940121,-1.352,-1.675,1.168,-0.814,0.758,24.523,291.174,1.015,97.035,0.064,3.451
19940122,0.435,0.412,0.836,0.474,0.499,9.131,318.093,0.819,96.941,0.467,4.364
19940123,3.157,2.495,1.395,4.261,1.04,5.637,319.726,1.087,96.088,9.154,5.947
19940124,1.751,1.483,0.325,2.197,0.443,38.804,286.775,1.997,95.879,0.962,4.66
19940125,4.48,4.102,3.348,5.109,2.417,5.441,319.267,1.343,95.165,9.08,4.904
19940126,2.866,3.51,1.662,1.793,0.39,30.641,296.501,1.48,94.879,7.097,5.661
19940127,4.298,3.96,1.626,4.862,0.522,14.67,323.209,1.509,95.337,2.058,6.968
19940128,1.482,1.546,2.506,1.377,0.702,40.338,284.991,1.526,94.994,8.55,7.923
19940129,-0.041,-0.276,0.351,0.352,0.489,51.58,276.562,1.432,96.942,1.743,5.352
19940130,2.646,2.168,1.31,3.441,0.418,15.968,314.937,1.092,96.169,3.758,5.807
19940131,2.366,2.299,0.537,2.479,0.71,52.677,291.556,1.579,96.245,1.757,4.765
19940201,1.641,1.415,0.426,1.987,0.831,33.123,288.582,1.699,96.094,0.079,3.112
19940202,2.6,2.105,1.236,3.357,0.429,50.48,287.787,2.144,95.654,0.332,3.917
19940203,0.021,-0.189,0.906,0.342,1.75,60.676,276.26,1.309,95.072,1.667,2.339
19940204,1.671,1.08,0.585,2.499,1.556,65.791,287.354,0.973,94.721,0.755,3.301
19940205,0.075,-0.129,0.626,0.361,0.915,64.424,265.048,0.958,95.153,0.001,3.094
19940206,0.751,0.311,1.365,1.366,1.026,47.821,293.471,0.977,95.535,0.744,1.398
19940207,1.795,1.718,0.234,1.902,0.276,22.821,319.684,0.724,95.738,0.348,0.628
19940208,0.464,0.433,0.56,0.508,0.674,35.564,296.158,0.772,96.119,0.699,1.167
19940209,2.174,2.078,0.667,2.309,1.515,71.781,296.862,1.498,96.566,0.582,3.481
19940210,1.569,1.506,0.726,1.656,0.437,47.215,294.077,1.004,95.769,3.205,3.122
19940211,0.556,0.11,0.389,1.179,0.301,59.674,286.854,1.004,96.419,1.662,2.171
19940212,-0.946,-1.029,0.61,-0.829,0.141,52.261,283.77,0.943,96.899,1.714,3.329
19940213,-9.42,-8.738,3.832,-10.375,1.433,72.996,242.671,0.751,96.939,0.379,5.623
19940214,-9.976,-10.332,2.673,-9.478,2.785,105.511,204.921,1.144,96.993,0.001,6.348
19940215,-6.204,-7.205,2.907,-4.802,3.635,107.769,207.041,1.896,96.817,0.0,5.038
19940216,-5.09,-5.809,2.678,-4.084,3.285,108.194,210.473,2.135,96.842,0.0,3.414
19940217,-4.775,-5.612,1.224,-3.602,2.131,108.898,216.87,2.178,96.33,0.0,1.7
19940218,-6.484,-7.686,1.408,-4.939,2.356,110.33,212.657,1.731,96.374,0.0,1.878
19940219,-6.133,-7.252,2.645,-4.696,3.557,94.638,226.336,1.867,96.441,0.004,1.133
19940220,-6.928,-7.1,0.746,-6.724,1.343,84.439,237.464,1.161,95.516,0.491,1.395
19940221,-6.255,-6.779,1.25,-5.635,1.33,93.278,254.651,0.92,95.557,2.121,1.801
19940222,-5.896,-6.55,4.662,-5.124,3.034,68.862,271.203,0.75,95.475,1.678,1.611
19940223,-2.447,-1.969,1.272,-3.013,0.758,75.699,294.875,0.659,94.971,6.999,2.052
19940224,-0.019,-0.662,2.561,0.74,2.094,60.974,312.237,0.848,94.647,4.728,1.405
19940225,2.239,2.016,0.59,2.504,0.569,38.673,319.027,0.872,95.652,0.887,1.391
19940226,3.823,2.939,2.554,4.868,2.987,78.444,301.645,1.409,95.72,0.011,2.271
19940227,6.506,5.183,1.364,8.069,2.952,97.615,283.909,2.821,95.016,0.0,2.904
19940228,6.997,5.965,1.553,8.218,1.4,68.554,316.582,2.031,95.062,1.675,2.23
19940301,5.144,3.686,0.7,6.868,1.468,80.934,304.903,1.43,95.52,3.184,1.888
19940302,3.073,2.596,1.17,3.636,0.751,39.257,313.086,1.163,95.933,4.377,3.387
19940303,4.742,4.075,1.367,5.531,2.042,115.475,292.797,2.379,96.102,3.217,4.172
19940304,3.481,2.446,1.59,4.703,1.652,95.785,280.73,2.295,96.712,0.699,4.492
19940305,4.681,3.303,3.829,6.311,4.32,131.296,257.461,3.798,96.409,0.67,2.907
19940306,5.626,5.6,0.741,5.655,1.389,93.838,303.704,3.03,96.367,1.716,3.743
19940307,5.517,5.509,1.247,5.525,0.737,29.906,322.975,1.73,96.046,1.788,5.201
19940308,8.207,8.048,1.199,8.367,0.862,17.527,345.676,1.276,96.194,0.604,3.763
19940309,11.016,10.238,0.886,11.795,1.626,50.499,336.233,2.811,96.254,0.134,3.653
19940310,7.298,6.201,2.635,8.394,0.875,112.546,288.612,3.206,96.819,0.075,3.063
19940311,5.135,3.789,3.766,6.481,5.068,150.112,263.683,3.294,96.747,0.0,1.947
19940312,5.107,4.254,0.959,5.961,0.962,58.046,301.154,1.672,95.831,2.22,2.412
19940313,4.073,3.181,0.562,4.966,1.212,21.771,300.621,1.725,94.793,8.32,7.102
19940314,6.341,5.898,1.916,6.784,2.57,99.195,309.874,3.124,95.591,0.56,7.233
19940315,6.869,6.372,1.911,7.367,0.349,19.905,339.054,1.305,95.357,21.684,5.644
19940316,2.753,2.158,0.427,3.348,0.697,133.957,283.117,1.528,95.361,3.38,4.981
19940317,1.354,0.861,0.274,1.847,1.3,138.075,275.436,1.701,95.207,6.082,6.799
19940318,1.557,1.452,0.903,1.663,0.888,116.12,284.644,1.322,95.509,5.566,4.274
19940319,4.172,3.863,1.687,4.481,1.339,55.646,307.008,1.844,94.513,14.557,6.536
19940320,0.848,0.572,0.48,1.102,0.78,152.206,260.614,1.635,95.387,1.752,3.978
19940321,1.417,0.26,1.22,2.482,2.275,118.153,278.404,1.867,95.767,0.024,1.836
19940322,3.313,2.454,2.834,4.103,3.791,125.354,299.016,1.954,96.408,3.491,2.495
19940323,8.142,7.9,2.068,8.365,1.157,32.053,343.059,1.564,96.037,2.984,5.979
19940324,8.859,8.872,2.427,8.846,1.078,97.437,321.842,3.3,95.479,5.671,6.767
19940325,7.846,7.02,1.779,8.545,2.349,28.009,324.224,2.278,94.973,5.565,5.753
19940326,3.497,3.037,1.428,3.886,1.037,137.587,285.205,1.788,95.252,3.021,5.016
19940327,1.81,0.574,1.318,2.856,1.915,116.389,271.576,2.434,96.442,0.336,2.314
19940328,4.512,3.146,4.564,5.667,3.817,160.29,282.205,3.64,96.108,0.225,3.234
19940329,9.828,8.824,1.071,10.678,1.374,78.881,333.118,2.529,96.116,1.479,4.273
19940330,11.32,10.077,2.008,12.373,3.371,137.507,313.036,4.235,96.186,0.778,2.494
19940331,9.661,8.904,2.01,10.301,1.345,125.099,295.714,3.342,95.051,1.395,4.618
19940401,8.561,6.857,1.129,10.002,1.028,127.88,310.486,2.985,93.89,6.534,5.901
19940402,3.986,2.897,1.529,4.834,1.105,172.354,271.676,2.407,94.643,1.444,3.922
19940403,2.429,1.161,1.296,3.415,2.089,165.878,270.383,2.082,95.798,0.801,2.394
19940404,1.972,1.961,1.616,1.98,0.696,46.561,294.949,1.471,94.818,7.623,5.579
19940405,3.183,2.43,1.143,3.769,2.003,201.461,268.523,2.769,95.234,1.286,4.757
19940406,3.332,2.104,1.558,4.287,1.912,156.386,279.672,2.398,95.288,0.74,2.406
19940407,2.405,0.737,2.262,3.703,3.153,164.649,277.294,2.183,94.793,0.264,1.562
19940408,4.199,3.036,1.758,5.103,2.264,174.007,280.373,2.224,94.873,1.492,1.992
19940409,3.229,2.188,0.851,4.039,1.761,128.555,281.406,1.727,94.013,5.359,4.72
19940410,2.106,0.669,1.652,3.224,2.496,177.075,276.434,1.929,94.497,2.154,2.211
19940411,3.487,3.384,2.27,3.567,1.994,109.331,321.889,1.299,95.473,7.951,2.981
19940412,6.853,6.597,1.107,7.035,1.157,93.175,337.128,1.424,95.253,15.112,4.623
19940413,5.075,5.314,1.051,4.904,0.5,45.581,334.932,0.781,94.556,28.21,5.296
19940414,2.939,1.832,1.483,3.73,1.051,137.01,292.128,2.074,95.324,2.164,4.418
19940415,3.527,1.094,3.273,5.265,3.754,183.103,278.976,3.108,95.942,0.0,1.561
19940416,5.3,4.18,3.592,6.033,3.055,143.239,307.123,2.256,96.211,0.143,3.914
19940417,5.45,5.425,0.84,5.466,1.202,60.026,320.099,2.228,95.403,1.146,4.408
19940418,3.607,2.534,1.109,4.311,2.27,120.937,290.658,2.96,95.512,0.035,2.49
19940419,4.828,2.602,3.011,6.286,4.102,176.359,292.046,3.879,95.302,0.0,1.106
19940420,7.394,5.242,3.418,8.805,4.438,198.971,292.757,4.717,95.078,0.047,1.76
19940421,9.614,7.676,3.173,10.884,3.999,208.586,288.1,5.132,95.224,0.159,1.531
19940422,10.855,8.972,2.669,12.089,4.344,230.107,292.904,4.935,95.573,0.417,1.717
19940423,12.97,10.233,2.76,14.763,4.468,245.579,299.145,6.678,95.404,0.161,2.533
19940424,12.873,10.273,1.876,14.577,3.915,226.959,307.815,5.797,95.325,1.305,1.625
19940425,12.59,10.102,1.354,14.221,3.872,217.968,316.368,5.003,95.3,4.302,1.827
19940426,11.324,10.479,1.468,11.877,2.915,234.069,316.12,4.993,96.385,0.763,2.546
19940427,12.138,10.456,1.849,13.24,2.69,169.04,323.689,3.206,96.942,1.573,2.028
19940428,13.61,11.987,1.575,14.674,2.608,123.04,345.98,3.511,97.333,0.963,1.917
19940429,15.074,12.728,3.063,16.611,4.034,197.236,332.007,5.592,97.232,0.093,1.168
19940430,15.492,12.449,2.213,17.485,4.31,218.865,325.711,5.718,96.441,2.308,2.745
19940501,6.827,6.654,1.483,6.921,0.867,132.362,315.119,3.355,96.72,0.06,3.353
19940502,6.664,4.7,1.482,7.741,2.825,138.501,311.302,3.521,96.927,0.072,1.812
19940503,9.538,6.499,4.25,11.205,5.302,288.627,270.579,5.859,96.313,0.0,3.244
19940504,9.125,7.476,0.549,10.029,1.649,120.435,311.842,2.984,95.552,3.263,2.19
19940505,7.318,6.792,0.644,7.606,0.98,164.419,312.372,1.608,95.949,8.007,3.188
19940506,8.985,6.885,3.27,10.137,3.904,173.944,311.888,3.329,96.364,0.013,1.891
19940507,12.818,10.733,1.907,13.962,3.118,124.278,339.281,4.898,96.162,0.107,2.102
19940508,13.036,10.023,2.085,14.688,4.245,292.323,284.729,7.803,95.632,0.0,3.08
19940509,12.014,9.42,1.389,13.436,3.523,231.409,308.899,4.518,95.762,0.022,2.232
19940510,12.029,10.763,2.326,12.723,3.082,217.655,324.939,4.488,95.915,0.222,2.014
19940511,12.728,10.539,2.725,13.929,3.679,237.637,300.743,6.012,95.794,0.007,2.99
19940512,12.726,9.881,1.901,14.287,3.767,257.985,300.469,6.051,95.582,0.134,2.456
19940513,11.704,9.585,2.364,12.866,3.368,221.936,308.635,4.031,95.812,1.567,2.661
19940514,14.114,11.37,2.91,15.619,4.258,254.968,320.291,4.995,95.377,0.161,2.907
19940515,14.515,12.756,1.161,15.48,2.456,205.278,325.626,5.456,95.285,0.602,4.243
19940516,15.049,11.978,3.803,16.734,4.648,246.595,319.201,6.759,95.341,0.656,1.641
19940517,15.101,13.188,0.987,16.15,2.124,277.459,321.415,5.507,95.081,0.363,3.041
19940518,13.863,12.22,1.321,14.763,2.919,194.85,331.034,4.397,94.897,6.808,2.439
19940519,10.285,10.483,1.773,10.176,0.841,32.523,354.84,1.287,94.532,17.395,3.998
19940520,10.139,8.933,1.428,10.743,2.697,176.358,330.991,2.986,94.929,0.104,1.989
19940521,11.689,10.323,1.694,12.309,2.6,139.905,340.112,2.501,95.206,3.457,2.599
19940522,12.907,11.005,0.887,13.772,2.232,237.845,312.791,4.559,95.604,1.15,3.52
19940523,11.286,10.163,0.884,11.797,1.693,108.923,335.723,1.948,95.486,9.243,2.045
19940524,13.586,11.302,3.295,14.624,4.059,229.315,324.55,4.644,95.458,4.747,1.384
19940525,13.849,12.593,0.519,14.421,1.22,158.545,352.063,2.444,95.366,5.141,2.533
19940526,12.044,11.11,0.423,12.469,1.492,134.574,350.781,2.583,95.357,4.632,1.593
19940527,8.755,9.062,1.105,8.615,0.971,151.473,330.749,2.259,95.706,5.827,2.916
19940528,9.655,7.884,1.265,10.46,2.595,151.019,321.96,2.859,96.031,1.014,1.091
19940529,8.636,7.319,0.734,9.234,1.143,185.764,311.605,2.263,96.098,1.522,2.001
19940530,8.145,5.909,0.95,9.162,2.879,238.958,292.664,4.153,96.631,0.002,2.414
19940531,9.785,6.55,4.615,11.256,4.89,291.803,287.924,5.111,96.575,0.0,2.398
19940601,14.241,10.701,3.586,15.85,5.325,316.867,294.958,7.787,96.264,0.0,1.829
19940602,16.952,13.268,1.982,18.626,4.251,165.846,347.8,6.105,95.29,5.925,3.258
19940603,14.418,13.322,0.792,14.917,2.101,216.651,328.417,5.363,95.504,0.62,5.011
19940604,10.535,10.128,0.805,10.721,1.12,191.593,326.939,3.208,95.313,4.72,4.706
19940605,8.816,7.833,0.839,9.262,1.169,146.475,321.686,2.423,95.255,8.885,4.004
19940606,10.34,8.357,3.33,11.242,3.588,201.002,309.91,4.562,96.253,0.81,3.096
19940607,14.671,12.157,1.622,15.814,3.095,164.914,352.144,4.283,96.246,0.512,3.209
19940608,15.567,12.458,2.512,16.98,4.14,234.778,338.917,4.752,95.999,6.645,1.137
19940609,9.772,9.188,1.73,10.038,1.813,194.175,319.55,3.505,96.442,3.969,4.023
19940610,9.374,8.089,0.476,9.959,1.431,206.212,312.683,2.676,96.484,6.251,2.825
19940611,9.322,7.852,0.886,9.99,2.156,167.113,319.135,2.987,96.793,0.165,2.483
19940612,11.918,8.417,3.046,13.51,4.004,240.123,310.081,4.515,97.169,0.025,2.328
19940613,11.523,10.168,1.574,12.138,2.371,214.965,327.677,3.057,96.937,0.028,2.288
19940614,13.771,11.964,1.602,14.593,3.487,289.231,312.201,5.162,96.392,0.012,2.159
19940615,11.629,11.133,0.929,11.854,2.632,268.817,314.232,4.706,96.141,0.017,2.759
19940616,10.799,9.692,0.938,11.302,1.038,100.86,340.875,2.805,95.606,4.843,4.007
19940617,10.392,9.168,1.475,10.949,2.434,164.823,331.354,3.121,95.835,0.685,2.357
19940618,15.142,12.67,4.041,16.265,4.15,175.606,336.814,5.865,95.578,0.069,3.102
19940619,17.869,15.528,1.301,18.933,3.52,312.814,316.45,9.39,95.536,0.0,3.676
19940620,14.794,13.761,1.364,15.263,1.852,114.454,346.221,3.539,95.974,0.503,1.744
19940621,17.145,15.343,1.605,17.964,2.677,227.961,349.526,6.264,96.25,0.607,2.659
19940622,17.765,16.221,1.128,18.467,1.055,160.326,354.488,6.672,96.238,0.494,5.113
19940623,14.445,12.509,0.939,15.325,2.538,285.562,315.694,7.128,96.715,0.0,2.911
19940624,14.624,11.728,3.673,15.94,5.06,317.925,301.101,7.799,96.379,0.0,2.27
19940625,20.383,16.848,5.916,21.991,6.426,316.865,329.152,12.98,95.752,0.0,2.126
19940626,20.935,18.984,1.705,21.822,3.396,277.955,360.264,6.863,95.897,0.525,1.362
19940627,21.102,18.405,1.813,22.212,3.18,226.295,369.407,6.368,96.381,0.033,2.086
19940628,22.318,20.037,2.939,23.257,3.958,283.364,370.207,7.621,96.38,0.822,2.74
19940629,21.572,19.127,0.864,22.683,2.734,232.371,363.641,5.756,96.121,6.864,2.48
19940630,16.601,15.137,1.346,17.267,2.678,315.075,318.682,6.796,96.738,0.021,2.0
19940701,16.735,13.528,3.446,18.192,4.261,311.226,314.478,8.036,96.525,0.0,2.428
19940702,19.373,16.132,3.369,20.846,5.07,313.521,326.997,10.007,96.163,0.0,2.362
19940703,22.326,18.441,3.645,24.092,5.539,269.657,350.73,13.206,96.005,0.0,1.562
19940704,21.703,17.053,1.488,23.817,4.935,239.893,365.281,10.092,95.912,9.098,1.652
19940705,18.206,16.361,1.226,19.044,1.793,164.555,368.783,3.859,96.111,2.082,1.947
19940706,17.853,15.849,1.646,18.765,2.893,215.506,352.995,4.699,96.092,2.217,1.523
19940707,14.558,13.854,2.072,14.878,0.796,130.949,346.568,3.096,95.821,23.081,2.826
19940708,13.778,11.876,2.036,14.642,2.816,156.502,333.832,4.639,95.951,0.301,3.648
19940709,15.27,12.976,1.503,16.313,2.786,236.58,328.532,4.387,96.266,0.329,2.401
19940710,16.496,13.484,2.653,17.865,4.528,260.869,325.8,6.564,96.745,0.0,1.374
19940711,18.755,15.289,4.167,20.331,4.923,292.806,328.066,9.002,96.777,0.0,2.243
19940712,20.659,17.788,2.754,21.964,4.234,283.629,338.766,10.756,96.557,0.0,2.887
19940713,21.449,18.181,2.057,22.935,4.205,283.016,342.269,11.03,96.322,0.007,2.421
19940714,20.995,17.29,1.488,22.68,4.177,255.46,355.082,10.323,96.273,0.231,1.871
19940715,18.875,17.352,1.434,19.567,2.391,156.498,369.713,4.096,96.407,11.44,1.388
19940716,19.281,17.296,2.123,20.183,3.563,226.061,351.563,5.988,96.441,0.787,1.374
19940717,19.117,16.868,1.542,20.139,3.095,213.379,359.546,4.904,96.278,5.015,1.773
19940718,17.898,17.101,1.37,18.296,2.136,163.974,369.991,4.835,96.065,0.204,2.809
19940719,17.457,16.647,0.873,17.861,1.617,135.0,362.991,6.485,95.906,0.041,3.525
19940720,18.22,15.973,1.441,19.343,2.984,213.54,350.298,9.072,96.048,0.0,3.143
19940721,19.158,15.692,2.698,20.891,4.234,266.412,335.873,10.505,96.188,0.0,1.967
19940722,21.016,16.842,3.274,23.104,5.008,298.38,331.436,13.594,96.22,0.0,1.521
19940723,22.092,18.18,3.068,24.048,5.181,274.286,344.241,14.933,96.151,0.0,1.649
19940724,22.248,18.211,3.222,24.266,5.387,302.656,330.451,17.142,96.0,0.0,2.457
19940725,23.024,18.764,2.915,25.153,5.325,271.028,352.044,16.393,95.907,0.002,1.766
19940726,22.528,19.904,2.233,23.84,3.578,257.678,368.239,10.63,96.246,0.083,1.673
19940727,23.472,20.241,3.162,25.088,4.712,256.588,359.317,14.305,96.307,0.0,1.35
19940728,24.497,20.359,3.221,26.566,5.146,260.661,362.9,16.786,96.002,0.004,2.231
19940729,22.037,20.566,1.362,22.773,3.213,255.427,363.083,9.519,96.061,0.0,2.032
19940730,22.608,19.772,1.915,24.026,4.003,239.908,369.306,11.08,95.871,0.751,1.115
19940731,24.737,21.85,3.207,26.181,4.859,265.811,372.372,15.985,95.631,0.099,1.237
19940801,23.574,20.304,1.422,25.208,3.532,249.682,370.394,13.289,95.644,1.511,2.182
19940802,20.708,18.808,1.233,21.75,3.033,256.924,349.687,10.088,96.226,0.001,1.975
19940803,21.779,18.665,3.366,23.486,4.65,224.927,353.165,13.284,96.433,0.002,1.849
19940804,23.893,20.691,3.425,25.648,5.114,277.963,348.778,17.753,96.445,0.0,2.44
19940805,24.694,20.337,1.856,27.082,5.442,249.82,364.424,18.362,96.241,0.0,1.717
19940806,20.451,18.552,1.262,21.492,2.8,204.521,369.636,5.807,96.382,5.069,1.929
19940807,18.13,16.714,1.186,18.907,2.062,139.79,368.134,5.955,96.293,1.027,1.959
19940808,18.308,16.996,1.322,19.028,2.278,126.487,373.418,6.774,96.095,0.04,2.137
19940809,18.386,16.474,1.49,19.532,3.287,178.233,353.024,8.398,95.896,0.082,1.335
19940810,19.909,17.436,3.609,21.393,4.561,207.202,355.36,9.641,95.142,0.042,2.572
19940811,18.478,17.087,1.117,19.313,1.975,184.89,358.831,6.117,95.051,2.627,3.123
19940812,15.797,14.627,0.642,16.499,1.402,160.946,350.938,3.607,95.371,2.238,3.353
19940813,13.369,12.421,1.142,13.937,0.994,117.748,329.662,4.956,95.751,0.531,4.99
19940814,11.063,9.335,0.876,12.099,2.103,161.845,313.483,4.188,96.18,1.016,4.616
19940815,11.866,9.574,1.792,13.241,3.066,181.186,312.558,5.566,96.59,0.0,3.452
19940816,13.879,10.966,3.306,15.627,4.849,253.577,303.712,7.507,96.518,0.0,1.115
19940817,15.299,11.638,1.649,17.495,4.394,208.163,329.481,7.064,95.472,1.868,3.043
19940818,11.418,11.515,0.807,11.36,1.023,76.32,334.79,2.194,95.113,6.626,5.583
19940819,13.369,12.699,1.805,13.809,1.755,88.479,349.725,3.234,95.143,4.421,4.479
19940820,14.893,13.581,0.99,15.752,2.371,145.911,338.241,4.637,95.662,0.298,2.93
19940821,14.643,12.426,2.501,16.095,3.644,147.728,340.798,5.294,96.027,0.108,1.468
19940822,17.256,15.048,3.157,18.702,4.513,209.259,339.515,7.599,96.169,0.839,2.194
19940823,18.741,16.816,2.029,20.002,4.146,193.148,353.949,6.096,95.916,11.964,1.214
19940824,16.418,15.486,0.721,17.028,1.448,120.003,354.509,2.677,95.615,6.165,1.448
19940825,12.939,12.319,1.002,13.346,0.485,56.192,352.439,1.357,95.243,6.642,1.432
19940826,14.594,12.688,3.677,15.842,4.16,166.954,339.603,4.111,95.468,0.317,1.982
19940827,16.905,15.701,1.048,17.693,1.947,136.284,363.113,4.645,95.739,1.607,3.351
19940828,14.761,14.059,2.105,15.221,0.826,149.749,342.144,3.809,95.63,5.851,3.667
19940829,12.514,10.794,1.584,13.743,2.52,190.123,307.048,5.182,95.935,0.001,3.519
19940830,11.745,9.82,1.963,13.12,2.839,170.908,316.267,3.646,96.085,0.142,1.211
19940831,13.874,11.739,3.805,15.398,4.074,205.552,320.647,4.764,95.899,0.078,2.924
19940901,15.44,13.487,0.884,16.835,2.43,155.599,342.578,3.766,95.605,3.314,2.284
19940902,14.278,12.114,1.679,15.961,3.032,161.337,337.555,3.925,95.747,0.293,2.051
19940903,12.955,12.024,1.808,13.68,1.986,116.653,336.966,4.243,95.886,0.035,3.854
19940904,14.21,13.3,2.048,14.918,2.452,135.757,333.414,4.926,96.045,0.078,3.116
19940905,14.225,13.709,1.245,14.627,0.407,68.516,347.682,2.912,96.021,3.781,3.471
19940906,11.435,10.24,1.73,12.365,2.935,172.207,319.195,4.237,95.969,10.347,2.048
19940907,12.134,11.434,1.543,12.678,1.408,79.561,354.444,1.826,95.326,8.775,2.167
19940908,12.253,11.971,0.31,12.473,0.645,50.66,346.169,1.063,95.106,14.319,2.028
19940909,11.468,11.04,0.781,11.8,1.41,159.843,314.1,3.291,95.141,2.167,5.723
19940910,11.37,10.132,0.809,12.334,1.733,104.432,315.73,3.337,95.288,3.084,4.669
19940911,11.889,11.139,1.603,12.472,2.515,169.145,317.814,3.851,95.477,4.183,4.173
19940912,14.171,13.339,2.333,14.818,2.082,59.197,348.462,2.22,95.328,7.279,3.625
19940913,13.677,12.522,1.551,14.575,1.776,150.264,321.91,4.384,95.638,0.026,2.355
19940914,12.846,11.521,3.072,13.876,2.954,115.416,343.995,2.61,94.695,1.41,3.397
19940915,11.347,11.364,1.109,11.333,1.09,123.566,330.684,2.935,93.888,5.749,5.791
19940916,9.18,9.571,0.431,8.85,0.547,41.963,336.845,2.202,94.45,2.207,6.892
19940917,8.39,8.101,0.331,8.655,0.796,52.261,331.231,2.639,95.468,0.133,5.412
19940918,9.065,8.691,1.067,9.409,1.444,54.886,338.227,1.626,96.066,0.956,2.607
19940919,9.992,9.149,1.052,10.768,1.125,92.962,323.608,1.867,96.229,1.286,1.736
19940920,9.5,8.0,1.932,10.881,3.291,118.35,316.953,2.567,95.461,0.013,2.535
19940921,10.202,8.254,1.468,11.994,2.718,113.461,319.251,2.716,95.677,0.185,2.621
19940922,8.981,7.16,1.427,10.656,3.637,156.812,293.06,2.157,96.504,0.001,1.238
19940923,10.461,8.387,2.982,12.369,4.362,170.028,290.692,3.133,96.746,0.0,3.122
19940924,13.365,11.758,3.465,14.844,4.478,164.212,320.597,3.53,95.989,0.143,1.987
19940925,15.266,13.996,1.395,16.434,2.913,135.588,332.82,3.811,96.13,0.584,1.749
19940926,14.047,12.298,1.013,15.656,2.343,152.13,320.202,3.365,95.962,0.006,1.801
19940927,13.033,11.859,0.984,14.114,2.33,117.495,327.682,3.069,95.972,0.025,2.454
19940928,11.508,10.747,0.701,12.208,1.741,78.539,337.662,2.872,96.422,0.157,2.282
19940929,11.443,10.409,1.324,12.476,2.028,105.58,325.544,3.238,96.52,0.011,2.833
19940930,11.622,10.252,2.159,12.992,2.955,128.505,308.231,3.463,96.419,0.016,1.105
19941001,10.509,9.675,1.237,11.344,1.242,46.286,342.374,1.811,96.318,3.438,2.199
19941002,11.562,10.608,0.993,12.516,2.071,72.24,339.837,2.12,95.949,0.811,1.817
19941003,10.622,9.073,3.009,12.171,0.844,36.863,344.804,1.9,94.621,12.0,4.152
19941004,3.741,2.509,0.915,4.973,2.118,136.636,270.317,1.88,95.754,1.06,3.155
19941005,3.172,2.272,0.712,4.072,1.329,82.357,279.157,1.219,96.694,2.504,3.606
19941006,2.809,1.635,2.437,4.085,3.453,119.206,261.815,1.905,97.695,0.0,1.304
19941007,2.727,1.083,1.889,4.514,3.124,111.037,265.945,2.188,97.152,0.0,1.374
19941008,3.126,2.347,1.743,3.973,1.279,58.079,299.355,1.615,96.566,0.238,0.83
19941009,5.527,5.066,1.797,6.029,2.319,82.597,314.411,2.173,96.621,0.148,1.797
19941010,7.739,6.565,1.74,9.014,2.494,66.989,322.447,2.604,96.803,0.018,1.284
19941011,6.319,4.59,2.604,8.197,4.593,129.794,276.048,2.162,96.847,0.0,1.252
19941012,7.414,5.423,2.284,9.766,5.116,131.189,274.412,2.802,97.145,0.0,1.396
19941013,6.772,5.835,3.099,7.879,3.316,94.074,303.685,1.832,97.554,0.005,0.944
19941014,8.333,6.288,3.292,10.751,5.363,119.639,291.944,2.654,97.052,0.0,1.55
19941015,9.394,7.155,3.048,12.04,5.141,121.182,286.814,2.949,96.432,0.0,1.841
19941016,6.028,5.252,0.898,6.945,0.878,44.758,318.271,1.421,96.471,0.039,1.959
19941017,1.945,0.824,1.708,3.27,1.969,78.12,278.447,2.135,96.806,0.002,2.265
19941018,0.564,-1.406,2.695,2.893,3.896,119.451,242.628,2.509,96.587,0.0,2.811
19941019,1.18,0.088,2.274,2.471,3.328,103.855,255.649,2.46,95.798,0.0,3.662
19941020,2.836,1.903,2.637,3.938,3.609,110.108,256.456,2.383,95.418,0.0,4.231
19941021,4.617,3.197,2.554,6.295,4.329,108.81,269.222,2.258,95.286,0.0,2.977
19941022,6.515,5.755,3.877,7.414,3.223,72.776,302.066,2.253,94.876,0.046,2.836
19941023,10.32,9.696,0.409,11.058,0.855,48.879,332.895,2.15,94.392,1.611,4.024
19941024,9.039,8.345,0.509,9.933,1.146,56.45,315.124,2.063,94.916,2.148,3.427
19941025,8.077,7.389,1.195,8.961,1.403,60.24,308.268,1.679,95.03,2.242,3.206
19941026,7.164,6.749,0.433,7.744,1.033,65.046,307.717,1.914,94.87,1.77,4.095
19941027,7.177,6.796,0.686,7.711,1.191,63.887,316.14,2.484,95.219,1.851,5.033
19941028,6.365,5.694,1.325,7.303,1.061,53.397,310.102,1.734,95.331,2.651,2.774
19941029,5.352,4.764,1.768,6.175,1.952,69.129,292.118,1.81,95.429,1.049,3.765
19941030,10.195,9.572,2.541,11.069,1.339,9.015,355.81,1.519,94.738,8.824,6.062
19941031,13.189,13.115,1.18,13.291,0.725,30.229,351.963,3.673,94.834,2.553,6.719
19941101,9.427,8.729,1.735,10.404,0.778,66.782,298.359,3.725,95.646,0.891,5.527
19941102,4.858,3.867,1.15,6.244,2.491,67.967,279.496,1.939,96.487,0.0,1.728
19941103,5.492,4.213,2.423,7.283,3.535,82.69,272.742,2.137,96.277,0.0,3.087
19941104,6.12,5.135,2.034,7.5,3.165,77.871,282.476,1.641,96.055,0.0,2.489
19941105,7.96,6.665,2.475,9.773,3.769,78.502,291.233,2.364,95.614,0.0,2.375
19941106,7.65,6.692,1.274,8.991,2.845,75.784,300.081,1.537,95.624,0.002,1.769
19941107,7.754,7.444,0.429,8.188,0.739,23.306,346.003,1.273,95.57,0.346,0.826
19941108,7.807,7.509,0.539,8.225,0.847,24.067,339.858,1.298,95.533,0.317,0.89
19941109,7.996,7.27,0.739,9.014,0.807,44.396,325.344,1.514,95.514,0.062,1.47
19941110,5.984,5.934,0.834,6.059,0.494,12.633,329.984,0.907,95.156,2.095,1.46
19941111,4.595,4.528,1.885,4.697,0.485,12.22,333.367,0.93,95.693,1.409,2.69
19941112,-0.21,0.044,0.547,-0.599,0.469,26.293,313.616,1.125,96.157,1.945,3.216
19941113,3.143,3.026,2.701,3.34,2.228,41.489,321.075,1.101,96.196,2.093,2.073
19941114,8.938,8.794,1.182,9.177,0.474,13.894,348.575,1.492,95.821,2.398,5.43
19941115,9.838,9.478,0.9,10.437,0.34,42.063,322.246,2.528,95.428,6.347,5.828
19941116,6.609,6.205,0.811,7.282,0.489,43.438,297.318,2.056,95.699,2.101,5.026
19941117,4.801,4.435,0.551,5.412,1.083,17.63,305.96,1.433,95.483,2.05,4.287
19941118,3.177,3.16,1.484,3.204,0.372,10.429,320.495,1.013,95.455,15.976,2.759
19941119,3.664,3.904,2.516,3.263,1.646,14.079,323.649,0.912,96.129,3.104,2.625
19941120,11.02,10.517,1.192,11.859,0.977,23.127,346.993,1.5,96.243,0.133,4.574
19941121,8.222,8.142,2.48,8.355,0.334,29.417,328.681,1.97,96.651,0.042,2.711
19941122,4.223,3.591,1.627,5.277,1.549,56.463,275.849,1.331,96.998,0.008,1.053
19941123,1.637,1.321,2.657,2.165,2.554,50.846,288.05,0.789,96.977,0.024,1.514
19941124,7.191,6.686,1.143,8.034,0.432,8.507,335.721,1.294,97.025,0.413,4.014
19941125,5.138,4.927,0.846,5.488,0.527,8.892,322.827,1.219,97.374,0.863,3.93
19941126,5.913,6.079,0.632,5.637,0.499,9.755,336.1,1.03,96.942,10.031,2.956
19941127,6.572,6.407,0.814,6.846,0.282,11.352,340.349,1.042,96.827,0.73,2.15
19941128,5.95,5.579,0.726,6.627,0.571,12.67,331.251,1.066,97.494,0.37,2.205
19941129,3.62,3.5,0.483,3.839,0.846,26.038,306.56,0.839,97.613,0.034,1.347
19941130,3.243,3.346,0.356,3.056,0.473,21.639,318.973,0.845,97.428,0.058,0.852
19941201,1.625,1.121,1.301,2.542,1.265,43.793,275.559,0.85,97.418,0.001,2.333
19941202,-1.328,-1.717,1.499,-0.618,1.73,49.111,253.472,1.219,97.164,0.0,1.903
19941203,3.268,2.534,2.883,4.606,2.677,46.994,272.035,1.891,96.845,0.001,2.947
19941204,7.262,7.427,1.714,6.962,1.212,22.681,334.321,1.384,96.349,1.849,3.931
19941205,8.076,7.856,1.686,8.479,0.404,32.849,310.659,2.06,95.914,4.876,4.028
19941206,5.285,4.976,1.477,5.849,0.475,40.024,282.895,2.373,96.335,1.951,5.003
19941207,2.466,2.344,1.437,2.69,1.834,45.351,259.524,1.798,96.279,0.103,3.553
19941208,5.265,5.216,1.229,5.353,1.348,23.546,306.606,2.212,95.779,0.874,5.371
19941209,5.288,4.613,2.556,6.519,0.607,33.03,305.674,2.0,95.571,3.552,4.211
19941210,2.02,2.49,2.51,1.164,2.226,21.805,291.406,1.089,96.45,0.536,2.975
19941211,10.009,9.613,1.165,10.732,0.182,14.224,348.545,2.316,96.577,0.204,5.924
19941212,10.231,10.242,0.23,10.211,0.195,16.28,343.028,3.101,96.6,0.269,6.141
19941213,8.475,8.207,1.927,8.963,0.216,11.879,343.109,2.104,96.218,6.648,5.296
19941214,1.353,1.01,1.501,1.977,0.369,29.268,275.983,0.906,96.53,3.037,3.632
19941215,-2.907,-3.093,0.918,-2.568,0.595,33.913,254.942,0.673,97.204,0.001,1.399
19941216,-2.113,-1.926,2.225,-2.454,0.993,17.129,275.983,0.891,96.804,1.12,3.616
19941217,0.251,0.097,0.664,0.531,0.422,28.284,287.433,1.092,97.071,0.054,2.818
19941218,0.026,0.105,0.647,-0.119,0.738,37.395,277.613,1.226,96.121,0.022,3.318
19941219,2.358,1.738,0.635,3.488,0.581,22.609,298.432,1.343,95.824,0.27,2.829
19941220,1.451,1.01,0.714,2.254,0.877,17.585,300.133,1.243,95.989,0.375,2.417
19941221,-0.075,-0.445,0.31,0.599,0.521,23.189,291.092,1.024,96.175,0.417,1.825
19941222,-0.157,-0.322,0.426,0.144,0.479,27.049,291.473,0.904,96.852,0.817,2.711
19941223,-1.656,-1.847,0.716,-1.307,0.269,25.684,281.315,1.162,97.642,0.316,3.437
19941224,-4.185,-4.287,0.729,-3.999,0.438,40.854,244.433,0.817,97.134,0.007,2.094
19941225,-3.907,-3.966,1.014,-3.801,1.053,41.094,244.333,0.677,96.433,0.003,1.614
19941226,-1.947,-1.938,0.825,-1.964,0.659,16.58,292.187,0.955,95.646,1.424,4.248
19941227,4.418,4.154,3.479,4.899,1.36,6.95,330.635,1.276,94.257,9.059,7.241
19941228,9.626,9.654,1.109,9.575,0.617,3.147,353.653,1.378,94.644,3.918,5.397
19941229,9.762,9.719,0.807,9.84,0.152,16.796,340.842,2.584,94.855,1.274,6.407
19941230,5.673,5.88,1.66,5.294,0.258,31.293,298.896,2.237,93.801,1.975,6.243
19941231,3.575,3.326,0.583,4.029,0.583,31.29,285.956,2.048,93.671,1.87,5.853
19950101,0.163,-0.008,1.27,0.473,0.304,36.996,265.96,1.406,93.886,1.886,5.153
19950102,-1.291,-1.419,0.805,-1.057,0.566,31.407,270.278,1.194,94.725,3.24,5.643
19950103,-3.071,-3.739,2.049,-1.852,0.266,30.048,261.975,0.884,96.922,0.733,2.576
19950104,-7.972,-8.537,2.016,-6.94,1.264,41.131,226.288,0.57,97.473,0.034,1.568
19950105,-9.74,-10.144,1.701,-9.005,0.837,48.124,222.872,0.592,97.171,0.015,2.444
19950106,-8.901,-9.518,1.128,-7.776,1.412,46.353,218.086,0.659,96.3,0.0,1.337
19950107,-8.354,-8.525,0.783,-8.042,0.852,41.115,229.009,0.563,97.268,0.015,0.646
19950108,-7.219,-7.404,1.23,-6.882,1.32,46.164,230.681,0.959,97.391,0.085,2.589
19950109,-2.324,-2.577,2.5,-1.862,1.211,20.454,304.191,0.887,96.275,5.495,3.966
19950110,0.918,0.742,0.836,1.241,0.431,36.173,287.098,1.257,94.653,7.38,6.632
19950111,-0.304,-0.221,0.198,-0.455,0.393,38.908,282.16,1.038,94.418,5.01,5.106
19950112,-1.393,-1.527,1.297,-1.149,0.477,34.637,273.531,1.045,95.581,2.802,4.55
19950113,-5.884,-6.956,3.551,-3.928,0.915,51.169,243.184,0.812,97.458,0.083,2.383
19950114,-3.947,-4.533,3.509,-2.88,1.225,21.263,296.468,0.67,97.292,0.421,2.671
19950115,-0.004,-0.228,0.684,0.37,0.379,16.997,311.827,0.84,97.085,0.439,2.169
19950116,-0.19,-0.51,0.392,0.344,0.71,43.943,271.439,1.017,96.953,0.043,2.261
19950117,-1.738,-2.249,1.083,-0.886,1.984,58.186,235.502,1.527,96.096,0.0,2.855
19950118,-1.632,-1.614,1.048,-1.663,0.811,28.045,274.895,1.536,95.317,0.78,3.007
19950119,-0.165,-0.336,0.893,0.12,1.081,30.358,290.45,1.072,95.715,4.43,2.936
19950120,1.219,1.149,0.718,1.336,0.335,25.256,288.262,1.733,95.831,0.774,4.391
19950121,1.916,1.771,0.472,2.157,0.27,40.705,292.268,1.399,95.908,1.162,3.845
19950122,4.345,4.3,2.347,4.42,0.222,13.26,329.357,1.238,94.126,15.286,6.571
19950123,5.216,5.515,2.027,4.719,0.37,51.916,287.85,2.743,93.806,8.501,7.1
19950124,2.971,2.897,0.609,3.094,0.64,43.322,274.628,2.092,94.623,1.76,6.232
19950125,1.386,1.622,0.513,0.993,0.256,16.822,308.254,0.925,94.294,11.796,2.758
19950126,8.418,7.619,2.072,9.75,0.646,23.574,333.693,2.467,93.445,9.138,6.94
19950127,-0.076,-0.381,0.414,0.431,0.346,47.135,266.703,1.504,95.04,2.022,6.169
19950128,3.005,2.335,2.544,4.122,1.752,25.716,316.197,1.404,94.089,6.596,6.295
19950129,5.456,5.275,1.124,5.759,0.892,21.696,323.585,1.57,94.136,7.422,5.732
19950130,2.325,2.622,3.922,1.829,1.788,22.563,292.084,1.425,94.781,4.965,4.088
19950131,-0.329,-0.486,1.45,-0.068,1.41,55.798,262.881,1.637,96.702,0.008,3.167
19950201,4.608,4.192,2.483,5.242,1.343,58.676,290.366,2.158,95.884,0.008,5.765
19950202,3.74,3.596,2.786,3.96,0.353,43.94,297.55,1.651,96.466,3.654,3.127
19950203,-0.127,-0.671,1.677,0.636,1.865,41.826,278.823,1.421,97.407,0.003,2.456
19950204,2.673,2.72,2.383,2.608,1.242,16.554,309.552,1.313,96.622,1.047,4.567
19950205,4.176,3.963,0.96,4.474,1.576,41.561,304.737,1.909,96.778,0.102,3.956
19950206,6.836,6.483,1.914,7.33,1.054,12.461,334.881,1.694,96.076,0.294,4.688
19950207,6.508,6.465,0.463,6.567,0.156,26.475,325.602,2.641,95.291,0.364,6.127
19950208,3.804,2.524,2.733,5.597,0.785,22.175,324.648,1.405,94.486,11.494,4.793
19950209,-1.606,-1.947,1.306,-1.129,1.107,64.746,265.642,1.259,94.66,0.381,2.101
19950210,-2.155,-2.565,2.795,-1.581,2.315,67.332,266.604,1.072,95.082,4.103,1.94
19950211,4.715,4.386,1.98,5.175,1.138,28.849,326.878,1.431,94.806,1.255,4.813
19950212,6.965,6.412,1.075,7.74,0.828,72.049,293.406,2.903,95.275,2.248,5.473
19950213,5.31,4.696,2.614,6.169,2.431,65.62,281.007,2.151,95.576,1.037,3.054
19950214,6.439,6.094,1.568,6.923,0.342,65.962,299.863,2.256,95.278,1.497,4.289
19950215,5.677,5.69,1.758,5.658,1.587,20.259,314.464,1.846,94.983,7.454,5.279
19950216,5.543,5.151,0.591,6.091,1.025,76.041,283.526,2.416,95.116,1.123,5.295
19950217,4.879,4.685,0.869,5.15,0.99,64.628,298.455,2.306,94.679,4.965,6.457
19950218,3.147,2.582,0.329,3.873,0.935,69.901,283.062,1.784,95.369,1.118,3.988
19950219,3.591,3.364,1.341,3.882,1.028,44.821,315.05,1.481,95.785,5.185,5.463
19950220,7.361,6.544,0.502,8.327,0.54,87.255,315.339,2.976,95.894,3.66,4.841
19950221,8.243,6.459,1.928,10.352,1.895,101.011,300.714,2.732,95.686,3.333,4.816
19950222,2.912,1.781,1.018,4.249,2.19,117.857,247.68,2.731,96.361,0.123,4.133
19950223,1.448,0.757,0.904,2.265,1.508,88.032,254.592,2.293,95.022,0.317,5.01
19950224,1.557,0.875,0.331,2.361,1.292,65.349,293.492,1.408,94.047,5.327,2.991
19950225,1.735,1.385,0.635,2.149,0.856,48.43,310.943,0.972,93.683,2.918,1.735
19950226,0.856,0.266,0.611,1.555,0.791,82.325,282.138,1.128,94.328,1.619,1.198
19950227,1.199,0.686,1.238,1.804,1.594,69.572,282.046,1.932,95.986,0.325,3.39
19950228,4.202,3.813,2.167,4.661,1.255,45.871,324.874,1.634,96.234,1.505,6.064
19950301,7.016,6.584,0.791,7.527,0.784,60.088,321.286,2.611,95.564,0.32,5.585
19950302,2.675,2.22,1.683,3.212,0.645,113.171,261.913,1.729,95.171,2.8,4.009
19950303,2.547,1.193,1.325,4.146,1.419,89.867,272.976,1.978,94.476,2.372,4.09
19950304,-0.256,-1.248,0.871,0.915,1.392,88.051,256.227,1.643,95.083,0.15,2.48
19950305,0.328,-1.239,2.796,2.18,2.719,115.325,263.563,2.347,94.481,1.907,3.994
19950306,2.061,1.203,0.526,2.994,0.806,103.591,281.945,1.796,94.165,2.198,4.447
19950307,0.873,-0.319,0.564,2.066,1.566,117.906,250.997,1.926,95.36,0.559,2.826
19950308,1.325,-0.093,1.488,2.744,2.072,101.717,254.711,2.426,95.068,0.062,3.547
19950309,1.602,0.492,0.635,2.712,1.939,113.472,265.023,1.786,95.872,1.213,2.283
19950310,1.972,0.113,2.956,3.831,4.33,149.551,245.964,2.646,96.515,0.0,3.024
19950311,3.707,1.813,2.433,5.601,4.003,157.137,249.364,3.101,96.38,0.0,3.325
19950312,3.398,1.404,2.236,5.392,4.045,157.914,253.575,2.723,96.767,0.0,2.586
19950313,1.321,0.122,1.499,2.521,2.501,111.775,270.193,1.628,96.957,0.003,3.903
19950314,-2.942,-2.378,1.883,-3.505,0.422,70.389,270.559,1.352,95.849,0.626,3.451
19950315,-1.705,-2.797,2.533,-0.613,1.977,55.466,272.806,1.003,94.344,3.206,2.814
19950316,1.128,0.323,0.72,1.934,1.09,144.731,263.486,1.605,94.63,2.236,3.827
19950317,3.804,3.909,2.37,3.699,1.027,63.713,300.59,1.709,94.233,5.269,6.055
19950318,4.307,3.519,0.548,5.095,0.877,157.877,269.549,2.768,94.437,1.775,5.95
19950319,2.717,1.947,1.301,3.486,0.477,121.918,285.711,1.512,94.613,2.79,3.918
19950320,1.165,0.095,1.048,2.149,1.617,157.613,260.916,1.799,95.56,2.745,5.253
19950321,1.604,1.171,0.591,2.003,0.77,138.41,278.792,1.519,96.708,2.407,4.844
19950322,1.711,0.65,2.476,2.687,3.342,179.1,245.753,2.35,97.74,0.0,2.443
19950323,5.098,3.216,2.658,6.829,3.963,185.798,260.811,3.801,97.268,0.0,2.748
19950324,7.511,5.238,3.416,9.603,4.394,180.683,268.473,5.38,96.298,0.0,3.219
19950325,5.188,4.894,2.005,5.437,0.645,62.486,289.144,2.664,95.549,3.692,5.506
19950326,3.73,3.454,2.054,3.963,1.873,77.619,304.184,1.691,95.378,4.389,4.626
19950327,1.912,2.035,3.76,1.807,2.032,88.35,292.758,1.425,93.999,13.299,6.232
19950328,-1.258,-2.135,0.939,-0.516,1.069,156.504,258.926,1.535,94.757,2.863,5.418
19950329,-1.718,-2.502,0.898,-1.054,0.882,130.913,268.728,1.381,94.422,5.031,4.115
19950330,-0.151,-1.906,2.318,1.334,2.864,169.997,248.813,2.158,96.956,0.013,2.427
19950331,0.787,0.343,1.112,1.162,0.773,67.988,298.245,1.33,96.942,4.623,3.602
19950401,6.337,5.965,2.432,6.651,0.845,28.13,341.442,1.109,96.568,1.43,4.591
19950402,12.064,11.069,2.515,12.838,3.447,167.193,317.639,5.269,96.453,0.386,6.084
19950403,11.808,10.158,1.213,13.091,3.048,212.213,285.408,5.421,95.755,0.002,4.57
19950404,8.109,6.559,1.809,9.316,0.772,137.925,307.555,3.251,95.923,1.465,4.348
19950405,6.248,4.537,3.083,7.579,4.21,205.704,273.09,3.84,96.538,0.0,1.452
19950406,8.149,7.01,1.738,9.036,1.531,58.622,326.803,2.667,96.313,1.507,3.727
19950407,8.322,6.754,1.174,9.542,1.628,68.778,327.818,2.608,95.912,1.654,5.602
19950408,3.133,2.074,0.787,3.957,1.402,203.695,267.669,3.024,95.944,1.598,6.439
19950409,1.92,1.196,1.583,2.483,1.657,149.23,285.01,2.406,96.335,1.171,4.421
19950410,4.008,3.555,1.866,4.36,1.516,54.447,323.786,1.24,96.051,3.704,3.59
19950411,5.888,5.372,0.544,6.29,0.886,96.106,321.154,1.799,96.466,0.874,2.616
19950412,5.857,4.581,0.801,6.769,1.502,144.048,312.52,1.667,96.62,6.513,2.869
19950413,4.57,3.9,0.971,5.048,1.88,139.444,301.928,2.706,97.117,0.307,3.024
19950414,5.256,3.036,3.001,6.842,3.853,220.382,275.399,3.837,97.354,0.011,2.43
19950415,5.747,3.269,2.539,7.517,3.152,151.763,294.16,3.397,96.213,2.886,1.706
19950416,4.475,4.0,1.161,4.786,0.657,189.869,297.734,2.229,95.314,2.021,3.702
19950417,3.921,3.67,1.671,4.086,2.043,65.428,317.859,1.136,94.674,15.292,4.587
19950418,6.484,4.974,0.8,7.474,1.474,76.705,332.14,1.694,94.098,6.813,5.103
19950419,4.792,4.296,1.027,5.117,1.14,97.365,325.716,1.349,94.528,7.588,1.484
19950420,4.289,3.533,1.609,4.784,2.087,201.35,289.435,2.57,95.365,3.306,2.739
19950421,5.448,3.201,3.478,6.92,3.385,158.697,298.954,2.42,95.953,0.022,3.51
19950422,12.52,10.141,5.003,14.079,6.185,252.974,315.443,4.931,95.555,0.019,3.151
19950423,14.695,13.428,2.005,15.526,3.495,221.651,319.433,4.76,96.01,0.001,2.839
19950424,15.86,13.772,1.645,17.229,3.269,247.969,306.817,6.982,95.317,0.218,4.34
19950425,13.11,11.421,0.981,14.217,2.53,230.989,305.14,4.833,94.497,1.352,3.694
19950426,11.343,9.521,1.437,12.537,2.551,211.345,307.914,4.232,94.289,2.007,2.43
19950427,9.8,9.025,0.452,10.307,1.845,187.18,316.841,2.347,94.672,0.019,2.297
19950428,5.781,5.698,1.899,5.835,1.403,188.979,312.083,2.979,95.664,0.016,2.427
19950429,8.39,5.5,4.871,10.283,5.509,241.849,293.063,4.499,95.995,0.0,1.79
19950430,9.824,8.451,1.927,10.723,2.699,150.471,318.192,3.068,96.252,2.225,1.443
19950501,10.563,8.163,1.194,11.88,2.349,226.743,304.226,3.541,96.797,0.465,2.013
19950502,9.425,6.062,2.458,11.269,4.214,280.618,273.683,5.108,97.193,0.0,2.258
19950503,10.832,7.145,3.031,12.855,4.977,283.876,277.617,6.575,97.198,0.0,1.842
19950504,13.61,10.473,2.212,15.33,5.097,277.894,293.054,7.709,96.894,0.0,1.751
19950505,14.849,11.798,3.325,16.522,5.438,274.186,303.23,7.906,96.646,0.0,1.104
19950506,14.863,11.188,2.19,16.879,4.643,276.035,303.685,6.987,96.091,0.008,2.247
19950507,12.842,10.751,2.833,13.989,4.839,279.405,297.803,6.251,95.945,0.0,1.691
19950508,12.868,9.723,1.073,14.592,2.657,213.636,315.88,5.217,95.406,3.864,3.529
19950509,7.91,7.323,0.774,8.232,1.087,197.01,309.126,2.662,95.464,3.593,4.527
19950510,6.954,5.925,0.856,7.518,1.289,209.423,299.815,2.164,95.703,1.713,2.063
19950511,7.164,5.071,1.918,8.313,2.71,177.48,297.629,3.237,95.188,0.25,1.428
19950512,8.234,6.542,1.519,9.162,2.19,142.323,322.217,3.071,94.517,0.673,3.917
19950513,6.611,6.459,0.337,6.694,0.164,46.531,337.864,1.501,94.349,2.545,5.45
19950514,5.606,4.432,1.254,6.25,1.644,208.122,285.945,3.386,95.775,0.724,4.769
19950515,6.032,3.019,3.028,7.685,3.465,215.459,283.494,3.886,95.976,0.551,2.76
19950516,8.324,5.518,2.999,9.863,3.87,158.623,310.882,4.191,95.403,0.893,1.521
19950517,10.123,8.319,1.197,11.113,1.833,152.868,331.517,2.165,94.512,8.905,4.099
19950518,7.67,6.614,0.708,8.249,1.102,100.795,328.454,2.45,94.719,3.912,4.501
19950519,7.033,5.738,1.874,7.744,2.313,235.754,287.921,3.415,95.875,0.447,1.581
19950520,8.1,5.939,2.865,9.18,4.424,265.181,281.089,3.715,96.546,1.047,1.443
19950521,6.993,4.445,0.963,8.152,1.927,170.32,301.865,2.851,97.007,0.036,2.218
19950522,8.298,4.766,4.001,9.903,4.842,294.644,278.802,4.756,96.713,0.0,1.754
19950523,12.667,9.113,3.64,14.282,4.983,285.336,302.876,6.812,95.84,0.0,1.897
19950524,15.9,11.823,3.102,17.754,5.186,284.225,311.173,8.419,95.563,0.004,1.913
19950525,17.095,14.225,2.88,18.4,4.236,194.193,342.063,7.673,95.705,0.035,1.696
19950526,14.532,12.979,0.902,15.238,1.702,148.466,346.982,3.401,95.905,4.4,2.44
19950527,11.483,11.018,0.809,11.694,0.756,57.538,345.143,1.535,96.094,7.133,2.035
19950528,16.065,12.301,3.726,17.776,4.81,268.523,323.914,6.268,96.486,0.107,2.116
19950529,16.296,13.732,0.683,17.462,2.706,213.598,342.925,4.448,96.123,1.715,2.214
19950530,12.415,12.258,1.552,12.486,0.978,26.202,357.276,1.43,96.058,28.754,2.463
19950531,10.823,10.559,0.428,10.943,0.789,46.341,358.983,1.86,95.851,12.158,2.872
19950601,9.821,9.688,0.456,9.881,0.263,34.424,353.132,1.23,95.653,6.725,3.04
19950602,9.359,8.524,0.618,9.738,1.156,82.12,328.958,1.778,95.826,6.926,2.208
19950603,11.196,8.642,2.505,12.356,3.482,213.93,310.182,3.324,96.002,0.577,1.397
19950604,11.234,8.963,1.378,12.267,2.36,152.122,323.88,2.656,95.91,2.047,2.275
19950605,12.018,9.577,1.991,13.127,2.963,224.064,319.652,2.875,96.024,2.062,1.28
19950606,12.154,10.381,1.137,12.96,1.985,196.471,327.178,3.103,96.259,0.892,2.355
19950607,12.204,9.88,2.143,13.26,2.82,182.089,329.899,3.581,95.881,3.307,2.612
19950608,10.476,8.483,1.124,11.382,2.886,240.974,312.069,4.419,95.749,0.698,2.68
19950609,9.689,7.599,2.146,10.638,2.628,197.938,306.537,3.916,95.911,0.024,2.405
19950610,10.162,8.318,0.872,11.001,2.472,186.831,310.356,3.854,95.664,0.32,2.971
19950611,9.467,7.225,1.419,10.486,2.314,183.26,312.942,3.051,95.327,0.15,1.883
19950612,10.309,8.427,1.014,11.165,2.005,226.708,313.048,2.451,95.402,2.992,1.244
19950613,10.694,8.546,1.308,11.67,2.061,186.15,325.122,2.275,95.593,7.512,1.777
19950614,11.216,8.883,0.567,12.277,1.956,220.317,318.845,3.098,95.776,0.383,2.423
19950615,10.287,8.202,1.031,11.235,1.965,176.08,318.437,3.392,95.803,0.16,2.567
19950616,9.405,8.714,0.37,9.719,0.772,126.594,327.971,2.065,95.694,3.705,2.967
19950617,11.545,9.575,1.098,12.441,2.276,183.87,333.61,2.93,95.481,4.412,3.421
19950618,12.892,11.767,1.361,13.404,1.765,67.854,348.586,2.265,95.537,0.792,3.236
19950619,15.291,12.567,2.705,16.529,3.973,221.935,327.799,5.487,96.248,0.359,1.978
19950620,18.338,15.146,3.101,19.789,4.956,302.303,328.397,7.956,96.432,0.0,1.28
19950621,17.092,14.2,0.928,18.406,2.111,199.899,350.296,4.319,96.332,0.64,2.96
19950622,9.888,9.058,0.994,10.265,1.505,181.355,319.942,3.206,96.545,1.129,4.496
19950623,10.328,9.308,1.71,10.792,1.679,130.311,345.024,2.251,96.215,1.146,2.842
19950624,13.298,11.698,1.689,14.026,2.594,196.754,341.616,4.007,96.192,0.106,2.081
19950625,16.915,14.5,2.149,18.013,3.573,203.662,350.702,5.588,96.435,1.402,2.741
19950626,17.722,14.577,2.223,19.152,3.71,300.453,321.108,8.494,96.515,0.0,2.647
19950627,18.451,15.355,2.87,19.726,3.847,246.773,338.622,6.78,96.504,0.015,2.962
19950628,17.839,15.918,1.497,18.629,3.257,323.532,309.63,9.099,96.355,0.0,2.51
19950629,18.206,14.093,2.915,20.076,4.939,320.987,315.336,9.362,96.013,0.0,2.325
19950630,18.117,15.213,3.912,19.438,5.297,323.681,309.275,9.685,95.973,0.0,1.038
19950701,17.641,13.914,1.681,19.336,4.016,303.798,322.353,7.005,95.847,0.0,2.052
19950702,14.602,13.636,2.183,15.041,2.029,165.431,347.939,2.413,95.308,5.28,1.935
19950703,17.501,15.576,0.644,18.376,1.825,185.54,365.064,4.134,94.575,1.071,3.373
19950704,13.656,13.5,0.575,13.728,1.81,174.187,347.586,4.309,95.474,0.192,3.51
19950705,14.412,12.505,0.935,15.279,2.721,215.881,327.795,5.978,96.221,0.133,2.902
19950706,16.397,13.222,2.638,17.841,4.337,278.935,326.481,7.69,96.423,0.0,1.039
19950707,18.911,14.929,3.367,20.722,4.278,272.087,347.935,9.231,96.337,0.0,1.289
19950708,21.246,17.548,2.503,22.926,4.614,279.712,355.278,10.844,96.392,0.0,1.404
19950709,22.521,19.006,3.118,24.118,5.043,302.979,345.668,12.63,96.337,0.0,1.489
19950710,23.522,20.462,1.825,24.913,4.39,279.685,357.059,12.209,95.972,1.382,1.73
19950711,21.75,19.16,1.411,22.928,3.582,256.15,359.284,8.282,95.505,0.891,2.884
19950712,21.152,19.071,1.44,22.098,3.003,241.689,365.061,6.553,95.591,2.441,1.094
19950713,21.138,19.063,2.028,22.082,3.16,231.448,367.551,6.703,95.731,1.182,1.372
19950714,19.978,17.516,1.104,21.097,3.382,239.658,365.028,5.312,95.578,3.073,1.547
19950715,18.834,16.173,1.448,20.043,3.049,195.481,360.273,6.181,95.63,4.785,2.083
19950716,16.842,15.078,0.795,17.644,2.022,201.904,352.002,4.595,95.516,5.124,2.7
19950717,16.028,14.018,0.839,16.941,2.407,195.569,340.318,4.582,95.836,1.638,2.585
19950718,15.58,14.934,1.342,15.903,1.233,78.088,363.802,2.6,95.99,3.148,3.104
19950719,19.375,17.066,0.916,20.529,2.704,200.776,364.518,6.247,96.488,1.594,3.352
19950720,20.972,17.164,2.718,22.876,4.678,262.332,353.186,8.482,96.508,0.001,1.433
19950721,23.442,18.676,3.473,25.826,5.614,292.702,353.72,12.521,95.916,0.0,1.646
19950722,19.147,17.47,1.925,19.986,2.081,172.079,370.082,5.262,95.763,2.902,2.769
19950723,14.431,11.985,1.418,15.654,3.257,251.183,320.003,6.285,96.714,0.002,1.956
19950724,16.549,12.844,4.609,18.401,5.182,293.76,313.874,8.52,96.667,0.0,0.875
19950725,18.068,14.73,2.533,19.736,4.618,286.167,321.627,8.864,96.415,0.0,1.509
19950726,19.369,16.18,3.343,20.963,4.815,291.793,327.551,10.074,96.117,0.0,3.261
19950727,18.675,16.65,0.946,19.687,2.191,200.318,360.206,5.305,96.093,4.121,1.683
19950728,16.682,15.648,0.602,17.199,1.859,130.552,356.746,3.071,96.295,0.043,1.209
19950729,19.138,15.929,1.914,20.743,3.842,236.817,348.531,6.932,96.296,0.122,1.799
19950730,20.348,16.59,3.538,22.227,4.972,260.757,338.15,11.641,96.19,0.0,2.438
19950731,21.285,17.095,2.743,23.38,5.012,290.893,331.169,13.678,96.032,0.0,2.714
19950801,20.41,17.288,1.88,21.971,3.948,251.645,339.552,10.436,96.065,0.062,2.432
19950802,18.782,16.184,2.477,20.208,4.084,283.552,316.944,10.976,96.26,0.0,2.427
19950803,19.172,15.89,3.094,20.972,5.201,237.414,334.17,11.606,96.031,0.0,1.566
19950804,18.858,15.872,2.109,20.495,4.118,277.299,323.943,10.002,95.767,0.0,2.14
19950805,19.316,16.068,3.455,21.097,5.3,243.405,337.384,10.619,96.132,0.0,1.814
19950806,21.571,18.096,3.887,23.476,5.475,239.678,345.95,13.638,96.018,0.0,1.25
19950807,18.583,16.797,1.094,19.563,2.562,245.176,343.843,7.975,95.86,0.054,2.521
19950808,16.402,14.352,2.026,17.526,3.883,230.229,328.566,8.617,96.156,0.0,2.561
19950809,16.692,13.133,1.896,18.827,4.154,275.221,305.724,10.959,96.475,0.0,2.467
19950810,17.673,13.15,3.145,20.387,5.574,277.198,309.746,13.127,96.705,0.0,1.672
19950811,19.634,15.354,4.088,22.202,5.965,275.109,318.973,15.122,96.752,0.0,2.386
19950812,21.403,17.38,3.658,23.816,5.925,271.839,330.037,16.633,96.486,0.0,1.643
19950813,20.09,17.697,1.453,21.525,2.494,185.638,363.01,9.702,96.058,2.355,1.708
19950814,16.899,15.818,1.009,17.548,1.529,135.094,357.989,5.143,96.1,3.661,2.602
19950815,15.513,13.762,2.411,16.564,3.327,162.77,338.935,6.644,96.401,0.0,2.397
19950816,16.246,14.623,0.934,17.219,1.719,124.099,352.853,5.524,96.331,1.147,2.822
19950817,17.018,13.566,2.448,19.09,4.439,212.175,331.515,8.165,96.406,0.059,1.989
19950818,19.323,15.721,3.417,21.484,4.982,244.772,335.237,10.613,96.318,0.0,2.67
19950819,20.851,17.703,3.053,22.914,5.261,223.492,352.033,11.699,96.178,0.056,2.09
19950820,20.898,18.144,1.556,22.702,3.809,206.305,358.139,10.308,96.1,1.549,1.121
19950821,19.441,16.879,1.767,21.12,3.854,209.2,349.97,7.636,96.203,0.279,1.806
19950822,20.92,18.179,3.289,22.716,4.915,223.708,353.381,10.706,96.102,0.03,2.458
19950823,20.114,17.439,1.421,21.867,4.195,190.951,355.746,7.944,95.596,2.781,1.714
19950824,17.739,16.406,0.831,18.612,1.999,146.28,361.307,4.463,95.55,0.669,2.106
19950825,16.872,15.245,1.129,17.939,2.75,180.321,343.836,5.329,95.493,1.444,3.634
19950826,14.771,14.001,0.721,15.275,1.193,123.895,347.569,3.575,95.452,2.61,4.22
19950827,13.039,11.953,0.701,13.751,1.61,94.932,345.67,3.27,95.338,4.973,3.45
19950828,9.636,9.438,0.716,9.767,0.962,105.365,329.05,1.608,95.146,9.501,3.625
19950829,9.84,9.156,0.889,10.328,1.079,135.164,325.598,1.707,95.58,4.966,4.287
19950830,9.576,7.915,1.461,10.762,2.081,152.252,309.594,2.67,96.189,0.798,2.737
19950831,9.752,9.029,1.104,10.267,1.531,116.981,328.626,2.509,96.097,4.679,3.264
19950901,11.206,10.425,0.959,11.764,0.93,52.289,352.622,2.192,95.434,11.845,5.074
19950902,11.304,10.338,1.152,12.055,2.008,117.087,337.044,2.964,95.568,0.533,1.667
19950903,11.902,10.517,1.253,12.978,1.89,129.901,331.713,2.291,94.997,3.372,2.494
19950904,11.869,11.143,1.483,12.434,1.848,133.029,332.454,4.266,94.686,1.071,4.932
19950905,13.231,11.574,0.981,14.52,2.992,156.092,316.19,5.012,94.822,0.082,3.372
19950906,12.685,10.287,1.118,14.55,2.556,156.046,321.471,4.092,94.909,0.599,1.889
19950907,14.754,11.65,3.436,17.169,4.912,177.411,327.265,6.008,94.592,0.761,2.783
19950908,13.749,12.727,1.498,14.543,2.26,141.623,335.486,3.068,94.365,1.293,4.002
19950909,13.837,13.404,0.745,14.174,0.829,127.271,342.367,4.1,95.213,1.821,4.926
19950910,13.867,11.985,1.369,15.331,3.124,162.073,320.813,4.595,95.694,0.164,2.497
19950911,14.234,12.596,1.937,15.509,2.275,97.559,341.88,3.3,95.439,1.88,3.214
19950912,14.118,12.745,1.355,15.186,3.223,151.623,325.267,4.299,95.995,0.75,1.719
19950913,14.426,13.545,1.104,15.112,1.914,89.627,361.934,2.493,95.53,9.933,1.878
19950914,12.767,11.366,1.509,13.856,1.78,96.415,343.415,3.151,95.47,2.609,3.18
19950915,11.607,9.892,2.238,13.058,3.678,128.502,316.533,3.666,95.349,0.071,1.488
19950916,12.302,10.466,2.226,13.855,3.775,150.072,310.26,4.131,95.491,0.125,1.692
19950917,13.495,11.199,1.857,15.608,3.463,168.765,314.402,4.437,96.021,0.672,1.285
19950918,13.416,10.934,3.038,15.699,4.192,158.075,313.942,4.76,96.345,0.0,2.669
19950919,10.525,10.268,0.886,10.761,1.152,101.917,334.587,1.866,95.832,1.142,4.246
19950920,9.253,9.584,0.487,8.948,0.353,10.52,358.071,0.875,95.005,32.265,4.459
19950921,10.492,9.453,0.441,11.449,1.657,126.871,321.318,2.704,95.935,0.827,3.256
19950922,11.6,10.433,0.897,12.674,1.582,90.566,335.552,2.101,96.398,0.763,1.79
19950923,12.067,10.832,1.404,13.204,1.551,68.469,338.958,2.642,96.506,0.328,1.783
19950924,11.259,9.885,2.118,12.523,2.481,131.299,315.119,2.476,95.808,0.364,3.153
19950925,11.238,10.163,1.132,12.226,2.029,76.792,331.089,2.497,95.877,0.312,2.269
19950926,11.175,10.34,1.204,11.944,1.252,67.529,343.375,2.601,96.089,1.522,5.161
19950927,10.364,9.731,1.269,10.947,0.577,15.468,342.698,1.455,95.245,17.726,5.288
19950928,6.28,5.198,0.864,7.276,0.946,135.307,279.747,2.584,95.818,0.749,4.986
19950929,5.45,4.125,1.749,6.775,2.626,123.752,281.033,1.694,95.968,1.672,4.455
19950930,6.075,5.278,0.544,6.872,1.352,88.103,310.6,1.46,95.781,6.711,3.709
19951001,5.713,5.842,3.667,5.585,2.757,47.948,312.185,1.057,95.637,0.693,2.734
19951002,11.561,10.311,0.928,12.81,2.096,99.685,329.349,2.814,96.149,0.393,2.921
19951003,12.357,11.258,3.101,13.457,2.679,87.981,332.246,2.224,96.217,1.882,2.65
19951004,15.967,14.949,0.865,16.985,2.101,92.327,352.528,3.261,95.988,0.465,3.218
19951005,15.579,14.132,0.726,17.026,2.01,111.911,335.109,3.599,95.942,1.759,2.721
19951006,12.732,12.021,1.007,13.504,2.465,79.028,346.412,2.162,96.58,0.048,1.461
19951007,13.546,12.25,1.501,14.955,2.39,125.065,325.906,2.859,96.895,0.014,2.483
19951008,14.595,12.749,1.93,16.602,3.654,126.891,321.458,3.851,97.163,0.0,1.626
19951009,14.424,11.919,2.494,17.148,4.717,124.432,315.34,3.921,96.892,0.0,1.782
19951010,15.848,13.744,2.671,18.135,4.628,129.02,323.889,4.637,96.677,0.0,1.252
19951011,14.315,13.325,1.108,15.39,3.004,120.984,332.956,2.129,96.603,0.0,0.755
19951012,13.134,13.018,0.578,13.271,0.68,62.958,363.817,1.679,96.651,0.106,1.438
19951013,12.989,12.723,0.357,13.304,0.557,47.508,362.189,2.431,96.688,0.122,0.811
19951014,11.567,11.093,0.757,12.127,0.619,58.281,347.42,2.071,96.569,0.167,1.247
19951015,11.559,10.495,2.532,12.817,3.035,106.379,325.47,2.324,96.438,0.008,1.967
19951016,12.309,11.216,0.873,13.6,1.269,56.726,350.998,1.801,96.785,0.276,1.148
19951017,10.863,10.05,0.585,11.825,1.487,107.829,315.211,1.743,96.842,0.021,2.361
19951018,11.456,10.252,0.948,12.88,1.495,39.759,340.185,1.84,96.873,0.636,2.999
19951019,10.215,9.138,0.632,11.487,1.074,46.714,336.804,2.576,96.99,0.309,3.649
19951020,9.019,8.311,0.905,9.856,0.755,29.779,344.128,1.832,96.598,1.498,4.119
19951021,5.104,3.741,1.531,6.714,1.575,71.74,293.387,1.732,96.996,0.073,2.369
19951022,3.325,1.775,2.139,5.157,3.935,109.936,263.954,2.293,96.87,0.0,2.026
19951023,6.381,4.873,3.437,8.162,4.872,96.706,278.411,2.338,96.713,0.0,2.301
19951024,8.709,6.518,1.523,11.526,3.652,106.284,272.787,3.062,96.505,0.0,2.201
19951025,7.808,6.508,2.017,9.478,1.92,61.556,296.488,2.109,96.303,0.695,3.046
19951026,9.577,8.864,3.255,10.575,3.217,60.436,326.941,2.048,96.572,0.061,2.301
19951027,12.919,12.356,1.505,13.708,1.761,64.54,340.277,3.22,95.999,0.828,3.308
19951028,10.634,10.483,1.325,10.846,0.262,36.966,348.351,1.748,96.14,0.818,1.338
19951029,8.205,8.321,0.184,8.044,0.436,14.725,351.543,0.899,95.811,2.412,2.419
19951030,8.497,7.992,0.769,9.203,0.581,23.443,343.557,1.332,96.232,0.316,1.459
19951031,5.612,5.147,0.621,6.263,1.675,57.521,307.176,1.302,96.826,0.016,1.525
19951101,6.493,6.052,1.186,7.109,0.416,25.108,333.202,1.406,95.797,5.187,3.946
19951102,3.733,3.808,0.635,3.628,0.669,50.918,306.357,1.461,95.425,2.887,3.862
19951103,3.436,2.462,3.111,4.799,1.14,54.814,283.662,1.882,94.844,6.283,6.33
19951104,-1.165,-1.476,0.556,-0.731,0.667,50.515,268.484,1.633,96.523,0.468,5.268
19951105,-1.648,-2.429,1.52,-0.554,2.417,64.275,255.274,1.423,97.629,0.026,2.481
19951106,-1.287,-1.672,2.891,-0.749,1.48,18.841,284.277,1.689,97.218,0.399,3.381
19951107,2.349,2.299,0.647,2.418,0.397,9.476,322.856,1.28,96.623,2.236,3.002
19951108,3.653,3.687,1.08,3.605,1.093,23.773,327.411,0.973,96.495,0.697,1.505
19951109,6.375,6.056,0.806,6.822,0.536,9.112,340.986,0.897,96.009,0.72,2.725
19951110,5.819,5.583,0.528,6.18,1.173,54.089,303.229,1.545,95.746,0.004,2.739
19951111,5.823,4.935,1.019,7.177,1.725,62.829,283.534,2.07,95.771,0.0,2.011
19951112,3.97,3.36,0.822,4.901,1.12,65.368,277.657,1.552,96.144,0.0,3.468
19951113,1.894,1.382,0.409,2.747,1.027,61.038,275.244,0.911,96.099,0.001,2.153
19951114,3.78,3.644,2.962,4.006,1.259,9.375,317.204,0.872,95.713,0.225,2.335
19951115,6.664,6.504,0.816,6.932,0.945,40.564,324.195,1.712,94.928,2.652,4.036
19951116,8.611,8.208,0.76,9.284,0.844,37.822,327.972,1.859,94.021,3.344,4.456
19951117,2.755,2.9,3.035,2.513,0.212,33.198,295.321,1.373,94.369,5.521,2.67
19951118,-1.317,-1.203,1.699,-1.507,1.322,55.582,252.584,1.245,95.918,0.943,4.209
19951119,1.457,1.514,0.383,1.361,0.501,24.689,293.477,1.269,95.665,7.701,5.986
19951120,-1.194,-1.705,1.507,-0.342,1.602,61.047,234.073,1.326,96.872,0.015,2.271
19951121,-2.963,-3.877,1.704,-1.44,2.59,63.164,225.867,1.475,97.015,0.0,2.315
19951122,-1.019,-1.344,2.657,-0.477,2.621,55.533,271.654,2.097,96.677,0.001,2.306
19951123,2.436,2.308,1.035,2.65,0.768,10.69,327.565,0.936,96.795,0.405,2.116
19951124,4.082,3.774,0.541,4.596,0.685,22.712,318.736,1.111,96.26,0.037,2.293
19951125,2.42,1.738,0.704,3.557,1.333,46.894,283.52,1.172,95.782,0.002,2.506
19951126,0.47,-0.35,0.893,1.838,1.819,46.707,263.975,1.213,95.537,0.0,2.111
19951127,-0.38,-1.17,0.809,0.938,2.192,50.204,255.445,1.268,95.469,0.0,1.342
19951128,-1.77,-1.796,0.295,-1.724,0.533,49.048,272.414,0.616,95.882,0.048,0.94
19951129,-1.265,-1.468,0.553,-0.895,0.346,26.408,296.369,0.764,96.511,0.053,1.126
19951130,-1.396,-1.474,0.525,-1.254,0.336,20.43,302.735,0.529,97.026,0.158,2.924
19951201,-3.331,-3.246,0.314,-3.488,0.377,43.247,262.61,0.618,97.115,0.013,2.539
19951202,-2.354,-2.53,0.579,-2.033,0.194,23.723,285.06,0.883,96.983,0.108,1.645
19951203,-2.493,-2.563,0.296,-2.366,0.187,16.308,297.797,0.605,96.901,0.122,2.312
19951204,-3.265,-3.705,0.934,-2.462,0.336,21.862,284.64,0.862,96.851,0.785,3.976
19951205,-6.409,-6.574,0.384,-6.107,0.355,21.886,262.877,0.739,96.597,0.461,5.042
19951206,-7.997,-7.788,0.884,-8.379,0.313,34.23,261.03,0.567,96.33,0.451,4.328
19951207,-4.66,-4.969,0.615,-4.096,0.71,39.86,249.21,0.614,96.162,0.088,2.191
19951208,-3.048,-3.23,0.822,-2.716,1.485,36.951,246.055,0.826,96.853,0.0,1.571
19951209,-1.687,-1.964,1.097,-1.182,1.385,41.99,272.837,0.803,97.41,0.001,0.771
19951210,-1.352,-1.415,0.268,-1.236,0.517,24.945,286.627,0.776,97.708,0.007,0.756
19951211,0.013,-0.267,1.437,0.522,0.848,8.768,311.079,0.687,97.31,0.484,2.085
19951212,-0.456,-0.653,1.016,-0.097,0.329,17.972,289.67,1.027,97.021,1.292,3.148
19951213,-1.996,-2.096,0.398,-1.814,0.266,23.595,277.019,0.945,97.104,1.02,3.123
19951214,-2.546,-2.737,0.729,-2.198,0.183,18.918,284.646,1.079,96.847,0.915,5.189
19951215,-4.091,-4.25,0.323,-3.8,0.288,24.498,273.969,0.775,96.954,0.227,4.137
19951216,-4.474,-4.458,0.36,-4.504,0.671,31.804,259.331,0.445,96.804,0.016,3.526
19951217,-3.847,-3.88,0.384,-3.785,0.37,36.6,261.578,0.488,96.231,0.02,1.494
19951218,-0.377,-0.441,1.68,-0.26,0.58,5.882,312.163,0.608,95.79,1.216,2.166
19951219,0.429,0.427,0.568,0.433,0.518,17.341,303.841,0.901,95.803,0.66,2.121
19951220,0.129,0.05,1.697,0.273,0.416,6.517,304.799,0.726,95.324,9.301,2.128
19951221,-4.991,-4.715,0.732,-5.494,0.361,35.01,263.786,0.686,95.997,2.775,1.627
19951222,1.302,1.402,4.048,1.118,2.203,5.973,328.897,0.726,94.469,6.729,3.38
19951223,7.989,7.605,1.061,8.69,0.51,9.505,335.207,1.33,93.095,4.667,5.284
19951224,-0.463,-0.282,1.96,-0.792,0.341,16.458,299.14,0.867,93.927,1.652,2.342
19951225,-1.289,-1.533,0.676,-0.843,0.536,29.627,270.135,1.048,93.914,0.141,2.351
19951226,-1.815,-2.149,1.078,-1.204,0.56,28.295,273.381,1.266,94.426,0.55,3.575
19951227,-5.185,-5.446,1.019,-4.708,0.683,34.177,240.518,0.807,95.719,0.231,2.051
19951228,-7.769,-8.37,1.108,-6.673,1.698,45.244,214.431,0.699,96.065,0.011,1.562
19951229,-9.06,-9.909,1.78,-7.512,3.426,46.433,199.724,0.858,96.305,0.0,1.841
19951230,-9.51,-9.852,1.96,-8.885,2.365,46.335,211.591,1.016,95.294,0.053,3.768
19951231,-5.762,-5.883,1.141,-5.54,0.426,8.4,302.8,0.713,94.35,4.026,3.1
19960101,-4.958,-4.911,0.289,-5.045,0.319,11.746,303.144,0.687,94.872,0.174,2.668
19960102,-5.199,-5.05,0.622,-5.472,0.473,20.295,289.518,0.775,95.443,0.125,2.188
19960103,-3.879,-3.933,0.936,-3.781,0.84,32.703,261.671,0.903,96.531,0.074,0.851
19960104,-5.343,-5.633,1.246,-4.814,1.151,40.158,238.843,0.608,96.405,0.008,1.955
19960105,-8.044,-8.457,1.352,-7.29,2.343,47.012,219.842,0.735,95.433,0.0,3.223
19960106,-7.408,-7.525,1.722,-7.194,1.537,45.299,231.041,0.732,94.795,0.013,3.591
19960107,-1.296,-1.835,2.636,-0.314,1.277,19.316,291.267,1.287,94.529,0.2,2.63
19960108,1.076,0.664,0.39,1.828,0.87,22.744,311.898,0.767,95.691,0.046,1.654
19960109,0.883,0.617,0.53,1.369,1.189,40.275,277.679,0.911,95.459,0.001,2.415
19960110,0.226,-0.231,0.769,1.06,1.208,36.191,275.128,0.878,95.401,0.0,1.476
19960111,0.227,-0.441,1.174,1.444,1.838,43.908,274.152,1.046,95.115,0.252,1.867
19960112,2.387,1.652,0.791,3.727,2.202,45.58,277.597,1.445,95.042,0.001,1.808
19960113,1.203,0.412,1.78,2.646,2.933,48.658,265.861,1.222,95.988,0.001,1.733
19960114,-0.881,-1.178,0.71,-0.339,0.93,38.468,273.814,0.625,96.596,0.001,1.454
19960115,-1.915,-2.333,0.668,-1.218,0.586,49.747,251.377,0.673,97.067,0.0,1.562
19960116,-2.049,-2.5,0.544,-1.299,0.556,38.54,268.598,0.758,97.31,0.014,1.583
19960117,-2.733,-3.017,0.625,-2.26,0.992,49.682,250.642,0.727,97.171,0.007,1.188
19960118,-4.022,-4.396,0.325,-3.398,1.062,48.96,257.045,0.625,96.693,0.017,0.996
19960119,-5.31,-5.071,0.672,-5.708,0.534,34.966,273.206,0.534,96.358,0.113,2.95
19960120,-4.804,-4.741,0.625,-4.908,0.273,37.267,254.399,0.716,96.226,0.065,4.383
19960121,-5.502,-5.686,0.401,-5.197,0.881,58.074,224.614,0.797,96.507,0.007,4.084
19960122,-7.112,-7.475,0.649,-6.506,1.358,60.36,219.983,0.674,96.511,0.002,4.191
19960123,-7.787,-8.009,1.564,-7.417,1.676,52.981,229.826,0.685,96.052,0.024,4.912
19960124,-7.77,-8.311,1.165,-6.868,0.565,56.26,225.749,0.86,95.866,0.027,5.57
19960125,-12.195,-12.29,0.888,-12.038,1.43,65.228,215.774,0.875,95.913,0.065,5.88
19960126,-11.883,-11.901,0.932,-11.853,0.78,37.531,255.228,0.7,95.848,2.067,4.953
19960127,-10.095,-10.33,0.362,-9.704,0.45,32.667,273.942,0.654,96.331,0.577,3.869
19960128,-8.907,-8.893,1.244,-8.931,1.198,47.976,250.2,0.689,96.665,0.069,4.205
19960129,-6.575,-6.739,1.073,-6.301,1.24,58.888,241.437,0.758,96.617,0.025,4.227
19960130,-5.989,-6.51,1.603,-5.12,2.766,73.757,216.652,1.011,97.059,0.0,3.846
19960131,-6.708,-7.45,1.851,-5.47,2.901,73.525,220.844,0.849,97.112,0.0,3.44
19960201,-6.053,-7.571,1.909,-3.737,4.219,77.752,222.02,1.36,96.408,0.0,2.121
19960202,-3.464,-4.504,2.932,-1.877,3.086,49.657,271.965,1.835,95.484,0.71,0.887
19960203,-3.354,-3.537,0.366,-3.099,0.24,31.418,286.235,0.937,95.336,0.645,2.258
19960204,-4.245,-4.378,0.203,-4.058,0.469,36.955,275.868,0.968,95.794,0.634,2.175
19960205,-4.111,-4.742,1.139,-3.227,0.442,33.038,280.709,1.136,95.627,0.794,2.224
19960206,-8.553,-9.153,0.996,-7.712,2.171,59.04,235.767,0.806,94.796,0.048,4.126
19960207,-10.496,-11.054,1.499,-9.715,2.666,90.481,199.132,1.12,94.584,0.0,3.957
19960208,-11.096,-11.709,0.764,-10.237,1.413,82.268,214.609,0.752,95.112,0.016,2.495
19960209,-8.695,-9.494,3.084,-7.576,3.073,71.165,241.318,0.853,96.204,0.041,1.944
19960210,-5.033,-5.468,2.925,-4.423,1.748,43.248,279.306,1.105,95.708,0.147,2.607
19960211,-0.042,-0.437,1.794,0.511,1.294,39.452,295.982,1.089,95.507,0.536,2.759
19960212,1.691,1.32,0.268,2.209,0.473,40.841,304.728,1.326,94.553,6.227,4.716
19960213,0.357,0.195,0.553,0.583,0.187,57.969,293.408,0.924,93.976,4.126,2.385
19960214,-1.592,-1.561,0.415,-1.635,0.506,26.82,300.795,0.895,96.322,2.514,3.93
19960215,-2.239,-2.292,0.269,-2.163,0.228,48.967,287.745,1.136,97.246,0.697,2.677
19960216,0.491,0.022,2.134,1.148,0.766,16.428,314.731,0.867,95.89,4.953,5.508
19960217,1.435,1.207,0.436,1.753,0.195,45.674,290.341,1.386,95.145,4.1,6.511
19960218,1.043,0.842,0.434,1.301,0.436,24.864,302.493,1.115,94.381,5.879,4.715
19960219,0.951,0.381,0.808,1.685,0.735,72.543,276.935,1.173,93.757,3.499,2.874
19960220,-1.8,-2.509,1.073,-0.963,0.38,57.298,282.609,0.754,95.195,2.309,2.998
19960221,-6.663,-6.667,0.733,-6.659,0.707,64.123,267.877,0.917,95.824,0.256,3.282
19960222,-6.913,-6.961,0.694,-6.856,0.613,62.319,264.541,0.771,95.757,1.692,2.87
19960223,-5.624,-6.264,1.215,-4.867,0.671,82.549,261.485,0.894,95.912,0.335,2.224
19960224,-6.334,-6.579,4.494,-6.045,3.457,119.105,237.553,1.052,95.702,0.004,2.879
19960225,2.26,1.109,2.527,3.62,2.426,101.878,270.657,2.604,95.281,0.592,4.096
19960226,4.78,2.894,1.165,7.011,3.167,123.278,256.251,3.86,95.672,0.0,3.039
19960227,3.893,2.046,1.952,6.075,4.164,124.868,259.062,3.016,96.21,0.0,1.789
19960228,1.229,0.06,1.006,2.609,2.075,102.596,269.278,1.441,96.76,0.001,2.326
19960229,0.608,0.339,1.222,0.925,2.416,92.3,298.767,1.269,96.891,0.357,2.129
19960301,-0.976,-1.461,1.005,-0.403,0.66,81.523,262.599,1.694,96.394,1.159,4.446
19960302,-1.707,-2.669,1.857,-0.57,2.525,128.497,235.869,1.927,96.304,0.455,3.404
19960303,-2.646,-3.054,0.887,-2.164,1.252,95.624,257.46,1.64,96.144,0.718,1.689
19960304,-2.745,-3.375,2.056,-2.0,1.827,78.874,259.109,1.667,96.128,0.209,1.404
19960305,-0.416,-0.69,0.559,-0.118,0.537,51.495,297.133,1.486,96.249,0.757,2.809
19960306,0.222,0.061,0.873,0.383,1.184,50.192,303.467,1.133,96.373,1.527,2.291
19960307,-0.197,-0.754,0.786,0.36,1.121,94.353,274.78,1.126,96.301,2.392,3.694
19960308,-0.852,-2.161,1.331,0.457,2.668,156.226,232.644,1.908,96.918,0.001,4.806
19960309,-1.353,-2.67,1.739,-0.037,3.129,156.302,229.512,2.12,97.006,0.001,4.58
19960310,-2.154,-3.408,1.196,-0.899,2.865,161.229,224.949,2.133,97.142,0.008,4.167
19960311,-4.738,-5.238,0.696,-4.238,0.665,119.837,252.718,1.223,96.364,1.196,3.895
19960312,-5.858,-6.062,1.032,-5.655,1.344,105.736,246.809,1.063,96.01,0.746,4.539
19960313,-4.795,-5.25,1.058,-4.34,1.387,101.114,262.855,1.097,95.617,0.582,3.468
19960314,-2.076,-2.685,1.268,-1.468,1.594,92.914,281.683,1.188,95.618,0.137,3.566
19960315,-1.17,-1.642,1.561,-0.698,1.965,134.101,266.043,1.309,95.588,0.033,4.389
19960316,0.603,-0.072,0.484,1.279,1.283,103.342,296.451,1.2,95.461,0.007,4.575
19960317,0.675,0.249,0.987,1.101,1.346,118.215,297.59,1.19,95.947,0.017,2.406
19960318,0.349,0.24,0.624,0.459,0.813,68.014,306.12,1.065,96.188,0.105,2.09
19960319,1.023,-0.432,1.791,2.362,2.585,100.837,294.282,1.326,96.003,0.021,1.772
19960320,1.435,-0.603,0.965,3.309,3.377,180.715,254.624,2.02,95.524,0.0,1.563
19960321,3.182,1.429,3.198,4.794,4.074,133.391,287.443,2.199,95.54,0.108,1.459
19960322,4.751,3.645,1.584,5.769,2.16,107.714,296.109,1.494,95.776,2.705,1.452
19960323,4.987,4.145,2.987,5.762,3.345,91.153,314.247,1.358,96.1,1.757,1.694
19960324,6.725,5.948,1.331,7.382,0.399,63.125,329.338,1.421,96.248,0.94,2.638
19960325,3.205,2.414,0.97,3.875,1.14,89.437,302.603,1.478,96.464,0.382,3.118
19960326,1.747,0.266,0.43,3.0,1.197,59.25,307.56,1.015,95.478,4.791,2.124
19960327,0.17,-0.95,0.869,1.118,2.662,208.913,238.92,3.042,96.101,0.228,2.945
19960328,0.417,-1.262,2.424,1.838,3.241,144.323,253.649,3.491,95.704,0.009,2.067
19960329,0.859,0.043,0.342,1.55,1.303,153.073,275.942,1.847,95.188,3.05,3.563
19960330,-0.631,-1.313,0.577,-0.054,0.988,172.533,260.837,1.514,95.263,2.079,3.113
19960331,-1.204,-1.933,0.789,-0.587,1.634,193.451,257.634,1.549,95.522,1.904,2.617
19960401,-1.56,-2.802,0.819,-0.594,1.931,190.552,237.548,1.847,95.438,0.783,1.927
19960402,-1.377,-2.933,1.471,-0.167,2.204,159.596,248.223,1.767,95.914,0.651,2.548
19960403,-0.699,-1.358,1.875,-0.186,1.725,115.594,278.28,1.581,96.633,1.98,3.814
19960404,0.857,1.184,1.689,0.603,1.473,73.04,310.005,1.402,96.861,1.552,3.9
19960405,1.876,2.216,0.433,1.611,0.469,65.199,316.643,1.222,96.521,0.43,3.586
19960406,3.845,2.697,1.269,4.739,2.269,124.096,312.15,1.364,96.223,0.009,1.8
19960407,7.046,4.848,3.518,8.756,5.077,198.594,281.799,3.247,96.292,0.0,0.904
19960408,7.849,6.079,2.006,9.226,4.24,211.053,288.13,3.212,96.643,0.515,1.753
19960409,5.112,4.479,0.929,5.604,1.111,68.63,319.639,2.053,96.832,0.25,1.28
19960410,6.593,6.003,2.059,7.051,2.292,62.406,324.038,2.561,96.278,0.904,0.827
19960411,4.925,2.938,2.852,6.345,2.787,120.492,311.993,1.937,95.792,5.633,1.757
19960412,-1.313,-2.098,0.834,-0.753,2.095,206.682,248.733,1.994,96.03,0.073,2.814
19960413,0.75,0.047,2.348,1.252,2.02,99.976,288.71,1.907,96.16,0.214,2.923
19960414,3.707,1.447,1.604,5.322,2.888,167.841,272.611,3.162,96.597,0.412,2.35
19960415,5.536,3.11,4.716,7.126,5.358,259.263,246.764,5.606,96.894,0.0,1.388
19960416,8.262,5.552,3.288,10.038,5.113,251.61,266.897,6.653,96.325,0.0,1.362
19960417,8.958,5.594,3.337,11.161,5.424,263.691,257.817,7.126,95.649,0.0,2.406
19960418,10.021,6.599,4.143,12.264,5.863,236.777,283.185,6.165,96.082,0.0,1.473
19960419,12.123,8.596,3.753,14.434,5.464,197.539,302.579,7.064,96.297,0.0,1.803
19960420,14.688,10.998,4.592,17.106,6.12,256.201,292.191,10.171,95.933,0.0,2.001
19960421,16.246,12.1,3.43,18.962,5.661,259.308,297.259,11.609,95.634,0.0,1.982
19960422,17.437,14.122,2.463,19.608,5.624,260.434,303.087,12.409,95.553,0.0,1.784
19960423,16.268,13.349,1.861,18.18,3.744,216.569,321.296,8.917,95.313,1.874,2.617
19960424,10.944,9.858,2.057,11.656,1.13,200.423,319.126,2.88,96.083,14.42,2.295
19960425,8.988,6.44,1.68,10.657,3.08,205.665,286.156,4.219,96.612,0.268,2.449
19960426,9.915,7.652,3.977,11.398,4.665,230.5,303.211,4.848,96.475,0.0,1.99
19960427,11.354,8.749,2.205,13.061,3.182,148.17,320.917,4.539,96.06,0.169,2.237
19960428,10.722,7.955,1.973,12.535,3.733,220.381,298.606,4.099,95.281,0.847,1.734
19960429,8.567,7.816,0.975,9.06,2.175,172.827,313.683,3.445,95.107,0.153,1.365
19960430,7.945,6.875,1.077,8.532,2.036,98.154,320.597,2.141,94.796,5.63,1.174
19960501,10.218,8.377,2.374,11.228,4.015,182.689,313.354,3.475,94.67,0.286,2.084
19960502,10.165,8.297,1.097,11.19,2.4,173.883,311.83,2.39,94.232,1.619,1.987
19960503,9.046,7.427,0.691,9.933,1.887,119.615,321.545,2.509,94.396,5.71,1.843
19960504,6.177,5.423,0.69,6.59,0.599,139.229,304.169,1.772,95.232,2.955,2.683
19960505,4.703,3.379,0.989,5.429,2.186,197.559,282.933,3.072,96.064,0.0,2.01
19960506,6.39,4.421,3.451,7.47,3.745,191.659,295.948,3.809,95.972,0.022,2.372
19960507,6.05,6.284,0.533,5.921,0.939,82.204,332.729,2.081,96.001,7.454,4.117
19960508,6.253,5.929,0.248,6.431,0.426,86.764,339.415,1.471,95.968,4.472,3.227
19960509,3.608,4.029,1.253,3.376,0.417,42.636,326.284,0.906,95.734,8.441,3.544
19960510,3.719,3.444,1.083,3.869,1.102,69.244,325.261,1.188,95.55,0.316,1.635
19960511,5.811,5.564,1.203,5.947,1.212,82.962,335.51,1.271,95.754,0.016,1.693
19960512,8.021,7.358,1.174,8.384,1.471,96.075,343.715,1.687,95.924,0.279,2.117
19960513,8.328,8.119,0.084,8.443,0.346,66.189,350.347,0.999,96.163,0.398,2.825
19960514,9.022,8.448,0.708,9.336,1.398,138.839,349.061,1.468,96.033,0.05,2.619
19960515,7.126,7.156,1.456,7.11,0.425,79.012,339.349,1.142,95.775,8.304,2.371
19960516,5.892,5.557,0.888,6.075,1.5,94.994,334.137,1.666,95.719,0.992,2.394
19960517,12.289,9.632,3.465,13.745,4.163,214.938,329.998,3.912,95.124,7.631,2.628
19960518,13.65,11.869,0.759,14.626,2.312,187.336,333.751,3.079,95.029,2.502,2.176
19960519,13.692,10.977,0.326,15.05,2.889,223.043,331.678,3.759,94.983,9.355,2.009
19960520,10.766,8.678,1.557,11.715,1.89,232.189,308.669,3.908,95.648,0.739,3.063
19960521,9.032,5.927,1.966,10.443,3.589,219.352,296.143,3.198,96.205,6.032,2.402
19960522,8.995,7.274,1.105,9.777,2.418,238.661,300.585,3.539,96.515,1.311,2.55
19960523,10.09,9.039,1.455,10.568,2.058,120.666,327.642,2.427,96.096,3.442,3.149
19960524,14.354,12.48,2.954,15.206,3.363,187.05,334.324,5.104,95.746,0.602,3.233
19960525,13.305,11.859,2.014,13.962,1.686,181.913,336.42,3.631,95.199,3.94,4.512
19960526,11.063,9.59,1.25,11.732,2.589,243.699,311.356,3.859,95.639,2.951,3.517
19960527,11.332,9.888,0.789,11.988,1.037,186.484,337.341,2.16,95.039,5.982,4.309
19960528,7.085,5.72,1.173,7.705,2.307,190.262,304.399,3.407,96.308,0.718,4.901
19960529,11.401,7.841,5.731,13.019,5.464,265.881,310.98,5.592,96.641,0.0,2.49
19960530,16.365,12.791,3.386,17.99,4.824,281.665,323.727,7.273,96.483,0.0,1.633
19960531,19.929,15.55,3.595,21.919,5.094,309.136,330.809,10.062,96.193,0.058,2.4
19960601,14.162,13.318,1.526,14.546,0.91,132.666,353.862,2.337,96.279,4.028,1.881
19960602,10.977,10.669,0.425,11.117,0.493,58.884,358.035,1.727,96.129,8.554,2.662
19960603,11.079,10.348,0.527,11.411,0.623,83.642,353.915,1.691,96.328,0.512,1.702
19960604,14.141,11.995,3.429,15.116,4.778,273.586,318.697,5.729,97.063,0.005,0.846
19960605,16.242,12.948,3.479,17.739,4.586,317.892,307.351,7.566,97.17,0.0,2.584
19960606,19.531,16.074,4.746,21.102,5.804,316.107,322.598,9.922,96.606,0.0,1.5
19960607,23.302,20.057,3.38,24.777,4.916,301.766,344.581,12.992,96.399,0.001,1.246
19960608,22.399,19.469,1.045,23.731,3.547,288.508,352.901,10.479,96.229,0.779,1.901
19960609,18.697,17.256,1.034,19.352,2.22,187.129,356.233,4.631,96.438,2.028,1.519
19960610,19.527,16.615,2.668,20.851,4.474,290.027,340.465,7.261,96.593,0.059,0.963
19960611,20.937,18.025,2.659,22.261,3.68,275.859,354.445,7.708,96.625,0.638,1.489
19960612,18.69,15.645,1.452,20.074,2.193,253.868,347.255,6.3,96.719,0.919,2.927
19960613,11.84,10.26,1.147,12.559,2.628,241.532,305.433,5.406,97.314,0.031,3.224
19960614,10.232,7.97,1.362,11.26,2.834,278.079,290.854,4.243,97.291,0.0,2.699
19960615,10.879,7.868,3.017,12.248,4.374,302.538,289.349,4.661,97.082,0.0,1.647
19960616,11.969,9.564,1.922,13.063,3.579,295.314,300.22,4.535,96.758,0.0,1.892
19960617,15.6,12.401,3.695,17.053,5.292,317.751,302.255,8.127,96.269,0.0,1.356
19960618,14.86,11.342,0.959,16.459,2.972,246.004,314.526,6.633,95.496,0.193,3.077
19960619,10.384,9.528,0.703,10.773,1.347,132.479,326.928,3.511,95.415,0.338,3.685
19960620,9.363,8.792,0.238,9.623,0.626,61.105,339.192,1.561,95.067,4.682,2.789
19960621,10.101,8.548,0.647,10.807,1.969,209.404,317.067,3.912,95.076,0.482,2.834
19960622,9.944,8.74,1.182,10.492,2.007,165.436,325.872,3.575,95.477,0.683,2.435
19960623,10.136,9.414,0.687,10.464,1.216,136.465,334.979,2.973,96.231,0.837,3.178
19960624,9.633,8.858,0.675,9.986,1.254,124.984,335.761,3.112,96.515,0.421,2.516
19960625,10.362,7.668,1.536,11.586,2.866,154.323,325.416,3.156,96.695,0.387,1.22
19960626,12.752,9.795,4.4,14.096,4.497,192.122,328.527,5.384,96.504,0.036,1.037
19960627,13.337,11.356,1.571,14.153,2.89,162.171,343.047,3.683,96.409,0.188,2.691
19960628,15.452,13.975,2.9,16.123,3.883,223.646,346.956,6.088,96.195,0.316,2.301
19960629,13.458,12.062,2.129,14.092,1.591,185.04,335.986,2.664,95.371,12.645,3.515
19960630,11.196,10.202,1.467,11.648,1.872,108.704,345.711,2.437,95.502,5.812,4.336
19960701,12.571,11.242,0.586,13.175,1.237,198.553,336.153,3.125,94.967,2.158,3.981
19960702,11.255,9.602,0.482,12.006,1.775,245.609,315.627,3.398,95.166,1.72,4.066
19960703,13.639,11.22,3.244,14.738,3.68,215.712,315.748,5.599,95.574,0.307,2.999
19960704,16.007,14.694,0.754,16.604,1.759,138.257,353.225,4.114,95.308,3.183,4.548
19960705,15.839,12.884,0.916,17.182,2.575,132.492,355.587,3.401,95.175,23.78,2.632
19960706,11.747,10.909,1.225,12.128,0.87,140.304,337.06,1.925,95.031,4.745,2.462
19960707,12.001,10.032,2.016,12.896,3.243,206.424,317.26,4.157,95.281,0.336,1.523
19960708,11.174,10.683,0.329,11.397,1.04,99.348,336.552,2.484,95.31,6.496,3.982
19960709,11.036,10.501,1.393,11.279,2.313,147.916,331.922,3.558,96.079,1.218,5.076
19960710,12.943,11.049,0.995,13.804,2.719,205.89,328.638,3.984,96.16,2.997,3.125
19960711,13.909,12.456,2.974,14.57,2.82,102.324,354.603,3.219,96.451,0.245,2.422
19960712,16.759,14.945,0.69,17.584,2.142,180.221,348.822,4.391,96.117,0.549,2.437
19960713,17.583,15.223,2.037,18.656,3.768,212.217,341.962,5.555,96.362,0.802,2.348
19960714,18.374,15.368,2.427,19.741,3.802,274.324,341.917,6.501,96.762,0.006,2.394
19960715,15.389,13.893,2.156,16.069,0.882,126.647,356.652,3.95,96.889,1.484,2.251
19960716,11.254,9.557,0.893,12.025,2.368,187.919,329.138,4.116,97.081,0.001,2.92
19960717,11.575,8.88,2.595,12.923,3.402,292.877,295.83,4.232,96.906,0.0,2.183
19960718,10.568,9.355,0.943,11.175,1.403,114.074,335.928,3.008,96.626,0.423,3.272
19960719,12.451,9.528,2.303,13.912,3.654,224.033,314.607,5.214,96.925,0.0,1.747
19960720,13.219,10.124,2.247,14.766,3.576,198.039,323.352,5.948,96.96,0.265,1.106
19960721,13.766,9.817,3.019,15.741,4.52,290.017,298.147,7.699,96.879,0.0,1.757
19960722,16.018,11.834,3.471,18.111,4.871,303.015,305.919,9.316,96.687,0.0,1.852
19960723,17.208,13.296,3.234,19.164,4.562,262.002,328.333,8.293,95.908,5.688,3.015
19960724,15.446,13.858,0.914,16.24,2.054,201.785,344.84,3.806,95.329,3.473,3.816
19960725,13.478,12.939,1.211,13.748,1.782,89.119,353.154,2.312,95.825,1.683,3.901
19960726,14.51,13.093,0.755,15.218,2.877,226.72,331.917,3.9,96.495,0.017,2.251
19960727,16.811,13.455,3.833,18.49,5.089,261.814,330.291,6.939,96.215,0.0,1.488
19960728,16.122,13.763,1.506,17.302,2.867,172.847,346.128,3.673,96.136,0.551,1.311
19960729,17.599,15.266,1.303,18.765,3.101,178.027,357.784,4.838,95.969,3.361,1.035
19960730,16.281,14.411,0.868,17.216,2.228,189.663,354.64,3.61,95.777,3.918,2.18
19960731,17.378,14.651,1.988,18.741,3.265,182.136,349.556,6.395,95.967,0.416,2.512
19960801,18.956,16.159,2.094,20.49,4.02,203.371,349.205,7.994,95.978,0.022,2.051
19960802,16.622,14.782,1.494,17.631,3.169,218.274,332.977,6.965,96.372,0.0,1.804
19960803,14.328,12.143,1.32,15.526,2.609,206.61,323.878,5.207,96.803,0.36,2.037
19960804,13.558,10.741,2.263,15.103,3.804,184.703,324.537,5.543,96.816,0.464,1.781
19960805,14.226,11.173,3.327,15.9,4.423,185.605,321.102,6.694,96.349,0.017,3.304
19960806,14.622,12.518,2.607,15.775,3.526,210.09,321.995,5.899,96.067,0.005,3.182
19960807,15.69,14.215,1.173,16.499,2.116,121.707,351.189,3.803,96.076,7.8,1.376
19960808,15.937,13.63,1.713,17.321,4.118,194.519,348.125,5.348,96.118,0.108,1.234
19960809,17.709,14.403,4.017,19.692,4.846,205.387,343.098,7.501,96.079,0.035,2.041
19960810,20.083,17.098,2.005,21.874,4.011,207.164,349.537,10.266,95.653,0.021,2.562
19960811,16.884,15.737,0.824,17.572,1.904,138.726,355.121,4.742,95.263,4.09,2.009
19960812,15.148,13.682,0.583,16.027,1.955,103.95,362.41,2.233,95.225,24.479,1.97
19960813,13.771,12.825,0.284,14.338,1.226,142.641,349.133,1.982,95.327,2.823,2.663
19960814,14.42,13.327,0.714,15.076,1.567,103.268,354.452,2.555,95.531,4.547,1.67
19960815,15.31,14.033,0.989,16.076,1.9,164.053,345.099,3.345,95.988,1.195,2.657
19960816,15.165,14.508,0.663,15.559,1.655,146.206,356.598,2.812,96.352,1.738,3.457
19960817,15.676,13.727,0.943,16.846,3.012,209.535,330.178,3.827,96.614,0.837,1.734
19960818,16.485,14.255,2.32,17.946,4.101,178.939,335.809,5.082,96.688,0.201,1.954
19960819,18.884,16.088,2.898,20.715,4.869,247.161,322.655,8.649,96.445,0.0,2.984
19960820,19.608,16.377,2.922,21.725,5.145,243.351,326.447,11.534,96.047,0.0,2.87
19960821,18.431,15.516,1.909,20.34,4.04,189.713,341.032,7.792,95.714,1.161,1.817
19960822,17.448,15.596,1.075,18.662,2.416,146.372,355.336,3.718,95.626,6.615,0.834
19960823,18.205,16.101,1.614,19.584,3.481,173.306,364.012,4.426,95.629,1.0,1.622
19960824,15.965,14.498,0.893,16.926,1.451,129.195,346.793,3.963,95.532,3.472,2.214
19960825,15.506,13.225,0.945,17.001,2.843,189.777,330.141,5.721,95.671,0.169,2.541
19960826,14.718,12.275,2.034,16.318,3.499,200.092,321.363,5.094,95.919,2.11,1.23
19960827,14.939,13.017,1.973,16.198,3.134,188.056,333.19,3.789,96.007,2.835,0.991
19960828,13.437,12.664,0.675,13.988,0.728,55.133,343.688,1.658,95.53,12.801,1.908
19960829,13.361,11.917,1.049,14.392,2.219,153.448,325.72,4.757,95.427,0.253,5.586
19960830,12.153,11.984,0.639,12.273,1.036,77.522,346.978,2.406,95.765,3.015,5.26
19960831,12.05,11.377,0.712,12.531,0.797,106.665,344.698,2.087,96.424,2.222,3.02
19960901,10.938,9.703,0.918,11.898,2.25,154.482,315.806,3.273,96.827,0.117,2.174
19960902,10.897,8.613,2.604,12.673,3.853,162.064,315.234,4.296,96.891,0.014,1.697
19960903,13.567,11.34,1.827,15.299,3.417,207.374,316.439,5.457,96.658,0.0,2.421
19960904,13.539,11.211,2.58,15.35,4.003,169.11,327.712,4.386,96.341,0.196,2.212
19960905,12.473,10.542,1.674,13.974,1.975,157.794,315.901,4.431,96.182,1.289,2.82
19960906,8.053,5.755,0.887,9.84,2.605,131.65,301.033,2.575,96.079,3.062,3.157
19960907,8.786,7.148,2.996,10.059,3.276,141.98,302.472,3.424,96.466,0.058,3.533
19960908,9.981,8.6,0.864,11.055,2.047,129.524,314.107,3.52,96.497,0.639,2.562
19960909,9.583,7.891,2.252,10.899,3.075,112.809,309.39,3.302,96.347,0.609,2.346
19960910,10.341,9.488,1.235,11.005,1.739,106.088,326.561,2.715,95.943,0.947,3.345
19960911,9.964,9.236,0.629,10.53,1.382,81.07,331.324,2.985,95.704,0.473,2.911
19960912,8.516,7.823,0.71,9.054,0.729,61.599,323.074,1.481,94.631,5.802,3.898
19960913,7.3,6.758,1.275,7.722,1.658,94.779,319.686,1.477,94.581,5.949,3.569
19960914,10.006,9.065,0.467,10.802,1.036,123.244,325.815,2.018,95.88,2.556,2.806
19960915,9.241,8.168,0.792,10.15,1.131,111.895,320.018,1.998,96.432,0.977,2.582
19960916,8.467,6.672,1.873,10.119,3.043,122.113,307.68,2.669,96.644,0.115,2.251
19960917,7.577,6.485,1.332,8.582,2.24,96.343,321.516,2.442,96.308,0.663,2.363
19960918,8.197,7.725,0.543,8.631,1.352,94.239,324.094,2.037,96.144,1.331,4.887
19960919,9.299,8.106,1.551,10.397,3.037,129.976,311.828,3.122,95.713,0.001,5.189
19960920,7.717,6.989,1.854,8.386,2.437,106.426,312.311,2.254,95.319,0.259,4.831
19960921,5.999,6.389,0.5,5.64,0.54,22.378,342.185,0.988,95.139,4.116,3.998
19960922,7.513,7.51,0.833,7.517,0.734,27.011,346.176,1.146,95.228,0.133,3.807
19960923,7.694,7.481,0.517,7.891,0.989,35.651,346.165,1.487,95.208,1.41,2.949
19960924,8.416,7.631,0.873,9.138,1.443,40.043,341.928,2.088,95.34,0.734,1.149
19960925,9.366,8.341,0.95,10.309,1.459,68.297,338.295,2.305,95.49,0.238,1.534
19960926,9.772,8.195,1.198,11.223,2.58,95.801,316.611,2.702,96.011,0.411,1.818
19960927,9.911,8.811,1.687,10.923,1.904,79.253,316.541,1.779,95.686,4.116,3.313
19960928,10.492,9.406,0.768,11.578,1.41,72.008,325.919,2.147,96.419,0.731,2.806
19960929,10.307,10.18,2.001,10.435,1.468,34.112,334.579,2.165,96.34,1.744,4.422
19960930,13.71,13.209,1.193,14.211,1.375,50.726,343.288,3.197,95.664,0.013,4.392
19961001,11.883,10.881,1.519,12.885,1.054,47.333,338.63,2.594,94.74,12.8,2.5
19961002,8.334,7.102,0.962,9.566,1.543,98.661,317.555,2.079,95.803,3.859,2.874
19961003,7.586,6.339,2.355,8.833,3.486,126.032,284.83,2.26,96.717,0.0,2.595
19961004,8.5,7.806,0.679,9.195,0.872,47.993,314.211,1.813,96.041,2.312,3.719
19961005,7.001,5.431,0.898,8.707,2.098,98.951,303.798,1.905,95.783,0.174,1.718
19961006,5.71,4.184,1.766,7.367,2.953,94.353,301.629,1.424,96.449,0.002,1.351
19961007,7.909,6.915,2.344,8.989,2.686,63.941,342.634,1.675,96.582,0.008,1.844
19961008,10.063,9.479,0.771,10.699,1.352,31.114,354.263,1.621,96.256,2.303,1.596
19961009,9.815,9.221,0.39,10.461,0.946,28.841,344.08,1.218,96.198,2.288,1.367
19961010,9.086,8.557,0.47,9.66,0.451,14.801,343.694,1.03,96.58,0.39,1.249
19961011,8.703,7.716,1.132,9.868,2.166,62.248,336.768,1.717,96.599,0.014,2.041
19961012,8.197,6.587,1.178,10.099,2.276,64.682,321.488,1.712,96.013,0.224,1.979
19961013,9.573,7.52,3.057,12.0,4.669,120.161,296.177,2.775,95.84,0.0,2.035
19961014,8.271,6.341,2.438,10.552,4.415,122.294,283.851,2.376,95.585,0.0,1.688
19961015,9.193,7.745,3.97,10.905,4.698,118.319,297.663,2.67,95.244,0.001,1.634
19961016,9.838,9.699,1.154,10.001,0.567,10.082,353.783,0.87,95.025,12.701,3.089
19961017,7.95,7.735,0.424,8.204,0.5,32.958,338.235,1.388,95.301,2.927,2.216
19961018,7.647,6.829,0.863,8.615,0.954,45.117,319.624,1.729,95.705,2.183,1.703
19961019,7.654,6.668,1.514,8.819,1.912,36.952,314.544,1.539,95.811,2.91,3.264
19961020,7.606,7.826,2.227,7.347,1.151,21.81,329.948,1.033,96.196,8.516,3.041
19961021,10.075,9.919,0.846,10.258,1.534,10.212,353.557,1.23,95.818,10.876,3.956
19961022,7.744,6.793,1.491,8.866,1.572,56.317,312.583,2.205,96.76,0.108,3.098
19961023,5.213,3.978,1.417,6.8,2.841,79.153,290.498,1.648,97.095,0.01,1.754
19961024,4.869,3.538,1.516,6.58,3.104,99.917,269.768,1.704,96.985,0.0,3.037
19961025,4.808,3.586,2.242,6.518,3.34,101.705,268.371,2.556,96.651,0.0,2.431
19961026,8.23,7.191,1.261,9.683,1.811,56.796,322.975,2.229,96.694,0.372,2.168
19961027,7.221,6.439,2.829,8.316,1.97,37.267,325.423,1.427,96.313,5.751,3.628
19961028,11.497,11.361,0.609,11.686,0.386,47.662,349.95,2.604,95.159,0.711,5.564
19961029,9.522,9.259,2.32,9.889,0.743,18.986,324.19,3.18,94.457,3.669,7.187
19961030,5.985,5.794,0.249,6.254,0.598,53.053,305.569,2.13,96.266,1.649,5.807
19961031,6.149,5.791,0.495,6.649,0.828,51.122,319.189,2.407,96.405,0.959,4.115
19961101,8.534,7.475,1.466,10.016,1.062,12.885,345.376,1.469,96.058,4.851,4.583
19961102,9.527,8.995,2.132,10.272,1.063,26.109,341.332,2.094,96.623,0.097,5.014
19961103,10.697,10.392,0.552,11.124,0.495,52.935,337.701,2.204,96.307,0.071,5.125
19961104,10.318,10.008,0.687,10.752,1.065,49.268,323.071,3.016,95.559,0.003,4.989
19961105,9.77,9.273,1.865,10.466,0.51,58.65,311.346,3.567,95.036,1.076,6.123
19961106,7.35,7.316,2.064,7.398,1.391,41.461,310.702,2.381,95.295,0.796,6.976
19961107,7.493,7.081,1.09,8.07,0.893,38.353,315.667,2.279,95.04,5.711,5.465
19961108,4.522,3.821,1.627,5.504,0.787,57.548,288.061,1.581,96.322,2.331,3.11
19961109,4.698,3.692,1.8,6.234,1.01,42.391,291.235,1.518,96.686,0.977,4.041
19961110,5.038,4.81,0.59,5.386,0.83,26.897,313.395,1.426,95.951,2.18,2.61
19961111,6.569,6.383,1.135,6.854,1.271,36.801,309.461,1.564,94.703,1.923,2.693
19961112,8.352,8.318,0.859,8.408,0.928,36.56,321.302,2.06,94.412,3.741,1.658
19961113,5.64,5.816,2.705,5.346,1.271,13.18,327.426,1.096,94.99,4.331,2.472
19961114,1.202,0.955,0.606,1.613,0.401,38.66,287.37,1.132,96.283,0.264,2.242
19961115,0.92,0.992,0.725,0.8,0.469,25.985,306.64,0.967,96.625,0.038,3.099
19961116,2.155,2.127,0.458,2.202,0.387,10.645,323.294,0.712,96.503,1.813,0.727
19961117,2.295,2.055,0.623,2.694,0.308,22.915,309.949,0.926,95.522,0.299,1.174
19961118,0.96,0.89,0.678,1.077,0.651,21.038,306.868,0.888,94.361,10.284,2.191
19961119,0.607,0.507,0.704,0.774,0.683,39.828,299.319,0.905,93.854,6.768,3.688
19961120,3.746,3.002,0.769,4.986,1.335,60.258,278.68,1.637,92.983,3.102,4.905
19961121,2.0,1.865,1.04,2.224,0.248,39.274,291.385,1.583,94.225,1.67,5.234
19961122,0.999,0.423,0.642,1.959,1.193,53.726,257.369,1.72,95.317,0.149,4.217
19961123,-0.725,-1.082,0.234,-0.13,1.112,42.528,262.35,1.347,95.415,0.458,2.842
19961124,-0.592,-0.772,0.364,-0.294,0.317,40.493,281.638,1.076,96.143,0.845,3.31
19961125,-0.809,-0.839,0.478,-0.76,0.957,31.168,280.038,1.187,94.84,3.31,3.815
19961126,0.817,0.536,0.689,1.284,0.403,11.397,314.896,0.686,94.435,1.466,1.95
19961127,-1.131,-1.195,0.397,-1.013,0.134,19.398,298.625,0.763,95.032,2.179,1.805
19961128,-1.571,-1.507,0.456,-1.687,0.539,23.679,294.335,0.854,95.358,1.551,2.712
19961129,-0.824,-1.056,0.205,-0.402,0.433,21.062,293.877,1.038,94.824,6.859,4.705
19961130,0.973,0.644,0.714,1.572,0.544,20.719,304.214,0.96,94.059,1.383,3.911
19961201,0.881,0.847,0.32,0.943,0.655,32.397,293.078,1.282,95.589,0.899,3.915
19961202,2.418,2.198,0.488,2.819,0.307,36.116,300.395,1.109,95.041,4.846,4.837
19961203,2.883,2.998,0.278,2.673,0.63,33.61,299.648,1.527,95.303,0.573,4.56
19961204,4.897,4.221,0.804,6.13,1.156,34.917,299.433,2.577,95.148,1.429,3.758
19961205,2.555,1.638,1.54,4.228,2.465,45.736,265.472,1.598,95.808,0.0,1.553
19961206,0.696,0.052,1.461,1.87,1.897,45.855,266.722,1.055,96.194,0.0,1.08
19961207,0.098,0.056,0.855,0.175,0.621,35.358,282.212,0.64,96.774,0.001,1.161
19961208,-1.698,-1.521,0.538,-2.021,0.228,36.23,264.026,0.721,97.013,0.005,2.169
19961209,-2.361,-2.409,0.223,-2.273,0.294,44.327,240.62,0.765,96.534,0.0,2.25
19961210,-2.466,-2.792,0.594,-1.872,1.03,42.444,248.441,0.659,96.073,0.0,1.646
19961211,-2.78,-2.753,0.409,-2.828,0.527,31.713,271.238,0.466,95.93,0.012,1.199
19961212,-0.829,-0.942,0.826,-0.623,0.834,38.058,267.497,0.828,95.487,0.04,2.555
19961213,0.088,-0.042,0.609,0.324,0.134,6.757,314.23,0.684,94.68,3.402,1.583
19961214,-2.649,-2.884,1.788,-2.22,0.486,32.237,262.079,0.834,94.995,0.37,1.864
19961215,-0.664,-1.084,3.112,0.1,1.236,8.922,299.047,1.002,95.239,1.116,5.21
19961216,1.264,1.085,0.866,1.588,0.374,12.161,316.467,0.774,95.988,0.3,1.374
19961217,0.112,-0.097,0.304,0.494,0.134,11.839,299.968,0.716,95.583,1.545,1.716
19961218,2.22,2.099,1.532,2.441,0.936,15.49,319.955,0.756,95.192,0.077,1.623
19961219,2.597,2.479,2.591,2.812,1.097,3.123,324.485,0.653,94.784,10.546,3.186
19961220,-4.683,-4.56,1.425,-4.906,0.201,12.521,288.322,0.711,95.124,7.134,5.147
19961221,-8.506,-8.699,1.105,-8.155,1.096,43.3,214.303,0.63,95.986,0.001,3.887
19961222,-9.971,-10.563,1.365,-8.892,2.298,43.462,211.037,0.752,96.131,0.0,2.373
19961223,-8.323,-8.639,1.575,-7.748,0.888,23.999,252.038,0.866,95.199,0.124,5.038
19961224,-9.211,-9.479,1.298,-8.722,0.967,35.639,233.095,0.643,95.433,0.092,3.564
19961225,-8.965,-9.363,2.636,-8.24,2.177,21.771,235.82,0.583,96.142,0.156,2.094
19961226,-7.867,-8.0,1.061,-7.626,1.142,29.524,257.647,0.672,97.961,0.052,1.944
19961227,-10.234,-10.436,0.514,-9.866,0.593,24.001,242.496,0.69,97.433,0.004,2.113
19961228,-12.97,-13.374,1.591,-12.234,1.478,46.349,193.838,0.815,96.702,0.0,3.12
19961229,-12.143,-12.299,3.644,-11.858,3.323,42.097,229.894,0.834,95.836,0.845,1.616
19961230,-9.82,-10.243,1.558,-9.05,0.414,26.417,257.019,0.603,94.959,0.73,2.017
19961231,-15.049,-14.868,0.498,-15.379,0.607,33.314,221.412,0.439,95.95,0.107,3.968
19970101,-15.924,-16.032,0.632,-15.726,0.597,36.998,221.212,0.434,96.345,0.063,3.276
19970102,-16.053,-16.305,1.033,-15.593,0.645,45.211,207.91,0.422,96.378,0.011,2.372
19970103,-10.956,-11.239,2.476,-10.441,0.847,19.383,253.915,0.521,95.628,1.137,4.609
19970104,-7.928,-7.913,0.161,-7.957,0.088,20.567,280.349,0.487,94.935,0.981,4.441
19970105,-7.388,-7.651,0.862,-6.909,0.159,22.872,268.128,0.551,95.422,0.537,2.094
19970106,-9.13,-8.796,0.535,-9.737,0.561,36.871,233.474,0.494,96.217,0.063,2.451
19970107,-8.578,-8.434,0.9,-8.839,0.201,40.154,244.823,0.465,96.333,0.023,2.829
19970108,-10.028,-10.265,0.828,-9.595,0.163,43.136,240.459,0.424,95.696,0.048,1.678
19970109,-8.287,-7.94,2.062,-8.921,0.753,30.735,266.204,0.422,95.19,0.187,1.874
19970110,-5.158,-5.296,0.501,-4.906,0.187,24.783,278.124,0.619,95.993,0.359,1.94
19970111,-5.391,-5.682,1.089,-4.86,0.491,37.466,251.511,0.612,96.862,0.071,0.94
19970112,-7.397,-7.836,1.051,-6.595,1.665,49.416,238.398,0.662,97.17,0.001,1.861
19970113,-3.572,-4.537,1.301,-1.813,2.146,36.95,273.976,1.16,97.016,0.0,1.767
19970114,-2.571,-3.514,1.599,-1.0,3.33,51.321,253.964,1.59,96.921,0.0,1.604
19970115,-2.296,-3.522,0.913,-0.254,2.524,54.213,240.93,1.845,96.768,0.0,2.334
19970116,-3.538,-4.996,1.595,-1.108,3.636,55.142,239.838,1.446,96.64,0.0,1.716
19970117,-2.724,-4.354,1.699,-0.007,3.801,55.845,240.647,1.633,96.194,0.0,1.897
19970118,-0.678,-1.169,0.631,0.141,0.577,18.651,295.734,1.275,96.15,0.375,2.027
19970119,0.314,0.127,0.773,0.626,0.574,28.589,308.09,0.846,95.76,1.752,1.601
19970120,1.01,0.612,0.339,1.674,0.241,10.598,318.343,0.652,96.13,2.594,1.787
19970121,-0.179,-0.24,0.236,-0.078,0.172,31.684,294.43,0.738,97.279,0.083,2.254
19970122,0.938,0.496,2.086,1.675,1.594,55.079,277.095,1.425,96.69,0.075,2.551
19970123,3.333,2.618,0.51,4.524,0.941,45.445,294.488,0.975,96.637,0.524,2.769
19970124,2.74,2.474,0.244,3.184,0.707,19.888,326.572,0.663,96.975,3.522,0.96
19970125,1.296,1.061,0.675,1.688,0.458,11.456,320.48,0.602,97.438,1.45,1.204
19970126,-1.641,-1.577,1.179,-1.746,0.733,48.91,274.67,0.945,97.249,0.955,3.151
19970127,-2.188,-2.325,1.276,-1.96,1.102,28.827,294.328,0.88,97.129,0.04,1.235
19970128,-1.061,-1.104,0.906,-0.99,0.815,31.156,302.067,0.841,97.703,0.333,2.767
19970129,0.362,0.25,0.225,0.549,0.4,26.02,306.687,0.887,98.023,0.513,2.271
19970130,0.326,0.249,0.131,0.456,0.206,25.598,306.605,1.129,97.794,0.465,2.18
19970131,0.6,0.299,0.399,1.102,0.439,25.195,297.315,1.073,97.337,0.578,2.952
19970201,-1.331,-2.312,1.534,0.166,1.362,62.294,253.71,1.633,97.417,0.037,1.206
19970202,-3.06,-4.398,1.8,-1.017,3.134,78.254,228.484,1.75,96.997,0.0,2.034
19970203,-1.986,-2.543,1.7,-1.136,0.999,27.342,293.285,1.028,96.839,0.269,1.673
19970204,0.338,0.226,1.121,0.495,0.743,39.916,301.475,1.253,96.261,0.808,4.791
19970205,0.636,0.698,0.758,0.55,0.213,17.228,304.081,0.802,95.777,11.462,3.537
19970206,0.97,0.592,0.692,1.5,1.076,57.773,287.398,1.23,97.282,0.011,3.256
19970207,2.973,2.14,1.388,4.14,2.47,86.327,257.821,2.797,97.113,0.0,3.343
19970208,3.956,3.532,0.369,4.549,0.988,45.573,315.958,1.636,97.264,0.737,2.483
19970209,4.988,4.334,1.199,5.903,1.658,42.899,314.97,1.575,96.92,0.08,3.435
19970210,5.808,5.463,2.178,6.292,2.177,88.93,276.762,2.656,96.113,0.92,4.878
19970211,4.132,4.23,1.789,3.993,1.836,79.784,270.502,3.106,96.001,1.046,5.507
19970212,6.48,5.226,3.047,8.236,1.632,8.778,334.0,1.428,95.081,10.326,5.307
19970213,5.058,4.742,2.933,5.5,1.504,52.69,311.8,1.674,93.965,11.046,6.219
19970214,2.188,1.595,0.598,3.018,1.117,68.644,287.464,1.966,94.47,0.817,4.879
19970215,0.76,0.336,1.122,1.354,1.051,55.037,269.21,1.48,95.451,0.32,3.065
19970216,1.071,0.624,0.886,1.698,1.048,54.199,293.27,1.276,96.687,0.785,1.847
19970217,1.151,0.566,2.117,1.97,1.851,88.152,281.031,1.507,96.446,0.017,2.97
19970218,4.027,3.405,0.761,4.827,1.018,16.893,312.266,1.346,95.51,10.828,5.118
19970219,2.319,1.861,0.614,2.908,1.148,89.097,278.754,2.132,96.343,1.325,5.095
19970220,4.683,4.202,1.247,5.252,1.558,96.753,278.479,3.235,95.945,1.871,6.75
19970221,6.348,6.145,0.646,6.589,0.5,21.915,324.767,2.259,96.267,4.451,6.197
19970222,7.195,6.55,0.75,7.958,1.08,48.112,330.246,2.205,96.913,0.81,3.32
19970223,6.402,5.655,2.743,7.285,2.959,95.295,287.677,2.451,95.947,0.0,3.196
19970224,8.85,8.386,0.511,9.399,0.99,57.171,322.362,2.778,94.911,3.034,5.844
19970225,9.005,8.869,1.232,9.166,0.384,35.374,330.455,2.503,94.097,11.891,7.753
19970226,5.935,5.639,1.837,6.284,0.856,91.209,298.478,2.259,94.764,7.652,6.129
19970227,3.184,3.029,0.267,3.367,0.69,86.508,292.59,1.872,96.849,1.901,3.275
19970228,5.963,4.815,2.876,7.32,3.285,128.318,262.496,3.882,97.218,0.001,4.168
19970301,8.056,7.187,1.319,9.082,2.41,94.053,298.818,3.822,96.785,0.097,3.354
19970302,10.888,9.538,2.117,12.484,3.26,131.401,300.964,4.529,96.418,1.256,4.919
19970303,5.551,4.737,1.18,6.512,1.513,86.457,298.308,2.896,97.269,1.394,2.698
19970304,5.433,4.338,1.572,6.727,2.414,108.166,295.897,2.361,97.417,0.189,1.288
19970305,6.76,5.658,2.378,8.062,3.06,118.167,298.55,1.645,96.893,0.867,1.644
19970306,7.255,6.797,0.998,7.753,1.456,80.714,329.018,2.206,97.23,1.399,2.357
19970307,5.487,4.254,1.855,6.721,3.358,79.923,310.392,2.37,97.631,0.073,1.93
19970308,5.856,4.23,3.946,7.483,4.607,148.052,266.346,3.274,97.673,0.0,1.198
19970309,6.004,4.365,2.159,7.643,3.343,101.72,293.13,2.155,97.852,0.0,2.175
19970310,6.877,4.58,3.504,9.174,5.73,152.834,269.619,3.522,97.66,0.0,1.65
19970311,5.544,2.387,1.868,8.702,4.411,161.155,264.859,2.834,97.606,0.0,1.911
19970312,5.545,4.408,2.025,6.682,3.839,126.817,294.338,1.902,97.275,0.002,2.056
19970313,7.376,6.475,0.811,8.277,1.45,49.394,316.276,2.228,96.737,0.504,3.681
19970314,6.562,6.098,0.162,7.025,0.534,64.875,322.448,1.989,96.267,1.348,3.502
19970315,7.361,6.975,0.723,7.748,0.817,64.674,334.426,1.577,96.227,4.866,4.449
19970316,4.785,5.947,1.21,3.622,0.249,31.211,330.484,0.996,96.378,7.404,2.373
19970317,4.291,4.202,2.935,4.38,1.732,47.424,319.931,1.229,96.45,3.007,3.675
19970318,3.121,2.702,3.155,3.54,2.784,69.678,308.731,1.494,95.873,3.671,2.534
19970319,4.209,4.014,1.015,4.403,0.89,76.73,313.274,1.276,94.44,4.039,3.995
19970320,-1.086,-1.195,1.183,-0.986,0.522,72.809,285.25,1.094,95.758,2.946,2.241
19970321,1.111,0.052,1.465,2.085,1.541,130.753,280.565,1.057,95.988,4.314,2.799
19970322,0.603,-0.243,0.797,1.381,1.691,116.792,277.483,1.63,96.759,0.734,2.616
19970323,-0.227,-0.935,1.566,0.424,1.165,60.859,284.551,1.214,95.896,3.48,2.421
19970324,1.983,1.691,1.542,2.253,1.63,101.016,300.726,1.113,95.395,0.194,1.32
19970325,2.63,2.32,0.431,2.893,1.186,78.284,307.489,1.176,95.804,2.941,1.688
19970326,6.036,4.986,3.271,6.924,3.051,127.398,304.465,2.788,96.149,0.461,2.984
19970327,9.838,8.918,0.735,10.617,1.458,131.873,312.163,4.414,95.71,0.814,5.389
19970328,5.813,6.605,3.549,5.143,0.98,136.98,300.314,2.62,95.065,5.672,7.428
19970329,3.103,2.296,0.388,3.786,1.032,149.723,287.707,1.418,95.771,3.99,5.531
19970330,3.963,3.283,2.029,4.539,2.061,73.089,301.907,1.811,96.515,2.241,3.084
19970331,7.295,5.337,1.847,8.951,3.423,208.169,272.121,3.41,96.767,0.044,2.432
19970401,7.922,5.009,3.014,10.387,4.797,212.929,270.899,4.093,96.495,0.0,1.903
19970402,8.177,5.979,2.998,9.886,4.841,214.204,271.833,4.139,96.215,0.0,1.234
19970403,6.855,3.763,1.164,9.259,3.433,143.813,294.465,3.34,95.367,1.573,3.862
19970404,1.851,0.941,0.819,2.558,1.375,173.292,267.241,1.711,95.867,2.447,5.457
19970405,2.464,3.114,3.637,1.959,2.46,34.872,316.025,1.103,95.429,9.962,5.356
19970406,2.79,2.72,2.631,2.845,1.698,166.9,275.076,2.727,96.216,1.081,5.295
19970407,0.797,-1.656,1.969,2.706,3.691,229.326,233.461,3.386,97.519,0.0,1.498
19970408,2.833,0.19,3.397,4.888,4.471,232.109,245.342,4.296,97.449,0.0,1.806
19970409,6.361,3.275,3.209,8.761,4.797,185.752,275.431,5.251,97.193,0.0,1.473
19970410,7.355,5.424,3.113,8.856,3.476,217.316,275.84,4.353,97.015,0.0,3.0
19970411,4.985,4.444,2.429,5.406,1.312,119.723,277.536,2.754,96.005,2.024,5.756
19970412,3.038,1.608,1.511,4.059,2.053,148.115,283.69,2.582,96.388,0.764,4.003
19970413,4.167,2.532,3.23,5.335,3.942,204.205,277.505,3.858,96.645,0.012,2.049
19970414,5.606,4.895,0.922,6.113,1.141,46.319,325.483,1.912,96.143,1.394,4.649
19970415,3.32,2.067,0.77,4.215,1.876,214.498,263.275,3.616,96.296,0.753,4.55
19970416,2.479,0.336,1.39,3.883,2.766,202.126,252.992,3.545,96.567,0.189,3.138
19970417,3.755,2.017,2.956,4.893,3.28,146.002,288.47,3.821,96.477,0.016,2.182
19970418,5.751,3.859,2.66,6.991,3.766,231.985,278.526,3.813,96.035,0.007,3.235
19970419,3.682,2.35,1.972,4.554,1.161,191.736,284.584,2.759,95.526,0.951,2.345
19970420,0.849,-0.933,1.019,2.017,2.182,232.355,249.621,2.469,95.885,0.857,2.323
19970421,2.6,0.415,3.64,4.032,3.935,212.671,263.083,3.949,95.805,0.001,0.722
19970422,2.875,0.903,2.567,4.166,3.013,198.62,265.05,3.111,95.527,0.544,2.322
19970423,3.773,1.314,2.224,5.385,3.718,200.659,269.324,3.69,96.17,0.008,1.601
19970424,7.466,4.025,5.762,9.721,5.186,257.803,270.486,6.12,96.062,0.0,3.412
19970425,9.006,7.564,0.595,9.95,1.927,135.876,307.755,4.44,95.936,0.862,2.661
19970426,7.696,7.061,1.047,8.113,1.45,113.752,324.942,1.668,95.746,4.99,2.506
19970427,9.053,7.924,1.677,9.793,2.005,106.005,327.298,1.978,95.194,3.768,2.349
19970428,10.278,9.496,1.151,10.79,1.084,103.349,333.971,2.38,95.291,3.862,4.299
19970429,8.814,8.294,0.565,9.156,0.598,57.043,338.562,1.797,94.899,5.62,4.585
19970430,7.823,7.573,0.53,7.987,1.078,65.468,338.829,1.886,96.223,0.649,3.557
19970501,9.645,7.718,1.265,10.701,3.208,180.652,316.858,3.586,97.144,0.251,1.509
19970502,12.387,9.268,3.312,14.098,5.72,259.354,295.565,5.534,96.904,0.0,1.967
19970503,14.406,11.424,2.525,16.04,4.319,255.347,310.37,6.317,95.966,0.014,2.312
19970504,14.235,12.32,2.326,15.286,3.202,192.667,331.505,4.788,95.104,1.581,2.823
19970505,12.956,12.292,1.065,13.319,0.933,126.968,330.031,3.108,93.999,4.741,4.012
19970506,10.278,8.187,2.753,11.424,1.858,122.858,329.843,2.463,93.428,6.447,4.337
19970507,4.19,2.134,1.051,5.318,2.426,241.657,281.953,2.805,94.548,2.805,3.017
19970508,5.737,2.996,2.1,7.24,3.051,212.491,277.932,3.089,94.812,0.35,2.191
19970509,5.553,3.401,2.22,6.733,2.487,148.15,286.017,2.407,94.74,3.631,3.916
19970510,8.749,6.963,2.206,9.729,2.619,229.933,296.479,3.081,95.5,1.049,4.054
19970511,13.639,10.372,3.119,15.43,4.507,263.82,313.165,6.355,95.736,0.68,3.058
19970512,12.535,11.05,1.041,13.349,1.587,214.337,309.841,4.957,96.379,0.002,2.706
19970513,13.584,10.896,3.297,15.058,4.534,248.304,312.981,6.228,96.657,0.167,1.306
19970514,16.839,13.057,2.517,18.913,4.619,254.55,333.269,6.919,96.31,0.844,2.211
19970515,14.548,13.399,1.78,15.178,3.491,231.224,333.792,3.912,96.466,0.3,2.811
19970516,18.036,16.226,2.64,19.029,4.251,234.965,346.645,5.841,96.08,0.038,3.649
19970517,19.767,16.582,2.221,21.513,4.491,275.118,333.794,8.323,95.794,0.541,1.559
19970518,17.414,14.631,0.895,18.941,3.67,248.596,344.206,5.402,95.476,9.149,1.605
19970519,16.226,14.438,0.927,17.206,2.903,251.486,335.217,5.942,95.385,0.018,2.995
19970520,14.445,12.721,0.578,15.306,1.463,176.922,336.285,3.567,95.004,5.07,2.559
19970521,11.848,10.539,0.522,12.443,1.358,204.192,316.044,3.233,94.994,3.472,3.939
19970522,9.387,9.239,0.517,9.455,0.648,104.816,335.627,1.852,95.428,3.098,3.146
19970523,8.85,7.382,1.437,9.517,1.163,211.9,315.604,3.107,96.074,2.415,2.592
19970524,7.305,4.634,1.306,8.519,2.791,234.325,286.142,3.667,96.753,0.568,2.193
19970525,8.005,4.713,3.122,9.501,4.628,279.842,278.887,4.849,97.099,0.0,2.225
19970526,9.912,6.913,3.514,11.276,4.0,242.731,308.458,5.653,96.523,0.009,1.849
19970527,9.001,8.517,0.79,9.221,0.657,150.245,327.743,3.287,96.167,1.067,4.424
19970528,8.444,7.026,1.495,9.089,2.569,155.546,320.884,3.231,96.694,1.335,3.686
19970529,10.569,7.908,2.766,11.779,3.828,262.46,299.143,4.793,96.892,0.0,3.005
19970530,10.065,8.079,1.181,10.968,2.765,215.476,308.737,5.1,97.02,0.012,3.213
19970531,8.142,5.347,1.573,9.412,3.467,282.218,276.132,5.189,97.005,0.565,3.22
19970601,8.702,6.891,3.232,9.525,3.549,159.763,314.153,3.158,96.412,0.535,4.383
19970602,12.633,9.904,1.654,13.874,3.378,231.205,312.894,5.686,96.054,0.277,3.583
19970603,12.959,10.525,2.529,14.065,3.867,312.185,292.131,7.275,95.992,0.0,1.551
19970604,14.598,10.969,2.99,16.248,5.128,253.59,308.772,8.578,96.068,0.0,1.26
19970605,16.211,12.685,3.572,17.813,5.124,313.694,304.546,9.872,95.64,0.0,3.184
19970606,16.978,14.002,2.345,18.331,4.25,299.022,314.786,8.73,95.671,0.001,3.402
19970607,18.24,14.992,3.072,19.717,4.82,313.79,312.699,10.984,95.934,0.0,3.413
19970608,16.748,14.588,0.982,17.73,2.745,183.021,341.03,6.802,95.9,0.761,2.28
19970609,16.535,13.649,1.447,17.847,3.742,262.07,325.217,7.657,96.597,0.358,2.789
19970610,17.048,13.666,3.569,18.585,4.963,311.125,313.033,9.254,96.518,0.0,2.177
19970611,19.955,16.663,3.517,21.452,5.058,310.472,333.594,13.058,95.734,0.166,2.854
19970612,19.228,17.312,1.001,20.099,2.724,243.7,348.894,9.09,95.411,0.447,2.375
19970613,16.887,13.981,1.09,18.208,3.259,247.916,342.698,5.842,95.221,2.124,1.734
19970614,14.995,13.516,0.754,15.667,1.644,144.699,351.893,2.677,95.128,7.124,2.498
19970615,13.738,12.267,0.953,14.407,1.496,207.142,333.688,3.737,95.951,3.282,3.192
19970616,12.19,9.419,1.148,13.45,2.671,169.639,324.315,4.63,96.303,0.203,1.879
19970617,11.879,8.68,2.409,13.334,3.82,209.147,309.391,5.27,96.153,0.003,1.697
19970618,9.357,8.036,1.24,9.958,1.041,133.164,323.441,2.801,96.113,2.012,1.949
19970619,11.021,7.91,3.928,12.435,4.062,222.116,314.965,4.788,95.605,0.039,1.822
19970620,12.121,10.742,0.844,12.747,1.81,170.473,330.953,3.393,94.931,3.665,2.543
19970621,12.799,11.254,0.621,13.501,1.391,122.055,346.428,2.402,94.692,6.291,3.859
19970622,12.25,11.144,0.33,12.705,1.58,185.996,330.419,2.852,94.717,3.013,4.091
19970623,11.639,10.545,1.017,12.136,1.575,198.537,325.7,2.53,94.806,2.083,4.48
19970624,11.165,10.39,0.717,11.518,1.682,152.212,333.895,2.964,95.443,3.957,4.153
19970625,12.061,10.133,2.155,12.937,3.166,233.638,323.687,5.4,95.391,0.039,2.034
19970626,12.579,11.275,1.011,13.172,1.929,157.53,338.784,2.447,94.464,8.284,2.343
19970627,14.022,11.474,0.87,15.072,2.302,190.325,335.733,2.924,94.533,15.966,2.048
19970628,15.941,12.1,3.94,17.523,4.805,273.495,322.322,6.888,95.287,0.318,1.782
19970629,19.547,14.346,2.165,21.912,4.833,271.755,360.485,7.241,94.82,3.179,3.316
19970630,14.197,13.08,0.863,14.705,1.347,167.549,331.533,3.422,94.734,2.0,2.794
19970701,13.287,11.23,0.807,14.222,2.118,174.617,327.113,2.89,95.289,4.658,2.549
19970702,16.138,12.477,2.89,17.802,4.55,254.559,326.486,6.329,95.657,0.39,2.096
19970703,16.724,15.132,0.821,17.448,2.341,214.377,348.866,4.793,95.849,5.438,1.581
19970704,14.982,13.73,1.348,15.551,2.089,166.275,331.363,4.618,96.201,1.185,1.293
19970705,14.833,12.874,0.994,15.724,2.717,211.694,329.538,4.18,96.252,7.528,1.903
19970706,12.742,12.138,0.723,13.017,1.57,170.916,335.012,3.632,96.656,0.499,3.604
19970707,14.989,13.1,2.13,15.847,2.911,166.329,352.341,4.163,96.619,1.671,4.063
19970708,15.248,14.092,1.087,15.773,2.307,162.725,352.155,4.031,96.534,0.173,3.353
19970709,14.949,13.19,1.189,15.749,2.926,216.315,338.412,4.879,96.276,0.0,2.33
19970710,15.809,12.664,2.578,17.239,3.913,218.494,336.025,5.248,95.96,0.557,1.769
19970711,17.904,14.652,3.428,19.382,4.466,259.646,331.368,9.18,95.883,0.011,1.292
19970712,18.25,15.094,2.294,19.685,4.208,256.394,329.128,9.264,95.96,0.032,1.308
19970713,18.124,14.631,2.467,19.712,4.269,248.813,331.852,8.899,96.122,0.225,1.57
19970714,16.756,14.16,0.854,17.936,2.857,196.079,345.58,5.754,96.25,3.154,1.334
19970715,15.982,13.839,1.174,16.955,2.298,163.471,359.603,3.408,96.368,2.072,1.976
19970716,15.676,13.97,2.326,16.451,2.965,147.27,350.825,3.631,96.213,0.765,1.041
19970717,16.699,15.054,0.827,17.447,2.279,186.401,351.193,4.511,95.558,1.402,1.154
19970718,15.13,14.209,0.411,15.591,1.355,149.053,357.114,2.668,95.289,8.382,2.461
19970719,14.997,13.738,0.564,15.626,1.79,155.593,358.886,3.315,95.936,12.691,3.515
19970720,13.453,12.343,0.872,14.007,1.407,108.848,357.249,2.044,96.225,17.504,3.375
19970721,15.111,14.135,1.206,15.599,1.888,76.134,368.694,1.53,95.957,11.666,2.571
19970722,17.703,15.893,2.086,18.608,2.789,187.611,364.838,4.074,96.28,0.55,1.079
19970723,17.421,15.266,1.182,18.498,2.873,188.379,354.735,3.948,96.258,10.174,1.107
19970724,17.059,14.707,2.213,18.234,3.506,233.182,340.113,6.19,95.954,0.031,1.158
19970725,14.881,14.037,0.797,15.303,1.11,118.313,348.545,2.494,95.384,12.765,2.489
19970726,14.792,13.668,1.032,15.354,2.028,148.467,351.555,3.313,95.859,0.878,3.731
19970727,16.773,13.848,1.339,18.236,2.548,202.142,347.938,5.703,96.005,0.281,4.007
19970728,15.846,13.816,1.628,16.862,3.225,189.015,338.105,6.551,96.556,0.002,2.076
19970729,16.156,13.796,1.474,17.336,3.18,231.337,335.089,5.691,96.519,0.377,1.458
19970730,18.104,15.268,3.064,19.521,4.716,246.263,332.859,8.386,96.254,0.029,1.512
19970731,14.651,14.108,2.815,14.922,1.406,121.61,346.641,3.133,95.706,5.618,3.182
19970801,13.369,11.855,1.374,14.126,2.077,180.042,337.463,2.687,95.639,1.913,2.411
19970802,15.813,13.67,1.637,16.988,2.892,147.38,347.671,4.308,96.035,0.239,1.711
19970803,17.749,15.752,2.675,18.844,3.478,165.86,360.045,5.223,96.196,0.391,0.915
19970804,19.4,17.41,1.285,20.491,3.04,166.231,364.408,5.79,96.202,1.027,0.915
19970805,18.178,15.687,1.255,19.544,3.113,213.121,340.89,6.173,96.257,0.251,2.274
19970806,17.504,14.606,2.118,19.093,3.849,243.477,327.117,6.943,96.165,0.006,2.533
19970807,18.048,15.357,2.378,19.524,3.693,199.206,343.488,6.894,96.191,0.723,2.538
19970808,18.288,15.515,1.904,19.809,3.907,209.608,342.649,6.677,96.287,1.129,2.02
19970809,19.559,16.501,2.126,21.393,4.427,234.046,340.202,8.533,96.475,0.144,1.218
19970810,19.902,16.427,2.772,21.988,4.567,261.186,331.902,10.531,96.533,0.0,2.568
19970811,20.628,17.268,3.29,22.644,4.903,271.925,324.478,12.939,96.56,0.0,3.505
19970812,20.574,17.108,2.898,22.653,4.983,270.074,326.312,12.705,96.744,0.0,2.548
19970813,21.55,17.968,3.99,23.7,5.29,261.154,337.375,14.315,96.621,0.0,1.437
19970814,20.447,16.94,1.853,22.552,3.93,200.151,354.302,10.18,96.422,0.324,2.244
19970815,17.697,15.813,0.677,18.828,2.305,186.479,352.963,4.994,96.416,1.01,2.294
19970816,18.357,15.847,2.237,19.863,3.934,223.431,347.077,6.124,96.471,0.062,1.564
19970817,19.385,16.186,1.839,21.304,3.758,220.849,339.157,10.218,96.391,0.001,2.415
19970818,17.665,14.48,2.364,19.575,4.206,220.284,330.621,9.203,96.332,0.028,2.27
19970819,16.11,15.365,0.734,16.599,2.398,70.489,363.727,2.599,96.298,21.085,2.262
19970820,18.281,16.151,1.835,19.677,3.437,205.367,348.78,4.993,96.306,1.32,2.456
19970821,19.593,16.28,2.79,21.764,5.285,225.896,342.802,8.878,96.339,0.153,1.478
19970822,19.685,17.425,1.911,21.166,4.063,180.16,357.224,7.825,96.397,1.797,1.679
19970823,20.1,18.966,1.758,20.843,2.634,120.967,375.575,5.044,96.235,1.949,0.985
19970824,22.082,19.091,1.847,24.042,3.987,200.924,368.565,9.168,95.976,0.781,1.422
19970825,22.475,19.128,3.038,24.668,4.951,219.215,362.574,11.123,95.578,0.204,1.603
19970826,19.821,17.916,0.492,21.068,2.308,163.586,369.915,5.492,95.385,12.055,1.359
19970827,20.219,18.273,1.768,21.494,3.352,183.028,368.413,6.8,95.253,1.235,1.785
19970828,17.987,15.504,2.161,19.614,3.024,140.792,361.274,4.682,94.817,17.612,3.099
19970829,13.835,12.816,0.653,14.563,1.552,127.335,334.417,3.328,95.477,1.079,3.488
19970830,14.792,12.777,2.386,16.231,3.853,190.765,321.45,5.669,95.978,0.0,2.776
19970831,17.77,15.206,1.342,19.601,3.232,177.662,348.067,6.435,96.182,0.799,2.003
19970901,19.514,15.833,3.525,22.143,5.347,220.49,330.717,9.63,96.171,0.0,1.863
19970902,17.094,15.326,0.614,18.47,1.897,163.271,349.643,4.283,96.217,0.097,2.492
19970903,15.729,15.211,0.907,16.132,1.498,69.942,368.565,2.782,96.478,4.299,1.279
19970904,17.688,16.105,2.041,18.919,2.93,91.663,373.177,5.28,96.347,0.937,1.154
19970905,18.091,15.943,1.948,19.761,3.629,132.706,352.503,6.249,96.26,0.936,1.311
19970906,15.402,14.318,1.28,16.246,1.409,149.154,340.876,4.364,96.381,1.513,2.347
19970907,12.547,11.248,1.795,13.558,2.352,98.68,331.886,3.413,96.634,0.417,3.345
19970908,15.127,13.434,1.767,16.443,3.241,131.18,341.152,5.192,96.596,0.004,4.517
19970909,13.411,11.856,1.563,14.621,1.719,123.24,339.373,5.297,96.115,0.66,5.589
19970910,10.402,8.531,1.402,11.858,2.54,115.711,310.969,4.541,96.464,0.065,4.084
19970911,11.458,9.061,3.812,13.322,4.61,175.707,300.597,5.139,96.092,0.0,1.826
19970912,16.307,13.611,2.008,18.404,3.506,157.41,340.462,6.639,95.225,5.482,3.458
19970913,11.847,10.633,2.337,12.79,1.059,129.236,315.717,3.843,95.484,2.694,3.895
19970914,9.373,6.896,1.511,11.299,3.324,140.262,290.423,4.524,96.602,0.053,3.389
19970915,10.088,7.125,3.434,12.595,5.097,182.954,286.54,5.114,96.964,0.0,2.24
19970916,12.823,9.286,4.059,15.816,6.369,192.458,288.281,8.045,96.672,0.0,2.451
19970917,14.336,11.521,2.26,16.926,4.3,163.257,306.001,6.612,96.521,0.0,2.52
19970918,15.166,12.718,3.72,17.417,5.5,165.222,325.388,6.8,96.612,0.557,1.209
19970919,10.812,9.354,2.43,12.153,1.115,59.68,324.978,3.428,96.776,0.495,2.086
19970920,7.463,4.725,2.519,9.983,4.344,165.325,280.568,4.276,97.159,0.0,1.547
19970921,7.857,4.718,2.783,10.745,4.69,163.327,284.135,4.581,96.985,0.0,1.697
19970922,10.016,6.597,4.742,13.163,6.061,173.772,285.192,6.402,96.899,0.0,1.563
19970923,12.182,9.609,2.199,14.548,5.15,169.396,296.359,6.445,96.727,0.0,1.478
19970924,11.206,9.424,1.66,12.846,1.863,76.576,335.202,3.81,96.931,0.096,1.98
19970925,11.249,7.937,3.893,14.295,5.446,164.366,296.186,5.868,97.147,0.0,2.071
19970926,12.912,9.703,2.603,15.865,5.284,162.104,300.219,6.713,96.826,0.0,1.405
19970927,9.878,8.195,1.606,11.426,3.137,125.555,300.692,3.172,96.246,0.0,1.191
19970928,9.352,6.829,2.872,11.673,5.24,158.168,285.21,4.594,96.105,0.0,1.753
19970929,12.766,10.324,4.695,15.207,6.416,141.432,311.315,6.064,96.36,0.0,1.679
19970930,12.359,11.844,0.657,12.873,1.288,52.183,348.101,2.245,96.55,1.293,2.436
19971001,12.233,12.583,1.916,11.883,1.146,23.613,363.657,1.652,95.902,4.097,2.511
19971002,10.75,10.593,2.521,10.907,0.405,90.218,329.185,3.353,95.34,0.937,6.314
19971003,8.225,7.31,1.153,9.139,2.157,86.277,309.4,3.385,96.186,0.056,3.552
19971004,10.401,9.591,2.764,11.211,2.311,75.677,321.859,3.697,96.253,0.041,3.894
19971005,12.23,10.717,1.833,13.744,3.181,115.667,317.389,3.932,95.951,0.006,3.032
19971006,12.842,10.781,3.917,15.081,5.349,140.382,307.506,4.667,95.425,0.0,2.108
19971007,15.749,14.161,1.325,17.474,2.367,100.04,343.583,5.166,94.91,0.548,4.071
19971008,14.269,13.546,1.997,15.055,2.062,80.221,336.381,4.464,95.416,0.199,4.625
19971009,16.04,15.248,0.731,16.901,1.122,72.878,359.551,4.034,94.982,4.225,6.785
19971010,12.617,11.69,1.95,13.624,0.627,38.096,337.657,2.901,94.562,13.795,6.05
19971011,9.092,8.603,0.411,9.624,0.676,78.959,321.661,2.53,94.539,3.779,5.417
19971012,7.542,7.038,0.709,8.137,1.241,70.711,320.126,1.913,94.397,2.569,3.356
19971013,5.923,5.138,0.522,6.851,1.162,82.364,303.52,1.844,95.227,1.922,4.231
19971014,5.778,4.97,0.539,6.733,1.281,73.38,301.156,2.093,95.766,0.672,3.578
19971015,4.897,4.613,0.229,5.232,0.16,29.431,315.708,1.018,95.609,4.682,2.859
19971016,3.862,3.087,0.988,4.778,2.366,77.342,302.324,1.841,95.907,0.201,0.96
19971017,5.446,4.038,4.164,7.11,4.434,106.292,291.213,2.22,96.305,0.0,1.912
19971018,8.804,6.871,2.541,11.088,4.26,111.69,290.939,3.306,96.646,0.0,2.289
19971019,9.313,7.151,2.162,11.868,4.677,110.616,292.147,3.101,96.336,0.0,1.984
19971020,5.583,4.298,1.464,7.103,1.064,25.643,316.459,0.958,95.961,1.769,1.928
19971021,1.175,-0.359,1.276,2.987,2.857,103.154,253.708,2.279,96.383,0.0,2.462
19971022,0.679,-1.641,2.383,3.422,4.449,111.848,241.585,2.139,95.872,0.0,1.946
19971023,2.013,0.87,3.473,3.364,2.588,60.012,284.276,1.579,95.705,0.062,2.414
19971024,3.556,3.225,0.83,3.983,1.872,87.483,274.531,2.119,96.239,0.548,3.552
19971025,4.044,3.372,1.042,4.907,0.989,41.591,308.368,1.664,96.484,2.507,4.688
19971026,2.698,2.173,1.246,3.434,1.47,59.343,290.548,1.147,96.674,1.442,2.354
19971027,-0.69,-1.66,1.927,0.667,2.514,97.41,235.176,1.937,97.196,0.04,2.356
19971028,-2.616,-4.35,1.651,-0.188,3.434,100.194,224.692,1.921,97.813,0.0,2.192
19971029,-0.749,-1.739,3.145,0.636,3.704,82.215,246.435,2.753,97.957,0.0,0.744
19971030,1.62,0.211,2.434,3.592,3.576,89.479,258.027,2.577,97.603,0.0,2.685
19971031,1.751,0.973,1.285,2.84,2.323,89.63,256.06,1.443,97.204,0.0,3.648
19971101,0.93,0.532,1.12,1.487,1.534,63.026,290.546,1.194,96.758,0.005,1.095
19971102,1.001,0.476,3.6,1.735,2.921,70.977,281.938,1.256,96.299,0.073,1.482
19971103,3.397,2.364,1.751,4.843,1.008,29.11,304.011,1.79,96.245,0.191,2.503
19971104,-0.012,-0.901,1.819,1.234,2.593,84.252,248.583,2.453,95.985,0.0,3.83
19971105,4.725,4.295,2.608,5.328,1.48,29.768,328.501,2.061,95.104,2.988,2.789
19971106,7.24,7.174,1.446,7.332,0.811,17.58,335.084,1.805,93.869,8.51,2.646
19971107,9.965,8.97,1.218,11.358,0.413,68.169,310.196,3.21,93.935,0.991,3.977
19971108,6.919,5.868,1.73,8.391,2.684,64.655,280.596,2.188,94.405,0.005,2.899
19971109,6.345,5.908,0.781,6.956,0.96,18.318,298.508,1.581,94.348,4.489,4.038
19971110,7.067,6.583,0.474,7.805,0.853,52.049,301.695,2.265,94.493,2.263,4.349
19971111,6.654,6.112,0.784,7.482,1.402,41.593,295.769,2.293,94.66,0.404,2.938
19971112,4.554,4.26,0.559,5.005,0.932,30.487,307.614,1.329,94.344,6.397,1.277
19971113,4.283,3.731,1.304,5.203,0.685,22.341,319.547,1.105,94.857,5.716,2.971
19971114,1.364,1.046,1.222,1.892,1.387,31.807,309.994,0.792,95.717,0.026,1.26
19971115,3.876,3.753,1.691,4.082,1.045,11.174,324.87,0.832,96.035,9.782,2.958
19971116,4.334,4.038,1.544,4.829,0.344,15.964,322.745,0.924,96.284,0.738,2.268
19971117,1.62,1.47,1.641,1.869,1.245,35.156,301.467,1.04,96.598,0.123,2.394
19971118,1.474,0.803,1.926,2.591,0.268,32.173,293.11,1.329,96.072,0.019,3.749
19971119,-2.579,-3.244,0.887,-1.471,1.74,65.057,229.154,1.556,95.507,0.001,4.236
19971120,-2.729,-3.071,2.654,-2.158,2.52,56.032,256.453,1.377,94.96,0.803,2.753
19971121,1.289,0.845,1.35,2.029,1.551,24.136,321.354,0.887,95.351,0.363,1.289
19971122,1.51,1.297,0.36,1.866,0.276,12.731,323.359,0.633,95.83,0.275,0.946
19971123,2.053,1.848,0.683,2.395,0.713,13.434,323.573,0.709,96.316,0.763,0.601
19971124,0.948,0.799,0.442,1.197,0.162,18.201,308.683,0.701,96.253,0.193,2.191
19971125,0.112,-0.096,0.652,0.458,1.006,43.846,275.207,0.83,95.583,0.001,2.438
19971126,0.332,0.385,0.425,0.245,0.242,41.731,287.904,0.826,95.755,0.019,2.757
19971127,0.5,0.518,0.259,0.469,0.456,25.234,300.34,0.853,96.073,0.008,2.938
19971128,1.202,1.131,1.207,1.332,0.848,16.765,304.892,0.996,95.662,2.4,1.785
19971129,5.969,5.543,1.625,6.745,0.885,17.245,332.714,1.066,95.018,1.929,2.763
19971130,6.457,6.335,0.403,6.678,0.367,23.14,329.675,1.39,95.032,0.042,2.318
19971201,1.729,1.907,3.294,1.405,0.362,20.991,285.297,1.174,95.447,1.988,2.423
19971202,-2.997,-3.046,1.226,-2.908,0.638,22.388,274.241,0.697,95.042,3.233,3.362
19971203,-2.191,-2.137,0.381,-2.29,0.356,12.804,301.193,0.817,95.07,12.509,3.65
19971204,-1.072,-1.429,0.388,-0.421,0.194,22.741,299.778,0.67,95.918,1.512,1.515
19971205,-2.814,-2.473,1.063,-3.436,1.001,35.94,278.867,0.692,96.439,0.041,1.706
19971206,-0.299,-0.626,0.565,0.297,0.891,32.805,288.425,1.322,96.411,3.727,3.943
19971207,0.579,-0.013,0.738,1.657,0.369,15.48,303.248,0.813,96.048,0.948,3.043
19971208,1.169,0.939,1.061,1.587,0.708,25.131,283.248,1.222,95.43,0.008,3.218
19971209,3.076,2.997,0.734,3.219,0.532,15.178,307.465,1.133,95.453,0.382,3.428
19971210,6.469,6.312,1.429,6.755,0.44,10.351,336.01,1.342,95.03,7.502,6.041
19971211,8.838,8.876,0.461,8.769,0.243,9.031,335.534,1.922,94.708,5.087,4.762
19971212,6.023,5.848,1.02,6.342,0.25,8.481,324.097,1.192,94.791,5.176,4.282
19971213,3.254,3.181,0.583,3.388,0.231,23.095,305.958,1.24,96.5,1.414,4.313
19971214,2.121,2.223,1.745,1.935,0.573,26.996,300.221,1.033,96.518,5.63,3.981
19971215,-2.297,-2.004,2.252,-2.832,0.751,13.117,294.874,0.902,97.174,1.347,4.808
19971216,-9.178,-9.01,2.045,-9.484,0.18,44.932,226.104,0.757,97.204,0.044,5.825
19971217,-8.351,-8.756,2.059,-7.612,1.52,44.102,234.447,0.723,96.252,0.006,5.119
19971218,-2.581,-3.249,1.375,-1.364,1.298,28.112,291.8,1.1,95.517,0.478,2.725
19971219,-0.656,-1.487,0.536,0.86,1.409,36.886,281.967,1.08,94.855,0.133,1.834
19971220,-0.196,-0.773,0.936,0.856,1.205,19.886,291.356,0.839,94.732,2.306,2.032
19971221,-0.418,-0.5,0.113,-0.268,0.123,9.122,312.136,0.688,94.878,6.907,1.803
19971222,-0.428,-0.581,0.348,-0.148,0.392,14.558,305.927,0.694,95.644,0.2,0.786
19971223,-0.41,-0.419,0.691,-0.392,0.234,15.018,297.369,0.783,96.219,0.14,1.561
19971224,3.805,3.888,2.575,3.656,0.973,6.037,330.52,0.852,96.332,1.868,3.956
19971225,8.535,8.686,1.012,8.261,0.598,19.925,329.966,2.019,95.423,3.211,5.989
19971226,6.766,6.633,1.184,7.01,0.383,32.66,291.666,2.683,94.546,1.655,6.356
19971227,4.015,3.847,0.546,4.321,0.393,21.905,314.035,1.395,94.854,1.973,3.997
19971228,3.024,2.82,0.53,3.394,0.398,22.707,311.072,1.149,95.316,1.464,2.505
19971229,1.916,1.752,0.36,2.215,0.631,20.503,299.154,1.228,95.244,2.313,3.834
19971230,1.736,1.438,0.429,2.278,1.141,34.448,281.352,1.316,95.565,0.12,2.738
19971231,3.952,3.473,2.233,4.825,1.726,36.463,278.53,1.719,95.365,0.001,3.566
19980101,6.461,6.319,0.516,6.72,0.872,19.119,323.069,1.721,95.628,1.267,2.886
19980102,6.064,6.074,0.848,6.045,0.738,15.223,318.911,1.71,94.235,2.744,5.284
19980103,5.644,5.682,0.529,5.574,0.363,16.31,313.424,2.073,94.25,5.409,6.761
19980104,4.398,4.417,0.515,4.364,0.966,31.441,280.617,2.395,94.568,3.185,6.394
19980105,4.756,4.801,0.289,4.672,0.491,31.282,291.606,2.796,94.366,3.437,7.295
19980106,3.011,2.881,0.571,3.246,0.565,31.93,286.804,1.758,94.963,5.808,5.663
19980107,6.05,5.028,1.755,7.914,1.242,8.92,315.831,1.756,95.547,4.63,5.31
19980108,7.104,6.952,1.032,7.38,0.967,20.702,309.407,2.713,96.182,2.969,6.351
19980109,8.933,8.787,0.613,9.201,0.616,13.596,328.514,2.859,96.876,0.156,4.68
19980110,5.616,4.888,1.968,6.945,3.165,45.674,271.223,1.835,97.149,0.005,2.09
19980111,3.409,2.347,2.221,5.345,3.817,50.637,254.46,2.512,96.628,0.0,2.375
19980112,3.577,2.563,1.558,5.427,3.145,49.514,261.324,2.45,96.309,0.0,2.527
19980113,3.651,2.984,2.144,4.867,3.166,51.004,279.086,2.592,95.612,0.0,2.053
19980114,5.535,5.242,1.297,6.024,2.139,48.69,284.893,2.78,95.426,0.129,3.667
19980115,4.074,4.058,0.955,4.101,1.206,38.423,285.338,2.12,96.082,0.202,4.666
19980116,5.183,4.984,0.577,5.514,0.714,8.681,329.702,1.257,95.292,1.735,3.519
19980117,3.186,3.111,0.992,3.311,0.867,46.118,281.481,1.916,96.187,0.406,4.738
19980118,1.804,1.623,1.066,2.106,1.252,37.275,287.191,2.116,95.335,1.799,4.901
19980119,2.59,2.831,0.633,2.189,0.591,19.148,299.247,1.341,93.651,4.77,5.139
19980120,0.646,0.643,0.464,0.652,0.604,18.696,304.067,1.161,95.316,3.825,4.057
19980121,-1.735,-1.648,1.237,-1.879,0.203,19.048,291.834,0.985,97.41,0.569,2.465
19980122,-2.501,-2.461,1.718,-2.568,1.065,26.396,283.641,0.868,97.489,0.625,2.588
19980123,-1.677,-1.528,1.075,-1.926,0.247,26.211,295.857,0.962,97.08,0.456,2.698
19980124,-1.772,-2.077,0.711,-1.264,0.497,21.011,295.673,0.843,96.455,3.188,3.111
19980125,-4.464,-4.666,1.481,-4.127,0.283,32.542,273.749,0.778,97.145,0.36,3.919
19980126,-7.308,-7.587,0.83,-6.843,1.402,49.015,250.695,0.478,97.404,0.029,2.473
19980127,-7.575,-8.228,1.771,-6.485,2.451,67.886,222.925,0.709,96.679,0.003,1.088
19980128,-4.622,-5.33,3.116,-3.444,0.997,22.374,279.285,0.685,96.08,2.386,2.504
19980129,-2.045,-2.3,0.561,-1.621,0.642,47.161,275.861,0.809,96.296,0.11,2.016
19980130,-1.471,-1.52,1.263,-1.39,0.911,31.439,292.212,1.027,95.949,1.222,3.39
19980131,-4.984,-4.659,4.041,-5.526,0.396,75.793,232.421,1.364,96.269,0.946,2.787
19980201,-9.733,-10.734,1.896,-8.206,2.574,68.917,211.446,1.319,96.333,0.0,2.212
19980202,-8.341,-8.591,3.053,-7.959,2.882,82.625,221.556,1.269,95.272,0.319,2.739
19980203,-3.708,-4.702,1.681,-2.317,1.148,73.629,239.26,1.176,95.159,1.743,4.104
19980204,-5.101,-6.639,0.924,-2.949,2.223,83.805,225.913,1.269,95.771,0.0,2.074
19980205,-1.106,-2.113,2.393,0.304,2.107,57.51,284.919,1.658,96.134,0.03,2.138
19980206,0.953,0.322,0.829,1.838,0.517,57.174,287.352,1.719,96.571,0.018,2.016
19980207,-0.058,-0.628,1.575,0.741,1.981,66.957,265.469,1.804,96.191,0.392,3.764
19980208,1.42,1.197,0.324,1.732,0.86,52.581,290.309,1.524,96.948,0.059,3.899
19980209,2.572,2.183,0.669,3.115,1.053,73.575,275.763,2.266,96.993,0.0,3.208
19980210,3.317,2.228,1.558,4.841,2.635,92.668,256.137,3.044,97.023,0.0,2.836
19980211,4.219,3.538,2.978,5.172,2.762,71.669,276.527,2.716,97.044,0.0,3.554
19980212,8.091,7.842,1.734,8.44,1.775,73.419,301.151,3.912,96.937,0.009,4.896
19980213,9.389,9.387,0.688,9.392,0.721,20.376,345.406,2.126,97.274,0.225,4.108
19980214,10.149,9.334,1.155,11.29,2.553,85.347,298.817,3.204,97.473,0.002,2.965
19980215,9.269,8.404,2.238,10.48,2.531,85.814,291.018,4.212,97.178,0.0,3.337
19980216,8.618,7.989,0.624,9.497,0.894,47.113,313.929,3.833,96.071,0.779,5.249
19980217,4.068,4.292,1.733,3.755,0.554,51.279,309.09,1.91,97.102,1.413,3.402
19980218,4.471,3.164,1.548,6.151,2.96,97.213,280.811,2.384,97.664,0.0,2.548
19980219,4.229,3.406,1.372,5.287,1.77,83.258,284.476,2.242,96.92,0.028,3.436
19980220,6.291,5.176,1.054,7.609,2.331,68.481,299.731,2.425,96.848,0.101,2.063
19980221,8.973,7.764,2.93,10.401,3.361,110.46,282.139,4.495,95.984,0.0,3.52
19980222,7.893,7.921,1.687,7.86,0.734,38.809,327.074,2.201,96.176,5.92,1.594
19980223,4.393,3.924,0.752,4.946,1.014,68.153,293.326,1.872,97.219,0.034,2.332
19980224,6.112,5.573,1.483,6.748,1.178,24.087,337.929,1.439,97.425,0.186,3.701
19980225,7.604,7.284,0.327,7.982,0.825,22.199,344.576,1.018,97.753,0.505,2.136
19980226,7.844,7.467,0.677,8.289,1.123,38.35,340.337,1.734,97.37,0.637,2.596
19980227,6.605,6.738,0.214,6.447,0.356,41.266,327.587,2.358,96.182,0.247,5.46
19980228,3.255,3.498,3.166,2.967,1.768,49.64,289.799,2.166,95.085,5.31,6.156
19980301,0.524,-0.285,1.058,1.48,1.497,92.265,266.133,1.85,95.644,2.441,4.562
19980302,3.894,3.124,2.633,4.803,1.8,67.837,294.794,1.787,95.741,2.197,5.206
19980303,6.886,7.536,2.301,6.117,0.729,33.626,327.484,2.341,95.366,5.223,6.393
19980304,11.727,10.516,1.874,13.158,1.289,102.501,317.99,5.486,94.574,7.882,7.485
19980305,3.636,3.291,1.761,4.043,0.703,88.694,284.008,1.82,95.214,5.468,5.842
19980306,3.074,3.05,1.78,3.101,1.157,34.909,317.96,1.042,95.791,16.919,4.586
19980307,7.377,6.99,0.425,7.764,0.374,31.885,331.61,1.73,94.894,10.415,6.227
19980308,3.873,2.677,3.35,5.069,1.202,68.699,311.268,1.49,94.738,6.821,4.473
19980309,-1.573,-2.771,1.627,-0.374,2.732,148.044,232.752,1.854,96.378,0.461,3.295
19980310,-0.199,-1.421,0.978,1.024,1.819,124.097,257.192,1.289,97.026,2.61,2.692
19980311,-0.178,-1.632,1.729,1.276,2.528,125.161,256.556,2.063,95.879,0.023,2.484
19980312,-0.087,-1.052,0.866,0.878,1.459,78.8,271.934,1.659,95.973,1.192,2.354
19980313,0.297,-0.393,2.686,0.986,2.467,103.219,271.552,1.97,96.562,0.621,3.765
19980314,3.942,3.687,0.395,4.196,0.576,68.736,316.711,1.677,96.415,2.792,4.929
19980315,5.666,5.016,0.858,6.315,0.973,64.265,325.914,1.503,96.659,4.104,4.104
19980316,6.39,6.187,0.918,6.593,0.913,24.021,337.669,1.056,96.846,2.893,3.308
19980317,6.501,6.544,0.281,6.459,0.571,52.743,327.572,1.709,96.936,1.12,3.569
19980318,6.64,5.887,0.726,7.394,0.802,78.837,316.792,2.146,97.29,1.855,3.876
19980319,2.989,2.362,0.652,3.616,1.3,130.958,274.146,2.549,97.663,0.827,3.727
19980320,2.873,2.34,0.563,3.363,0.911,121.779,285.603,2.307,97.099,1.898,5.066
19980321,1.404,0.182,1.488,2.528,2.892,156.88,255.799,3.238,97.256,0.087,2.284
19980322,0.364,-0.877,1.629,1.505,2.336,108.736,277.149,2.104,97.259,2.125,1.364
19980323,-0.748,-1.122,0.704,-0.404,0.881,162.175,263.965,1.42,97.121,2.024,4.573
19980324,-0.888,-2.636,2.703,0.719,4.666,201.64,226.575,2.637,97.503,0.0,2.722
19980325,0.617,-1.717,2.293,2.593,4.48,198.678,230.052,3.356,97.404,0.0,1.026
19980326,2.364,-0.204,3.999,4.536,4.78,200.024,247.897,3.999,96.57,0.001,2.187
19980327,5.491,5.158,1.785,5.773,1.51,33.775,327.361,2.338,96.119,1.007,3.156
19980328,8.809,7.636,1.134,9.802,2.329,107.097,326.284,2.616,96.282,0.094,1.477
19980329,10.521,7.85,3.42,12.781,4.98,195.751,289.263,4.499,95.899,0.0,2.214
19980330,10.172,7.731,2.198,12.238,4.401,202.021,282.809,5.143,95.938,0.0,2.015
19980331,11.564,8.543,2.713,14.121,4.639,153.584,312.158,4.217,95.928,0.061,1.519
19980401,10.846,9.405,2.272,12.066,4.208,163.106,323.061,3.419,95.501,0.492,2.044
19980402,10.327,9.489,0.681,10.979,1.074,103.175,331.985,2.397,94.977,9.53,2.879
19980403,9.805,9.303,1.516,10.196,1.833,58.71,337.427,1.559,94.399,10.104,3.512
19980404,8.081,8.323,0.941,7.892,0.7,81.85,320.311,2.266,94.371,5.509,4.817
19980405,8.411,6.649,0.467,9.782,2.189,161.085,289.916,3.5,94.847,0.998,4.753
19980406,7.742,5.872,1.289,9.197,2.39,168.97,288.737,3.294,95.099,0.381,3.399
19980407,6.75,5.959,0.879,7.364,0.853,67.195,323.322,1.663,94.491,7.453,2.74
19980408,5.087,4.35,0.641,5.66,1.166,73.13,315.907,1.291,94.317,7.575,4.612
19980409,5.191,3.755,1.762,6.307,2.431,163.606,292.461,1.493,94.456,2.585,1.712
19980410,7.853,6.352,3.111,9.021,3.983,154.738,300.16,2.853,93.986,2.244,2.534
19980411,6.4,5.32,1.658,7.239,1.632,153.708,298.482,2.86,93.991,5.307,3.704
19980412,3.832,2.461,1.201,4.811,1.459,132.396,288.697,2.332,94.342,0.28,2.608
19980413,3.142,0.995,1.853,4.676,3.167,232.316,247.751,3.318,94.707,0.0,3.018
19980414,2.221,0.009,1.79,3.801,2.917,227.37,250.402,2.954,95.029,0.695,2.755
19980415,4.591,3.168,4.21,5.607,3.025,113.241,296.66,3.486,94.54,0.157,3.49
19980416,5.475,4.667,2.053,6.004,1.864,184.047,289.155,3.598,93.934,1.393,4.605
19980417,6.191,4.041,3.071,7.599,3.645,167.943,298.845,4.056,93.752,0.377,2.515
19980418,6.414,5.783,0.381,6.828,1.217,127.819,310.279,1.856,94.31,5.391,1.253
19980419,5.682,4.721,1.016,6.312,1.658,140.406,301.295,2.136,95.179,1.105,0.936
19980420,7.484,5.351,3.246,8.881,3.936,169.623,298.982,3.482,95.754,2.814,2.726
19980421,8.631,7.419,0.879,9.425,1.654,200.09,308.012,2.792,96.059,3.323,2.004
19980422,9.266,7.044,2.522,10.721,4.295,226.618,283.441,4.318,96.25,0.0,2.278
19980423,11.168,7.727,3.175,13.422,5.353,267.771,280.063,5.842,95.908,0.0,2.501
19980424,10.509,8.717,1.167,11.683,1.247,166.461,318.205,3.447,95.931,0.613,3.112
19980425,10.968,9.472,2.96,11.949,2.621,110.182,327.076,3.064,96.041,0.456,3.076
19980426,12.489,11.662,0.732,13.031,1.158,135.111,336.908,2.522,95.253,1.984,2.449
19980427,12.563,11.028,1.029,13.569,2.04,149.515,347.954,2.478,94.548,14.628,1.797
19980428,9.046,9.545,1.19,8.72,0.325,36.648,347.952,1.086,94.95,7.481,2.082
19980429,9.727,9.46,1.159,9.902,1.556,55.582,347.453,1.351,95.066,4.111,1.097
19980430,12.842,11.11,1.998,13.977,3.172,184.221,331.776,3.311,95.112,0.266,1.834
19980501,13.078,10.641,1.991,14.415,3.719,257.636,306.471,4.941,95.173,0.828,2.373
19980502,11.421,9.744,1.176,12.34,2.27,196.41,320.663,2.308,95.013,6.148,2.329
19980503,9.363,9.738,0.468,9.157,0.948,89.444,344.851,1.459,95.342,0.43,3.249
19980504,6.517,6.19,1.266,6.696,1.942,126.03,313.374,2.788,95.394,0.423,3.91
19980505,7.435,5.989,1.753,8.228,2.791,167.428,311.682,2.791,95.297,1.52,3.161
19980506,9.104,8.647,1.375,9.355,0.988,124.317,327.493,2.501,95.157,2.689,4.566
19980507,11.543,10.049,0.725,12.363,1.857,110.063,336.233,3.489,96.088,0.441,3.915
19980508,13.711,10.365,2.806,15.547,4.812,270.771,304.836,6.041,96.757,0.0,1.617
19980509,16.633,12.979,4.214,18.637,6.015,255.699,315.37,8.72,96.713,0.015,1.785
19980510,18.76,15.872,1.954,20.343,4.907,273.609,320.717,10.294,96.546,0.0,1.61
19980511,18.223,14.718,2.514,20.146,4.786,291.948,316.133,9.72,96.173,0.0,1.942
19980512,19.291,16.143,2.796,21.018,5.271,284.085,325.612,10.225,96.293,0.0,1.659
19980513,15.222,13.42,1.41,16.211,2.647,279.374,315.899,4.841,96.743,0.0,4.032
19980514,12.95,10.144,2.169,14.488,4.353,308.565,280.275,7.502,96.796,0.0,3.711
19980515,12.448,9.326,2.562,14.16,4.093,274.925,294.621,6.611,96.612,0.003,2.857
19980516,10.839,8.108,2.189,12.337,3.634,263.958,288.716,5.287,96.557,0.0,2.516
19980517,11.992,9.305,2.449,13.466,3.681,225.203,309.327,4.411,96.684,1.302,2.641
19980518,13.33,10.078,3.141,15.113,4.455,258.488,306.076,6.296,96.899,0.281,1.69
19980519,14.462,10.844,2.917,16.447,4.515,243.686,312.092,7.35,96.767,0.001,1.845
19980520,12.35,10.183,1.798,13.433,3.156,213.799,320.008,4.445,96.427,0.0,2.172
19980521,8.95,7.843,0.824,9.453,0.979,119.061,325.367,2.329,96.016,1.172,2.685
19980522,7.104,5.604,1.056,7.786,2.115,176.94,304.138,3.427,96.253,0.447,4.201
19980523,7.578,6.423,1.848,8.102,2.675,129.498,316.122,3.825,96.202,0.058,2.654
19980524,9.24,8.355,1.205,9.643,1.597,117.63,333.869,2.665,95.633,1.111,2.278
19980525,10.193,8.88,0.732,10.79,1.593,111.89,331.599,2.218,95.233,2.945,2.369
19980526,12.0,9.763,1.327,13.017,2.524,218.606,323.487,3.6,95.008,2.02,2.276
19980527,12.817,10.218,1.319,13.998,2.946,237.037,314.56,3.784,95.274,1.44,1.964
19980528,15.843,12.927,4.316,17.169,4.593,246.745,340.47,5.114,95.315,0.975,1.585
19980529,16.163,14.111,1.008,17.096,2.443,236.33,339.026,4.273,95.376,1.164,2.318
19980530,14.696,13.902,0.337,15.056,1.198,108.581,370.629,1.885,95.619,21.521,1.884
19980531,15.948,13.896,0.824,16.881,2.901,236.005,347.521,3.908,95.514,3.105,1.479
19980601,11.802,11.51,1.738,11.935,1.285,80.637,342.426,1.964,95.684,10.622,2.542
19980602,14.571,11.552,4.885,15.944,4.721,168.26,334.806,4.99,95.647,1.863,2.286
19980603,16.099,13.872,0.88,17.112,2.4,231.3,334.987,5.547,95.879,2.498,2.834
19980604,15.662,12.146,1.786,17.26,3.672,228.639,325.621,6.534,96.277,0.247,2.412
19980605,17.128,14.663,4.933,18.248,5.121,293.865,332.053,6.162,96.18,0.0,3.199
19980606,21.197,18.071,1.4,22.617,3.806,280.287,357.113,8.023,95.712,0.618,1.615
19980607,18.128,15.707,1.396,19.229,2.272,241.471,362.736,4.448,95.465,5.935,2.847
19980608,15.054,13.078,0.978,15.952,2.3,224.302,333.696,5.35,96.11,0.148,3.296
19980609,15.553,13.36,3.24,16.55,3.002,140.599,345.628,5.309,95.855,0.0,3.625
19980610,15.501,14.615,1.302,15.904,1.361,116.259,347.625,3.296,95.071,6.856,3.006
19980611,13.448,11.675,0.735,14.254,2.082,141.41,336.963,3.088,94.884,11.649,1.194
19980612,10.555,9.267,1.497,11.14,1.606,103.928,336.595,2.036,95.304,4.76,3.514
19980613,9.049,7.472,1.74,9.766,2.701,182.41,312.89,4.148,96.126,0.0,2.283
19980614,11.078,7.991,2.638,12.481,3.966,203.019,309.416,4.969,95.723,0.023,2.604
19980615,12.637,10.131,2.054,13.775,2.951,235.737,318.933,3.978,95.58,2.199,1.9
19980616,12.432,10.999,0.674,13.083,1.849,195.539,329.185,3.071,95.774,4.222,3.625
19980617,11.458,10.262,0.718,12.001,1.451,240.854,323.196,3.47,96.478,2.926,3.875
19980618,10.917,10.142,1.584,11.27,1.773,170.066,328.485,1.86,96.739,3.817,2.496
19980619,14.369,13.146,2.037,14.925,2.139,80.816,364.375,2.368,96.723,0.419,2.056
19980620,18.194,15.454,3.805,19.44,4.328,218.162,349.868,6.374,96.755,0.149,1.572
19980621,21.508,17.825,3.835,23.182,5.445,311.545,342.412,10.078,96.365,0.0,1.946
19980622,18.046,16.795,2.937,18.561,1.284,210.3,351.798,5.806,96.204,10.589,3.84
19980623,14.27,12.162,1.274,15.229,2.532,172.451,338.657,4.771,96.311,1.514,2.705
19980624,15.702,14.215,2.233,16.378,2.864,127.484,360.892,3.726,95.979,0.768,2.384
19980625,18.682,15.313,2.186,20.214,4.749,265.939,351.589,6.551,95.726,1.529,2.033
19980626,17.295,15.748,1.308,17.998,2.879,220.201,349.854,6.419,95.946,0.035,1.413
19980627,18.795,16.178,1.144,19.873,2.788,215.751,354.217,7.562,95.676,0.088,2.211
19980628,15.422,14.449,1.602,15.823,1.4,238.851,331.156,6.128,95.854,0.506,3.675
19980629,14.725,12.472,1.61,15.749,2.707,201.537,332.169,5.891,96.183,0.644,2.861
19980630,14.192,12.643,0.753,14.896,1.844,150.955,343.39,3.366,95.699,3.413,2.198
19980701,13.793,12.247,0.88,14.496,1.69,222.152,328.591,3.701,95.543,1.252,2.968
19980702,13.281,10.99,2.048,14.322,3.076,134.271,337.064,4.267,95.818,0.411,2.049
19980703,13.194,10.725,1.192,14.317,2.7,204.557,329.58,4.373,95.96,0.057,2.654
19980704,12.768,12.348,1.374,12.959,1.877,106.048,356.96,3.381,96.196,0.684,4.213
19980705,13.72,13.339,0.725,13.893,1.814,84.852,356.176,2.558,95.781,5.852,4.158
19980706,14.111,13.049,0.39,14.593,1.134,154.176,355.176,3.076,95.413,1.963,3.672
19980707,11.072,10.553,1.194,11.308,0.953,184.566,326.911,3.511,95.192,0.78,3.335
19980708,9.975,9.285,1.313,10.289,1.601,172.217,327.011,2.208,95.304,2.945,4.587
19980709,11.622,11.15,1.668,11.836,1.526,66.728,349.455,1.794,95.536,4.629,3.678
19980710,15.137,13.795,1.183,15.746,2.071,155.405,358.283,3.444,95.591,2.401,2.764
19980711,14.483,13.26,0.688,15.038,1.435,195.894,342.18,3.527,95.334,3.392,4.254
19980712,13.827,13.156,2.27,14.131,2.116,28.363,363.502,1.894,95.204,6.407,4.176
19980713,14.964,13.763,2.284,15.511,1.243,78.191,358.188,2.67,95.038,4.577,3.972
19980714,12.34,10.51,1.043,13.173,2.482,241.527,310.094,4.169,95.473,0.911,4.775
19980715,12.871,10.819,1.33,13.804,2.578,250.625,316.308,4.169,95.75,0.632,3.472
19980716,12.167,10.961,0.465,12.715,1.257,144.577,338.696,2.298,95.76,7.088,2.651
19980717,14.186,12.415,3.169,14.99,3.166,155.309,343.862,3.688,95.717,0.59,2.658
19980718,15.584,14.163,0.643,16.294,1.931,220.255,339.903,5.443,95.674,0.099,3.686
19980719,16.015,13.28,2.806,17.382,4.208,243.673,321.667,7.248,95.992,0.036,2.643
19980720,21.537,16.549,5.359,24.031,6.569,292.964,349.563,11.924,95.805,0.0,2.491
19980721,22.86,19.038,1.275,24.771,2.925,265.666,357.708,11.647,95.621,0.966,3.085
19980722,19.072,16.827,1.941,20.195,3.608,210.922,352.854,7.983,96.261,0.526,1.462
19980723,18.421,14.892,1.277,20.186,4.096,226.625,350.254,6.201,96.01,1.118,2.363
19980724,16.678,14.482,0.977,17.776,2.585,207.034,339.2,5.243,96.285,1.297,2.597
19980725,15.485,13.012,0.917,16.721,2.644,211.437,326.791,5.668,96.417,1.055,1.833
19980726,16.293,13.157,3.512,17.861,4.323,184.969,339.127,7.028,96.13,0.254,1.995
19980727,18.668,16.055,0.914,19.975,3.064,171.14,360.273,7.605,95.503,0.16,1.197
19980728,15.592,14.22,1.168,16.277,1.372,204.581,344.895,3.739,95.457,4.33,2.51
19980729,14.165,13.164,0.863,14.666,1.371,76.23,361.617,2.222,95.287,3.239,3.219
19980730,15.798,13.717,0.776,16.839,1.805,186.358,345.653,4.935,95.161,3.134,4.394
19980731,15.021,12.545,1.588,16.26,2.756,231.694,314.854,6.355,95.738,0.421,4.165
19980801,15.901,12.455,2.557,17.624,4.134,213.197,334.944,6.685,96.091,6.593,1.473
19980802,14.622,14.095,0.299,14.912,1.089,110.91,364.527,2.38,96.24,5.915,2.264
19980803,15.923,14.406,1.186,16.755,2.735,163.578,355.061,4.111,96.585,0.899,1.127
19980804,15.798,14.076,1.14,16.742,1.743,138.707,344.394,3.952,96.516,2.084,3.228
19980805,14.542,12.705,2.05,15.55,3.066,182.31,325.377,4.93,97.001,0.702,3.309
19980806,16.417,13.313,2.828,18.119,4.888,257.356,317.512,7.595,96.908,0.0,2.36
19980807,18.953,15.323,3.303,20.944,5.316,269.413,333.797,10.242,96.59,0.0,2.303
19980808,21.568,17.98,3.255,23.536,6.124,273.618,337.328,12.308,96.29,0.0,1.995
19980809,18.32,16.33,1.499,19.514,3.159,254.491,324.103,8.867,96.334,0.003,2.182
19980810,18.965,15.064,4.088,21.305,6.128,280.503,310.176,13.307,96.405,0.0,2.275
19980811,23.526,18.821,4.196,26.349,5.597,266.398,349.536,16.984,96.155,0.0,2.33
19980812,23.761,20.537,2.431,25.695,5.281,224.275,363.245,14.903,95.806,3.162,2.306
19980813,17.158,16.527,2.088,17.536,1.489,203.201,336.357,7.677,95.839,0.048,3.191
19980814,15.09,13.354,3.013,16.132,3.627,162.582,331.8,6.766,95.954,0.085,2.234
19980815,18.788,15.708,2.72,20.635,4.636,222.585,342.475,9.204,95.997,0.527,1.608
19980816,17.686,15.808,0.989,18.813,2.7,168.659,349.972,6.481,96.385,0.359,1.811
19980817,18.109,14.333,2.918,20.375,5.735,257.113,319.946,10.489,96.143,0.0,1.403
19980818,17.396,14.454,2.614,19.162,4.474,239.759,329.963,8.687,96.012,0.06,2.078
19980819,15.901,14.303,1.152,16.948,3.356,232.105,316.301,7.31,96.341,0.001,1.82
19980820,17.008,13.734,4.089,19.153,5.929,184.341,327.675,9.97,95.931,0.0,2.371
19980821,14.001,13.271,0.554,14.48,0.687,53.231,352.921,4.062,94.888,8.713,5.223
19980822,12.028,10.732,0.794,12.876,1.354,156.411,325.77,3.101,95.042,2.781,4.681
19980823,12.146,10.829,2.411,13.009,2.562,142.542,334.966,4.301,95.614,0.619,4.465
19980824,12.687,11.209,0.946,13.656,0.839,149.269,334.119,3.058,94.955,8.854,5.847
19980825,11.574,10.478,1.433,12.292,1.877,124.354,332.716,4.404,96.123,0.604,4.595
19980826,11.817,11.123,0.997,12.271,1.504,44.351,355.684,2.459,95.689,23.184,2.421
19980827,9.522,8.35,0.432,10.289,1.549,182.656,310.549,2.413,95.84,1.104,3.695
19980828,9.331,8.597,1.019,9.813,1.443,62.395,331.17,2.268,96.02,0.715,4.241
19980829,10.652,9.495,0.706,11.478,1.518,142.174,332.196,2.578,96.248,0.973,2.891
19980830,10.15,8.702,1.178,11.185,2.038,118.059,325.11,2.682,96.283,1.159,1.413
19980831,11.9,9.577,1.774,13.559,3.061,174.002,310.566,3.873,96.179,0.712,1.446
19980901,12.413,10.431,3.381,13.828,4.431,192.94,314.838,4.9,96.319,0.0,2.289
19980902,13.919,13.272,1.689,14.422,2.081,95.573,348.125,4.101,96.217,0.589,2.767
19980903,15.032,14.233,1.282,15.654,1.919,114.118,360.317,2.559,95.822,9.448,2.833
19980904,14.309,13.824,0.654,14.686,0.795,55.782,358.47,1.753,95.61,0.696,2.3
19980905,13.461,12.737,0.304,14.024,0.508,32.774,356.117,1.269,95.124,14.271,2.405
19980906,13.687,12.657,1.229,14.489,1.833,118.499,340.659,2.196,95.343,0.763,2.093
19980907,14.037,12.303,1.748,15.385,3.069,118.918,342.444,3.17,95.349,0.219,1.52
19980908,14.907,13.772,1.042,15.789,1.806,145.687,343.708,3.034,95.354,0.328,2.586
19980909,17.122,16.373,1.907,17.705,2.166,121.228,360.813,4.563,95.3,1.219,4.693
19980910,16.688,15.881,0.488,17.316,0.991,128.441,344.592,3.561,95.168,0.539,4.567
19980911,14.121,13.162,1.056,14.867,0.701,93.929,338.951,2.566,94.936,2.228,3.228
19980912,11.438,10.143,1.6,12.445,0.722,65.87,346.358,1.528,94.006,6.5,1.881
19980913,8.275,6.972,0.602,9.289,1.355,113.472,300.633,2.597,93.855,0.081,3.432
19980914,7.478,7.407,0.892,7.533,1.005,61.896,332.565,1.282,93.566,20.619,4.91
19980915,9.952,9.512,0.805,10.326,0.548,21.364,347.983,1.487,94.24,18.8,5.358
19980916,10.974,9.832,0.725,11.941,0.629,107.746,331.32,2.667,94.672,7.138,5.316
19980917,9.954,9.191,0.692,10.655,1.682,59.8,331.804,1.765,94.903,9.534,4.355
19980918,10.157,9.243,1.054,10.999,1.128,92.214,332.41,2.513,96.535,1.779,2.734
19980919,9.629,8.205,2.863,10.939,3.094,89.352,331.845,2.229,97.336,0.021,1.338
19980920,11.685,9.885,1.171,13.342,2.337,105.669,339.411,3.115,97.68,0.033,1.795
19980921,10.852,8.912,2.481,12.637,3.597,113.631,328.204,2.959,97.634,0.026,2.364
19980922,10.722,9.306,0.852,12.024,2.367,85.365,336.937,2.656,97.13,0.14,3.253
19980923,10.159,8.852,1.323,11.361,2.362,137.023,305.998,1.878,96.867,0.001,2.927
19980924,10.237,8.878,1.564,11.487,3.476,138.491,304.948,2.233,96.481,0.0,2.555
19980925,11.215,9.334,2.577,12.944,4.709,159.862,302.378,2.812,95.856,0.0,0.908
19980926,12.629,11.314,3.184,13.839,4.444,131.045,328.173,2.554,95.236,1.06,1.315
19980927,13.757,12.439,0.875,14.969,2.278,114.022,332.366,3.215,94.828,0.562,2.121
19980928,11.955,10.794,1.553,13.024,2.158,89.353,324.698,2.183,94.858,0.363,2.143
19980929,12.966,11.88,1.427,14.051,1.595,91.719,338.541,2.284,95.197,0.701,1.377
19980930,11.286,10.254,1.373,12.319,2.379,89.203,347.188,1.669,95.244,3.519,3.062
19981001,7.836,7.806,1.602,7.867,0.415,12.759,347.116,0.899,95.268,13.779,4.112
19981002,2.092,2.765,1.573,1.419,0.565,24.733,322.325,0.724,95.401,12.742,3.833
19981003,3.042,2.673,0.774,3.412,0.637,14.536,326.764,0.774,95.452,0.448,2.349
19981004,5.066,4.834,1.318,5.298,0.929,43.483,332.368,0.656,95.232,1.287,2.271
19981005,6.122,6.152,0.499,6.092,0.261,60.693,335.896,0.952,95.503,3.131,3.645
19981006,4.314,4.351,0.395,4.274,0.556,37.06,329.733,1.221,95.958,4.645,5.133
19981007,4.82,4.628,0.572,5.028,0.38,27.84,337.88,0.733,95.824,17.407,1.999
19981008,7.432,6.656,1.563,8.276,1.766,49.622,339.949,1.53,96.052,3.32,1.732
19981009,8.8,8.111,1.279,9.548,1.638,50.667,337.601,2.059,96.296,0.006,1.672
19981010,8.806,8.885,0.197,8.721,0.311,17.136,339.92,1.912,95.202,3.231,5.581
19981011,8.797,8.88,0.501,8.707,0.442,35.548,340.125,1.734,95.222,2.411,5.095
19981012,7.258,7.088,1.205,7.459,0.408,75.969,306.183,1.684,94.986,6.77,4.941
19981013,7.921,7.379,1.24,8.561,1.659,78.794,314.316,2.28,96.124,0.491,4.034
19981014,10.561,10.347,2.313,10.813,1.617,27.584,356.776,1.692,95.943,1.804,5.179
19981015,10.36,9.578,1.432,11.285,2.091,70.678,322.282,2.744,96.292,0.485,3.002
19981016,8.825,8.494,3.14,9.217,2.94,99.038,313.365,2.548,96.248,0.004,2.671
19981017,13.255,12.353,1.652,14.322,1.73,84.662,329.727,3.414,95.064,3.854,5.799
19981018,6.936,5.994,2.378,8.049,0.584,80.008,294.18,2.861,95.851,1.01,3.793
19981019,4.145,3.073,2.056,5.412,3.387,75.568,275.981,2.0,96.04,0.045,1.916
19981020,4.06,3.235,1.162,5.035,0.553,51.406,282.127,1.462,96.215,1.985,3.466
19981021,7.255,6.374,3.688,8.295,2.814,80.334,308.544,3.149,96.287,1.635,4.512
19981022,10.99,10.639,1.092,11.404,1.428,54.758,346.067,2.714,96.48,0.003,4.599
19981023,12.066,11.655,0.985,12.551,1.332,57.651,330.774,3.186,95.986,5.74,5.283
19981024,10.086,9.76,1.25,10.504,0.67,60.135,333.366,2.339,95.263,13.613,4.546
19981025,8.865,8.467,1.463,9.376,0.264,63.294,310.994,2.72,93.652,9.448,6.584
19981026,5.383,4.903,0.448,6.057,1.28,71.451,295.88,1.995,94.969,5.914,5.086
19981027,5.904,6.349,2.745,5.281,1.373,15.908,324.878,1.498,95.355,7.404,6.182
19981028,9.994,9.269,0.813,11.01,0.737,11.013,341.012,2.249,94.189,20.673,8.207
19981029,6.885,6.508,1.505,7.414,0.487,54.533,304.963,2.583,94.724,4.673,6.445
19981030,3.94,3.672,0.406,4.316,0.371,22.988,307.997,1.379,95.202,7.369,5.858
19981031,4.113,3.817,0.529,4.529,0.984,60.617,299.767,1.736,95.241,4.423,4.737
19981101,5.032,4.671,1.164,5.539,1.911,20.902,316.863,1.172,93.886,21.427,4.963
19981102,4.079,3.728,0.432,4.569,1.167,48.054,298.847,1.798,94.971,0.354,3.863
19981103,6.186,5.345,1.352,7.364,1.146,71.994,288.505,2.565,93.961,5.616,4.855
19981104,5.365,4.746,0.854,6.231,0.846,59.322,291.471,2.073,94.259,1.89,4.373
19981105,2.964,2.664,0.811,3.384,1.027,61.658,285.051,1.975,95.538,0.975,5.031
19981106,4.964,4.038,0.695,6.26,0.65,47.935,296.637,2.058,96.151,1.652,5.317
19981107,2.137,1.483,1.178,3.052,1.89,43.026,285.215,1.109,97.188,0.003,1.733
19981108,2.809,2.562,1.859,3.156,2.175,55.954,295.523,1.297,96.706,3.991,2.452
19981109,7.415,7.474,2.084,7.331,1.051,6.746,346.668,0.942,96.117,9.726,2.942
19981110,7.831,7.346,0.811,8.572,0.899,30.699,321.198,1.211,95.66,8.314,2.54
19981111,3.797,3.216,1.563,4.685,0.727,52.19,284.558,1.543,96.289,0.764,3.547
19981112,0.348,-0.371,0.655,1.446,0.976,46.593,276.332,0.906,95.773,0.006,1.768
19981113,1.814,1.594,2.268,2.18,1.476,23.083,304.823,1.074,95.307,0.341,2.627
19981114,2.586,2.219,1.245,3.198,0.873,32.573,307.83,1.027,94.508,7.805,2.023
19981115,2.006,1.688,0.685,2.534,0.756,24.283,311.605,0.902,95.134,3.137,1.911
19981116,0.909,0.8,0.672,1.09,0.27,16.22,307.787,0.747,96.004,5.184,1.754
19981117,-1.229,-1.414,0.667,-0.92,0.174,42.027,272.666,1.166,96.809,0.792,2.909
19981118,-1.305,-1.82,0.993,-0.447,0.74,35.794,267.883,1.134,96.689,2.102,1.984
19981119,-2.689,-2.726,1.908,-2.627,0.613,54.015,266.955,0.713,96.656,1.932,1.502
19981120,-4.371,-5.098,1.088,-3.161,0.905,38.33,263.786,0.653,97.575,0.369,2.294
19981121,-6.033,-6.655,0.793,-4.996,0.843,52.914,235.84,0.751,98.055,0.024,2.122
19981122,-7.62,-8.005,0.612,-6.979,1.385,60.948,216.572,0.692,97.41,0.0,2.629
19981123,-5.293,-5.669,1.635,-4.666,0.72,30.108,260.335,0.608,96.663,0.767,1.804
19981124,-2.477,-2.51,1.38,-2.422,1.058,41.569,273.659,0.823,96.459,0.02,0.641
19981125,-1.023,-0.992,0.234,-1.075,0.105,24.857,295.661,1.098,96.123,0.101,1.019
19981126,-1.255,-1.228,0.749,-1.3,0.86,46.266,281.171,1.079,96.115,0.226,1.914
19981127,0.487,0.245,0.634,0.891,0.51,14.402,316.962,0.774,95.816,2.658,2.197
19981128,1.067,0.826,0.331,1.506,0.482,12.725,311.712,0.724,96.316,0.762,1.397
19981129,0.013,-0.176,0.606,0.358,0.38,31.333,294.171,0.973,95.901,0.292,2.157
19981130,-1.704,-1.623,0.301,-1.851,0.187,15.459,302.576,0.726,96.762,1.028,3.201
19981201,-4.44,-4.335,1.614,-4.629,0.447,30.82,269.042,0.814,97.573,0.059,3.891
19981202,-5.486,-5.732,0.272,-5.038,0.485,50.222,243.67,0.774,97.287,0.019,3.612
19981203,-4.786,-5.001,1.33,-4.394,0.805,40.868,247.608,0.627,96.367,0.003,1.214
19981204,-2.921,-2.803,0.427,-3.136,0.116,15.323,290.017,0.923,94.949,1.32,2.861
19981205,-1.351,-1.484,0.235,-1.108,0.407,30.338,275.527,1.072,94.522,1.237,4.999
19981206,-2.298,-2.503,0.479,-1.924,0.143,24.197,268.781,1.079,95.235,1.938,5.316
19981207,-4.287,-4.706,1.522,-3.524,0.235,47.382,230.057,1.07,96.448,0.072,3.39
19981208,-6.914,-7.567,1.63,-5.721,0.892,46.684,222.344,0.743,97.193,0.01,2.323
19981209,-5.285,-5.974,1.455,-4.029,1.077,33.142,265.132,0.756,96.995,0.576,2.037
19981210,-4.544,-5.069,1.51,-3.588,0.583,31.406,275.065,0.817,96.566,4.585,1.806
19981211,-4.344,-4.254,0.771,-4.507,0.774,29.448,276.642,0.835,96.194,0.253,1.743
19981212,0.789,0.507,2.309,1.304,0.895,16.764,322.018,0.778,96.293,0.758,3.562
19981213,5.501,5.147,1.115,6.146,0.277,16.139,312.963,2.263,96.173,1.612,7.294
19981214,5.049,5.302,1.824,4.588,0.683,5.094,325.404,1.175,96.992,2.165,3.718
19981215,7.361,7.071,0.798,7.89,0.319,10.855,337.489,1.167,96.901,0.172,3.718
19981216,4.914,4.888,1.11,4.963,0.59,26.785,303.426,1.422,97.091,4.684,4.093
19981217,2.38,1.798,0.646,3.441,2.168,41.456,254.788,1.784,97.151,0.003,2.277
19981218,1.999,1.747,0.247,2.458,0.603,38.816,279.013,1.71,96.255,1.645,3.888
19981219,3.784,3.308,0.64,4.653,0.262,24.001,310.641,1.458,95.146,4.706,5.413
19981220,1.394,1.051,1.363,2.02,0.462,25.979,284.634,1.093,95.094,1.07,3.331
19981221,-0.769,-1.041,0.22,-0.273,0.491,30.45,268.01,1.034,95.881,0.684,3.38
19981222,-0.395,-0.474,0.413,-0.252,0.102,25.963,295.726,0.959,96.589,1.154,2.631
19981223,-0.596,-1.025,1.093,0.188,0.544,29.122,271.887,1.009,96.711,0.014,2.715
19981224,-0.769,-0.912,0.919,-0.509,0.416,16.041,282.15,1.243,96.222,0.509,3.516
19981225,0.63,0.572,1.029,0.735,0.544,8.182,303.409,1.256,96.491,0.085,5.294
19981226,4.972,4.474,1.043,5.881,0.667,26.449,319.405,1.815,95.778,1.862,6.317
19981227,7.56,7.792,1.198,7.137,0.381,7.817,333.818,2.275,95.009,3.083,6.624
19981228,8.503,8.248,1.41,8.969,0.953,36.141,305.62,3.816,95.395,0.569,4.667
19981229,1.951,1.86,1.365,2.117,1.87,40.954,260.887,1.216,96.237,0.018,2.299
19981230,0.02,-0.721,0.713,1.372,1.961,43.223,250.744,1.035,96.019,0.0,1.962
19981231,-1.311,-1.997,0.748,-0.06,1.078,40.859,262.441,0.741,95.87,0.008,1.834
19990101,-1.198,-1.793,1.622,-0.114,1.939,43.134,263.937,1.085,95.713,0.0,1.567
19990102,0.317,-0.053,2.124,0.992,1.975,35.481,271.2,1.359,95.387,0.281,2.733
19990103,3.146,2.973,0.707,3.461,0.499,27.782,313.981,1.379,94.912,3.347,4.107
19990104,6.206,6.676,2.639,5.351,1.549,11.049,335.281,1.463,95.5,0.476,5.272
19990105,10.481,10.108,0.438,11.159,0.884,27.245,323.275,2.236,96.002,0.64,4.754
19990106,8.173,7.825,0.853,8.809,1.897,45.76,268.835,2.597,95.891,0.0,4.206
19990107,5.212,4.923,1.572,5.739,0.951,11.09,303.868,1.923,95.045,3.865,4.621
19990108,3.138,2.682,0.217,3.969,0.42,37.287,287.074,1.696,94.487,3.398,4.322
19990109,1.508,1.355,0.933,1.786,0.129,23.711,301.592,1.133,94.719,2.673,3.011
19990110,-1.804,-2.043,0.915,-1.369,0.697,38.738,276.855,0.834,95.609,0.112,2.977
19990111,-2.801,-2.874,0.352,-2.668,0.106,13.218,299.729,0.718,95.048,1.253,3.446
19990112,-2.687,-2.801,0.446,-2.478,0.646,30.209,271.078,1.202,95.171,0.898,4.831
19990113,-1.273,-1.359,2.111,-1.115,1.626,17.729,291.389,1.184,94.669,2.181,4.378
19990114,1.432,1.252,0.505,1.761,0.398,20.73,295.883,1.262,94.754,3.077,5.259
19990115,3.728,3.347,1.313,4.362,0.787,11.429,314.516,1.665,95.227,2.735,6.226
19990116,6.37,6.235,2.09,6.596,1.557,41.387,297.161,3.418,95.016,0.194,6.123
19990117,7.584,7.14,0.804,8.323,1.555,41.427,290.362,3.937,95.517,0.134,3.529
19990118,4.934,4.84,0.715,5.091,1.722,27.566,313.157,1.31,96.469,0.061,1.053
19990119,4.711,4.441,0.483,5.16,1.377,49.334,289.888,2.017,96.512,0.002,4.04
19990120,4.36,3.298,1.167,6.129,2.227,54.235,265.592,2.207,96.498,0.0,3.148
19990121,3.012,2.177,2.4,4.403,2.995,52.2,279.115,2.106,96.564,0.003,2.112
19990122,3.322,3.35,0.888,3.276,0.675,6.056,326.728,1.167,96.744,0.152,0.898
19990123,2.494,2.154,1.167,3.061,1.661,60.114,276.771,1.337,96.503,0.016,1.813
19990124,1.646,1.688,1.549,1.577,1.034,20.79,311.208,1.0,96.351,0.09,4.038
19990125,6.879,6.438,2.063,7.613,1.109,13.239,340.135,1.661,95.931,1.317,5.911
19990126,3.94,3.96,2.14,3.907,0.234,36.792,296.6,1.677,95.375,5.645,3.731
19990127,1.313,1.445,0.499,1.094,0.27,20.82,299.074,1.006,94.617,6.943,3.757
19990128,0.62,0.497,0.45,0.825,0.077,27.678,297.18,1.003,94.803,2.858,2.863
19990129,-4.046,-3.957,1.703,-4.194,0.197,59.161,242.362,1.178,96.598,0.5,3.46
19990130,-4.423,-4.877,1.656,-3.666,1.356,50.593,249.267,0.983,97.647,0.761,3.482
19990131,-5.612,-5.437,0.98,-5.905,0.92,54.987,257.355,1.097,97.952,0.68,2.146
19990201,-1.605,-1.972,2.079,-1.044,0.859,16.631,314.925,0.553,97.432,3.168,2.322
19990202,0.826,0.859,0.634,0.777,0.558,28.561,317.5,0.668,97.482,0.691,2.469
19990203,2.584,2.409,0.603,2.83,0.441,16.194,321.457,0.904,97.324,0.752,3.663
19990204,5.424,5.091,1.198,5.889,0.652,17.272,335.029,1.132,96.226,2.204,5.924
19990205,2.616,2.824,1.993,2.325,0.35,54.223,289.518,1.891,94.703,4.911,7.282
19990206,0.167,-0.032,0.292,0.445,0.522,59.174,270.512,1.38,94.639,2.21,5.691
19990207,-0.695,-1.018,0.712,-0.244,0.374,39.118,282.733,1.017,93.852,8.44,3.808
19990208,-1.97,-2.23,0.255,-1.607,0.392,70.383,261.618,1.159,94.278,2.034,3.892
19990209,-4.273,-4.605,0.802,-3.808,0.731,64.316,259.934,0.906,94.255,0.243,1.69
19990210,-5.748,-6.472,2.178,-4.734,2.236,70.98,251.795,0.683,94.862,0.222,2.628
19990211,-5.895,-6.839,1.513,-4.574,1.836,75.428,244.357,0.707,95.875,0.262,1.729
19990212,-10.149,-11.457,1.33,-8.317,3.1,94.552,214.25,0.63,97.025,0.012,1.869
19990213,-7.386,-8.479,5.471,-5.855,2.758,57.076,265.331,0.65,97.364,0.932,2.962
19990214,-4.865,-5.275,1.252,-4.291,0.968,66.766,274.676,0.857,97.072,0.12,1.74
19990215,-4.375,-5.078,4.024,-3.391,3.407,94.188,256.986,1.13,96.464,0.037,3.21
19990216,0.002,-0.5,0.582,0.704,0.541,45.921,292.452,1.135,94.941,4.902,5.922
19990217,-1.469,-1.101,1.371,-1.984,0.381,96.772,258.779,1.144,94.527,4.839,6.734
19990218,-1.095,-1.855,0.441,-0.117,1.017,81.726,265.408,1.428,95.594,1.268,3.722
19990219,2.377,2.058,2.373,2.788,1.092,15.996,324.65,0.904,95.558,6.511,3.948
19990220,3.677,3.441,1.168,3.956,0.305,52.992,306.018,1.299,95.499,1.116,2.124
19990221,2.11,1.836,0.587,2.434,0.988,49.297,306.496,1.314,94.691,6.994,4.373
19990222,0.34,0.365,0.79,0.31,0.572,86.342,272.669,1.313,93.618,4.744,5.066
19990223,-0.17,-0.274,0.246,-0.048,0.323,59.987,279.125,1.164,94.318,3.519,4.487
19990224,-0.015,-0.402,0.24,0.443,0.362,95.919,267.52,1.31,95.064,2.026,3.828
19990225,-0.454,-0.912,1.491,0.088,1.842,98.932,266.589,1.6,96.026,0.064,3.45
19990226,3.39,2.576,1.91,4.352,2.429,68.699,303.297,2.34,95.816,0.209,4.206
19990227,5.202,3.941,2.624,6.692,2.949,112.695,282.418,3.055,95.531,0.053,3.466
19990228,5.23,4.801,0.771,5.737,1.73,79.932,292.416,2.9,96.156,0.19,4.323
19990301,5.472,5.398,1.578,5.56,0.874,29.006,319.988,1.895,95.401,8.738,6.868
19990302,7.521,7.566,1.624,7.469,1.237,12.922,342.342,1.103,95.086,9.508,3.65
19990303,8.343,8.128,1.39,8.596,0.23,46.123,324.441,2.187,94.18,1.589,5.246
19990304,6.198,5.755,0.702,6.721,0.879,69.347,317.384,2.155,93.708,7.227,2.544
19990305,4.24,3.868,0.524,4.681,1.04,52.697,303.887,1.788,93.628,1.853,2.285
19990306,2.713,2.292,0.746,3.17,1.023,102.786,277.245,2.057,94.122,1.601,3.686
19990307,0.557,-0.561,0.726,1.675,1.905,108.866,256.896,1.871,94.797,0.015,2.914
19990308,1.782,0.384,1.898,3.179,2.433,110.301,268.711,2.112,95.103,0.283,2.396
19990309,3.053,2.53,0.77,3.576,1.417,51.819,304.981,1.211,94.81,6.307,2.49
19990310,3.517,2.807,0.749,4.226,1.514,72.132,301.67,2.01,95.337,0.214,1.975
19990311,1.219,0.606,1.128,1.832,1.006,77.432,284.38,1.578,96.122,0.099,2.188
19990312,2.383,0.737,3.54,4.03,4.41,155.018,254.253,2.405,96.106,0.0,2.977
19990313,5.419,3.144,2.633,7.695,4.608,153.628,275.642,2.559,96.071,0.0,1.786
19990314,6.624,5.32,2.484,7.928,2.875,115.486,309.668,1.864,96.515,2.394,1.463
19990315,4.595,3.259,1.264,5.931,2.429,118.826,287.612,2.027,97.066,0.002,1.83
19990316,0.796,0.559,0.516,1.034,0.441,64.101,296.493,1.414,97.338,0.07,2.323
19990317,0.935,-0.567,2.039,2.438,3.447,145.949,257.342,2.096,97.307,0.0,2.068
19990318,2.353,0.126,2.696,4.58,4.314,176.404,248.1,2.739,96.556,0.0,1.667
19990319,2.846,2.518,0.618,3.174,1.426,88.06,296.409,1.793,96.096,3.952,3.293
19990320,2.977,2.714,0.956,3.218,1.306,117.591,289.941,1.948,96.4,0.769,3.762
19990321,4.023,3.748,0.399,4.275,0.833,102.72,309.747,1.625,95.42,2.711,3.848
19990322,4.083,3.153,0.594,4.939,1.101,115.608,307.278,1.412,94.657,3.121,3.15
19990323,2.767,2.714,1.436,2.816,1.815,55.209,303.778,1.296,95.147,3.017,4.449
19990324,6.994,5.205,1.808,8.64,1.986,77.293,315.158,2.41,95.615,0.574,3.059
19990325,9.32,6.362,4.324,11.822,5.212,192.296,275.234,5.254,94.953,0.023,2.537
19990326,9.591,7.246,1.521,11.574,2.26,126.471,308.176,3.958,94.557,0.304,2.53
19990327,6.799,5.94,0.805,7.525,1.154,84.186,319.875,1.942,94.65,2.302,3.185
19990328,3.412,3.88,0.414,3.016,0.492,24.791,325.358,1.21,95.451,6.78,2.841
19990329,5.569,4.562,1.713,6.421,2.4,86.324,328.679,2.004,96.272,0.03,0.714
19990330,6.753,4.262,2.375,8.861,3.957,166.045,295.932,2.675,96.38,0.001,1.583
19990331,8.012,5.773,2.693,9.907,4.496,175.246,284.469,3.083,96.474,0.019,1.606
19990401,9.504,7.11,3.235,11.529,4.681,208.349,275.673,5.031,96.304,0.0,2.961
19990402,9.377,6.917,2.672,11.291,4.9,219.496,266.009,5.792,96.204,0.0,2.479
19990403,10.265,7.523,3.003,12.397,4.959,205.144,287.642,5.987,96.417,0.02,1.75
19990404,9.207,8.515,0.653,9.746,1.127,59.688,336.693,1.743,96.478,6.899,2.312
19990405,10.308,9.699,1.186,10.781,2.082,98.564,339.522,2.61,96.936,1.409,2.722
19990406,12.419,10.803,0.865,13.676,2.235,122.859,340.425,3.103,96.347,6.194,3.983
19990407,7.922,7.288,1.357,8.415,0.822,131.218,311.959,1.914,95.603,3.583,3.552
19990408,6.53,6.164,0.619,6.814,0.795,101.226,319.557,1.592,96.169,1.416,3.589
19990409,8.941,7.401,1.758,10.138,3.659,203.004,308.267,3.775,96.665,0.001,2.178
19990410,10.789,9.233,2.411,11.998,3.43,148.658,328.971,4.833,96.078,0.074,2.507
19990411,8.621,8.121,1.73,9.009,0.824,125.821,318.173,3.044,95.653,2.113,3.539
19990412,6.05,5.56,0.615,6.399,0.84,99.034,313.039,2.328,94.559,2.179,5.192
19990413,5.327,4.256,1.913,6.092,0.941,151.284,299.336,1.86,94.056,4.338,3.568
19990414,2.778,2.451,1.76,3.012,1.666,161.234,298.349,1.775,94.019,11.841,4.025
19990415,3.374,3.922,1.425,2.983,0.819,118.182,298.686,1.718,94.467,2.832,4.029
19990416,4.154,2.732,1.08,5.085,2.287,145.123,290.063,2.619,95.076,0.214,1.729
19990417,3.629,2.562,0.582,4.328,1.427,185.083,287.159,1.536,94.875,4.11,2.137
19990418,4.258,3.07,1.084,5.035,2.212,214.399,270.744,2.873,95.336,0.265,3.523
19990419,3.608,1.602,2.421,4.922,2.691,219.963,262.71,2.779,95.99,0.859,1.074
19990420,4.545,2.484,2.772,5.896,3.991,232.125,261.127,3.125,95.859,1.061,1.866
19990421,6.949,6.115,3.107,7.495,3.1,85.242,310.898,2.286,94.996,3.698,2.783
19990422,9.639,7.952,1.096,10.745,1.669,204.192,300.353,3.207,95.43,1.7,3.325
19990423,9.869,7.431,2.446,11.467,3.746,223.682,292.827,4.525,95.724,0.92,1.951
19990424,9.845,7.728,1.659,11.232,2.984,192.523,305.288,3.164,95.849,5.578,1.475
19990425,10.594,8.081,2.308,12.24,3.836,232.154,302.202,3.723,96.024,1.208,1.588
19990426,10.641,8.814,2.044,11.838,3.143,166.841,319.691,3.05,95.948,0.558,2.855
19990427,10.36,9.359,0.373,11.017,1.285,137.684,343.087,2.097,96.186,0.949,2.774
19990428,10.489,9.372,1.104,11.22,2.028,130.05,345.926,2.438,96.407,0.239,1.724
19990429,9.067,6.935,1.734,10.463,3.704,261.257,285.105,3.469,95.969,0.004,1.909
19990430,10.761,7.319,4.457,13.017,5.321,280.959,278.835,6.185,95.817,0.0,1.553
19990501,12.122,8.924,2.489,13.875,4.941,258.018,295.292,5.719,95.961,0.0,1.552
19990502,9.597,7.769,1.156,10.6,2.612,157.397,312.74,4.035,96.392,0.006,1.931
19990503,11.236,8.039,2.336,12.989,4.487,274.306,284.293,5.808,96.349,0.0,1.389
19990504,9.684,8.434,2.082,10.369,2.955,271.705,279.446,5.488,96.128,0.0,5.237
19990505,10.304,9.23,0.867,10.892,2.448,224.606,308.515,6.135,95.923,0.0,5.545
19990506,8.65,8.513,0.653,8.726,1.223,114.587,327.347,3.897,96.27,3.963,3.403
19990507,11.808,10.198,1.845,12.69,3.093,178.184,334.669,3.597,95.828,0.708,1.695
19990508,12.188,9.797,1.228,13.5,1.524,126.858,327.734,3.008,95.483,6.756,2.776
19990509,12.174,8.719,2.201,14.07,3.814,214.137,309.495,4.924,96.153,0.226,2.474
19990510,12.656,9.543,2.435,14.362,4.195,177.683,323.719,3.871,95.811,4.424,2.613
19990511,12.209,10.425,0.555,13.188,2.259,184.916,319.397,2.703,95.682,6.469,2.839
19990512,11.772,10.195,1.002,12.637,2.059,167.307,328.214,2.643,95.483,3.906,2.26
19990513,10.906,9.095,0.811,11.899,2.108,228.063,307.053,3.601,95.467,1.307,3.177
19990514,10.302,8.529,1.317,11.274,2.254,206.155,311.785,3.102,95.355,1.254,2.074
19990515,7.677,7.073,0.797,8.009,1.108,202.677,305.614,2.821,95.684,0.171,3.432
19990516,7.68,6.146,1.125,8.521,2.31,207.28,299.803,2.724,96.226,1.371,1.707
19990517,9.646,7.756,2.596,10.682,3.108,237.069,296.474,4.855,96.345,0.015,4.349
19990518,11.963,9.689,2.591,13.21,3.826,311.752,278.791,7.084,96.26,0.0,5.659
19990519,13.537,11.145,2.921,14.849,4.226,286.77,309.895,6.262,95.768,0.268,3.567
19990520,14.494,12.874,0.894,15.305,3.149,264.282,323.681,5.283,95.495,0.39,2.626
19990521,14.691,13.428,0.839,15.266,2.016,152.692,347.613,4.269,95.403,3.62,3.01
19990522,10.819,10.23,2.166,11.087,0.863,84.743,331.478,2.311,95.828,1.103,2.625
19990523,11.093,8.4,2.905,12.317,4.218,206.502,316.217,4.933,96.505,0.0,2.209
19990524,13.865,11.042,1.844,15.148,3.471,194.964,332.504,5.411,96.441,0.111,1.955
19990525,13.424,10.517,1.361,14.745,2.604,187.603,329.689,4.461,96.163,0.444,2.264
19990526,13.311,9.845,3.04,14.886,4.884,290.793,302.151,6.109,96.352,0.0,1.145
19990527,16.325,12.178,4.046,18.21,5.526,310.276,305.564,9.142,96.376,0.0,2.116
19990528,17.823,13.82,1.538,19.642,4.658,238.343,338.794,7.233,96.426,11.049,1.953
19990529,18.172,15.554,1.931,19.362,4.177,283.812,338.897,7.262,96.442,0.557,1.155
19990530,18.99,15.031,1.235,20.789,3.846,261.374,344.84,7.204,95.878,3.673,2.052
19990531,13.575,11.86,1.976,14.354,0.781,167.24,345.258,2.358,96.271,2.004,2.533
19990601,14.566,11.54,4.55,15.942,4.96,297.558,311.473,5.603,96.456,0.0,1.656
19990602,18.409,14.824,1.057,20.039,4.625,270.53,352.491,5.918,95.663,12.163,2.354
19990603,16.392,14.363,0.725,17.314,2.318,235.813,334.615,5.848,95.62,0.189,3.871
19990604,14.144,13.165,0.662,14.589,1.31,226.723,336.38,4.252,95.369,3.293,4.216
19990605,12.846,11.266,0.373,13.564,1.713,149.141,334.665,3.268,95.24,3.642,3.673
19990606,11.264,10.5,0.731,11.612,1.675,136.923,333.513,2.768,95.434,10.427,3.498
19990607,13.165,10.582,2.381,14.339,3.97,243.498,308.568,5.171,96.015,0.194,2.196
19990608,11.431,9.803,0.847,12.171,1.096,136.44,325.314,2.637,96.228,5.139,2.386
19990609,11.259,8.2,1.575,12.65,3.043,234.261,303.722,4.573,96.802,0.196,2.303
19990610,12.945,9.655,3.306,14.441,3.934,244.593,313.028,5.29,96.743,0.015,1.176
19990611,12.844,11.396,0.674,13.503,1.661,214.34,327.898,3.17,96.484,2.162,1.646
19990612,13.164,10.956,2.294,14.167,3.42,210.1,327.809,4.523,96.601,0.725,1.138
19990613,13.831,11.102,2.577,15.072,3.699,263.361,313.654,4.76,96.489,0.013,2.081
19990614,14.697,11.516,1.961,16.142,3.483,247.639,319.722,5.906,96.584,0.111,2.247
19990615,15.174,12.148,2.543,16.55,4.067,255.418,322.955,6.623,96.774,0.001,1.829
19990616,15.938,13.522,2.677,17.036,3.51,207.918,340.053,6.429,96.738,0.07,1.797
19990617,17.333,14.553,1.952,18.598,3.565,235.4,339.028,7.512,96.261,1.926,1.456
19990618,11.766,11.275,0.758,11.99,1.481,203.719,326.528,3.725,96.345,0.917,3.466
19990619,12.8,11.473,1.596,13.404,3.054,105.241,351.179,3.721,96.45,1.797,1.892
19990620,14.87,11.863,2.176,16.237,3.751,227.269,333.257,5.501,95.75,2.492,3.323
19990621,10.939,10.177,1.449,11.285,1.319,245.405,316.962,2.771,95.511,3.239,3.023
19990622,10.117,8.159,1.41,11.007,2.398,263.8,299.216,3.938,96.309,0.338,3.447
19990623,10.535,7.864,3.077,11.749,3.57,216.819,311.539,3.926,96.605,0.471,1.467
19990624,12.097,10.303,1.735,12.913,2.815,215.356,314.023,4.227,96.732,0.757,1.339
19990625,12.931,10.438,1.069,14.065,3.37,227.403,313.844,5.746,96.441,0.008,1.261
19990626,14.776,11.952,4.155,16.06,5.488,299.566,306.244,6.969,95.602,0.0,1.64
19990627,17.467,15.017,1.268,18.476,2.695,195.15,348.472,5.392,95.217,4.608,2.624
19990628,14.944,13.417,1.541,15.573,1.02,228.038,331.083,5.17,95.728,0.27,3.158
19990629,15.495,12.582,3.568,16.82,3.946,198.27,336.596,6.458,96.227,0.035,2.895
19990630,17.287,15.564,0.409,18.07,1.975,180.638,356.29,4.379,96.14,7.838,2.428
19990701,16.942,15.249,1.028,17.712,2.482,201.35,358.444,5.582,96.254,0.545,1.826
19990702,17.705,15.878,1.727,18.535,3.09,201.424,357.121,6.446,96.045,1.03,1.902
19990703,21.333,17.879,4.616,22.903,6.035,297.62,342.24,11.343,95.673,0.0,2.37
19990704,20.991,19.706,1.797,21.575,2.998,222.674,366.436,6.266,95.608,3.239,1.475
19990705,22.627,19.12,1.14,24.221,3.936,272.349,362.218,10.123,95.269,0.341,2.572
19990706,15.943,15.466,0.952,16.16,1.044,65.84,371.278,2.403,95.703,21.953,1.592
19990707,14.832,14.171,0.827,15.132,1.438,100.701,357.377,2.011,96.429,19.724,2.338
19990708,15.753,13.576,1.5,16.742,2.413,222.59,343.912,3.315,96.944,2.936,2.259
19990709,16.005,14.763,2.09,16.57,3.038,176.464,337.826,5.822,96.985,0.054,3.302
19990710,18.592,17.139,2.636,19.252,3.519,205.901,356.175,7.062,96.493,0.047,4.436
19990711,19.449,17.968,1.58,20.123,2.793,195.192,358.805,7.166,96.178,0.042,3.775
19990712,19.505,17.686,0.788,20.332,2.407,216.251,365.616,4.882,95.74,2.271,2.451
19990713,18.86,16.469,1.521,19.946,3.247,220.593,365.3,4.877,95.088,2.115,1.347
19990714,16.164,15.036,1.469,16.677,0.732,202.157,352.195,3.717,95.018,4.196,3.224
19990715,13.517,12.228,0.631,14.103,1.893,163.855,329.906,3.616,95.691,0.905,2.766
19990716,14.271,11.528,1.94,15.518,3.395,223.481,321.033,4.383,96.177,0.666,1.833
19990717,16.906,12.893,4.004,18.73,5.485,253.326,332.443,7.928,96.378,0.0,1.782
19990718,20.234,15.956,3.155,22.373,5.19,303.887,330.508,10.873,96.138,0.0,1.76
19990719,20.708,16.409,2.636,22.857,4.341,287.837,346.52,9.715,95.87,2.079,2.393
19990720,19.884,17.833,1.861,20.909,2.907,203.533,358.786,6.3,95.728,2.841,2.948
19990721,18.321,16.705,1.304,19.129,1.83,203.96,353.566,7.443,95.665,0.645,4.442
19990722,14.408,12.567,0.881,15.329,2.387,174.716,333.539,6.213,95.83,4.921,3.705
19990723,12.585,11.701,0.619,13.027,0.839,94.283,356.524,2.657,96.253,5.132,3.61
19990724,13.682,12.603,2.141,14.222,2.399,55.276,352.11,3.17,96.641,0.487,2.055
19990725,18.997,16.395,3.431,20.297,3.951,195.815,362.34,7.073,96.401,0.096,0.724
19990726,17.203,15.415,0.976,18.097,1.933,193.291,350.117,3.884,96.331,0.227,2.078
19990727,15.57,13.486,0.965,16.612,2.675,198.075,332.592,6.194,96.49,0.01,3.03
19990728,16.212,12.75,2.668,17.943,4.306,278.092,310.781,8.544,96.438,0.0,2.834
19990729,17.603,14.044,2.674,19.382,4.311,275.524,320.553,9.794,96.41,0.0,2.666
19990730,17.868,13.927,2.472,19.839,4.281,230.074,334.483,9.795,96.207,0.0,2.283
19990731,18.563,14.384,2.956,20.652,4.873,262.505,327.068,11.323,96.078,0.007,2.26
19990801,19.155,15.171,1.952,21.147,4.796,255.748,327.409,12.461,96.161,0.0,2.466
19990802,18.802,14.579,3.389,21.119,5.447,257.703,325.181,12.656,96.126,0.0,2.162
19990803,18.868,15.368,3.288,20.788,4.846,233.685,335.491,11.633,95.892,0.0,2.305
19990804,20.271,17.278,3.016,21.913,5.168,245.784,343.5,14.071,95.748,0.0,2.051
19990805,16.691,16.288,0.752,16.912,1.07,89.219,359.506,3.903,95.601,13.207,2.047
19990806,18.959,16.531,1.964,20.29,3.645,242.233,339.555,6.918,95.633,0.124,1.476
19990807,17.229,15.751,1.642,18.04,2.396,110.971,362.595,3.446,95.114,8.938,2.367
19990808,17.468,15.583,2.197,18.502,3.25,175.493,349.729,3.831,94.749,1.713,1.953
19990809,18.341,15.542,1.392,20.021,3.127,185.497,346.414,6.027,94.996,5.227,2.545
19990810,17.221,15.353,1.308,18.341,2.133,172.524,346.761,4.534,95.282,1.961,3.102
19990811,14.093,13.923,1.032,14.194,0.752,135.779,353.017,3.497,96.014,2.266,2.933
19990812,12.948,11.462,0.616,13.839,1.719,154.154,328.019,5.006,96.211,0.01,1.725
19990813,13.22,10.806,1.275,14.669,3.091,183.772,326.199,5.439,96.005,0.495,1.49
19990814,13.482,11.708,2.782,14.546,2.662,126.979,343.208,3.623,95.227,7.379,3.054
19990815,14.456,13.456,0.707,15.056,1.667,187.784,340.756,4.192,94.957,4.78,4.883
19990816,13.891,12.157,1.067,14.931,2.15,211.806,329.881,3.437,95.238,1.586,2.381
19990817,13.604,11.892,0.776,14.631,1.849,178.266,330.571,4.227,95.148,2.942,2.651
19990818,13.449,10.522,2.187,15.205,3.603,183.743,327.976,3.553,95.001,7.891,3.486
19990819,14.585,12.982,1.386,15.635,1.964,186.637,318.236,5.753,95.374,0.355,5.724
19990820,13.985,12.871,1.157,14.715,2.059,145.553,337.516,4.674,95.962,1.938,4.485
19990821,12.634,11.557,1.077,13.339,1.497,143.327,338.542,3.591,96.426,0.866,3.001
19990822,10.889,8.943,1.116,12.165,2.659,164.681,315.208,3.842,96.551,0.0,1.727
19990823,12.021,9.5,1.794,13.673,4.203,206.222,303.752,5.55,96.429,0.0,1.476
19990824,14.421,11.447,4.129,16.369,5.326,244.816,302.705,7.406,96.367,0.0,2.094
19990825,18.066,16.06,2.775,19.38,4.953,194.343,343.899,10.306,96.27,0.0,2.78
19990826,16.941,16.532,0.387,17.209,0.737,62.452,359.403,5.075,95.939,12.091,2.043
19990827,17.728,15.749,0.953,19.025,2.271,178.094,352.423,4.566,96.191,1.528,1.808
19990828,14.834,13.428,0.723,15.755,1.728,129.429,344.748,2.793,96.501,0.769,1.756
19990829,14.439,12.193,1.435,16.043,3.391,149.699,334.688,4.412,96.497,0.476,1.426
19990830,15.329,12.9,2.136,17.063,3.848,141.928,342.635,5.497,96.194,0.097,1.003
19990831,14.431,13.279,0.569,15.254,1.976,117.434,347.448,4.387,96.056,0.284,2.394
19990901,13.412,11.997,0.978,14.422,1.685,146.58,323.921,4.202,96.43,0.086,2.901
19990902,13.304,10.665,2.822,15.357,4.413,219.662,301.311,6.068,96.793,0.0,1.786
19990903,15.279,13.374,3.544,16.76,4.216,207.653,315.704,5.976,96.56,0.0,3.059
19990904,17.626,15.376,2.188,19.377,4.03,214.524,322.89,7.689,96.361,0.0,2.712
19990905,16.846,14.616,2.845,18.581,4.49,176.48,339.171,7.646,96.077,0.0,2.451
19990906,17.047,14.819,1.503,18.78,3.946,161.488,350.252,6.339,95.677,1.254,1.739
19990907,16.74,15.386,1.295,17.793,2.619,127.124,360.434,4.053,95.844,7.432,2.226
19990908,17.198,14.893,1.905,18.99,4.138,182.094,332.455,5.461,96.472,0.012,1.302
19990909,18.229,15.377,2.871,20.448,4.812,180.116,337.889,7.278,96.702,0.015,1.198
19990910,19.179,16.933,2.056,20.927,4.43,164.889,346.487,8.346,97.035,0.012,1.751
19990911,18.945,16.342,2.533,20.97,4.966,200.746,323.935,9.676,96.679,0.0,2.418
19990912,18.799,15.681,3.059,21.225,5.579,198.109,325.924,9.969,96.124,0.0,1.544
19990913,19.645,17.173,1.867,21.567,5.324,194.565,329.734,10.769,95.727,0.0,1.62
19990914,19.187,15.705,2.916,21.895,5.799,188.801,333.532,10.511,95.677,0.0,1.462
19990915,18.568,15.939,3.282,20.792,5.566,181.954,334.354,10.507,95.64,0.0,2.116
19990916,14.352,13.411,1.727,15.148,1.671,120.22,330.37,5.486,95.551,1.127,2.051
19990917,13.745,11.432,4.499,15.873,4.907,161.468,322.812,6.517,95.441,0.002,1.702
19990918,13.755,12.15,0.953,15.232,2.457,107.59,336.961,3.83,95.435,0.033,1.499
19990919,16.461,14.573,3.643,18.197,4.441,145.611,338.267,5.631,94.908,0.01,2.639
19990920,17.755,15.555,1.658,19.778,3.515,138.696,346.174,7.145,94.37,1.866,3.243
19990921,14.942,13.28,1.143,16.471,2.843,159.255,327.951,4.972,94.924,3.695,2.551
19990922,14.862,13.726,2.137,15.908,2.692,74.517,347.976,3.309,95.316,4.346,3.124
19990923,16.544,15.208,0.797,17.774,1.733,116.406,343.589,3.202,95.639,0.453,3.121
19990924,16.309,14.392,0.991,18.072,2.706,137.968,330.621,5.178,96.058,0.078,2.951
19990925,15.511,14.356,0.997,16.573,2.16,107.254,339.893,4.772,95.642,0.282,2.385
19990926,13.465,12.552,0.881,14.304,0.865,61.503,338.231,1.627,95.136,6.401,2.453
19990927,13.731,12.665,1.956,14.712,2.221,106.206,322.703,4.113,95.168,0.201,3.928
19990928,13.854,12.98,0.847,14.659,1.188,99.852,329.546,3.645,94.932,1.018,4.139
19990929,12.612,12.225,1.311,12.998,1.213,46.34,349.668,1.672,94.925,4.117,4.917
19990930,13.523,12.985,0.613,14.061,0.531,59.164,355.286,2.18,94.217,3.349,4.846
19991001,11.956,11.828,0.326,12.085,1.125,98.3,329.221,3.425,94.73,4.281,5.877
19991002,13.187,12.417,0.903,13.956,1.282,70.225,338.832,4.005,94.801,0.379,5.75
19991003,10.094,10.167,1.535,10.02,0.987,77.144,324.589,2.84,94.868,3.617,4.616
19991004,8.426,7.729,0.741,9.123,1.304,74.952,303.681,2.296,95.399,0.948,3.522
19991005,7.808,6.913,0.766,8.704,1.504,69.961,314.286,2.19,96.197,0.134,2.539
19991006,7.406,6.741,1.001,8.129,1.276,56.572,309.874,1.4,96.68,2.278,3.078
19991007,8.046,7.193,0.645,8.973,1.618,87.433,310.005,2.446,96.888,0.653,2.745
19991008,8.504,8.166,1.02,8.872,1.032,35.65,340.722,1.827,96.509,2.401,4.111
19991009,11.402,11.039,0.758,11.797,0.389,22.561,357.2,1.656,96.178,2.061,4.766
19991010,12.072,11.545,0.57,12.644,0.726,38.537,360.262,1.622,96.483,0.966,4.063
19991011,11.561,10.792,1.22,12.398,0.733,33.167,354.123,2.05,96.631,1.063,3.525
19991012,8.031,6.798,1.202,9.488,2.422,99.874,304.13,2.507,97.046,0.002,2.117
19991013,6.577,5.146,1.922,8.269,3.265,76.054,313.349,2.43,97.1,0.001,1.218
19991014,6.942,6.555,2.47,7.399,1.998,44.651,325.206,1.268,96.787,0.463,2.738
19991015,8.467,6.827,2.562,10.407,1.499,87.29,310.634,2.469,96.703,0.519,1.681
19991016,3.738,2.12,1.345,5.65,3.011,89.013,284.682,2.035,96.755,0.005,1.583
19991017,2.381,1.468,1.878,3.459,2.784,72.836,287.25,1.613,96.828,0.025,2.568
19991018,2.696,1.424,1.645,4.2,2.565,78.377,277.137,1.829,96.64,0.03,3.883
19991019,2.226,1.066,1.901,3.596,3.348,103.785,255.565,2.165,96.171,0.002,4.514
19991020,1.871,0.736,1.808,3.212,3.137,116.579,243.363,2.377,95.906,0.0,4.973
19991021,2.662,2.057,3.191,3.378,3.242,82.06,282.943,1.84,95.192,0.011,4.711
19991022,7.393,6.118,2.29,8.9,3.684,103.453,301.348,2.395,95.052,0.383,2.091
19991023,7.807,7.314,1.297,8.39,1.468,46.994,315.204,1.462,94.733,1.738,2.022
19991024,8.932,8.186,1.993,9.892,2.47,76.975,303.803,1.924,94.365,3.258,2.983
19991025,9.865,9.449,0.498,10.401,1.201,57.694,306.948,2.137,94.634,0.007,2.974
19991026,10.61,9.961,0.777,11.518,1.608,66.152,315.753,2.593,95.639,0.733,4.889
19991027,10.182,9.406,0.948,11.269,1.197,45.073,327.561,2.632,96.656,0.31,3.977
19991028,8.246,7.465,1.555,9.34,2.591,77.983,288.25,1.995,96.759,0.975,2.469
19991029,9.098,7.759,1.082,10.973,2.352,65.705,308.596,2.126,97.051,0.003,1.388
19991030,9.564,8.702,2.947,10.77,2.883,70.989,304.219,2.512,96.036,0.0,2.699
19991031,10.389,9.788,2.188,11.23,0.853,58.849,314.124,3.026,96.222,3.798,4.297
19991101,8.31,7.753,4.139,9.091,3.732,85.359,284.368,3.049,96.414,0.0,3.456
19991102,11.286,10.831,1.91,11.923,0.835,6.572,354.721,1.52,96.079,14.477,3.077
19991103,6.41,5.657,1.371,7.465,2.046,61.658,297.619,2.002,97.173,0.01,1.986
19991104,2.861,2.159,2.018,3.844,3.475,77.421,263.411,1.321,96.969,0.0,2.039
19991105,4.129,3.962,3.593,4.362,2.393,54.794,295.691,1.342,95.708,0.002,2.712
19991106,7.746,7.419,1.852,8.204,0.211,53.784,302.061,2.74,95.088,0.466,4.275
19991107,5.498,5.181,0.906,5.941,0.981,34.455,313.728,1.712,96.291,1.777,4.037
19991108,5.931,5.678,0.201,6.286,0.36,28.045,320.978,1.229,96.906,2.239,3.173
19991109,4.899,4.8,0.312,5.039,0.498,16.592,332.954,0.85,97.097,2.672,3.426
19991110,4.822,4.553,0.507,5.233,0.372,9.331,333.007,0.879,96.928,13.359,4.313
19991111,1.759,1.655,0.812,1.918,0.16,22.646,312.541,1.023,97.431,3.834,3.88
19991112,0.342,0.256,0.619,0.474,0.974,46.002,290.972,0.978,97.327,0.003,2.362
19991113,0.457,0.386,0.455,0.575,0.457,33.529,297.64,0.928,96.528,0.063,1.2
19991114,2.572,1.344,1.482,4.619,0.916,22.329,303.978,1.029,95.671,1.496,2.892
19991115,-2.166,-3.169,1.224,-0.494,2.268,49.285,253.065,1.141,96.43,0.009,1.511
19991116,-3.514,-4.213,1.826,-2.349,2.792,66.638,239.161,0.967,95.884,0.002,1.94
19991117,-0.567,-0.872,1.679,-0.06,0.798,25.211,294.17,1.004,95.126,0.521,3.714
19991118,-0.183,-0.161,0.538,-0.219,0.244,21.547,282.504,1.039,94.527,3.222,3.951
19991119,-1.188,-1.277,0.328,-1.04,0.273,40.424,283.028,0.811,94.949,1.131,2.032
19991120,-1.602,-1.5,0.551,-1.774,0.331,34.08,297.198,0.649,95.689,3.672,2.498
19991121,-2.43,-2.578,0.557,-2.183,0.602,21.205,272.956,0.843,95.836,0.237,1.405
19991122,-1.789,-1.463,0.929,-2.332,0.335,19.755,292.525,0.954,95.412,4.247,3.011
19991123,0.908,1.122,1.224,0.552,0.676,5.68,323.583,0.563,96.067,7.093,1.858
19991124,2.665,2.499,0.326,2.942,0.737,12.418,325.479,0.69,96.862,0.224,1.701
19991125,3.606,3.462,0.634,3.846,0.705,32.231,314.389,0.923,97.153,0.243,3.257
19991126,4.342,3.976,0.768,4.952,0.882,22.333,310.701,1.071,97.054,0.073,3.273
19991127,3.296,3.307,1.492,3.277,1.175,26.369,290.399,1.441,96.736,0.135,4.431
19991128,5.185,4.579,1.013,6.29,1.416,26.235,305.564,1.592,97.007,0.033,3.382
19991129,4.195,3.734,0.672,5.035,1.5,42.747,265.711,2.501,96.738,0.0,3.568
19991130,4.099,3.874,2.274,4.509,1.752,39.011,291.721,1.704,96.713,0.002,3.993
19991201,6.35,6.059,0.503,6.88,0.445,5.874,321.885,1.87,95.792,3.31,6.24
19991202,4.029,3.892,1.22,4.278,0.356,31.892,285.389,2.097,95.959,2.888,5.756
19991203,4.767,4.378,1.486,5.478,0.285,23.398,306.109,2.274,95.245,5.687,7.259
19991204,2.047,1.789,1.315,2.518,0.529,34.556,265.223,2.313,95.041,0.373,4.813
19991205,0.656,0.212,0.43,1.464,0.291,26.437,269.214,1.347,95.861,0.671,4.595
19991206,0.779,0.796,2.032,0.748,0.597,14.511,297.483,1.115,96.29,2.87,5.581
19991207,4.675,4.55,0.221,4.902,0.098,5.763,329.978,1.204,95.468,3.722,6.202
19991208,4.81,4.764,1.201,4.894,1.387,33.824,300.313,1.978,95.411,1.698,5.388
19991209,6.44,6.185,0.801,6.904,0.327,11.894,330.218,1.808,94.504,2.125,5.372
19991210,4.601,4.506,0.328,4.774,0.174,19.313,317.348,1.868,94.534,0.133,4.774
19991211,4.106,4.305,1.453,3.744,0.568,21.48,320.179,1.66,94.41,3.609,5.499
19991212,7.441,6.947,1.444,8.344,0.483,7.7,333.768,1.869,93.293,11.406,6.438
19991213,2.665,2.64,0.97,2.711,0.372,20.613,287.363,1.51,94.544,3.516,4.983
19991214,1.641,1.415,0.837,2.052,0.348,36.395,279.577,1.495,93.799,2.015,4.92
19991215,-1.07,-1.217,1.356,-0.802,0.444,22.473,285.094,1.007,94.687,2.164,2.719
19991216,-3.017,-3.348,0.499,-2.413,0.741,27.592,257.51,1.152,96.162,0.081,2.688
19991217,-0.854,-0.841,1.421,-0.878,0.618,21.515,299.203,1.136,95.798,2.656,6.264
19991218,0.794,0.451,0.997,1.418,0.254,28.531,282.908,1.157,95.347,1.924,3.438
19991219,-1.395,-1.637,0.403,-0.953,0.405,34.556,260.588,1.011,95.415,0.615,2.764
19991220,-1.283,-1.629,0.815,-0.653,0.794,17.118,277.091,0.985,96.238,0.565,3.437
19991221,-0.838,-1.132,0.468,-0.302,0.466,19.162,293.707,0.951,97.11,0.233,1.596
19991222,-3.181,-3.284,0.662,-2.994,1.425,42.494,243.782,1.369,97.344,0.002,3.015
19991223,-3.129,-3.422,0.872,-2.594,0.555,10.281,274.68,1.491,96.668,1.134,3.467
19991224,0.881,0.643,2.637,1.314,1.35,22.203,304.702,1.084,95.923,0.398,4.532
19991225,4.16,3.602,0.577,5.179,0.636,16.024,304.362,1.499,94.047,8.649,6.524
19991226,1.953,2.121,0.294,1.646,0.785,7.342,298.812,1.303,93.29,15.483,4.62
19991227,0.767,0.628,0.818,1.021,0.608,21.252,291.726,0.895,93.33,7.411,2.973
19991228,-0.503,-0.775,1.255,-0.006,0.617,16.733,293.002,0.732,93.727,0.242,2.023
19991229,0.659,0.512,0.219,0.928,0.5,22.724,295.772,0.923,95.096,3.951,2.859
19991230,0.515,0.27,0.357,0.96,0.578,22.299,289.97,1.023,96.2,0.428,3.246
19991231,0.565,0.365,0.265,0.931,0.548,17.443,301.074,1.065,96.392,1.318,1.726
20000101,1.4,1.468,1.061,1.278,0.332,10.012,310.784,0.868,96.548,1.782,2.773
20000102,1.706,1.665,0.338,1.78,0.872,31.513,298.614,0.99,97.053,0.07,2.954
20000103,2.352,2.191,0.704,2.645,0.575,26.187,300.917,1.155,96.746,0.035,4.285
20000104,3.373,3.474,1.161,3.188,0.294,5.687,323.685,1.07,96.061,5.104,4.524
20000105,2.407,2.249,2.157,2.695,1.227,42.29,268.199,1.66,96.304,0.391,3.387
20000106,1.14,0.868,1.497,1.637,1.092,35.522,281.392,0.969,96.261,0.429,3.099
20000107,3.776,3.313,0.529,4.619,0.791,19.892,319.749,1.18,96.505,0.429,3.093
20000108,3.063,2.996,0.801,3.184,0.866,18.569,317.463,1.465,96.304,0.91,3.683
20000109,2.909,2.738,0.707,3.22,0.252,10.527,318.848,0.907,96.594,2.683,1.425
20000110,-0.013,-0.24,0.671,0.401,0.569,25.195,289.386,0.936,97.601,0.176,1.339
20000111,-2.142,-2.517,0.798,-1.457,1.8,43.848,251.409,0.73,97.885,0.002,1.576
20000112,-1.522,-1.932,0.649,-0.775,0.73,32.584,268.924,0.889,97.343,0.024,2.567
20000113,-3.467,-3.473,0.808,-3.455,0.874,49.707,252.628,0.952,96.396,0.006,2.515
20000114,-1.472,-1.69,1.08,-1.075,0.732,16.529,291.177,0.894,96.427,0.196,1.641
20000115,-0.961,-1.203,0.289,-0.558,0.444,13.657,296.083,0.885,97.28,0.566,1.234
20000116,-0.184,-0.269,1.427,-0.042,0.595,12.692,307.021,0.923,97.383,1.206,2.859
20000117,4.031,3.795,1.078,4.423,0.194,11.579,328.734,0.986,96.377,0.861,6.243
20000118,3.083,2.749,1.993,3.642,0.725,27.923,293.882,1.269,95.865,3.351,6.164
20000119,-0.967,-1.509,0.832,-0.063,1.34,41.968,246.85,1.305,96.808,0.015,3.422
20000120,-0.097,-0.608,1.969,0.755,0.612,13.38,298.225,0.959,96.721,2.167,4.576
20000121,0.878,0.579,1.761,1.375,0.726,35.206,281.792,1.434,96.096,3.68,4.644
20000122,-0.091,-0.299,0.587,0.255,0.267,20.861,298.034,0.835,95.309,4.784,2.659
20000123,-4.234,-4.082,3.642,-4.486,0.471,41.842,258.987,0.902,95.755,0.644,2.973
20000124,-7.924,-8.715,0.855,-6.605,2.267,60.697,219.274,0.919,96.565,0.033,1.207
20000125,-7.033,-7.651,1.565,-6.001,2.804,64.02,222.968,1.065,96.968,0.028,1.555
20000126,-4.096,-4.441,3.072,-3.52,1.408,17.851,287.528,0.95,97.133,0.62,3.767
20000127,-0.866,-1.033,0.306,-0.588,0.527,36.053,284.566,1.176,96.925,0.121,4.148
20000128,-1.623,-1.506,1.758,-1.818,1.797,65.487,258.93,1.966,95.992,0.214,4.917
20000129,3.563,3.824,2.218,3.129,0.997,12.905,319.139,1.446,94.357,11.976,7.631
20000130,4.846,5.019,1.182,4.559,0.749,58.493,295.764,1.952,95.057,7.42,5.884
20000131,7.314,7.295,0.384,7.344,0.323,11.941,337.455,1.757,95.936,6.859,6.52
20000201,6.213,6.068,0.769,6.436,0.581,30.093,311.875,1.817,96.188,0.049,4.43
20000202,5.184,4.692,0.816,5.934,0.45,10.331,319.305,1.572,95.76,1.378,4.372
20000203,3.205,2.787,0.787,3.79,0.554,52.134,288.277,1.515,96.936,3.674,4.415
20000204,3.37,3.243,1.596,3.547,1.231,21.395,321.383,1.265,97.41,1.149,4.427
20000205,6.951,6.184,0.978,8.025,1.776,72.383,297.876,2.22,97.132,0.033,4.053
20000206,7.112,6.389,0.834,8.124,1.692,65.465,288.485,3.285,96.477,0.004,3.478
20000207,6.731,6.438,0.935,7.141,0.195,39.094,318.003,2.548,95.773,1.289,5.118
20000208,7.139,6.916,1.438,7.45,0.599,31.08,329.331,2.41,94.854,4.363,6.633
20000209,3.161,3.697,1.168,2.409,0.889,53.59,283.884,2.018,95.683,1.466,6.329
20000210,4.648,4.178,1.171,5.305,1.538,86.243,284.223,2.662,96.27,4.159,4.896
20000211,2.159,1.145,1.953,3.579,1.19,81.601,269.67,1.745,96.803,0.466,2.982
20000212,-0.155,-1.065,2.655,1.119,2.567,94.846,249.167,1.645,96.564,1.024,3.871
20000213,2.062,1.538,0.311,2.796,0.5,56.924,279.352,1.328,95.877,3.117,4.387
20000214,1.772,1.246,0.362,2.509,1.28,66.451,280.44,1.984,96.332,0.546,3.774
20000215,4.326,3.46,1.315,5.539,0.405,19.581,324.479,1.125,95.563,4.955,3.412
20000216,1.684,1.189,1.815,2.377,0.462,78.87,278.545,1.673,94.429,5.595,4.507
20000217,-0.754,-1.31,0.274,0.023,0.46,71.906,264.516,1.196,94.73,2.549,3.387
20000218,-0.211,-0.236,0.655,-0.179,0.433,36.261,295.755,1.038,94.958,2.782,3.62
20000219,1.645,1.071,0.415,2.384,0.831,53.881,293.26,0.909,94.705,4.403,2.769
20000220,0.007,-0.328,1.327,0.402,0.317,60.138,280.32,1.012,96.3,3.911,3.046
20000221,-1.961,-2.641,1.278,-1.158,1.581,71.029,259.006,1.244,97.017,0.098,1.556
20000222,0.641,-0.018,1.6,1.419,1.189,64.314,282.01,1.319,96.641,1.349,2.862
20000223,1.904,1.372,0.595,2.533,1.465,71.443,289.939,1.671,96.733,0.568,1.645
20000224,3.276,2.998,1.712,3.604,0.937,12.139,309.993,1.107,96.46,4.98,3.74
20000225,2.028,1.824,0.989,2.269,0.677,43.675,300.355,1.113,96.419,17.409,2.646
20000226,1.809,0.603,2.047,3.234,2.548,87.635,266.885,2.005,97.309,0.004,2.272
20000227,2.206,0.752,4.99,3.925,4.368,119.342,252.893,2.211,96.977,0.0,3.018
20000228,8.208,6.451,1.731,10.284,3.123,117.552,290.375,3.513,95.882,2.806,5.553
20000229,4.652,4.078,0.716,5.331,1.544,77.528,302.257,2.029,95.578,3.045,4.991
20000301,3.974,3.707,1.776,4.29,0.525,80.376,301.339,1.514,94.454,4.966,4.383
20000302,2.082,1.666,0.708,2.574,1.33,105.349,279.496,2.161,95.925,1.147,5.135
20000303,3.189,1.915,0.685,4.695,0.656,35.638,314.391,1.388,94.798,9.013,6.797
20000304,-0.204,-0.555,1.194,0.211,0.71,118.849,263.876,1.294,95.66,2.714,5.166
20000305,-0.603,-1.003,1.18,-0.168,1.335,123.08,254.008,1.481,96.992,1.214,4.232
20000306,3.531,2.707,2.256,4.354,2.45,132.504,283.259,2.825,96.948,0.021,4.623
20000307,6.32,6.019,2.035,6.621,1.771,54.846,325.278,2.683,96.356,1.097,5.773
20000308,8.208,8.135,1.13,8.281,0.597,15.319,344.709,1.472,95.99,7.406,5.971
20000309,9.57,8.965,1.399,10.174,0.438,66.224,336.095,2.086,95.775,8.965,7.026
20000310,3.26,3.265,1.086,3.255,1.463,81.635,300.684,2.319,96.603,1.655,3.32
20000311,6.328,5.751,0.502,6.905,0.414,73.57,321.967,1.629,95.621,5.466,5.717
20000312,3.367,3.362,0.665,3.373,1.066,60.9,311.292,1.74,96.7,0.392,1.842
20000313,6.072,5.109,2.174,7.034,2.579,83.752,313.771,2.904,96.689,1.338,1.845
20000314,6.586,5.336,1.606,7.835,0.846,31.356,329.739,1.354,95.939,9.356,4.82
20000315,1.31,1.118,0.992,1.502,1.124,141.966,276.124,1.648,96.46,3.653,5.39
20000316,3.565,3.33,0.781,3.8,1.203,105.251,300.102,2.339,96.544,2.834,5.191
20000317,4.887,4.617,0.539,5.157,0.312,19.192,329.749,0.882,96.461,7.227,4.16
20000318,3.829,4.066,0.705,3.593,1.095,35.447,328.617,0.897,96.676,7.208,1.373
20000319,3.739,3.6,0.694,3.866,1.566,136.155,291.818,2.073,97.196,0.257,2.425
20000320,3.771,2.517,1.54,4.925,2.895,141.602,278.367,2.446,97.002,0.0,1.932
20000321,4.401,2.506,3.458,6.143,4.158,173.402,268.412,2.734,96.575,0.005,1.086
20000322,6.494,3.809,3.812,8.964,5.922,188.086,267.675,4.088,96.079,0.0,1.934
20000323,7.578,5.738,3.066,9.272,4.62,177.579,282.618,3.784,95.801,0.0,1.615
20000324,7.591,6.977,1.504,8.111,2.075,85.634,314.63,1.69,95.46,2.711,1.99
20000325,8.692,7.809,0.85,9.439,1.98,136.576,313.102,2.47,95.695,1.302,2.732
20000326,5.657,4.808,0.998,6.376,0.657,98.009,294.547,2.088,95.338,1.5,2.369
20000327,4.063,2.663,0.936,5.248,2.196,121.62,286.983,1.478,95.156,2.445,1.653
20000328,1.729,1.926,0.731,1.562,0.676,60.047,314.739,1.066,95.566,2.311,2.269
20000329,3.851,3.565,1.543,4.092,0.702,39.456,333.017,0.664,95.577,0.711,4.168
20000330,4.863,4.762,0.897,4.948,0.236,49.526,327.825,1.212,94.983,5.169,4.183
20000331,4.628,4.136,0.976,5.043,1.12,105.591,313.461,1.454,94.977,1.993,2.305
20000401,4.718,3.792,1.017,5.439,2.297,116.94,293.046,1.731,94.874,0.877,1.961
20000402,5.871,4.054,2.636,7.284,3.588,117.814,285.99,2.588,94.889,0.153,2.275
20000403,8.876,6.158,4.017,10.99,5.327,216.918,273.373,5.035,94.008,0.004,2.654
20000404,9.892,7.77,1.214,11.543,2.66,164.81,299.105,4.414,93.779,2.182,2.578
20000405,4.214,3.774,2.664,4.556,0.893,76.786,303.476,1.96,94.883,0.073,3.219
20000406,2.141,0.447,3.047,3.458,3.815,230.118,249.073,3.556,96.748,0.0,2.721
20000407,4.605,3.162,2.921,5.728,3.351,172.482,279.003,3.152,97.203,0.003,2.9
20000408,5.456,4.344,1.772,6.32,2.774,112.386,308.931,2.853,96.692,0.005,1.171
20000409,4.898,3.662,0.974,5.859,1.988,169.192,281.615,2.612,95.897,0.868,2.996
20000410,4.161,2.576,2.253,5.395,3.714,185.268,274.2,3.233,95.441,0.282,2.725
20000411,5.129,2.752,3.175,6.827,4.116,199.109,270.916,3.519,94.297,0.348,1.86
20000412,5.313,3.791,1.03,6.401,0.841,148.165,283.698,2.559,93.719,2.655,3.552
20000413,5.669,3.983,2.047,6.874,2.634,223.212,274.527,3.357,94.111,1.965,4.656
20000414,5.752,5.007,0.954,6.285,0.814,139.125,294.258,2.169,94.49,1.5,3.507
20000415,7.007,4.856,1.524,8.415,2.673,117.37,304.202,2.07,94.376,6.94,2.857
20000416,8.348,6.876,2.032,9.313,3.641,210.099,283.565,4.811,94.607,0.0,3.476
20000417,9.32,7.501,1.458,10.512,2.752,180.181,305.877,4.224,94.671,0.952,2.95
20000418,9.628,8.556,1.374,10.331,2.377,174.964,312.525,4.004,95.423,0.372,2.133
20000419,9.452,8.907,1.645,9.81,1.531,85.38,328.924,1.85,95.431,10.685,1.558
20000420,10.773,8.168,3.633,12.481,5.163,209.927,305.908,4.488,95.937,0.003,1.466
20000421,14.263,11.285,3.329,16.213,5.236,237.192,315.618,6.96,95.909,0.084,2.049
20000422,16.258,13.344,3.538,18.168,5.37,240.018,320.762,8.04,95.774,0.017,2.527
20000423,16.756,13.86,1.686,18.654,3.34,222.396,323.942,8.455,95.282,6.627,2.166
20000424,10.201,10.632,2.449,9.919,1.022,48.643,343.818,1.674,95.438,9.97,3.364
20000425,9.487,7.207,2.976,10.981,4.504,262.528,284.792,3.622,95.834,0.0,1.483
20000426,13.517,10.365,4.139,15.582,5.728,255.275,303.107,5.565,95.598,0.0,2.346
20000427,15.652,12.988,3.119,17.398,3.996,266.232,313.423,6.192,95.57,0.0,2.834
20000428,15.996,14.802,2.235,16.779,3.013,265.46,322.323,5.562,95.156,0.0,3.209
20000429,15.327,13.773,1.217,16.345,2.312,154.193,345.622,3.965,95.697,5.859,1.481
20000430,14.165,13.293,0.244,14.643,1.511,93.018,365.79,1.552,96.331,10.679,1.593
20000501,14.258,12.718,0.986,15.102,2.504,155.212,356.094,2.928,96.295,3.961,1.874
20000502,14.52,12.661,1.804,15.539,2.932,230.318,327.154,3.646,96.302,1.125,2.606
20000503,14.133,11.532,1.354,15.56,3.73,272.927,302.197,6.583,96.199,0.0,2.212
20000504,13.756,10.392,2.077,15.6,4.058,272.342,299.663,6.921,96.169,0.0,2.042
20000505,14.306,11.13,3.345,16.048,5.03,261.187,306.146,7.334,96.078,0.016,2.494
20000506,15.893,13.161,3.206,17.391,4.911,287.087,305.897,8.637,95.955,0.0,3.037
20000507,16.613,13.836,2.076,18.135,4.628,255.292,321.284,8.013,96.01,1.067,2.664
20000508,15.819,13.762,1.762,16.948,3.108,220.408,333.584,5.223,96.097,4.426,1.662
20000509,16.281,14.139,2.964,17.455,3.833,252.919,329.401,5.171,96.183,0.824,1.238
20000510,17.658,14.844,2.204,19.201,4.112,260.519,327.276,7.049,96.102,0.494,1.32
20000511,17.013,13.349,2.29,19.023,4.393,266.038,324.235,6.661,96.119,0.068,2.151
20000512,14.529,12.185,1.241,15.815,2.906,283.978,300.137,6.775,96.424,0.0,3.437
20000513,12.586,9.88,2.639,14.07,4.371,303.608,283.216,7.42,96.743,0.0,2.963
20000514,14.773,10.825,3.946,16.938,5.736,303.377,295.681,8.98,96.807,0.0,2.089
20000515,17.387,13.474,4.383,19.533,5.688,303.089,306.576,11.316,96.491,0.0,1.528
20000516,19.049,15.478,2.425,21.008,5.343,303.486,316.381,12.127,96.03,0.0,1.38
20000517,16.142,12.938,0.857,17.899,2.824,224.402,335.085,5.559,95.557,1.427,2.717
20000518,10.972,9.139,0.936,11.977,1.49,187.783,319.532,3.661,95.302,0.836,2.859
20000519,9.055,7.245,0.892,9.96,1.721,234.44,305.056,2.864,95.194,2.36,3.106
20000520,8.01,6.975,0.694,8.481,1.834,165.469,316.947,2.179,95.329,4.348,2.868
20000521,8.875,6.964,2.023,9.744,3.242,201.021,309.602,3.069,95.347,4.233,1.79
20000522,9.422,8.653,0.572,9.772,1.519,154.115,325.997,1.899,95.593,3.433,2.693
20000523,11.575,9.366,1.885,12.579,3.3,207.552,315.359,4.183,96.313,0.38,2.094
20000524,13.435,11.55,2.562,14.292,2.764,140.733,339.634,4.386,95.945,0.239,2.483
20000525,13.127,11.07,1.01,14.061,1.457,110.3,340.401,2.954,95.587,1.274,4.048
20000526,12.046,10.406,3.528,12.792,4.167,265.85,303.091,5.373,96.007,0.012,2.216
20000527,12.482,11.083,2.774,13.118,1.612,145.362,321.853,4.306,95.567,1.93,4.111
20000528,10.815,8.155,1.943,12.024,2.719,138.247,310.4,4.622,95.209,0.624,4.751
20000529,8.235,6.535,0.762,9.008,1.537,267.623,290.426,3.311,95.537,2.677,4.379
20000530,8.294,6.239,1.636,9.228,2.675,227.462,307.28,2.81,95.875,1.95,2.467
20000531,10.207,7.333,1.639,11.514,3.092,255.642,303.997,3.663,96.079,2.71,1.33
20000601,13.728,11.531,4.456,14.726,4.296,207.938,329.776,5.739,96.555,0.004,2.628
20000602,18.695,15.234,3.626,20.268,5.089,308.277,325.462,9.307,96.309,0.0,2.565
20000603,18.714,15.44,1.694,20.201,3.958,280.009,345.951,6.241,96.26,1.568,1.784
20000604,18.953,16.345,2.034,20.139,3.267,225.64,350.59,5.314,96.058,2.233,2.15
20000605,17.207,15.565,0.719,17.954,2.708,176.714,361.343,3.105,95.953,12.567,1.573
20000606,12.41,12.829,2.429,12.219,0.759,126.284,346.111,2.879,95.996,0.185,3.941
20000607,10.977,9.697,0.742,11.559,1.31,203.792,321.481,2.496,96.36,3.529,3.41
20000608,12.642,9.781,3.482,13.942,4.273,272.592,301.516,5.357,96.54,0.002,1.445
20000609,18.055,14.332,4.597,19.747,5.731,317.382,316.97,9.501,96.058,0.0,2.665
20000610,20.899,17.021,2.793,22.663,4.967,287.649,344.703,9.838,95.78,0.03,1.33
20000611,16.815,15.811,1.231,17.272,1.716,201.173,362.635,3.876,95.95,1.484,2.775
20000612,16.171,14.407,2.224,16.972,3.744,273.363,326.311,6.483,96.779,0.002,2.248
20000613,19.623,16.483,2.859,21.051,5.074,313.259,330.077,9.832,96.791,0.0,1.247
20000614,18.391,16.408,1.367,19.292,2.961,185.174,354.81,6.081,96.601,0.198,2.022
20000615,14.361,13.519,2.564,14.744,0.604,136.331,341.19,3.538,96.441,2.464,3.263
20000616,10.637,9.124,1.217,11.325,2.332,196.175,308.534,5.148,96.864,0.03,3.731
20000617,10.636,8.099,3.453,11.789,4.293,295.468,289.36,5.672,97.254,0.0,1.38
20000618,16.539,12.502,6.468,18.374,6.89,319.449,309.859,10.908,97.031,0.0,1.832
20000619,21.668,17.239,3.576,23.681,6.305,319.181,332.538,14.211,96.567,0.0,1.448
20000620,23.594,19.021,2.704,25.673,5.639,323.65,337.197,15.974,96.071,0.0,1.574
20000621,23.268,18.888,2.133,25.259,4.876,309.595,344.176,15.52,95.839,0.0,2.1
20000622,18.026,15.797,1.05,19.039,1.934,198.31,346.867,6.601,95.932,0.37,2.816
20000623,15.127,13.426,0.742,15.899,1.638,235.224,325.967,6.009,96.063,0.624,3.27
20000624,12.315,11.843,1.077,12.53,1.24,166.317,327.137,3.669,95.776,4.38,2.92
20000625,11.237,9.762,0.24,11.907,1.592,224.193,323.771,2.691,95.934,5.24,3.571
20000626,10.152,9.184,0.529,10.592,1.637,188.307,312.122,3.66,96.329,0.54,4.214
20000627,9.935,7.875,1.23,10.784,2.551,163.298,309.095,4.487,96.417,0.244,3.794
20000628,9.436,7.153,2.74,10.473,3.033,188.443,315.645,4.45,96.113,0.001,2.698
20000629,10.125,8.607,1.325,10.815,2.038,157.755,319.702,4.506,96.14,0.285,2.659
20000630,11.855,9.264,2.963,13.033,3.905,221.131,319.2,5.613,95.869,0.006,2.956
20000701,14.485,11.358,3.518,15.906,4.223,211.589,332.792,4.391,95.531,0.669,1.88
20000702,17.093,14.812,2.706,18.13,3.654,177.63,358.159,4.43,95.621,0.699,1.075
20000703,17.37,15.458,0.795,18.24,2.469,145.016,363.498,3.964,95.313,11.384,1.919
20000704,16.131,14.082,1.129,17.063,2.408,160.483,362.384,3.596,95.077,9.554,1.871
20000705,14.416,13.461,0.477,14.85,1.611,134.221,352.943,2.399,95.506,21.179,4.461
20000706,14.704,13.022,1.305,15.469,2.053,180.093,341.028,3.197,96.203,3.536,2.648
20000707,13.035,11.936,1.167,13.535,1.727,139.118,346.677,2.488,95.792,5.131,2.76
20000708,10.608,10.612,0.569,10.607,1.593,119.561,338.752,2.505,95.656,10.51,3.264
20000709,11.885,10.385,0.753,12.566,1.878,199.359,335.476,2.94,95.056,4.843,3.83
20000710,13.745,12.252,0.925,14.424,1.694,182.769,340.905,3.421,94.004,7.654,4.405
20000711,12.89,11.692,0.464,13.434,1.668,175.877,326.657,3.33,94.31,4.821,4.102
20000712,11.482,10.571,0.785,11.897,1.462,179.674,326.813,3.791,95.41,0.454,4.007
20000713,11.092,9.719,2.146,11.717,2.597,177.079,325.695,3.04,95.599,1.843,3.94
20000714,12.074,10.956,0.677,12.582,0.851,138.91,342.382,2.126,94.859,10.93,3.138
20000715,10.868,9.641,0.784,11.426,1.638,217.824,319.065,2.515,95.114,3.455,2.631
20000716,11.986,9.874,1.717,12.945,2.778,205.616,317.696,3.868,95.59,0.726,1.938
20000717,12.43,10.7,1.252,13.295,2.004,165.503,337.469,3.521,96.052,0.663,2.676
20000718,12.085,11.22,0.651,12.518,1.358,112.103,349.081,3.357,96.106,0.734,2.982
20000719,11.743,10.899,1.808,12.165,1.685,75.203,342.131,2.852,95.99,1.054,4.062
20000720,14.52,13.153,1.547,15.203,2.304,169.163,338.346,5.566,96.234,0.164,3.829
20000721,12.829,12.414,0.711,13.036,1.895,116.793,350.646,3.829,96.355,0.114,2.868
20000722,12.659,11.306,1.739,13.335,2.064,108.853,345.824,2.376,96.192,1.254,2.045
20000723,15.072,12.489,2.324,16.364,4.453,201.82,336.725,5.173,95.903,0.221,1.382
20000724,15.11,13.634,1.852,15.848,2.274,140.294,344.557,2.888,95.227,6.626,2.298
20000725,14.943,14.227,0.698,15.301,0.909,97.875,352.42,2.394,94.926,6.197,3.725
20000726,15.766,14.48,0.713,16.409,1.95,145.036,358.273,4.24,95.291,0.772,2.539
20000727,16.43,14.641,0.93,17.325,2.516,146.706,360.834,4.71,95.874,2.914,2.209
20000728,14.584,13.68,0.646,15.037,0.864,164.712,349.094,2.836,95.582,5.85,3.558
20000729,14.277,12.71,0.732,15.06,1.908,149.079,353.851,2.766,95.834,3.58,2.952
20000730,14.774,13.05,0.82,15.637,1.957,212.574,338.372,3.352,96.364,4.947,2.634
20000731,15.786,13.512,1.309,16.923,3.203,199.461,340.54,4.931,96.694,0.86,1.882
20000801,18.038,14.751,4.428,19.841,5.344,256.045,331.773,8.321,96.436,0.0,1.788
20000802,15.955,14.037,1.225,17.007,2.006,165.587,339.1,3.661,95.968,4.367,2.672
20000803,15.227,12.537,1.86,16.703,3.519,227.799,328.282,4.743,96.155,1.573,2.12
20000804,15.513,13.057,1.539,16.859,3.372,240.28,325.027,4.745,96.322,3.175,1.748
20000805,15.604,13.001,2.522,17.032,3.938,212.487,329.295,5.0,96.562,0.915,1.862
20000806,15.863,13.314,2.655,17.26,4.055,227.904,330.35,6.001,96.428,0.007,2.011
20000807,15.95,14.813,0.588,16.573,1.895,186.399,343.712,5.357,96.375,0.908,2.879
20000808,14.553,13.276,1.338,15.318,2.266,142.069,342.003,2.997,96.343,3.572,1.507
20000809,15.423,13.403,1.121,16.635,3.101,132.652,346.901,4.274,96.437,0.262,1.974
20000810,17.343,14.413,1.682,19.101,3.475,204.576,347.072,4.693,96.028,6.074,2.328
20000811,17.012,15.663,0.792,17.822,2.259,153.249,357.934,4.982,95.938,1.203,1.917
20000812,17.897,14.776,1.926,19.77,4.347,208.546,334.787,7.763,95.913,0.01,1.118
20000813,19.624,16.795,3.897,21.321,5.383,259.368,327.092,10.102,96.202,0.0,0.892
20000814,21.165,17.549,2.116,23.335,5.555,264.554,335.018,11.863,96.308,0.0,1.289
20000815,19.737,17.013,0.818,21.371,3.041,178.786,362.11,6.269,96.278,0.64,2.211
20000816,18.561,16.862,1.637,19.581,3.096,192.917,349.946,6.609,96.09,0.425,2.393
20000817,18.869,15.964,1.597,20.611,3.371,205.347,348.405,6.541,95.719,3.103,2.141
20000818,17.889,16.365,1.972,18.888,3.34,183.938,347.938,5.82,95.922,1.783,1.228
20000819,18.697,17.148,1.101,19.712,2.478,175.439,363.844,3.932,95.758,6.704,2.641
20000820,18.801,16.832,0.843,20.091,2.565,183.512,361.081,4.777,95.724,15.501,2.122
20000821,15.853,14.673,0.993,16.626,0.711,151.08,359.722,2.836,95.728,3.764,2.847
20000822,14.572,13.029,0.746,15.584,2.528,181.904,336.912,4.147,96.316,1.41,1.339
20000823,13.97,11.579,1.552,15.537,3.936,196.534,316.1,4.68,96.668,0.023,1.459
20000824,14.98,12.142,3.271,16.839,4.543,240.728,305.177,6.688,96.614,0.0,1.821
20000825,14.074,12.527,1.085,15.087,2.442,116.692,336.866,4.631,96.555,0.006,2.193
20000826,15.2,12.676,3.273,16.855,4.746,242.594,302.486,7.052,96.15,0.0,3.571
20000827,16.052,14.004,2.621,17.395,4.247,213.62,322.73,6.747,95.901,0.797,2.142
20000828,15.553,13.965,1.166,16.688,2.224,164.604,340.392,5.105,96.273,0.79,2.398
20000829,14.596,12.14,1.822,16.35,3.473,162.193,327.273,5.928,96.38,0.254,1.542
20000830,15.109,13.626,1.209,16.169,2.928,159.497,335.071,5.117,96.088,0.754,1.153
20000831,14.62,13.433,1.317,15.468,2.734,110.231,352.299,4.097,95.562,1.824,1.822
20000901,14.046,11.697,1.625,15.873,3.397,168.762,334.602,3.344,95.123,7.966,1.736
20000902,12.38,11.798,0.461,12.833,0.975,116.172,335.64,1.819,94.82,5.981,4.065
20000903,11.82,11.333,0.462,12.2,1.073,90.686,337.459,1.958,95.239,3.574,4.617
20000904,10.747,9.443,0.784,11.761,1.847,154.421,314.447,3.31,96.1,1.244,2.992
20000905,10.535,9.523,0.884,11.321,1.418,117.062,324.212,2.498,96.502,0.545,2.141
20000906,11.525,10.265,1.245,12.504,1.857,117.423,340.398,2.581,95.814,6.397,3.493
20000907,12.161,11.295,0.675,12.835,1.71,92.893,339.292,2.024,95.48,3.695,3.421
20000908,14.051,13.399,2.384,14.559,2.384,46.596,361.684,3.131,96.468,0.03,2.522
20000909,16.504,14.795,1.795,17.833,3.06,125.843,357.128,4.621,96.741,0.044,1.793
20000910,16.396,14.959,2.134,17.514,3.118,105.797,351.163,3.519,96.69,0.272,0.961
20000911,16.945,15.071,1.151,18.402,3.244,147.817,342.762,4.318,96.277,0.013,1.184
20000912,17.201,15.107,2.179,18.83,4.294,165.154,331.495,5.147,95.772,0.001,2.268
20000913,16.068,14.677,0.622,17.149,1.362,128.433,348.038,4.106,95.596,0.972,2.395
20000914,14.744,13.765,1.197,15.572,2.221,114.678,349.308,3.772,95.977,1.179,1.487
20000915,15.584,14.276,1.951,16.69,3.124,142.016,338.641,4.516,95.915,0.057,2.286
20000916,13.76,13.541,1.734,13.961,0.442,129.85,341.237,3.011,95.125,5.686,3.617
20000917,12.39,11.521,0.954,13.189,1.343,107.999,336.706,2.125,95.333,0.782,1.629
20000918,12.356,10.992,1.05,13.611,1.758,72.195,341.463,2.056,95.457,0.17,1.95
20000919,10.481,8.492,1.632,12.31,3.517,144.107,307.346,2.328,95.281,0.047,3.553
20000920,8.687,7.765,1.742,9.535,2.775,165.682,299.952,2.264,95.314,0.0,4.315
20000921,8.285,8.331,0.226,8.242,0.483,31.962,338.722,1.439,95.784,7.302,2.741
20000922,9.537,8.93,0.697,10.096,1.581,49.912,351.293,1.711,96.729,0.268,1.643
20000923,10.706,8.873,1.479,12.392,2.982,127.297,323.537,3.413,96.936,0.008,3.122
20000924,9.179,7.354,2.462,10.857,4.257,172.924,276.546,3.085,96.557,0.0,2.982
20000925,8.712,6.935,2.3,10.347,2.648,56.148,318.041,1.253,96.519,1.831,1.837
20000926,11.534,9.635,1.949,13.281,3.54,105.04,327.698,2.451,96.531,0.001,1.883
20000927,13.437,11.961,2.66,14.794,2.663,102.375,333.366,1.998,96.124,3.952,2.413
20000928,15.851,14.797,1.488,16.906,2.586,116.453,338.388,3.154,95.532,0.074,2.935
20000929,15.808,14.175,1.618,17.441,3.535,154.338,317.098,4.66,95.054,0.0,2.455
20000930,13.639,11.656,2.065,15.623,4.272,151.1,315.539,3.597,94.947,0.0,1.477
20001001,12.809,11.551,1.554,14.068,2.291,77.848,348.633,2.178,94.955,2.909,2.105
20001002,12.585,11.279,0.83,13.891,2.064,103.256,326.386,3.085,95.189,0.741,2.414
20001003,10.547,9.265,1.336,11.829,2.608,102.793,314.577,2.555,96.468,0.004,1.475
20001004,11.3,10.351,2.607,12.249,2.6,39.946,345.62,2.18,96.468,0.173,0.889
20001005,12.104,11.071,1.073,13.225,1.765,59.155,348.551,1.863,96.078,3.195,0.785
20001006,8.884,8.57,1.434,9.225,1.157,86.723,325.342,2.114,96.267,2.438,2.549
20001007,6.449,5.852,0.648,7.099,0.885,44.671,313.37,1.242,96.687,4.007,1.01
20001008,5.726,4.833,2.889,6.698,3.172,120.873,291.851,1.827,96.292,1.382,2.232
20001009,7.374,6.758,0.622,8.044,0.951,34.313,323.083,1.272,95.385,5.387,2.048
20001010,7.046,5.626,0.755,8.59,1.174,70.648,294.827,2.018,94.046,2.235,4.804
20001011,8.008,7.346,2.445,8.789,2.076,70.246,310.474,2.335,93.515,2.637,5.287
20001012,9.886,8.867,0.867,11.09,1.951,87.92,307.101,2.597,94.509,0.254,2.82
20001013,10.64,9.616,1.036,11.851,1.763,93.614,331.143,2.125,95.471,4.324,1.208
20001014,10.894,10.448,1.524,11.42,2.774,87.187,337.191,2.142,95.994,0.018,2.234
20001015,11.837,11.748,0.759,11.943,0.752,60.797,347.045,0.746,95.507,0.132,3.476
20001016,12.365,10.601,1.423,14.45,2.458,100.942,310.015,3.303,95.378,0.003,2.872
20001017,9.078,7.847,1.374,10.533,1.453,51.152,312.437,1.973,96.497,0.209,2.161
20001018,5.992,4.656,1.25,7.572,3.143,93.778,290.126,1.456,96.812,0.523,1.335
20001019,6.382,5.868,2.896,6.99,1.619,28.115,324.266,0.903,96.434,4.85,2.034
20001020,9.785,8.882,0.931,10.851,1.451,47.717,339.012,1.443,96.567,0.083,1.658
20001021,9.506,7.794,2.002,11.53,3.182,82.854,305.812,2.058,96.709,0.002,2.165
20001022,10.224,8.122,2.823,12.709,4.842,104.579,294.225,2.821,97.15,0.0,1.551
20001023,8.654,7.427,1.963,10.232,2.911,104.714,289.232,1.843,96.714,0.004,2.872
20001024,10.667,10.199,0.483,11.268,0.857,66.084,329.307,3.09,96.17,0.548,4.514
20001025,10.568,10.503,2.131,10.66,1.813,42.506,335.441,2.895,95.52,0.169,5.273
20001026,9.282,9.117,2.32,9.513,0.331,56.591,314.685,2.877,95.459,0.761,4.406
20001027,7.464,7.082,1.148,7.999,1.293,41.384,322.874,1.685,95.967,2.356,3.89
20001028,9.61,9.223,0.818,10.152,1.168,30.206,336.409,1.543,95.892,2.481,3.852
20001029,9.612,9.168,1.332,10.233,0.423,78.571,301.864,3.199,95.528,0.118,5.346
20001030,10.122,9.826,1.437,10.537,1.414,57.762,316.241,3.899,94.405,4.427,7.073
20001031,7.691,7.711,0.698,7.662,0.881,39.796,314.955,2.257,94.295,2.023,5.359
20001101,7.561,7.128,0.664,8.167,1.186,64.307,306.329,2.448,94.729,2.915,5.038
20001102,7.607,7.269,2.621,8.08,2.483,42.947,304.825,2.562,94.69,0.19,4.163
20001103,7.491,7.486,1.038,7.499,0.798,23.552,314.106,1.588,94.49,2.484,2.019
20001104,5.731,5.011,1.187,6.739,0.834,50.54,296.279,1.644,95.198,0.276,2.522
20001105,4.025,3.122,0.96,5.288,1.544,43.446,294.06,1.561,95.538,0.015,2.706
20001106,3.918,3.445,1.869,4.579,1.285,26.912,299.878,1.833,93.658,1.103,3.542
20001107,6.666,5.944,1.481,7.676,2.218,72.125,281.016,2.298,93.133,0.225,3.214
20001108,7.009,6.647,0.492,7.517,1.057,46.611,296.251,2.714,93.893,1.784,4.42
20001109,6.365,5.722,0.514,7.347,0.813,49.891,306.091,2.113,94.941,0.759,4.242
20001110,4.656,4.054,0.635,5.575,1.522,63.166,277.048,2.085,95.932,0.0,4.424
20001111,4.329,3.612,1.262,5.425,1.707,53.482,281.199,1.989,96.339,0.0,4.098
20001112,6.04,5.439,2.432,7.04,2.198,62.657,287.022,3.496,95.34,0.258,4.224
20001113,8.418,7.888,0.719,9.302,0.52,32.299,333.349,1.742,94.585,5.796,3.524
20001114,7.476,7.379,0.68,7.638,0.63,33.071,322.532,1.197,94.997,4.407,1.618
20001115,5.496,4.904,0.759,6.482,1.206,31.332,293.101,1.48,95.703,0.345,3.124
20001116,4.437,3.868,1.15,5.386,1.617,43.722,279.887,1.798,95.649,0.004,3.153
20001117,2.419,2.02,1.862,3.085,1.371,15.979,301.474,0.917,95.457,3.054,1.566
20001118,3.016,2.784,0.632,3.405,0.967,35.565,291.598,1.538,95.594,0.132,4.112
20001119,3.949,3.762,0.853,4.259,1.394,31.523,306.3,2.236,94.81,0.75,4.47
20001120,4.152,3.62,0.718,5.039,0.568,38.027,304.889,1.609,94.719,0.247,3.072
20001121,2.606,2.16,1.504,3.351,2.285,41.09,281.587,1.249,95.096,0.026,1.994
20001122,6.2,5.754,2.172,6.942,1.406,33.247,317.262,1.939,95.205,1.743,4.281
20001123,6.441,5.963,1.044,7.239,1.012,30.726,302.813,1.532,95.102,0.181,2.329
20001124,5.008,4.374,0.879,6.064,1.045,28.698,301.461,1.734,95.103,0.119,2.455
20001125,1.642,1.013,0.842,2.69,1.748,38.6,271.028,1.021,95.354,0.0,1.816
20001126,3.593,2.979,1.833,4.617,1.683,26.734,296.414,1.3,94.621,2.087,3.546
20001127,4.508,3.991,1.155,5.451,0.616,32.686,297.906,1.5,95.83,0.59,3.057
20001128,5.467,5.673,3.148,5.093,1.335,4.856,322.412,1.046,95.92,4.137,3.456
20001129,8.268,8.056,0.764,8.655,1.332,40.71,304.319,1.568,95.722,0.002,2.788
20001130,7.431,6.967,0.619,8.277,0.712,32.895,313.515,1.326,96.059,0.018,2.121
20001201,5.659,5.237,0.49,6.429,1.216,42.638,301.653,1.132,95.99,0.033,2.497
20001202,6.895,6.246,0.513,8.078,0.755,34.321,315.161,1.207,96.057,0.59,2.572
20001203,5.39,4.788,1.009,6.489,1.185,21.56,298.725,1.34,96.096,0.048,2.567
20001204,4.139,3.73,1.908,4.885,1.982,30.641,297.693,1.273,96.167,0.478,2.8
20001205,5.933,5.51,0.773,6.704,1.742,45.735,274.268,1.372,96.132,0.022,2.743
20001206,4.008,3.906,0.593,4.193,0.905,38.457,285.197,1.424,95.886,0.229,2.707
20001207,5.57,5.479,0.623,5.735,0.727,33.138,309.969,1.476,95.569,0.255,3.219
20001208,8.117,7.841,1.358,8.621,1.298,22.62,320.461,2.083,95.062,2.416,4.187
20001209,7.099,6.694,0.899,7.839,1.279,36.408,279.039,1.876,95.722,0.007,3.273
20001210,6.145,6.132,1.016,6.168,0.267,13.239,308.139,1.57,95.684,3.277,4.857
20001211,8.204,7.644,0.774,9.226,0.921,36.254,303.048,2.491,96.25,0.551,5.069
20001212,10.35,9.915,0.703,11.143,0.367,11.223,345.578,2.089,96.132,5.395,5.113
20001213,9.423,8.992,0.971,10.208,0.392,36.224,301.281,3.791,95.516,0.617,6.59
20001214,6.093,5.961,0.898,6.333,0.602,23.919,309.97,1.87,94.942,6.162,5.024
20001215,3.437,3.661,0.545,3.029,0.43,22.932,301.281,1.367,94.388,2.981,5.382
20001216,1.385,1.411,0.357,1.337,0.266,19.885,294.219,1.437,94.926,2.69,5.789
20001217,0.791,0.731,0.291,0.901,0.52,18.127,296.386,1.325,95.584,0.469,3.035
20001218,-0.901,-1.085,0.701,-0.566,1.043,26.497,276.264,0.888,96.19,0.735,1.528
20001219,-0.576,-0.701,0.474,-0.347,0.556,32.471,282.803,0.785,96.557,0.729,1.937
20001220,-2.367,-2.929,0.78,-1.343,1.29,40.921,237.027,0.843,96.917,0.001,3.887
20001221,-5.173,-5.707,0.831,-4.201,1.5,43.35,216.901,0.742,96.908,0.0,3.628
20001222,-6.936,-7.512,1.596,-5.885,2.761,45.005,215.142,0.848,96.508,0.0,2.089
20001223,-5.339,-6.066,2.662,-4.015,3.418,43.71,232.188,1.065,95.605,0.0,2.379
20001224,-2.09,-2.16,1.297,-1.961,1.947,27.514,282.335,0.984,94.793,2.127,1.673
20001225,-1.931,-1.804,0.735,-2.162,0.353,10.245,303.803,0.553,94.156,6.501,2.204
20001226,-2.62,-2.285,0.674,-3.229,0.165,13.028,304.965,0.516,93.798,6.892,2.492
20001227,0.508,0.565,0.869,0.403,0.168,21.707,305.538,0.759,93.532,2.157,1.509
20001228,0.626,0.455,0.884,0.938,0.6,19.987,288.169,0.974,93.803,0.634,2.907
20001229,-1.741,-1.969,0.525,-1.324,0.839,34.002,249.806,1.047,94.159,0.002,2.912
20001230,-0.728,-0.795,0.643,-0.607,0.868,29.604,284.196,1.19,94.294,0.848,3.553
20001231,-2.19,-2.703,2.774,-1.253,0.725,35.165,257.555,1.082,95.662,0.686,3.322
20010101,-2.577,-2.993,3.627,-1.818,1.005,10.378,289.602,1.221,95.045,1.006,4.275
20010102,2.902,2.751,1.362,3.178,1.139,27.465,283.641,1.189,94.423,0.224,3.938
20010103,3.804,3.235,1.186,4.841,0.265,15.828,298.364,1.415,94.862,0.284,3.681
20010104,2.629,2.63,1.792,2.627,0.981,18.565,290.776,1.39,94.762,0.868,4.034
20010105,4.984,5.503,1.391,4.039,0.591,6.268,324.277,1.382,94.119,12.507,5.47
20010106,6.818,6.961,1.914,6.557,0.783,23.81,322.666,1.867,94.238,2.502,4.764
20010107,3.87,3.511,0.765,4.525,0.673,25.344,303.889,1.231,95.421,0.217,2.653
20010108,1.251,0.828,0.993,2.022,0.896,35.182,277.202,1.086,95.615,0.014,1.934
20010109,1.409,0.896,0.864,2.345,0.989,24.834,297.85,1.248,95.744,0.645,2.905
20010110,-1.024,-1.268,0.828,-0.578,1.086,25.646,287.974,0.755,95.767,2.887,1.817
20010111,-1.133,-1.637,1.335,-0.215,0.34,28.72,279.577,0.868,96.387,1.532,2.482
20010112,-2.867,-3.389,0.735,-1.916,1.009,41.296,259.475,0.643,96.999,0.043,1.469
20010113,-4.274,-4.549,0.881,-3.773,1.322,47.505,245.665,0.862,97.622,0.02,2.7
20010114,-5.663,-5.985,0.915,-5.127,1.287,34.473,257.808,0.515,97.659,0.005,2.4
20010115,-4.307,-4.973,0.933,-3.197,1.383,51.6,236.88,0.743,97.202,0.003,3.837
20010116,-6.183,-6.88,1.263,-5.021,2.493,56.843,219.984,0.947,96.776,0.0,2.093
20010117,-6.937,-7.766,1.937,-5.556,2.672,47.167,231.833,0.76,96.326,0.005,1.957
20010118,-4.891,-5.608,2.077,-3.698,1.809,32.147,258.685,0.829,96.378,0.246,1.602
20010119,-4.674,-5.266,1.0,-3.687,2.215,58.223,232.048,0.841,96.449,0.003,1.282
20010120,-3.144,-3.65,1.26,-2.3,2.08,53.877,253.222,0.851,96.633,0.267,1.299
20010121,-2.537,-3.16,0.896,-1.498,0.739,38.573,279.088,0.835,96.669,1.954,1.846
20010122,-0.308,-0.504,2.011,0.019,0.948,13.094,305.82,0.737,95.569,8.433,3.002
20010123,2.56,2.452,0.965,2.74,0.722,23.306,314.768,1.08,94.959,3.712,3.764
20010124,5.252,4.697,0.6,6.178,0.536,28.572,314.832,1.343,94.526,3.939,4.709
20010125,3.993,3.433,0.721,4.924,1.724,52.031,290.967,1.401,94.983,2.782,2.569
20010126,2.941,2.522,0.721,3.639,1.098,41.279,285.613,1.296,94.884,0.599,3.174
20010127,1.079,0.899,0.465,1.38,0.424,21.321,290.073,1.101,94.023,6.585,4.331
20010128,1.753,1.369,0.514,2.393,1.152,52.229,284.682,1.891,94.523,0.155,3.982
20010129,0.726,0.46,0.337,1.168,0.679,34.06,300.526,1.039,95.681,0.509,1.263
20010130,0.03,-0.493,0.611,0.902,1.197,38.951,288.471,1.051,96.41,0.686,1.121
20010131,-0.496,-0.969,0.518,0.292,0.703,46.919,274.4,0.936,96.528,0.828,1.483
20010201,-1.442,-1.814,0.4,-0.872,0.641,43.222,276.253,0.843,96.634,1.756,2.748
20010202,-3.194,-3.316,0.865,-3.009,0.951,37.483,275.907,1.177,96.159,1.941,1.918
20010203,-3.716,-3.652,0.351,-3.813,0.373,27.509,293.746,0.57,95.109,6.832,2.626
20010204,0.304,-0.329,2.033,1.191,0.392,25.902,316.721,0.642,94.67,9.962,1.777
20010205,5.638,5.436,1.27,5.92,0.935,29.362,327.449,1.46,94.198,3.843,5.743
20010206,9.114,8.815,1.413,9.532,1.302,57.368,319.288,2.68,94.843,0.596,5.105
20010207,9.311,9.046,0.689,9.681,0.964,40.157,319.174,2.672,94.992,2.183,3.588
20010208,9.653,8.679,0.865,11.016,1.011,67.191,290.201,5.221,94.504,0.001,3.988
20010209,3.585,3.681,3.192,3.451,1.814,24.349,310.039,1.871,95.539,0.298,2.988
20010210,-0.581,-1.64,1.016,0.902,2.751,73.022,257.814,1.589,97.424,0.005,1.252
20010211,4.416,3.482,3.307,5.722,2.426,53.9,291.114,2.498,97.642,0.001,4.14
20010212,7.558,7.081,0.968,8.226,1.532,52.875,314.953,2.21,96.922,1.078,3.817
20010213,4.367,4.403,2.187,4.318,0.63,46.008,310.921,1.589,97.169,1.645,2.61
20010214,2.49,2.105,1.339,3.029,1.919,74.003,277.465,1.668,97.564,0.02,1.074
20010215,3.769,2.417,3.062,5.661,4.776,104.404,251.313,2.366,97.446,0.0,0.645
20010216,3.849,2.529,3.47,5.696,5.055,103.752,259.028,2.626,96.977,0.018,0.823
20010217,1.052,0.657,0.926,1.604,0.346,36.629,291.962,1.122,97.554,1.68,2.753
20010218,0.515,0.412,2.207,0.648,1.615,40.458,294.529,1.04,97.724,0.588,3.345
20010219,2.817,2.319,0.475,3.458,0.57,51.977,308.783,1.572,97.429,0.637,3.6
20010220,2.561,2.376,0.523,2.781,0.716,50.702,309.17,1.307,96.914,2.23,4.815
20010221,3.011,2.871,0.494,3.176,0.744,31.075,302.106,1.472,96.322,2.535,5.414
20010222,1.908,1.475,0.602,2.42,0.568,71.118,291.439,1.508,95.272,3.904,5.801
20010223,-1.737,-2.167,2.724,-1.23,0.337,100.418,257.166,1.018,94.501,2.636,4.095
20010224,-5.812,-6.447,1.134,-5.062,1.955,114.285,223.615,1.22,95.155,0.013,1.6
20010225,-3.516,-4.709,3.019,-2.106,2.547,91.89,245.888,1.776,95.307,0.227,2.562
20010226,-1.662,-2.391,0.744,-0.801,1.475,106.706,251.712,1.407,94.919,2.369,3.331
20010227,-1.798,-2.595,1.786,-0.857,2.759,130.931,230.029,1.88,94.52,0.0,2.932
20010228,-0.434,-1.497,1.203,0.823,2.586,114.415,252.248,2.429,94.036,0.0,1.875
20010301,-0.106,-1.027,1.341,0.983,2.154,93.898,258.678,1.808,93.85,0.597,2.411
20010302,0.364,-0.259,0.963,1.1,0.996,85.907,278.276,1.339,94.203,1.175,2.403
20010303,-0.926,-1.411,0.955,-0.352,1.363,74.442,287.121,1.021,93.936,0.25,2.471
20010304,-0.486,-0.635,0.52,-0.311,1.143,47.548,301.854,0.812,94.039,11.342,2.497
20010305,-0.992,-1.748,1.06,-0.099,0.976,80.296,283.755,1.037,95.868,1.29,2.163
20010306,-2.36,-3.572,2.331,-1.043,3.575,148.855,231.153,1.264,96.673,0.001,2.598
20010307,0.291,-0.918,3.739,1.499,3.297,93.344,283.691,1.613,95.826,2.029,2.288
20010308,4.903,3.933,2.88,5.873,2.878,94.905,310.793,1.521,94.992,0.781,1.961
20010309,7.976,7.585,0.736,8.367,1.368,66.063,319.055,2.119,94.82,0.564,3.429
20010310,8.493,8.045,0.363,8.942,1.054,77.267,328.688,2.185,94.894,2.142,3.659
20010311,9.588,8.991,0.919,10.184,1.41,70.714,337.405,2.303,95.098,3.239,3.555
20010312,9.346,8.756,2.009,9.935,0.852,43.993,339.015,1.749,94.777,10.69,3.169
20010313,4.933,4.539,0.321,5.326,0.992,98.051,294.853,1.933,94.521,3.38,4.227
20010314,3.722,2.934,0.69,4.51,1.217,127.184,280.756,2.386,94.837,0.858,4.874
20010315,2.784,1.894,1.28,3.674,2.115,44.347,296.451,1.487,95.271,2.729,1.585
20010316,5.785,4.408,1.499,7.162,1.942,64.478,326.888,1.401,95.375,1.576,2.134
20010317,2.513,2.847,1.271,2.178,0.404,15.49,324.733,0.855,94.701,6.83,3.633
20010318,5.297,4.272,2.863,6.322,2.585,84.434,321.185,1.587,94.466,5.491,2.572
20010319,2.308,3.077,3.976,1.539,1.117,93.006,300.861,1.479,94.703,4.254,6.365
20010320,-1.083,-1.699,1.133,-0.516,2.093,135.696,268.656,2.249,95.853,0.073,2.489
20010321,-1.865,-1.78,0.683,-1.942,0.566,55.222,292.225,1.08,94.931,7.401,3.609
20010322,2.369,1.866,2.758,2.832,2.58,48.317,327.986,0.755,94.25,1.554,2.001
20010323,3.698,3.986,2.172,3.434,0.974,45.612,316.909,0.871,94.911,8.685,2.577
20010324,7.216,6.182,1.651,8.168,1.235,83.919,324.424,1.457,94.539,3.057,3.359
20010325,-0.079,0.434,1.745,-0.514,0.579,23.673,317.382,0.57,94.145,14.488,3.803
20010326,-1.973,-2.042,0.345,-1.915,0.597,83.612,294.217,0.913,95.285,1.332,2.996
20010327,-2.689,-3.18,0.783,-2.272,1.114,118.082,268.026,1.246,95.912,0.021,3.392
20010328,0.421,-0.609,3.3,1.292,2.533,135.948,271.611,1.564,95.354,4.334,3.748
20010329,5.666,4.029,0.967,7.051,2.449,114.746,298.49,2.254,94.475,2.52,4.043
20010330,5.501,3.893,1.31,6.862,2.541,150.435,291.608,1.927,95.431,2.347,1.198
20010331,6.541,4.825,3.576,7.993,3.866,157.472,293.711,3.506,96.596,0.0,2.341
20010401,9.922,7.713,2.373,11.79,3.594,91.664,317.856,4.395,96.726,0.023,1.743
20010402,10.765,7.813,2.985,13.062,5.038,210.3,285.87,5.627,96.246,0.0,2.194
20010403,9.348,7.333,1.289,10.915,1.767,138.378,301.427,3.453,95.87,1.907,2.977
20010404,8.019,5.38,0.985,10.071,3.41,142.798,295.826,2.842,95.266,5.165,3.693
20010405,6.322,5.271,1.253,7.139,2.043,177.789,290.811,3.679,95.649,0.854,4.249
20010406,7.714,6.741,2.162,8.471,2.277,111.031,320.217,2.382,95.065,4.57,4.553
20010407,8.295,7.326,1.134,9.049,0.781,154.627,310.873,3.082,94.67,3.945,3.028
20010408,6.481,4.659,1.71,7.899,3.507,198.967,283.899,3.103,95.516,1.146,2.106
20010409,6.076,5.28,2.539,6.695,2.991,165.051,308.491,3.427,96.13,0.046,2.155
20010410,7.256,6.311,0.486,7.991,1.132,95.619,321.614,1.871,95.32,3.54,2.106
20010411,7.009,6.029,0.417,7.771,1.146,134.573,308.854,1.574,95.954,1.481,2.784
20010412,3.189,2.027,1.552,4.019,1.709,194.708,268.864,2.471,96.52,0.473,4.473
20010413,-0.258,-1.589,0.577,0.692,1.261,210.668,250.931,1.94,96.639,1.618,3.979
20010414,-0.033,-1.494,1.786,1.01,2.136,164.737,266.927,2.47,96.59,0.655,2.735
20010415,2.107,1.47,2.255,2.561,2.123,82.282,313.583,0.975,94.879,8.115,3.99
20010416,4.057,3.568,0.427,4.377,1.224,172.274,303.832,1.5,95.251,3.554,3.245
20010417,3.345,3.09,0.514,3.513,0.789,163.531,298.385,1.874,95.736,1.619,2.701
20010418,2.739,1.599,1.141,3.485,0.925,113.193,291.276,1.573,94.731,5.035,4.197
20010419,1.803,0.275,0.866,2.805,1.785,224.694,264.315,1.806,94.946,1.926,3.227
20010420,1.931,0.042,1.537,3.169,2.615,206.396,269.833,2.464,95.144,0.481,1.369
20010421,3.88,2.778,2.036,4.603,1.973,148.526,297.031,2.541,95.089,2.3,3.39
20010422,4.238,3.308,1.276,4.847,1.993,124.576,299.412,2.862,94.942,0.157,2.482
20010423,5.719,2.741,3.584,7.67,4.177,225.469,276.195,3.974,94.759,0.0,1.895
20010424,9.337,6.69,3.238,11.071,4.389,188.249,294.728,5.52,95.378,0.37,2.047
20010425,9.443,7.713,0.475,10.576,2.059,120.888,320.781,2.768,95.358,5.207,3.107
20010426,7.586,6.454,0.699,8.327,1.107,184.776,300.742,2.4,95.854,4.23,4.078
20010427,7.442,6.019,1.696,8.373,2.161,152.692,308.853,1.984,95.915,4.131,2.497
20010428,8.646,7.716,1.023,9.255,1.186,112.429,323.457,2.083,95.408,4.047,3.381
20010429,11.264,9.945,1.961,12.129,2.488,179.904,325.573,3.756,95.47,2.701,2.875
20010430,14.451,11.74,2.943,16.227,4.226,247.621,320.318,5.505,95.461,0.565,1.811
20010501,16.349,13.247,2.261,18.05,4.05,252.778,322.532,5.935,95.876,0.537,2.688
20010502,13.375,12.024,1.41,14.116,3.228,270.1,305.109,6.014,96.212,0.0,4.171
20010503,16.258,12.682,2.827,18.219,5.332,251.496,322.746,7.58,94.952,3.41,2.66
20010504,13.54,12.056,1.75,14.354,1.652,164.638,347.718,4.17,95.075,0.232,2.729
20010505,8.244,7.841,1.298,8.464,0.286,74.557,339.753,2.218,95.562,2.277,4.047
20010506,6.268,5.968,0.817,6.432,0.704,39.57,335.87,1.449,96.044,3.35,3.651
20010507,6.558,6.458,1.106,6.613,1.591,82.312,330.345,1.805,96.55,0.526,2.901
20010508,11.54,9.614,2.833,12.597,3.65,164.645,342.477,3.533,96.73,0.034,1.984
20010509,13.736,10.916,2.053,15.283,3.269,250.016,315.575,4.937,96.584,0.048,2.794
20010510,14.279,11.076,2.218,16.036,3.988,294.071,294.591,6.724,96.468,0.0,2.97
20010511,14.968,11.354,2.38,16.95,4.272,287.608,302.603,7.751,96.362,0.0,2.255
20010512,12.602,9.607,1.781,14.244,3.772,298.515,285.519,6.263,96.471,0.0,2.516
20010513,13.597,9.672,2.93,15.749,4.56,272.38,296.658,7.258,95.833,0.0,2.166
20010514,15.56,11.859,3.702,17.59,4.446,226.002,326.021,8.214,95.163,1.241,1.743
20010515,14.136,12.622,0.328,14.967,1.768,176.826,330.143,4.63,95.091,0.611,2.707
20010516,13.219,11.19,0.636,14.332,2.628,222.774,316.491,4.241,95.254,1.952,3.912
20010517,12.979,11.17,0.955,13.972,2.308,169.624,323.04,3.74,95.334,2.665,3.465
20010518,9.898,9.102,0.448,10.334,1.15,211.215,304.917,3.2,95.747,2.23,3.957
20010519,10.041,8.174,1.022,11.064,2.036,197.752,309.211,3.662,96.504,0.54,3.338
20010520,11.066,7.986,2.516,12.607,4.289,268.763,302.646,4.947,96.771,0.0,1.313
20010521,10.554,7.352,1.597,12.01,3.523,288.242,294.063,4.43,96.617,0.0,2.129
20010522,10.181,7.002,2.13,11.626,3.21,184.103,309.281,4.613,96.52,0.033,2.576
20010523,12.916,8.659,3.043,14.851,4.826,311.824,289.837,7.409,96.697,0.0,2.501
20010524,15.352,11.096,3.323,17.287,5.156,314.408,297.891,9.294,96.398,0.0,1.588
20010525,14.491,11.621,1.766,15.795,4.135,308.337,295.836,7.554,96.325,0.0,1.934
20010526,15.839,12.164,3.551,17.509,5.638,293.02,304.008,10.15,96.338,0.0,1.287
20010527,16.555,14.617,1.708,17.436,3.233,188.641,343.323,6.982,96.401,0.064,2.612
20010528,17.109,16.222,1.316,17.512,1.714,117.356,362.016,4.912,96.33,1.758,4.08
20010529,17.545,15.153,1.574,18.633,1.755,274.702,324.105,8.129,96.107,0.012,4.774
20010530,14.051,11.716,2.135,15.112,3.224,220.332,315.09,6.72,96.102,0.0,2.537
20010531,12.403,10.831,1.562,13.118,1.626,222.347,324.34,3.806,95.621,2.882,3.171
20010601,10.14,9.011,1.066,10.653,1.877,231.659,312.295,3.056,96.074,1.031,3.4
20010602,10.145,9.032,1.121,10.651,1.128,107.401,339.565,1.83,95.145,9.567,4.164
20010603,6.877,5.855,0.34,7.342,1.382,215.151,309.947,2.049,95.427,12.461,5.694
20010604,7.85,7.294,1.832,8.103,1.666,113.892,331.409,2.227,96.399,2.747,4.838
20010605,11.297,9.454,1.317,12.134,2.288,156.292,328.359,3.95,96.388,0.669,2.043
20010606,12.072,9.638,1.683,13.178,2.748,217.385,328.295,3.415,95.673,4.344,1.645
20010607,12.687,10.523,0.495,13.67,1.64,199.808,327.017,3.854,95.584,0.762,3.894
20010608,9.681,9.544,0.422,9.743,1.696,113.823,336.534,2.355,95.563,9.249,1.591
20010609,10.871,9.189,1.723,11.636,2.627,216.053,314.154,4.396,95.752,0.057,1.292
20010610,10.259,9.211,0.592,10.736,1.097,125.43,331.72,2.313,95.564,1.148,1.834
20010611,9.727,8.047,1.009,10.491,1.99,252.506,305.1,3.2,96.067,0.551,2.526
20010612,10.934,8.63,1.451,11.982,2.441,180.577,314.147,4.104,96.259,0.364,3.333
20010613,12.896,10.024,2.295,14.201,3.86,197.148,319.112,5.509,95.995,0.023,1.11
20010614,14.024,11.032,2.278,15.385,3.439,246.442,319.082,4.684,95.836,4.618,1.17
20010615,16.209,12.818,2.766,17.751,4.286,196.398,346.269,6.321,95.626,1.479,1.939
20010616,15.018,13.117,0.625,15.882,1.86,241.534,339.206,3.903,95.327,1.472,2.471
20010617,14.237,12.143,0.789,15.188,1.706,220.435,331.373,3.332,95.295,3.997,2.39
20010618,11.947,11.528,0.565,12.137,0.499,94.633,347.828,1.723,95.985,7.361,3.242
20010619,10.19,9.288,0.919,10.6,1.332,145.115,334.982,2.733,96.86,0.147,3.142
20010620,12.676,9.662,3.822,14.046,5.151,303.591,300.414,5.508,96.479,0.0,1.4
20010621,14.88,12.138,1.49,16.127,2.887,175.751,337.189,5.978,95.655,0.385,2.715
20010622,10.851,10.576,0.712,10.965,0.902,166.498,327.072,2.896,95.614,5.667,3.84
20010623,11.807,10.165,1.17,12.553,2.1,131.713,338.26,3.194,96.161,0.31,3.476
20010624,14.249,10.811,4.332,15.812,4.926,264.093,312.714,6.138,96.53,0.003,1.971
20010625,16.779,13.093,1.588,18.454,4.153,259.698,325.649,7.144,96.676,0.058,1.697
20010626,16.875,13.434,3.629,18.439,4.874,306.588,313.344,7.775,96.473,0.0,1.844
20010627,20.132,16.444,3.744,21.651,4.961,287.37,341.095,9.776,95.794,0.032,1.725
20010628,17.851,16.465,0.998,18.422,1.98,159.621,364.579,4.785,96.067,3.233,2.335
20010629,17.554,14.657,1.836,18.871,3.507,230.023,343.255,6.507,96.562,0.504,1.923
20010630,17.655,14.041,0.922,19.298,3.973,202.763,355.922,5.976,96.415,4.517,1.749
20010701,15.806,13.933,1.171,16.657,2.345,217.208,337.879,4.72,96.708,0.283,3.213
20010702,14.674,12.643,1.1,15.598,2.529,170.428,342.129,5.186,97.0,0.025,2.406
20010703,14.975,12.051,2.268,16.304,3.414,216.065,332.546,6.205,96.615,0.0,2.158
20010704,17.768,14.674,3.646,19.175,4.553,225.679,336.438,7.838,96.016,0.078,3.463
20010705,20.184,16.893,2.563,21.68,4.235,288.027,337.223,9.784,95.899,0.0,2.461
20010706,20.948,17.699,2.965,22.425,4.488,296.435,336.78,12.555,95.628,0.0,2.913
20010707,19.971,17.164,0.928,21.247,2.907,252.598,363.997,8.194,95.165,6.852,3.299
20010708,15.908,14.762,0.339,16.429,1.229,157.826,361.811,3.125,95.384,5.171,3.939
20010709,14.436,13.953,0.552,14.655,1.101,67.141,361.72,1.982,95.765,21.987,3.089
20010710,17.331,14.957,3.168,18.411,3.9,211.499,342.762,6.988,95.616,0.217,2.488
20010711,15.827,15.054,1.859,16.179,1.558,220.828,335.41,6.3,95.5,1.338,4.539
20010712,15.257,12.986,1.725,16.289,3.1,218.437,328.149,7.309,95.686,0.304,4.104
20010713,14.915,13.305,0.96,15.647,2.087,193.473,345.236,5.934,95.475,0.71,3.27
20010714,16.425,14.941,3.103,17.1,3.104,127.245,368.674,3.339,95.213,12.619,2.834
20010715,13.533,13.688,1.975,13.463,0.683,119.758,359.746,2.264,95.831,9.096,1.991
20010716,11.629,11.185,0.48,11.831,0.992,75.766,343.979,2.169,95.906,15.954,2.014
20010717,13.542,11.197,1.447,14.607,2.971,218.711,322.203,4.851,95.593,0.16,1.565
20010718,14.343,11.592,1.707,15.718,2.412,190.449,330.402,4.51,94.96,0.858,3.158
20010719,14.592,12.133,0.952,15.821,2.251,222.82,322.462,4.042,94.934,5.82,3.228
20010720,14.495,12.235,1.515,15.625,2.498,206.628,332.766,4.501,95.456,0.168,2.522
20010721,15.602,13.825,1.528,16.49,3.456,253.959,344.704,6.067,96.283,0.125,2.722
20010722,18.5,15.406,2.893,20.047,3.691,205.013,356.904,7.779,96.348,0.227,1.181
20010723,19.941,16.661,1.616,21.581,3.535,205.257,355.933,8.653,96.139,0.06,1.728
20010724,19.75,15.888,2.485,21.682,4.301,254.542,344.39,7.974,96.006,1.879,1.241
20010725,19.733,16.185,1.409,21.508,3.688,251.268,340.913,8.1,96.19,0.161,1.865
20010726,19.681,15.948,2.912,21.548,4.69,284.07,328.209,9.519,96.2,0.0,1.145
20010727,20.43,16.308,2.471,22.49,4.852,281.481,335.532,10.607,96.169,0.0,1.342
20010728,21.269,16.944,2.969,23.432,5.043,270.296,344.765,11.726,96.271,0.025,1.445
20010729,19.715,17.394,1.248,20.876,2.717,226.395,351.663,7.553,96.51,0.684,2.326
20010730,20.326,16.237,3.307,22.37,5.102,263.653,345.915,10.761,96.657,0.0,2.04
20010731,21.383,17.78,1.952,23.184,4.116,196.279,365.249,9.429,96.431,0.499,2.95
20010801,17.467,15.576,1.786,18.413,2.289,164.352,350.515,7.175,96.681,0.032,1.918
20010802,17.99,15.402,4.067,19.408,4.617,272.326,327.791,8.438,96.105,0.0,3.286
20010803,20.048,17.746,1.334,21.31,1.751,150.432,367.499,7.171,95.536,2.172,3.599
20010804,15.302,13.388,0.726,16.352,2.206,137.852,340.52,2.766,96.007,7.805,2.32
20010805,14.69,12.342,0.568,15.977,2.138,199.047,330.718,4.452,96.083,5.302,3.483
20010806,14.203,12.96,2.62,14.885,2.041,81.698,347.24,2.338,95.913,5.87,3.087
20010807,16.463,15.492,0.506,16.996,1.166,172.445,352.398,3.962,95.482,0.886,4.354
20010808,16.849,15.172,0.807,17.769,1.724,176.238,345.808,5.692,95.213,3.407,4.869
20010809,15.598,13.726,0.738,16.721,1.888,181.963,334.364,4.926,95.774,0.91,3.512
20010810,13.686,12.207,1.231,14.573,1.079,193.458,326.084,4.388,96.286,0.981,3.46
20010811,12.723,10.234,1.881,14.216,3.069,202.989,314.542,5.247,96.89,0.359,2.694
20010812,15.693,12.878,3.877,17.382,3.987,230.411,330.721,7.618,96.452,0.006,3.212
20010813,17.76,16.781,1.169,18.347,2.568,82.761,375.115,6.0,95.885,3.672,3.494
20010814,21.398,17.651,3.328,23.647,4.913,252.415,357.362,9.446,96.119,0.006,1.419
20010815,24.202,20.373,3.863,26.5,5.242,256.079,358.312,14.929,96.075,0.0,1.59
20010816,23.068,20.295,1.457,24.732,3.516,232.083,362.888,12.806,95.948,0.124,2.641
20010817,18.922,17.6,1.08,19.715,2.459,156.45,366.024,7.769,96.322,0.042,1.561
20010818,18.362,16.649,1.705,19.39,2.288,123.221,362.776,5.085,95.963,0.112,3.196
20010819,19.981,17.855,0.917,21.374,2.747,219.046,359.076,7.06,95.563,0.229,2.589
20010820,16.543,16.345,0.987,16.672,0.811,68.224,363.305,3.467,95.894,5.491,1.311
20010821,17.051,15.095,1.408,18.333,2.774,175.051,349.48,4.079,96.428,0.598,1.484
20010822,18.417,16.119,1.965,19.922,3.643,170.498,355.488,6.37,96.675,0.257,1.592
20010823,20.026,17.508,3.009,21.675,4.148,192.69,366.705,7.258,96.521,0.638,2.113
20010824,22.111,19.488,2.875,23.83,4.506,202.578,358.842,11.202,96.266,0.036,1.171
20010825,22.796,19.846,1.821,24.729,4.436,188.531,364.253,12.147,96.266,0.013,0.838
20010826,23.815,20.692,3.697,25.862,5.132,224.35,358.43,15.298,96.185,0.001,1.211
20010827,16.581,15.325,3.134,17.404,1.353,121.173,345.967,5.835,95.946,0.702,2.919
20010828,12.608,10.469,1.957,14.01,3.366,179.838,306.18,5.61,96.172,0.0,3.738
20010829,13.221,10.622,2.17,15.078,3.594,181.716,315.707,5.791,95.984,0.0,2.501
20010830,15.505,12.867,4.432,17.388,4.918,215.031,316.407,8.377,95.481,0.006,2.167
20010831,15.673,14.668,0.877,16.391,2.307,119.98,356.249,5.713,95.327,2.764,1.938
20010901,14.359,13.314,0.805,15.105,1.631,128.623,343.839,4.052,95.663,0.443,2.79
20010902,14.12,13.195,2.084,14.839,2.711,100.466,347.981,5.238,95.912,0.658,2.946
20010903,14.859,13.917,0.595,15.59,1.308,60.419,369.616,2.452,95.607,9.626,3.575
20010904,12.347,11.568,0.761,12.952,1.015,118.763,339.634,2.33,95.202,6.967,2.877
20010905,11.634,10.898,0.618,12.206,1.235,108.394,340.019,1.757,95.677,4.063,3.039
20010906,11.151,10.486,0.749,11.668,1.624,82.962,341.378,2.391,95.825,1.86,3.187
20010907,11.091,10.712,0.482,11.386,0.687,54.006,351.452,1.313,95.605,9.08,3.825
20010908,10.861,9.427,1.857,11.976,1.31,141.708,323.668,2.52,94.725,8.36,6.073
20010909,8.604,8.122,1.25,8.979,1.485,82.853,320.908,2.288,94.713,2.76,6.42
20010910,9.71,9.489,0.559,9.881,0.808,15.143,348.056,1.751,94.912,7.689,6.17
20010911,9.761,9.174,0.421,10.218,1.072,101.536,332.471,2.685,95.485,5.346,5.364
20010912,10.98,10.26,0.722,11.54,1.29,108.54,337.973,2.398,95.586,1.801,3.953
20010913,11.431,10.798,0.794,11.923,0.37,39.564,345.105,1.785,94.975,5.126,4.573
20010914,9.814,9.087,0.395,10.379,0.912,91.766,333.283,1.425,94.897,10.062,2.561
20010915,10.236,9.225,0.318,11.091,1.039,75.516,333.787,2.015,95.426,1.85,3.689
20010916,8.322,7.951,0.409,8.636,0.817,66.166,321.097,1.678,95.331,4.83,1.915
20010917,8.808,7.509,0.986,10.003,1.562,91.362,317.093,2.359,95.514,0.42,1.67
20010918,7.888,6.562,2.875,9.108,2.799,104.892,309.95,2.234,95.598,0.307,2.346
20010919,10.995,9.347,1.274,12.512,3.019,165.379,306.445,4.145,95.493,1.596,3.86
20010920,10.952,10.257,0.594,11.592,0.895,83.986,336.165,1.892,95.277,8.189,4.426
20010921,10.307,9.968,0.46,10.62,0.626,71.041,333.294,1.795,95.493,2.106,4.073
20010922,9.82,8.91,0.787,10.657,1.949,95.096,325.988,2.789,95.668,0.563,3.369
20010923,9.537,7.841,1.478,11.098,3.206,142.44,303.007,3.028,95.422,0.002,2.093
20010924,9.459,8.243,0.741,10.579,1.317,71.702,324.157,1.677,95.526,2.558,2.977
20010925,9.814,8.399,1.097,11.115,2.261,101.694,315.64,2.328,96.038,0.132,0.766
20010926,9.854,8.191,1.229,11.384,2.691,139.973,306.378,2.314,96.334,0.584,1.476
20010927,11.268,10.26,2.6,12.196,2.322,43.821,343.278,1.545,95.953,5.541,3.461
20010928,12.762,11.76,0.792,13.684,1.773,74.795,342.845,2.198,95.944,0.217,2.955
20010929,12.752,11.408,2.684,14.097,4.049,145.176,325.911,2.918,95.862,1.836,1.842
20010930,13.47,12.298,1.003,14.643,1.455,64.057,343.417,2.137,95.74,2.556,1.946
20011001,13.34,12.666,1.887,14.014,1.404,34.268,345.56,1.87,95.356,2.232,4.784
20011002,17.17,16.497,2.918,17.842,3.2,85.144,345.635,4.252,95.376,1.273,4.882
20011003,15.024,14.512,2.099,15.535,0.649,62.068,353.473,2.078,95.519,2.172,2.834
20011004,11.994,10.704,1.494,13.284,1.619,102.268,322.936,2.98,95.875,0.389,2.76
20011005,9.883,8.153,2.036,11.612,3.17,98.101,310.879,2.182,95.779,0.0,1.714
20011006,11.293,9.236,2.472,13.528,3.545,93.164,322.644,2.111,95.564,0.068,2.184
20011007,12.884,11.97,0.623,13.877,0.882,40.024,331.525,1.567,95.326,6.539,2.261
20011008,11.71,10.422,1.07,13.109,1.715,84.749,318.066,2.239,95.384,1.138,3.697
20011009,11.491,10.163,1.255,12.935,2.063,112.943,298.409,3.429,95.88,0.0,4.335
20011010,11.807,10.744,1.317,12.962,2.357,100.878,305.908,3.433,96.645,0.001,4.186
20011011,12.459,11.691,1.108,13.293,1.687,52.544,337.184,3.121,97.101,0.003,3.652
20011012,11.86,9.879,1.643,14.201,3.947,128.49,302.593,3.506,97.107,0.0,1.811
20011013,12.877,10.688,3.356,15.464,5.094,120.856,312.345,3.944,96.781,0.0,1.833
20011014,14.137,12.103,2.153,16.542,4.414,118.619,318.674,4.515,96.393,0.0,1.854
20011015,13.052,11.437,1.696,14.96,3.554,94.72,320.519,2.08,96.193,0.001,1.399
20011016,12.682,11.065,1.455,14.594,2.084,95.053,323.786,2.259,96.903,0.011,1.992
20011017,10.914,9.483,1.482,12.604,2.678,76.565,321.419,1.578,96.76,0.069,2.738
20011018,9.443,8.365,0.889,10.717,2.271,104.459,306.392,1.493,96.096,0.008,1.832
20011019,9.177,7.981,1.471,10.59,2.914,108.637,301.358,1.458,96.02,0.0,1.766
20011020,8.731,7.323,1.593,10.396,3.585,109.92,290.291,1.915,95.544,0.0,2.29
20011021,8.428,8.013,2.778,8.918,2.52,44.737,326.311,1.151,94.988,2.08,2.035
20011022,11.168,10.249,0.608,12.253,1.319,62.115,333.426,2.191,95.615,1.147,2.68
20011023,9.134,8.349,1.429,10.062,2.41,84.889,319.118,1.482,96.203,0.095,1.662
20011024,9.46,8.788,0.586,10.324,1.448,27.967,337.208,1.056,96.47,6.745,1.444
20011025,9.922,9.305,0.466,10.717,1.053,50.325,326.397,1.23,96.607,1.86,2.022
20011026,8.622,7.486,0.835,10.213,1.687,63.794,309.888,1.44,96.523,0.009,2.434
20011027,9.582,8.736,1.136,10.766,1.129,30.829,317.245,1.344,96.203,1.068,3.609
20011028,9.236,8.648,0.441,10.058,0.653,21.544,319.287,1.26,96.62,2.134,2.594
20011029,8.915,8.638,1.107,9.304,1.107,34.902,328.603,2.004,96.571,0.16,4.103
20011030,12.471,11.735,1.909,13.501,2.066,83.844,311.062,3.71,96.245,0.005,5.659
20011031,11.052,9.976,3.133,12.557,1.766,49.425,307.478,3.738,95.927,3.08,5.826
20011101,6.544,6.2,0.358,7.026,0.928,63.815,296.802,2.274,97.298,0.407,5.125
20011102,7.615,7.003,0.809,8.472,1.461,53.071,323.301,1.992,98.032,0.092,2.423
20011103,6.351,5.604,0.974,7.396,1.817,57.738,308.795,1.742,97.485,0.035,1.753
20011104,5.367,4.817,1.676,6.137,2.105,66.109,300.987,1.547,96.488,0.041,2.046
20011105,4.818,3.62,2.665,6.496,0.818,60.101,287.247,2.304,96.366,0.491,3.356
20011106,4.216,3.936,2.613,4.607,0.829,21.896,311.665,1.492,95.554,0.96,5.034
20011107,6.456,6.101,0.207,6.952,0.432,28.686,321.636,1.548,94.929,8.953,4.192
20011108,4.8,4.088,2.637,5.795,0.596,13.648,315.804,1.166,93.527,20.905,4.408
20011109,-0.33,-0.787,0.992,0.31,0.573,48.535,262.145,1.119,95.397,0.79,3.551
20011110,-2.102,-3.41,1.175,-0.107,2.589,77.123,231.067,1.277,97.141,0.0,1.398
20011111,-0.529,-1.497,2.565,0.949,2.459,54.066,277.457,1.453,96.673,0.012,1.629
20011112,3.941,3.658,1.897,4.371,1.681,28.764,328.574,1.092,95.69,0.744,2.068
20011113,1.208,0.997,2.812,1.56,0.934,59.738,275.481,1.255,95.716,1.866,2.331
20011114,-0.274,-0.95,0.989,0.852,0.81,37.747,282.679,0.728,96.776,1.975,1.683
20011115,-0.931,-1.199,1.294,-0.484,2.311,64.837,256.612,1.095,97.85,0.022,1.611
20011116,3.239,2.625,1.563,4.262,1.481,20.765,320.541,1.013,97.797,0.111,2.249
20011117,3.277,3.121,0.52,3.537,0.837,21.043,320.33,0.961,97.618,0.058,0.633
20011118,2.975,2.618,0.316,3.571,0.606,20.144,319.573,0.87,96.697,0.203,0.618
20011119,4.109,3.895,0.903,4.465,0.647,19.445,324.771,0.682,96.512,0.645,1.888
20011120,4.273,4.113,0.52,4.54,1.26,27.493,312.329,1.338,97.009,0.099,2.031
20011121,5.48,5.204,0.432,5.939,0.93,26.371,312.01,2.009,96.913,0.161,4.303
20011122,3.362,2.756,2.069,4.373,0.24,7.459,312.67,1.361,95.451,9.253,6.228
20011123,0.293,0.174,0.531,0.49,0.964,40.605,272.15,1.138,95.902,0.404,4.27
20011124,1.569,1.239,0.3,2.118,0.365,11.827,309.465,0.821,96.256,2.003,2.774
20011125,2.988,2.973,1.257,3.014,0.816,3.963,327.695,0.632,96.001,3.547,1.155
20011126,5.38,5.0,0.662,6.014,0.254,7.607,333.266,0.742,95.399,4.792,2.013
20011127,3.254,3.221,0.534,3.31,0.304,21.132,314.48,0.778,95.397,0.814,1.541
20011128,2.98,2.603,0.498,3.668,1.035,30.017,298.902,1.224,95.644,2.353,3.773
20011129,3.57,3.468,0.425,3.755,0.627,20.757,321.593,0.955,96.077,5.875,3.843
20011130,4.877,4.731,0.536,5.144,0.659,11.297,332.473,0.974,95.818,0.422,2.447
20011201,5.121,4.96,0.276,5.414,0.291,5.022,338.568,0.808,96.207,4.806,2.822
20011202,5.382,5.11,0.383,5.878,0.404,4.844,342.669,0.545,96.736,2.943,1.098
20011203,1.913,1.913,1.487,1.911,0.665,38.821,284.187,0.65,96.732,0.454,1.74
20011204,2.906,2.808,2.834,3.086,1.167,11.618,322.058,0.821,95.919,4.373,3.347
20011205,5.167,5.137,0.35,5.221,0.496,26.9,313.841,1.417,96.118,3.95,3.925
20011206,4.769,4.837,2.06,4.646,0.854,7.733,325.632,1.153,96.322,5.445,4.581
20011207,0.447,0.329,0.89,0.661,0.998,18.884,292.593,0.961,97.922,0.131,1.494
20011208,0.115,-0.307,0.825,0.883,0.416,18.576,301.751,0.953,98.304,0.228,2.261
20011209,-3.172,-3.404,0.718,-2.75,1.008,37.875,252.689,0.756,98.325,0.001,2.327
20011210,-2.014,-2.329,2.083,-1.44,1.371,14.729,282.69,1.014,98.114,0.249,0.939
20011211,0.73,0.527,0.412,1.1,0.522,9.546,317.0,0.64,97.613,0.39,1.624
20011212,1.146,0.985,0.356,1.439,0.408,10.185,314.683,0.679,97.141,1.493,2.541
20011213,-4.612,-4.997,4.494,-3.911,1.436,30.965,242.2,1.116,97.465,0.486,4.454
20011214,-9.879,-10.335,1.344,-9.047,2.103,45.459,210.492,0.79,98.147,0.0,2.584
20011215,-4.916,-5.298,3.171,-4.22,1.229,13.453,282.232,0.826,97.764,0.712,1.19
20011216,-1.727,-2.036,0.533,-1.163,0.436,18.542,279.128,1.116,97.721,0.338,2.502
20011217,-1.467,-1.669,0.626,-1.099,0.248,13.01,302.214,0.733,97.465,0.894,2.069
20011218,-0.97,-0.922,0.385,-1.056,0.19,18.477,304.196,0.748,97.503,0.549,2.368
20011219,1.324,1.204,0.452,1.545,0.359,13.68,314.195,0.832,96.592,2.761,4.587
20011220,-3.387,-3.213,3.077,-3.704,0.739,34.512,245.805,1.191,96.412,2.271,3.813
20011221,-2.13,-2.439,2.449,-1.567,0.919,13.134,288.057,1.033,95.015,11.612,6.479
20011222,-1.084,-1.103,0.771,-1.05,0.397,23.091,280.7,0.714,94.503,5.29,3.233
20011223,-7.53,-7.525,3.088,-7.54,0.414,46.522,225.538,0.663,95.725,0.535,2.723
20011224,-6.624,-6.794,3.441,-6.314,0.751,21.175,271.058,0.795,95.138,2.336,6.495
20011225,0.811,0.617,0.653,1.164,0.142,13.079,303.905,0.904,93.754,10.013,6.322
20011226,0.098,0.036,0.505,0.21,0.4,36.691,274.413,1.07,94.246,1.231,4.197
20011227,-1.223,-1.091,0.464,-1.465,0.246,28.686,284.099,1.14,94.944,3.365,5.353
20011228,2.07,1.532,0.943,3.051,0.461,13.282,304.728,1.398,94.074,7.142,6.521
20011229,0.608,0.627,1.169,0.573,0.22,17.19,291.245,1.357,93.987,5.974,3.437
20011230,-1.694,-1.872,0.855,-1.368,0.187,25.947,278.856,0.966,94.576,5.567,4.662
20011231,-6.404,-6.754,1.849,-5.765,2.015,37.432,242.174,0.629,96.472,0.941,3.096
20020101,-2.09,-2.838,1.855,-0.725,0.718,23.99,282.047,0.931,97.471,0.177,4.451
20020102,-1.82,-2.409,1.481,-0.745,0.438,13.275,287.348,0.819,97.367,0.853,4.362
20020103,-8.098,-8.773,1.5,-6.867,0.949,47.9,218.805,0.643,97.918,0.022,3.209
20020104,-11.725,-12.349,3.354,-10.588,4.563,51.939,204.03,0.891,97.847,0.0,1.672
20020105,-13.667,-14.993,2.545,-11.248,4.551,52.865,206.453,0.609,97.903,0.0,2.093
20020106,-8.646,-9.352,8.121,-7.359,4.707,28.593,272.577,0.583,97.559,0.458,2.32
20020107,-0.264,-0.372,0.212,-0.068,0.182,17.555,314.561,0.607,97.405,0.958,1.498
20020108,-1.124,-1.23,0.795,-0.93,0.181,22.92,301.385,0.554,97.623,0.047,1.093
20020109,-3.495,-3.748,1.367,-3.032,0.765,43.466,261.53,0.54,97.89,0.02,1.805
20020110,-5.612,-5.962,0.582,-4.975,0.536,32.493,275.545,0.354,97.772,0.023,1.366
20020111,-4.281,-4.516,2.358,-3.851,1.607,40.971,276.842,0.611,97.375,0.298,2.977
20020112,-0.865,-0.835,0.761,-0.919,0.56,19.125,304.287,0.725,97.4,0.58,2.354
20020113,-0.651,-1.046,0.645,0.07,1.521,37.741,277.865,0.818,97.301,0.014,1.475
20020114,-2.584,-3.009,0.654,-1.877,0.54,51.547,232.995,0.91,97.077,0.002,2.045
20020115,-4.517,-4.955,0.317,-3.787,0.951,52.978,232.763,0.916,96.41,0.014,2.618
20020116,-4.193,-4.374,1.857,-3.892,1.4,32.514,272.891,0.786,96.348,0.136,1.765
20020117,-1.805,-2.095,0.576,-1.321,0.795,42.365,280.597,0.96,96.603,0.02,2.693
20020118,-0.732,-0.842,0.412,-0.549,0.358,13.971,293.756,1.053,96.339,0.816,3.34
20020119,1.612,1.359,1.419,2.033,0.59,16.599,316.163,0.994,95.843,0.919,4.418
20020120,3.53,3.463,1.067,3.643,0.703,15.215,316.866,1.144,95.843,4.093,5.376
20020121,7.023,6.46,0.823,7.961,0.469,7.992,339.52,1.244,95.481,0.905,5.345
20020122,5.158,5.065,0.672,5.311,1.115,51.208,302.821,1.758,95.197,0.545,5.07
20020123,5.446,5.363,0.578,5.584,0.923,42.824,299.514,2.27,94.969,0.152,4.843
20020124,7.165,6.623,0.819,8.069,0.691,29.935,308.628,2.107,94.211,1.317,6.435
20020125,2.778,2.756,1.005,2.816,0.876,43.626,280.755,1.917,95.829,1.077,4.279
20020126,7.234,6.567,2.045,8.345,0.833,36.365,321.594,2.462,95.314,5.726,7.209
20020127,7.76,7.479,0.796,8.228,0.174,29.082,325.441,2.18,94.835,14.472,5.723
20020128,9.778,9.364,0.997,10.468,0.626,15.114,328.063,2.792,95.772,4.726,7.11
20020129,8.185,7.941,0.685,8.591,1.52,67.299,287.94,4.034,96.455,0.019,5.86
20020130,9.077,8.614,0.565,9.85,1.425,47.162,313.919,2.87,96.3,0.174,4.006
20020131,7.34,6.435,1.804,8.848,0.529,56.349,281.578,3.711,95.874,0.237,4.769
20020201,7.058,6.553,2.005,7.828,1.112,24.876,319.142,2.305,96.326,0.12,4.944
20020202,9.993,9.047,1.256,11.437,2.696,75.283,279.154,4.458,96.761,0.0,4.127
20020203,8.912,7.36,1.516,11.085,3.397,79.343,266.267,5.132,96.274,0.0,2.817
20020204,7.654,7.568,0.99,7.774,0.766,60.454,282.918,4.554,96.116,0.001,5.355
20020205,9.192,8.511,1.128,10.146,1.053,27.078,331.422,3.393,95.151,1.518,5.457
20020206,6.694,6.174,1.727,7.422,0.708,56.12,300.99,2.214,94.76,0.303,3.3
20020207,4.456,4.091,1.015,4.967,1.019,53.72,300.772,2.138,95.994,0.272,3.341
20020208,5.132,4.767,1.498,5.643,1.188,22.169,326.02,1.493,96.067,2.791,5.507
20020209,8.086,7.318,0.956,9.161,0.326,15.997,342.155,1.681,95.235,5.574,6.057
20020210,4.907,4.9,0.28,4.917,0.584,39.414,304.528,1.661,95.048,3.584,5.162
20020211,7.575,7.234,1.591,8.053,0.716,20.68,336.78,1.892,95.063,3.88,7.097
20020212,9.864,9.368,0.668,10.56,0.752,47.072,328.194,3.02,95.179,3.645,6.592
20020213,5.303,4.748,1.229,6.079,0.32,45.339,309.541,1.374,95.798,5.184,2.74
20020214,0.133,0.009,1.388,0.307,0.878,57.474,270.722,1.615,96.805,0.042,4.379
20020215,-0.622,-1.75,2.056,0.959,3.098,104.83,228.179,2.19,97.24,0.0,3.85
20020216,0.426,-0.95,2.25,2.352,3.628,108.092,233.231,2.496,97.091,0.0,3.346
20020217,0.701,-0.938,2.184,2.995,3.464,94.942,254.261,2.132,96.36,0.0,1.825
20020218,1.371,0.656,1.325,2.29,1.042,53.663,290.682,1.549,95.974,0.588,3.402
20020219,1.412,0.996,0.251,1.947,0.648,49.579,279.876,1.288,95.677,4.067,5.452
20020220,3.451,2.853,1.127,4.159,0.857,21.412,318.144,1.091,93.918,16.579,5.91
20020221,-1.062,-1.294,2.502,-0.787,0.734,88.712,258.375,1.747,95.156,1.462,4.116
20020222,-0.026,0.133,2.847,-0.214,1.115,33.059,298.964,1.549,94.743,6.591,6.471
20020223,1.261,1.165,1.636,1.375,0.783,75.993,281.824,1.363,93.991,6.367,5.86
20020224,0.394,0.139,0.243,0.696,0.714,78.999,275.741,1.49,94.826,1.998,4.784
20020225,1.688,2.049,2.688,1.261,0.874,36.89,316.589,0.782,94.737,8.507,2.602
20020226,7.959,7.467,0.632,8.542,0.75,23.165,324.394,2.261,94.002,9.614,7.39
20020227,5.299,5.155,1.364,5.47,0.959,102.955,285.334,2.904,94.209,9.27,5.736
20020228,3.776,3.289,0.736,4.352,1.327,102.315,279.845,2.348,94.508,2.246,5.34
20020301,3.173,2.044,1.025,4.508,1.308,101.188,275.001,1.963,95.176,2.906,4.121
20020302,-1.033,-1.762,1.235,-0.171,2.453,109.535,245.11,1.774,95.657,0.005,1.475
20020303,1.204,0.618,1.38,1.896,1.615,51.489,286.456,2.135,95.953,0.338,3.468
20020304,3.57,2.924,1.05,4.334,1.312,39.758,312.371,1.866,96.215,0.034,2.404
20020305,4.258,3.132,1.9,5.588,3.059,114.21,279.861,2.157,95.642,0.001,0.891
20020306,3.623,2.689,3.008,4.638,2.367,86.521,292.075,1.782,95.024,0.71,4.066
20020307,6.606,5.74,0.867,7.472,0.512,64.523,310.246,2.481,95.207,3.793,7.04
20020308,4.859,3.345,1.206,6.373,3.213,132.081,265.506,3.135,96.647,0.0,3.311
20020309,5.664,4.855,2.05,6.473,1.893,60.375,300.047,2.928,95.582,0.31,3.821
20020310,5.322,4.526,0.923,6.118,2.409,137.004,260.269,4.228,95.898,0.0,5.184
20020311,7.263,5.107,2.621,9.419,4.336,147.911,263.557,4.914,96.04,0.0,2.909
20020312,8.49,6.473,2.698,10.506,3.506,104.466,309.036,3.849,95.919,0.0,1.528
20020313,7.441,5.449,1.865,9.434,1.373,85.932,320.739,2.688,95.701,2.795,2.26
20020314,0.696,0.628,0.3,0.764,0.242,68.273,307.627,0.788,95.853,11.11,4.315
20020315,-0.151,0.013,0.264,-0.315,0.525,96.731,297.713,0.631,95.976,1.813,3.958
20020316,2.551,1.524,1.635,3.579,2.64,146.935,278.344,1.008,96.116,0.0,2.137
20020317,6.429,4.517,3.712,8.34,4.977,137.972,292.329,2.505,95.703,0.001,1.844
20020318,10.028,8.293,3.189,11.762,4.106,158.544,298.355,4.315,95.095,3.345,3.503
20020319,7.536,7.436,1.143,7.635,0.735,119.305,304.165,2.568,94.508,6.109,5.301
20020320,7.538,6.733,1.037,8.278,2.139,86.591,317.599,1.939,95.329,6.144,3.722
20020321,7.764,7.428,1.527,8.072,2.704,68.704,322.004,2.256,95.729,7.603,3.63
20020322,4.307,4.588,2.1,4.048,0.878,83.892,304.574,1.919,96.114,4.868,4.122
20020323,1.665,1.352,0.435,1.954,0.927,114.736,282.467,1.562,96.942,1.987,3.737
20020324,0.861,0.305,0.68,1.373,0.87,90.194,281.993,1.886,97.433,0.672,2.561
20020325,-0.446,-1.16,0.563,0.158,0.997,89.022,278.559,1.915,97.329,0.29,1.77
20020326,-0.009,-1.208,0.885,1.006,1.662,102.988,279.853,2.301,97.124,0.02,1.47
20020327,-0.593,-2.401,1.192,0.937,2.41,162.618,255.896,2.027,97.383,0.005,1.924
20020328,1.812,-0.887,3.992,4.096,4.709,208.735,238.562,2.782,97.353,0.0,2.359
20020329,5.619,2.403,3.698,8.34,5.571,206.671,253.373,4.362,96.898,0.0,2.427
20020330,7.577,4.48,2.256,10.199,4.833,207.588,269.878,5.011,96.54,0.0,1.305
20020331,8.586,6.389,1.518,10.444,4.454,197.181,280.549,5.262,96.247,0.089,1.185
20020401,8.962,6.135,1.869,11.355,4.408,190.826,279.276,5.332,96.146,0.129,1.342
20020402,9.359,6.502,3.647,11.582,5.167,205.573,277.056,5.763,96.241,0.0,3.035
20020403,9.603,7.523,1.73,11.221,3.547,220.953,266.459,5.951,95.832,0.0,5.265
20020404,6.222,4.447,1.722,7.603,4.071,220.905,250.641,4.882,95.538,0.0,4.179
20020405,3.571,1.57,1.094,5.127,2.864,218.486,247.762,3.938,95.553,0.0,4.291
20020406,0.03,-1.218,2.082,1.001,2.864,153.259,264.774,2.369,96.177,0.004,2.791
20020407,2.229,-0.603,3.019,4.431,4.308,231.289,241.402,3.471,96.466,0.0,1.908
20020408,2.393,-0.053,2.408,4.295,3.937,211.311,250.668,3.601,96.484,0.0,2.642
20020409,3.43,0.987,2.57,5.331,4.107,215.152,251.614,4.181,96.316,0.0,2.759
20020410,3.816,2.725,2.028,4.666,2.478,164.133,275.231,3.401,96.072,0.024,4.317
20020411,5.118,3.845,1.35,6.109,2.431,149.237,284.487,2.876,95.325,0.103,3.4
20020412,5.188,3.831,4.096,6.157,3.652,149.177,307.308,1.928,94.519,0.325,2.712
20020413,5.791,6.079,1.121,5.584,0.247,21.512,337.269,1.133,94.494,6.112,2.808
20020414,4.167,4.235,0.253,4.118,0.239,43.004,324.2,0.826,95.034,5.687,2.941
20020415,4.887,4.248,0.806,5.345,1.302,77.825,319.206,1.261,95.473,6.207,3.158
20020416,5.148,4.782,0.756,5.388,1.448,80.422,318.178,1.508,95.645,3.281,2.157
20020417,5.488,4.347,0.93,6.236,1.653,166.426,308.798,1.418,95.833,4.875,1.197
20020418,7.826,5.806,2.457,9.15,3.125,194.172,288.713,3.249,96.097,0.31,1.718
20020419,7.471,6.558,1.011,8.068,1.919,193.486,298.514,2.401,96.334,3.532,1.523
20020420,7.22,5.381,1.368,8.426,2.697,155.863,300.672,2.588,97.053,0.052,1.91
20020421,8.823,6.142,1.356,10.579,3.212,170.31,311.347,3.42,97.746,0.104,1.55
20020422,10.498,7.674,3.38,12.349,4.832,249.644,286.365,5.19,97.476,0.0,0.89
20020423,10.886,8.531,3.046,12.428,2.919,169.638,313.144,3.846,97.03,0.478,2.878
20020424,9.499,9.742,0.611,9.339,0.719,18.545,347.536,1.039,96.84,5.892,1.79
20020425,12.307,10.121,1.277,13.739,2.753,139.923,337.543,3.282,96.318,0.599,1.539
20020426,9.64,8.14,1.146,10.624,2.003,114.179,330.869,2.313,95.203,3.877,3.415
20020427,5.791,5.221,2.002,6.165,1.214,226.226,290.623,2.171,95.065,5.208,5.384
20020428,7.47,6.352,2.258,8.203,1.745,120.868,308.514,2.321,94.898,3.445,4.373
20020429,8.529,8.02,0.769,8.862,1.394,186.635,301.471,3.2,94.805,4.754,5.598
20020430,9.318,8.158,2.47,10.078,2.785,142.326,307.137,4.247,95.428,0.668,4.383
20020501,11.182,9.913,1.037,11.877,1.156,160.428,323.026,4.388,95.179,2.115,3.835
20020502,9.684,8.829,1.804,10.153,2.134,102.902,330.59,2.121,95.362,5.272,1.157
20020503,8.333,8.04,0.793,8.493,0.216,49.059,343.057,1.112,95.503,12.22,2.792
20020504,7.824,7.427,0.367,8.042,0.386,21.58,347.247,0.773,95.445,14.621,2.694
20020505,8.65,7.314,0.545,9.383,1.359,120.264,337.6,1.905,95.717,0.559,2.005
20020506,6.542,5.954,0.428,6.865,0.545,50.018,335.012,1.214,96.518,4.677,1.427
20020507,9.275,7.189,3.349,10.419,4.716,179.753,323.494,2.233,96.596,0.129,2.136
20020508,13.914,12.438,1.87,14.723,3.342,211.203,341.076,3.785,95.9,0.075,3.361
20020509,15.939,13.422,3.237,17.319,4.432,277.06,318.7,6.531,95.317,0.001,2.532
20020510,15.317,13.212,0.965,16.471,2.376,207.921,338.043,4.039,95.189,8.04,1.234
20020511,13.166,12.379,0.439,13.598,0.947,103.383,351.252,1.931,95.237,6.233,1.519
20020512,12.1,10.575,1.045,12.937,1.659,167.184,331.304,1.802,95.696,5.042,1.436
20020513,13.411,11.342,2.34,14.545,3.437,170.784,337.304,3.417,96.05,0.575,1.804
20020514,12.813,10.929,0.581,13.845,1.056,194.039,318.079,4.615,96.046,0.419,3.994
20020515,12.52,10.898,2.017,13.41,2.537,161.586,321.712,4.712,96.817,0.107,2.965
20020516,15.673,12.068,3.439,17.65,5.212,295.448,311.544,7.146,96.546,0.0,1.804
20020517,16.416,12.99,1.332,18.294,3.874,266.212,320.696,6.193,95.785,0.06,1.423
20020518,15.107,12.993,2.314,16.266,3.507,206.309,346.08,4.368,95.829,5.978,2.543
20020519,12.883,12.427,0.979,13.133,2.04,120.959,343.522,3.449,96.311,7.974,2.243
20020520,14.253,12.311,1.301,15.224,2.563,194.959,331.097,5.248,96.156,0.42,1.706
20020521,14.717,11.562,2.438,16.15,4.062,221.204,317.808,5.247,95.467,0.18,2.434
20020522,17.555,12.995,2.904,19.627,4.933,282.093,326.719,7.965,94.945,0.053,2.414
20020523,13.538,12.934,1.736,13.813,1.141,127.117,359.223,2.189,95.106,10.01,2.409
20020524,13.873,12.393,1.707,14.545,2.345,194.203,343.215,4.348,95.419,2.242,2.978
20020525,12.11,11.029,2.256,12.601,1.091,142.919,335.427,3.376,95.664,2.764,2.655
20020526,10.969,8.03,1.739,12.305,3.404,227.188,304.733,3.67,95.543,0.462,1.739
20020527,10.76,8.502,1.923,11.787,2.571,154.556,325.99,2.482,95.294,4.205,1.352
20020528,11.635,10.222,0.457,12.277,1.504,140.818,339.914,2.141,95.361,2.196,1.876
20020529,11.711,9.069,1.467,12.911,2.996,203.588,315.686,3.761,95.905,0.733,2.572
20020530,12.092,9.393,3.348,13.319,3.713,223.324,306.731,5.6,96.649,0.044,1.963
20020531,13.027,10.148,1.069,14.336,3.116,234.547,308.675,5.717,96.741,0.809,2.426
20020601,10.936,7.501,1.77,12.497,3.843,300.243,286.629,4.842,96.876,0.0,1.779
20020602,12.867,9.299,3.049,14.489,4.325,316.096,287.908,6.31,96.644,0.0,2.049
20020603,15.115,11.436,2.861,16.788,4.231,301.489,304.381,7.367,95.868,0.0,2.505
20020604,17.468,14.102,3.185,18.999,4.475,264.878,333.344,7.608,95.355,0.196,1.802
20020605,17.994,15.156,1.455,19.283,3.165,283.025,340.173,7.303,94.689,9.176,4.036
20020606,15.454,14.514,0.422,15.882,1.569,128.491,372.343,2.488,94.718,16.494,1.985
20020607,14.019,13.254,0.51,14.367,0.934,52.543,371.708,1.343,94.686,15.782,2.363
20020608,13.611,12.532,0.327,14.101,1.386,106.996,351.684,2.736,95.222,0.568,2.736
20020609,15.061,12.972,2.308,16.011,3.232,223.6,330.914,5.281,95.319,0.178,1.013
20020610,13.017,11.919,0.778,13.517,0.938,170.911,333.806,2.926,95.446,4.121,2.707
20020611,12.469,11.053,1.242,13.112,2.131,221.941,318.951,3.454,95.961,1.815,3.371
20020612,13.855,12.404,2.366,14.515,2.913,118.602,340.811,3.494,96.05,1.506,3.256
20020613,13.879,13.343,0.305,14.123,0.729,94.615,351.584,2.329,95.935,3.908,3.341
20020614,16.116,14.324,1.571,16.931,3.119,157.128,354.992,4.081,96.113,1.063,2.587
20020615,17.512,15.056,0.748,18.629,2.076,184.059,351.741,3.793,95.94,7.397,2.465
20020616,16.283,14.113,1.451,17.269,2.199,189.443,347.562,4.9,96.315,0.103,1.769
20020617,20.348,16.056,4.445,22.299,5.383,303.902,344.156,8.966,96.381,0.0,1.543
20020618,24.297,20.475,2.948,26.035,4.929,311.767,361.35,11.364,96.18,0.004,2.384
20020619,19.551,19.253,1.271,19.686,1.229,194.553,381.434,4.115,96.519,0.191,2.389
20020620,19.76,17.508,0.729,20.783,3.388,196.883,375.726,4.702,96.231,23.223,2.866
20020621,16.703,15.179,1.57,17.396,2.234,179.93,346.636,4.316,96.521,0.52,1.146
20020622,18.514,15.654,2.769,19.692,4.033,225.09,348.694,6.939,96.427,0.0,1.938
20020623,16.851,15.11,1.469,17.643,1.597,205.644,346.269,5.209,96.281,0.375,2.365
20020624,15.316,12.593,0.958,16.554,2.241,243.972,326.24,6.357,96.605,0.003,2.211
20020625,14.513,11.681,2.925,15.8,3.719,268.3,311.578,6.465,96.968,0.0,1.702
20020626,16.834,13.613,2.948,18.298,4.604,266.646,323.056,8.583,96.541,0.0,1.275
20020627,15.105,12.201,0.811,16.301,2.368,256.375,324.085,5.436,95.711,0.572,2.778
20020628,11.787,9.975,0.851,12.533,2.322,223.1,310.851,4.63,95.793,0.387,4.549
20020629,11.155,9.638,0.689,11.845,1.994,228.934,308.101,4.158,96.243,1.371,3.745
20020630,14.397,11.191,2.652,15.855,3.791,214.693,328.861,7.161,95.917,0.0,2.988
20020701,14.316,12.723,0.484,15.04,1.405,108.886,349.949,4.783,95.291,4.23,2.854
20020702,13.246,12.376,0.221,13.641,1.132,134.599,344.201,3.356,94.992,2.009,4.483
20020703,14.839,13.356,1.833,15.513,2.335,143.804,342.279,5.465,94.997,0.064,4.03
20020704,13.537,12.984,1.16,13.788,1.485,181.462,336.597,3.969,95.536,1.358,4.41
20020705,14.919,11.732,2.341,16.367,3.377,220.55,325.29,5.68,95.95,0.363,2.12
20020706,14.887,12.512,1.228,15.967,2.127,153.62,344.929,4.611,95.806,0.31,1.912
20020707,15.392,13.128,2.106,16.421,2.579,178.066,343.751,4.154,96.145,1.045,1.791
20020708,19.712,15.648,5.351,21.559,5.707,302.305,333.844,10.336,95.9,0.0,2.176
20020709,22.046,16.943,2.215,24.366,5.667,295.319,351.727,12.695,95.467,1.748,1.993
20020710,17.673,14.015,2.254,19.335,4.395,224.929,351.458,5.438,95.407,20.227,2.413
20020711,14.781,12.604,2.219,15.77,3.03,253.14,322.238,4.773,96.294,0.751,2.212
20020712,16.721,14.45,2.768,17.753,3.977,216.475,338.108,6.043,96.467,0.236,1.831
20020713,16.553,15.351,0.824,17.099,1.955,177.71,350.048,4.48,95.971,8.949,2.21
20020714,16.386,15.827,0.904,16.64,1.373,106.511,377.93,2.05,96.24,6.024,1.772
20020715,17.645,16.479,0.636,18.175,1.466,179.373,371.945,4.696,96.311,0.165,2.796
20020716,17.506,16.397,1.188,18.01,2.098,155.137,373.94,5.041,95.788,1.154,3.015
20020717,14.711,14.947,0.704,14.604,0.32,16.921,381.743,0.984,95.452,61.171,3.543
20020718,12.586,12.502,0.422,12.627,0.315,58.169,363.993,1.67,95.622,2.536,5.68
20020719,12.409,11.614,0.615,12.806,1.331,43.887,358.418,2.481,96.036,0.154,3.396
20020720,15.588,12.567,2.263,17.099,4.436,228.197,340.21,5.721,96.056,0.023,1.456
20020721,15.233,12.833,1.01,16.433,2.248,239.249,326.651,5.234,95.59,2.226,3.297
20020722,13.431,12.006,0.721,14.143,1.38,163.704,336.428,4.282,96.021,0.534,4.431
20020723,14.605,12.219,2.437,15.798,2.569,111.804,342.866,4.824,95.754,0.897,3.083
20020724,15.011,14.0,1.096,15.517,0.838,96.23,355.83,3.279,95.49,7.392,3.513
20020725,13.458,11.978,0.623,14.198,1.81,187.158,326.676,4.322,95.851,0.703,2.971
20020726,13.526,13.232,1.294,13.672,1.099,34.523,365.009,1.902,96.058,0.972,2.586
20020727,17.98,15.172,1.956,19.384,3.912,230.153,352.792,6.732,96.452,0.015,1.117
20020728,19.565,15.781,2.579,21.457,4.569,291.65,333.458,8.976,96.467,0.0,2.208
20020729,21.639,17.45,3.273,23.733,4.982,270.029,350.371,10.799,96.262,0.01,2.222
20020730,21.855,18.438,1.454,23.563,3.662,242.009,354.924,9.514,95.71,1.043,2.291
20020731,21.126,17.822,2.117,22.778,4.019,255.172,357.246,8.601,95.263,0.433,1.648
20020801,18.373,17.214,0.863,18.953,1.262,112.424,377.728,3.12,95.345,7.72,2.558
20020802,18.314,16.501,1.52,19.308,3.18,234.434,345.24,7.527,95.835,0.036,1.999
20020803,18.319,15.636,2.419,19.79,4.025,233.208,340.81,7.183,95.856,0.328,1.6
20020804,16.892,15.423,1.143,17.698,2.039,179.339,347.863,4.605,95.735,0.605,1.179
20020805,15.55,13.521,0.798,16.663,1.908,187.03,343.34,3.437,95.688,4.894,1.722
20020806,15.822,13.426,2.967,17.136,3.443,228.984,326.543,5.904,95.658,0.124,0.855
20020807,15.536,14.493,1.468,16.108,1.916,105.933,358.01,2.943,95.839,3.154,1.89
20020808,15.412,14.738,0.579,15.781,0.724,116.043,358.446,2.06,95.743,9.942,0.955
20020809,16.221,13.862,1.659,17.637,3.46,214.71,343.633,4.434,95.229,0.554,1.355
20020810,15.81,14.327,1.08,16.699,1.666,118.203,360.631,2.327,94.823,17.598,0.952
20020811,16.663,15.944,1.48,17.095,1.923,117.787,377.803,2.214,94.798,2.976,2.026
20020812,16.039,16.212,0.524,15.936,1.436,103.6,370.071,3.358,95.027,5.48,5.251
20020813,15.802,14.81,0.688,16.397,1.612,180.133,347.713,4.527,95.978,0.45,4.625
20020814,16.914,15.25,1.056,17.913,2.165,135.913,358.929,4.269,96.373,0.391,2.304
20020815,17.986,14.552,1.463,20.046,3.73,224.568,337.911,6.609,96.291,0.015,1.403
20020816,18.851,16.284,2.246,20.392,3.852,206.087,336.81,7.362,96.327,0.049,1.213
20020817,18.407,15.854,1.709,19.938,3.63,210.171,347.137,4.887,96.209,4.708,1.705
20020818,19.702,16.93,1.951,21.365,3.835,218.675,348.746,6.112,96.022,1.291,2.426
20020819,21.058,18.02,2.422,23.048,4.363,232.728,350.844,8.526,96.058,0.177,2.083
20020820,20.911,17.715,2.18,23.005,4.361,231.015,349.755,9.071,95.918,0.005,1.954
20020821,18.001,16.047,0.687,19.281,1.751,151.794,358.107,4.566,95.795,4.003,2.126
20020822,16.686,14.955,1.548,17.821,2.623,131.903,355.534,3.756,96.04,2.103,0.999
20020823,17.171,14.946,1.715,18.629,3.252,161.665,355.777,3.981,96.133,2.486,1.087
20020824,17.908,15.198,2.002,19.684,4.065,186.551,354.31,4.424,96.213,1.352,1.459
20020825,16.875,15.479,0.792,17.79,2.336,205.135,342.21,4.352,96.545,0.003,1.633
20020826,19.428,17.321,2.463,20.808,3.606,201.148,355.045,6.469,96.239,0.108,3.152
20020827,19.543,17.056,1.817,21.173,3.743,201.801,350.943,6.204,95.733,1.979,1.46
20020828,18.881,16.736,1.72,20.286,3.044,161.691,362.257,4.21,95.779,5.504,1.177
20020829,18.497,16.674,1.271,19.799,2.786,158.93,360.307,3.924,96.063,0.422,1.381
20020830,18.609,16.195,1.431,20.333,3.109,176.064,351.351,4.636,96.278,0.773,1.013
20020831,17.837,16.212,0.846,18.998,2.179,144.271,356.832,4.399,96.253,0.171,1.995
20020901,13.946,12.324,1.557,15.105,1.594,157.709,334.896,4.905,96.972,0.013,2.904
20020902,13.269,10.361,2.509,15.53,3.485,191.952,313.395,5.473,97.18,0.0,2.753
20020903,13.183,10.854,2.494,14.994,3.279,144.503,322.962,4.141,96.381,1.776,2.867
20020904,15.897,13.204,1.799,17.991,3.492,166.596,334.488,4.902,95.749,0.148,1.931
20020905,15.236,13.018,1.066,16.961,3.019,174.453,329.275,4.317,95.829,0.18,1.821
20020906,14.72,12.319,2.054,16.588,4.18,168.481,330.707,4.718,96.012,0.091,1.458
20020907,15.566,13.121,2.226,17.467,3.946,184.392,324.791,6.291,95.871,0.015,1.604
20020908,16.777,13.645,2.647,19.212,4.417,183.234,328.895,6.59,95.755,0.113,2.123
20020909,18.261,15.618,3.152,20.316,4.714,197.948,333.032,7.621,95.777,0.0,3.032
20020910,12.693,12.796,1.671,12.612,1.091,44.664,357.99,1.36,96.093,24.753,3.071
20020911,13.315,12.259,1.012,14.137,2.174,75.799,356.88,1.458,96.681,3.984,1.935
20020912,13.023,11.029,1.293,14.573,2.929,196.445,299.443,4.313,96.897,0.0,3.101
20020913,11.989,9.208,3.079,14.152,4.547,191.78,301.938,4.752,96.731,0.0,1.821
20020914,13.049,11.916,1.854,13.93,2.023,164.063,330.846,2.589,96.26,1.172,3.242
20020915,11.084,9.551,1.176,12.381,2.524,143.051,307.175,3.408,96.236,0.606,2.851
20020916,10.031,8.582,2.749,11.258,3.394,111.786,324.312,3.465,96.173,0.001,1.804
20020917,12.29,11.387,1.443,13.121,1.779,74.117,342.3,2.597,95.983,0.168,2.781
20020918,11.725,10.524,0.825,12.83,1.206,84.232,340.983,3.026,95.96,0.193,1.9
20020919,11.568,9.859,1.08,13.141,2.465,103.085,326.798,3.187,95.96,0.022,1.169
20020920,11.6,10.054,0.972,13.023,2.019,90.089,331.572,3.089,96.084,0.133,1.574
20020921,10.834,9.65,0.427,11.923,1.248,83.01,320.547,2.632,95.956,0.578,1.719
20020922,9.291,8.333,0.526,10.172,0.977,75.549,319.068,1.516,95.228,4.314,2.253
20020923,6.686,6.488,1.694,6.869,0.937,15.227,334.806,0.983,95.583,2.629,3.951
20020924,6.457,5.229,1.349,7.587,2.898,170.265,275.836,3.056,96.209,0.039,4.59
20020925,6.158,5.143,2.515,7.092,2.674,79.112,313.904,1.754,95.876,5.824,2.126
20020926,9.14,8.473,0.623,9.754,0.458,85.288,332.234,1.46,95.726,5.482,2.872
20020927,8.098,6.814,2.925,9.28,0.666,134.122,302.46,2.617,96.39,1.458,2.715
20020928,6.661,4.938,3.798,8.246,3.533,104.581,303.203,2.405,97.044,0.016,1.488
20020929,10.064,8.628,1.079,11.501,1.705,55.506,338.572,1.903,97.208,0.488,0.9
20020930,9.513,7.176,1.878,11.849,3.948,142.14,300.839,3.054,97.077,0.0,1.352
20021001,9.357,6.843,2.476,11.87,5.09,151.666,281.776,3.56,96.788,0.0,1.465
20021002,9.956,7.941,2.022,11.972,4.313,132.873,299.901,2.974,96.633,0.0,1.563
20021003,11.384,10.467,2.435,12.3,2.195,83.274,337.56,1.652,96.42,2.152,2.511
20021004,11.312,10.709,1.367,11.915,1.756,98.04,330.089,2.609,96.562,1.68,3.344
20021005,9.241,8.862,0.622,9.621,0.927,45.205,339.85,1.504,96.242,8.52,4.392
20021006,9.01,8.526,1.814,9.535,0.792,25.526,339.81,1.189,95.367,4.72,4.419
20021007,4.967,4.274,1.285,5.72,1.289,74.58,306.964,1.18,96.018,2.504,1.662
20021008,4.205,3.742,1.501,4.707,2.535,126.272,287.556,1.728,95.912,0.026,1.551
20021009,6.607,5.373,0.605,7.949,1.727,86.71,307.204,2.105,95.818,0.008,4.459
20021010,5.137,4.347,1.198,5.996,1.926,82.682,301.795,1.917,95.737,0.0,5.229
20021011,3.624,2.966,1.128,4.34,2.092,105.56,289.121,2.537,95.928,0.0,4.99
20021012,1.949,1.8,0.792,2.125,1.273,51.633,310.144,1.728,95.772,0.227,3.827
20021013,2.099,1.95,0.198,2.274,0.578,30.523,319.712,1.288,95.725,0.709,2.653
20021014,7.01,6.047,3.914,8.148,3.369,60.383,324.709,2.404,95.271,1.12,3.539
20021015,9.82,9.798,0.982,9.846,1.324,45.511,336.558,2.325,95.344,0.825,3.71
20021016,12.119,12.061,0.641,12.188,0.607,66.071,332.118,1.708,94.691,5.07,4.101
20021017,9.559,8.851,2.239,10.395,0.607,64.545,309.325,2.228,94.319,2.684,4.253
20021018,5.756,5.231,0.333,6.377,1.013,78.62,292.726,1.838,94.956,2.127,4.098
20021019,4.738,3.991,0.676,5.621,1.293,87.056,297.249,1.748,95.686,5.963,3.87
20021020,3.768,2.67,0.979,5.065,2.468,94.422,276.655,1.844,96.117,0.065,2.67
20021021,6.601,6.743,3.291,6.434,1.891,30.812,329.501,1.454,94.842,3.253,3.571
20021022,11.338,11.212,0.872,11.487,1.048,42.082,334.278,1.465,94.053,7.199,2.932
20021023,9.942,9.085,2.919,10.955,1.526,45.784,321.04,2.422,94.069,6.187,5.511
20021024,5.18,3.8,0.751,6.954,1.642,90.658,267.665,2.666,95.416,0.167,3.64
20021025,7.722,7.208,3.353,8.383,1.404,21.931,329.917,1.487,94.743,6.426,4.638
20021026,9.152,8.602,0.789,9.922,0.981,76.859,301.484,3.714,95.105,2.057,6.944
20021027,9.011,8.335,1.225,9.958,1.669,23.61,324.774,2.608,94.991,9.402,7.453
20021028,6.573,6.206,0.768,7.088,1.046,75.077,287.941,2.878,96.478,1.761,6.63
20021029,5.495,5.003,1.267,6.184,1.875,65.686,295.843,2.143,96.485,0.003,2.383
20021030,6.345,5.436,1.032,7.618,1.129,55.695,309.031,2.113,95.796,1.407,2.008
20021031,4.85,4.244,1.385,5.698,1.605,28.15,318.058,1.295,96.175,0.32,1.432
20021101,5.131,5.166,3.635,5.081,2.332,32.964,322.295,0.855,96.182,1.606,2.418
20021102,7.999,7.199,2.278,9.118,1.407,16.09,346.433,1.016,95.631,9.27,3.762
20021103,4.786,4.857,1.47,4.688,0.759,12.301,328.193,0.746,95.272,12.243,3.26
20021104,4.975,3.86,2.194,6.535,0.822,27.269,318.775,0.841,95.618,3.303,2.287
20021105,-0.526,-1.016,1.016,0.159,0.79,54.722,282.559,1.184,96.724,0.037,2.37
20021106,-0.769,-1.698,1.516,0.532,2.143,68.057,263.433,1.15,96.509,0.007,2.039
20021107,0.223,-0.048,1.721,0.602,1.21,33.027,302.03,0.87,95.304,4.421,2.265
20021108,3.95,3.656,0.218,4.362,0.643,49.822,302.887,1.505,95.412,2.392,4.707
20021109,4.221,3.342,1.129,5.452,0.345,49.274,306.363,1.442,94.049,13.173,6.227
20021110,3.18,2.698,0.291,3.917,1.13,46.065,304.664,1.598,95.267,0.634,2.444
20021111,5.721,5.009,1.61,6.806,1.13,47.382,312.992,1.374,94.613,10.565,3.855
20021112,7.437,6.964,0.816,8.16,1.516,34.494,316.687,1.973,95.402,0.311,3.562
20021113,7.598,7.387,0.812,7.95,1.139,46.051,293.785,2.393,94.499,1.274,3.953
20021114,6.613,6.005,1.515,7.626,1.421,41.402,300.882,1.926,93.877,1.071,2.093
20021115,5.845,5.628,1.166,6.206,1.098,22.693,311.319,0.81,94.019,1.795,1.349
20021116,7.401,6.98,0.347,8.103,0.797,39.328,330.624,0.994,94.138,5.459,2.042
20021117,7.466,7.024,0.972,8.204,0.745,30.178,324.152,1.85,95.102,1.678,4.329
20021118,5.002,4.05,1.512,6.587,2.388,58.813,281.523,1.162,95.806,0.001,1.523
20021119,4.925,4.599,0.776,5.468,0.132,11.569,331.182,0.968,95.519,0.785,2.546
20021120,1.996,1.678,0.79,2.524,1.866,28.392,297.363,0.762,95.692,0.163,1.985
20021121,3.382,2.739,1.188,4.454,2.205,50.701,283.372,0.943,94.68,0.0,2.068
20021122,3.411,3.354,2.509,3.507,2.061,18.645,317.837,0.765,94.445,8.231,1.488
20021123,5.207,4.434,0.721,6.496,1.643,42.916,295.132,1.253,95.223,0.119,2.283
20021124,5.047,4.544,0.985,5.885,1.541,24.028,301.213,1.3,95.408,0.152,1.498
20021125,4.531,4.632,1.41,4.363,1.663,41.524,293.046,1.22,94.94,0.024,1.998
20021126,6.761,6.474,1.022,7.241,0.298,14.728,323.639,1.629,95.589,0.091,2.593
20021127,4.369,4.189,1.313,4.67,1.692,26.971,313.988,0.982,96.171,0.001,2.313
20021128,6.708,6.363,0.662,7.337,0.87,35.746,312.035,1.297,95.725,0.081,2.524
20021129,6.754,6.711,0.221,6.831,0.164,7.887,333.668,0.894,95.689,10.991,1.172
20021130,5.769,5.727,0.609,5.846,0.075,4.708,337.574,0.77,95.997,17.416,3.332
20021201,4.499,4.024,0.96,5.367,0.73,27.589,298.901,0.992,95.723,0.384,2.501
20021202,3.786,3.432,0.398,4.431,1.036,21.93,303.363,1.178,94.779,2.965,2.497
20021203,2.675,2.565,0.855,2.875,1.22,28.984,300.825,0.877,95.511,0.723,2.089
20021204,2.763,2.759,0.242,2.769,0.286,11.512,325.452,0.614,95.891,0.664,1.349
20021205,1.778,1.657,0.689,1.998,0.166,11.473,320.344,0.627,96.263,1.832,2.844
20021206,-1.746,-1.553,0.633,-2.098,0.055,11.474,302.343,0.64,96.873,0.398,4.096
20021207,-4.717,-4.657,2.078,-4.826,0.516,39.081,256.834,0.658,96.886,0.139,4.841
20021208,-7.044,-7.735,0.866,-5.784,1.475,48.402,212.853,0.915,97.161,0.0,5.225
20021209,-10.106,-10.516,0.424,-9.357,0.899,48.789,199.53,0.598,97.233,0.0,4.904
20021210,-10.309,-10.972,1.228,-9.1,2.188,49.105,200.056,0.63,97.014,0.0,3.802
20021211,-9.965,-10.377,1.493,-9.213,2.048,47.372,206.784,0.63,96.987,0.0,4.035
20021212,-8.789,-9.497,1.208,-7.498,2.156,47.006,218.093,0.734,96.689,0.0,2.36
20021213,-6.917,-7.29,2.949,-6.236,2.325,37.108,255.867,0.772,96.756,0.004,1.469
20021214,-3.412,-3.53,0.52,-3.197,0.552,15.781,296.436,0.808,96.588,0.155,2.428
20021215,-3.849,-3.688,1.078,-4.143,0.774,23.955,284.753,0.802,96.114,0.281,3.049
20021216,1.128,0.703,2.004,1.903,0.827,9.775,322.581,0.724,95.642,4.26,2.258
20021217,0.319,0.723,1.584,-0.416,0.388,11.019,310.948,0.743,96.076,2.388,2.384
20021218,-1.322,-1.259,0.218,-1.437,0.486,32.582,288.741,0.917,97.083,0.323,2.002
20021219,-1.749,-2.388,1.273,-0.584,0.597,20.356,280.444,0.805,97.301,0.236,1.243
20021220,-2.656,-2.887,2.17,-2.233,1.714,36.729,267.909,0.672,96.338,0.041,2.258
20021221,0.066,-0.385,0.656,0.888,0.359,14.31,304.234,0.701,96.044,0.591,1.256
20021222,-0.262,-0.083,1.951,-0.589,0.678,4.997,313.384,0.587,95.533,19.026,2.136
20021223,-0.675,-0.398,1.446,-1.181,0.176,11.419,310.672,0.594,95.821,1.219,3.018
20021224,0.252,-0.013,0.883,0.736,0.269,4.979,318.451,0.517,95.859,2.835,2.583
20021225,1.54,1.309,0.344,1.962,0.197,7.822,322.594,0.673,96.043,1.601,1.962
20021226,1.403,1.529,1.188,1.172,0.545,20.989,304.258,0.803,95.494,2.613,3.502
20021227,4.107,3.879,0.401,4.522,0.509,24.34,304.285,1.03,94.59,0.265,3.057
20021228,4.289,4.229,0.842,4.399,0.656,13.113,320.595,1.196,94.323,0.411,2.331
20021229,4.462,4.233,0.648,4.879,0.382,16.988,324.579,1.192,94.785,7.286,3.531
20021230,4.856,3.463,2.859,7.394,1.733,9.59,332.733,0.942,94.158,34.907,2.177
20021231,-4.854,-4.702,2.629,-5.132,0.765,31.577,267.465,0.49,95.451,7.739,4.719
20030101,-2.881,-3.27,5.378,-2.172,1.77,24.173,285.801,0.576,95.032,5.814,3.416
20030102,7.394,7.311,1.097,7.546,0.432,9.451,332.843,1.353,93.278,13.662,4.997
20030103,5.572,5.492,0.87,5.718,0.405,14.868,324.673,1.35,93.766,11.098,5.186
20030104,-1.165,-1.141,2.169,-1.208,0.479,16.333,295.815,0.829,94.754,2.88,2.916
20030105,-4.495,-4.462,0.627,-4.554,0.851,34.329,258.703,1.211,95.35,0.067,2.341
20030106,-4.011,-4.155,1.082,-3.748,0.158,34.976,263.544,0.937,95.372,1.716,2.649
20030107,-8.244,-8.347,2.33,-8.054,0.24,38.741,231.574,0.885,96.079,0.196,2.885
20030108,-12.28,-12.664,0.316,-11.578,1.037,39.835,217.244,0.683,96.043,0.004,2.897
20030109,-11.867,-12.099,1.533,-11.444,1.966,50.174,206.012,0.807,96.131,0.008,2.715
20030110,-6.743,-6.976,2.174,-6.317,0.787,23.369,267.715,0.792,96.522,0.32,1.542
20030111,-5.742,-6.081,1.824,-5.126,0.356,29.427,261.203,0.872,97.417,0.177,1.253
20030112,-4.584,-5.028,2.459,-3.773,0.969,19.718,275.966,0.878,97.335,0.215,2.605
20030113,-1.463,-1.278,1.885,-1.799,0.697,10.911,308.764,0.802,96.567,7.705,5.346
20030114,3.117,3.044,0.539,3.25,0.305,7.2,329.775,0.885,96.877,0.178,5.205
20030115,2.408,2.521,0.759,2.22,0.207,37.905,293.468,1.425,96.738,0.101,4.922
20030116,2.627,2.21,0.624,3.321,0.627,22.228,306.422,1.462,96.711,0.438,4.293
20030117,0.691,0.169,0.641,1.561,1.693,50.006,261.16,1.371,96.578,0.012,3.062
20030118,0.309,0.146,0.467,0.58,0.633,18.402,290.637,1.03,96.05,0.099,3.235
20030119,1.702,1.505,1.932,2.03,1.856,49.043,288.105,1.658,95.403,0.396,3.59
20030120,4.509,4.079,0.34,5.225,0.958,23.714,317.706,1.89,95.014,0.355,4.024
20030121,3.716,3.213,0.965,4.556,0.424,26.951,298.9,1.795,94.074,0.305,2.999
20030122,3.1,2.551,1.955,4.014,1.796,31.454,298.491,1.687,94.108,0.082,3.167
20030123,3.641,3.636,0.262,3.651,0.148,19.301,322.677,0.816,95.47,2.462,2.611
20030124,0.762,0.856,1.027,0.607,0.695,21.957,307.11,1.1,97.523,0.351,2.547
20030125,-0.221,-0.878,0.944,0.875,1.636,61.772,257.78,1.362,97.401,1.861,2.679
20030126,1.575,1.214,0.965,2.178,0.747,23.807,314.644,1.088,96.92,0.574,3.565
20030127,4.742,4.262,2.791,5.542,1.563,9.894,335.046,0.811,96.397,0.893,4.473
20030128,4.26,4.708,2.679,3.512,0.3,51.314,306.151,1.634,95.142,7.258,6.383
20030129,0.808,0.408,0.31,1.477,0.633,34.41,290.97,0.957,93.996,3.526,4.053
20030130,-0.949,-1.265,0.804,-0.42,0.255,50.481,264.158,1.049,94.104,2.023,2.801
20030131,-4.302,-3.888,0.918,-4.993,0.689,28.006,281.638,0.867,95.348,2.665,3.694
20030201,-5.057,-5.49,0.683,-4.396,1.638,54.227,252.422,1.12,96.24,0.09,2.468
20030202,-2.868,-2.961,2.815,-2.725,1.418,54.692,286.985,0.886,95.196,0.943,4.652
20030203,0.655,0.484,0.664,0.894,0.363,52.487,280.185,0.987,93.706,5.485,4.224
20030204,-1.216,-1.488,0.282,-0.836,0.683,61.478,255.936,1.098,93.557,0.435,2.644
20030205,-1.708,-1.895,0.556,-1.447,0.771,42.668,272.332,0.784,94.363,1.83,2.52
20030206,-3.395,-3.978,1.591,-2.58,0.251,51.219,270.987,0.867,95.861,0.699,2.152
20030207,-4.744,-6.165,5.029,-2.755,2.415,50.773,279.236,0.657,96.401,0.812,2.306
20030208,0.564,0.294,0.698,0.942,0.292,19.654,319.135,0.589,96.54,1.048,1.579
20030209,-2.831,-3.591,2.518,-1.766,0.93,82.133,255.046,0.704,96.575,0.005,2.02
20030210,-5.79,-6.901,1.26,-4.234,1.952,94.209,225.781,0.639,96.736,0.0,1.864
20030211,-6.35,-6.776,1.268,-5.754,1.299,92.624,229.68,0.463,97.094,0.001,1.694
20030212,-6.595,-7.618,2.03,-5.163,3.275,102.084,220.912,0.845,97.264,0.004,2.533
20030213,-8.289,-9.473,2.728,-6.631,3.552,107.348,204.28,0.986,97.138,0.0,3.031
20030214,-7.87,-9.18,3.753,-6.035,4.804,106.231,212.637,1.394,97.121,0.0,2.361
20030215,-4.992,-5.474,2.754,-4.317,1.415,47.782,270.494,0.973,97.441,0.45,2.663
20030216,-4.895,-5.268,0.863,-4.372,1.162,52.448,260.222,1.141,97.746,0.434,3.273
20030217,-6.566,-7.29,0.954,-5.552,1.398,94.929,228.061,0.844,97.857,0.005,2.714
20030218,-8.68,-9.806,2.836,-7.233,2.748,91.568,234.933,0.631,97.279,0.018,2.667
20030219,-5.422,-6.052,1.616,-4.612,1.722,84.77,249.873,0.585,96.651,0.052,3.129
20030220,-4.314,-4.694,1.067,-3.864,1.86,99.585,254.732,0.679,96.174,0.082,2.792
20030221,-3.611,-4.346,1.502,-2.742,2.817,111.223,240.92,0.904,96.667,0.002,2.386
20030222,-2.806,-4.181,2.41,-1.181,4.009,116.508,234.243,1.335,97.096,0.0,2.347
20030223,-1.392,-3.326,1.855,0.894,3.89,122.845,230.753,2.08,97.313,0.0,1.958
20030224,0.053,-1.824,1.684,2.271,4.867,124.439,234.521,2.473,97.245,0.0,1.77
20030225,1.001,-1.362,3.044,3.794,4.958,129.163,231.72,3.181,96.712,0.0,1.984
20030226,1.053,-0.971,2.797,3.445,4.492,128.426,245.771,2.903,96.026,0.0,1.686
20030227,4.284,2.085,3.575,6.884,5.073,122.438,266.021,3.986,95.944,0.0,1.631
20030228,3.974,1.932,1.648,6.387,3.342,114.748,272.237,2.756,96.522,0.007,1.961
20030301,4.132,2.63,1.199,5.908,1.741,58.136,299.363,1.669,96.299,0.306,2.063
20030302,3.577,2.52,0.907,4.825,2.015,38.725,315.507,0.927,95.574,4.195,1.822
20030303,3.412,2.852,0.32,4.074,0.734,26.937,326.778,0.683,95.98,3.411,1.457
20030304,3.02,2.33,0.817,3.836,1.401,54.31,311.999,0.942,96.582,0.371,1.236
20030305,3.19,2.485,1.837,4.023,1.8,36.549,310.621,0.989,96.328,0.47,1.703
20030306,3.443,2.841,1.153,4.097,1.944,74.91,302.532,1.381,95.801,5.885,3.196
20030307,3.403,2.547,0.41,4.258,1.74,86.488,294.205,1.68,96.436,0.098,2.321
20030308,4.768,3.718,2.282,5.818,1.992,96.785,278.694,2.83,96.19,0.229,4.472
20030309,6.19,5.574,0.475,6.805,0.968,50.58,306.404,2.508,96.245,0.949,4.241
20030310,8.504,6.867,2.707,10.14,3.618,129.731,289.529,3.803,96.548,0.033,2.96
20030311,9.398,8.547,1.13,10.249,1.769,60.734,331.131,2.946,96.021,9.377,3.875
20030312,6.025,5.826,1.263,6.224,0.362,96.562,314.61,1.577,96.184,6.146,4.303
20030313,2.199,1.016,1.297,3.383,2.531,135.443,263.293,2.785,97.522,0.031,3.21
20030314,-0.109,-0.972,1.87,0.754,1.556,89.669,271.932,1.88,97.693,0.088,2.743
20030315,0.351,-0.921,0.957,1.624,1.71,83.492,279.935,1.525,98.212,0.123,2.348
20030316,2.249,0.384,3.822,4.113,4.599,165.728,246.545,2.351,98.363,0.0,0.999
20030317,1.442,-0.509,1.472,3.394,2.053,158.223,263.892,1.813,97.542,0.011,2.429
20030318,2.746,0.34,2.808,5.152,4.584,164.619,261.815,2.446,97.44,0.002,1.444
20030319,3.31,0.762,1.941,5.858,3.447,181.812,252.511,2.742,96.961,0.005,2.702
20030320,1.183,1.043,0.523,1.311,1.257,140.704,280.921,1.763,96.827,0.063,2.108
20030321,1.154,-0.126,1.16,2.332,1.767,131.367,270.622,2.475,97.024,0.116,3.458
20030322,0.906,-1.284,3.279,2.92,4.741,192.952,229.435,3.709,97.087,0.0,2.6
20030323,4.347,0.944,3.99,7.478,5.998,192.746,244.618,5.526,97.056,0.0,1.846
20030324,7.046,3.28,4.768,10.511,6.568,196.297,256.633,6.687,96.87,0.0,2.298
20030325,9.283,7.056,1.623,11.167,2.98,179.272,293.596,5.277,96.549,0.002,2.315
20030326,7.913,5.772,2.578,9.725,3.901,171.03,284.075,3.615,96.401,0.01,2.313
20030327,8.932,6.655,1.288,10.859,3.443,163.942,298.629,3.055,96.122,4.063,1.117
20030328,7.415,5.355,2.637,9.157,4.96,181.961,283.882,3.049,95.963,0.004,1.365
20030329,9.352,7.689,3.417,10.76,4.236,179.325,299.272,3.679,95.755,0.533,1.325
20030330,10.495,8.333,1.946,12.325,2.677,199.057,287.763,4.532,95.775,0.002,2.172
20030331,5.546,4.374,1.209,6.537,2.828,159.605,274.348,3.488,96.473,0.003,2.772
20030401,7.452,4.947,5.376,9.571,5.078,198.747,273.417,5.885,95.812,3.695,3.746
20030402,4.754,4.423,1.768,5.011,0.854,141.645,300.974,1.692,94.557,5.913,4.327
20030403,2.864,2.414,0.83,3.213,1.387,158.304,284.135,1.62,95.798,2.042,3.972
20030404,4.492,4.041,2.433,4.843,3.179,186.08,284.063,3.036,96.752,0.143,2.786
20030405,4.649,3.963,1.684,5.182,1.156,133.45,305.695,2.776,96.281,0.78,5.193
20030406,-0.397,-1.903,0.963,0.774,1.756,199.606,237.999,2.847,96.453,1.32,3.829
20030407,-1.706,-3.179,1.025,-0.56,2.161,177.65,240.671,2.676,96.622,0.358,2.835
20030408,-2.029,-3.71,1.142,-0.722,2.607,151.857,242.548,2.625,96.512,0.397,1.723
20030409,-1.133,-2.944,2.552,0.276,3.43,153.037,260.357,2.679,95.685,0.39,1.954
20030410,0.337,-0.604,1.829,1.07,2.516,156.055,269.301,2.336,94.859,0.408,1.036
20030411,1.882,0.247,3.19,3.154,2.829,172.375,258.708,3.139,95.398,0.036,2.189
20030412,3.966,0.403,3.551,6.511,5.113,233.671,257.595,4.386,95.975,0.0,1.891
20030413,6.958,3.723,3.324,9.268,5.059,248.328,257.189,5.621,96.64,0.0,2.314
20030414,9.224,6.402,4.12,11.239,4.872,252.415,262.848,6.403,96.594,0.0,3.825
20030415,12.455,9.108,3.63,14.846,5.195,250.232,278.565,7.874,96.793,0.0,3.611
20030416,11.654,9.131,2.426,13.307,4.313,253.401,276.469,7.799,97.014,0.0,3.305
20030417,10.762,8.155,1.787,12.47,4.135,255.442,271.252,7.654,97.283,0.0,3.28
20030418,5.778,4.872,1.53,6.372,1.633,191.934,284.645,3.543,97.055,0.378,3.652
20030419,3.709,3.338,1.113,3.952,1.778,98.056,311.35,0.991,96.106,11.286,3.598
20030420,8.937,7.324,4.612,9.995,5.929,226.41,299.693,3.718,95.598,0.002,2.383
20030421,11.727,9.243,2.65,13.355,4.449,234.276,292.564,5.688,95.69,0.058,2.587
20030422,11.913,9.096,2.769,13.758,4.271,245.631,290.816,6.499,95.754,0.116,1.499
20030423,11.133,8.479,2.913,12.871,4.279,262.726,280.999,5.977,95.835,0.0,2.008
20030424,11.495,9.013,2.554,13.12,4.855,246.067,289.655,6.888,96.119,0.0,1.283
20030425,13.306,10.311,3.344,15.267,4.823,219.436,305.238,8.14,96.029,0.002,1.935
20030426,14.399,12.017,0.896,15.959,2.214,181.336,336.261,7.373,95.233,0.951,3.894
20030427,10.667,9.718,0.573,11.289,1.05,202.832,312.87,3.723,95.327,2.036,4.965
20030428,12.727,11.448,2.957,13.564,3.313,147.321,324.15,5.311,95.239,0.118,3.348
20030429,14.062,12.862,1.771,14.849,1.357,170.615,328.638,5.321,95.386,1.507,3.862
20030430,12.149,10.162,2.121,13.451,2.279,99.558,335.22,2.57,95.405,5.461,3.413
20030501,10.941,9.612,1.033,11.669,2.167,221.349,299.725,4.608,96.04,1.532,5.187
20030502,12.517,9.751,3.793,14.033,4.773,218.414,305.012,6.769,95.832,0.106,3.063
20030503,11.172,9.827,1.946,11.91,1.66,205.195,304.372,5.727,96.071,0.36,5.637
20030504,12.788,8.684,4.918,15.039,6.223,289.874,284.28,8.482,96.442,0.0,2.331
20030505,18.983,15.046,4.682,21.142,6.196,273.004,320.829,13.064,95.763,0.045,2.425
20030506,14.858,13.539,2.665,15.581,1.549,231.538,335.012,4.492,96.09,0.502,2.516
20030507,12.109,9.935,0.964,13.302,2.237,159.514,327.974,4.221,96.714,0.009,1.97
20030508,15.791,12.215,4.928,17.752,5.847,269.033,324.528,7.968,96.146,0.155,1.617
20030509,13.278,11.889,0.921,14.04,2.037,155.565,337.053,2.899,96.002,8.58,1.868
20030510,11.524,10.381,0.918,12.151,2.002,120.171,334.485,3.056,96.328,1.265,0.897
20030511,12.819,10.419,2.629,14.135,4.378,196.676,328.621,5.056,96.368,0.114,1.135
20030512,13.788,11.488,1.601,15.049,2.53,200.42,331.836,4.892,95.976,4.14,1.919
20030513,9.592,8.507,2.264,10.187,0.726,204.219,309.66,2.841,95.718,3.399,2.564
20030514,6.868,4.985,1.015,7.901,2.031,226.697,288.311,2.696,96.123,2.0,3.0
20030515,7.625,5.446,0.833,8.82,2.22,243.706,288.301,3.61,96.496,0.917,2.352
20030516,9.111,6.25,2.321,10.681,4.088,244.186,287.021,4.983,96.159,0.338,1.171
20030517,10.232,7.683,2.598,11.63,2.907,129.895,315.221,3.915,95.682,0.519,2.624
20030518,12.429,10.764,1.647,13.342,2.293,165.622,329.372,3.25,95.712,6.728,3.259
20030519,12.471,11.628,0.485,12.933,0.993,140.349,346.437,2.134,95.455,16.985,3.278
20030520,10.907,9.587,0.869,11.566,1.934,251.133,300.126,4.382,95.816,0.864,4.009
20030521,9.334,7.677,0.966,10.088,1.863,179.659,310.125,2.888,96.375,1.404,3.303
20030522,10.513,9.237,2.276,11.093,1.834,93.904,337.762,2.227,96.603,1.035,3.332
20030523,15.052,12.45,1.21,16.235,2.626,191.441,343.506,4.919,95.877,1.204,3.668
20030524,17.544,12.824,2.652,19.689,5.298,277.267,329.795,8.309,95.278,0.771,2.457
20030525,14.723,12.893,0.472,15.556,1.756,204.905,339.2,3.741,95.674,0.874,2.739
20030526,13.7,12.878,0.733,14.073,1.595,135.949,351.617,4.367,96.509,0.047,1.899
20030527,14.813,13.241,0.777,15.528,2.124,179.941,350.956,5.673,96.775,0.006,2.518
20030528,15.577,13.651,1.362,16.452,2.76,236.541,339.526,6.878,96.663,0.0,2.586
20030529,17.36,14.94,1.597,18.46,3.783,297.467,326.107,8.921,96.291,0.0,2.787
20030530,18.729,14.923,2.698,20.46,4.874,291.147,331.114,10.13,95.933,0.001,1.651
20030531,17.241,15.528,0.916,18.019,1.395,229.467,342.416,5.2,95.708,3.171,0.785
20030601,17.856,14.846,2.336,19.223,4.51,257.37,344.895,6.362,95.763,0.269,1.523
20030602,19.99,15.967,2.353,21.818,4.777,299.396,330.676,10.498,95.631,0.0,2.172
20030603,20.593,17.259,1.718,22.109,4.086,253.192,348.642,9.99,95.798,0.058,1.079
20030604,22.432,18.662,2.349,24.146,4.46,290.137,352.199,12.207,95.883,0.989,2.1
20030605,20.225,17.099,1.124,21.645,3.689,229.395,360.978,6.997,96.196,7.459,1.675
20030606,18.002,15.792,0.761,19.006,2.65,243.447,354.97,6.024,96.443,0.614,1.539
20030607,19.83,15.956,3.233,21.592,4.906,259.778,347.228,9.106,96.265,0.04,1.457
20030608,20.449,16.391,0.81,22.293,3.845,264.16,358.727,7.703,95.784,1.242,2.427
20030609,16.025,14.382,1.441,16.771,2.847,309.697,310.851,7.524,96.285,0.045,3.344
20030610,18.981,14.665,5.26,20.944,6.108,286.222,340.486,9.992,96.11,0.472,2.019
20030611,19.213,17.009,0.853,20.215,2.473,231.962,351.965,6.936,96.283,0.957,2.568
20030612,19.839,16.105,1.752,21.537,4.766,274.976,353.098,8.065,96.313,3.775,1.381
20030613,17.062,15.132,1.392,17.94,2.449,239.22,335.388,6.045,96.527,0.142,1.76
20030614,15.73,12.809,2.607,17.058,3.721,234.256,331.177,6.19,96.475,1.668,1.551
20030615,16.624,13.845,1.562,17.887,3.48,289.018,331.316,7.714,96.298,0.0,1.413
20030616,15.771,12.478,1.689,17.268,3.703,294.621,311.632,7.518,96.027,0.0,2.005
20030617,17.483,14.337,3.368,18.913,4.98,314.075,318.449,9.233,95.811,0.0,1.823
20030618,15.963,14.845,0.741,16.471,1.899,169.624,354.061,3.107,95.964,11.423,2.419
20030619,16.812,15.741,1.311,17.298,1.662,160.993,361.068,4.305,96.311,1.836,3.825
20030620,15.352,14.313,2.191,15.824,1.402,239.125,333.206,6.211,96.02,1.316,5.272
20030621,12.661,10.347,1.84,13.713,3.051,203.46,317.824,5.562,96.19,0.07,3.573
20030622,15.85,12.783,5.398,17.244,5.273,304.252,325.766,7.422,95.856,0.0,1.247
20030623,20.366,16.4,2.354,22.169,4.744,270.986,345.263,9.964,95.347,1.414,3.447
20030624,17.51,14.744,1.434,18.767,3.341,222.97,331.083,7.979,96.061,0.292,3.342
20030625,14.806,12.033,1.401,16.067,3.508,307.443,305.636,6.302,96.394,0.0,2.674
20030626,14.591,11.524,2.508,15.985,4.124,272.825,313.286,6.308,96.192,0.0,2.03
20030627,16.776,12.593,2.329,18.499,4.295,261.747,320.712,8.669,96.005,0.0,2.336
20030628,17.816,14.202,2.434,19.305,3.828,260.657,334.065,9.842,95.864,0.003,1.801
20030629,18.917,15.602,1.658,20.423,3.652,241.346,348.578,8.746,95.41,0.287,1.501
20030630,18.667,15.774,2.0,19.982,3.91,243.223,353.115,6.589,95.039,2.586,1.631
20030701,16.113,15.414,1.912,16.43,0.81,161.154,348.666,3.526,94.712,3.217,3.399
20030702,15.027,12.989,0.601,15.953,2.192,248.05,331.555,4.543,94.778,1.111,4.385
20030703,14.403,12.589,1.041,15.227,2.023,233.03,329.111,4.219,95.166,0.614,3.655
20030704,14.504,13.186,0.614,15.103,1.622,211.581,345.234,4.015,95.528,1.717,3.933
20030705,13.827,13.508,0.48,13.972,1.195,103.455,366.162,3.006,95.725,1.915,4.656
20030706,14.197,13.155,0.642,14.671,1.894,172.273,354.431,4.086,96.285,0.126,3.369
20030707,14.716,12.466,2.022,15.739,3.321,173.916,343.361,5.116,96.615,0.503,1.339
20030708,16.528,13.306,2.664,17.992,4.339,188.235,348.597,7.239,96.44,0.133,1.793
20030709,16.767,14.808,0.928,17.657,2.139,197.16,351.73,5.996,96.233,0.438,2.64
20030710,15.036,12.685,1.968,16.104,3.551,288.977,309.688,6.621,96.313,0.0,2.042
20030711,18.788,15.709,4.164,20.188,5.789,276.934,337.54,10.448,96.181,0.087,1.721
20030712,16.077,14.979,1.372,16.576,2.696,209.342,339.787,7.239,96.36,0.018,2.931
20030713,15.094,12.548,1.529,16.252,3.287,220.597,330.158,6.754,96.443,0.0,1.907
20030714,17.363,13.211,4.393,19.251,5.484,315.582,311.991,10.574,96.228,0.0,2.779
20030715,20.355,16.515,3.455,22.1,5.328,316.057,323.796,13.996,95.86,0.0,2.537
20030716,23.352,19.413,3.239,25.142,5.59,300.678,350.075,17.7,95.532,0.444,2.504
20030717,19.905,17.547,1.008,20.977,2.483,225.377,364.926,7.577,96.022,5.702,2.551
20030718,19.387,16.411,2.393,20.875,3.729,241.745,349.95,10.094,96.602,0.085,2.022
20030719,21.753,17.72,3.322,23.77,4.889,248.475,348.542,14.939,96.548,0.0,1.891
20030720,24.173,19.797,2.875,26.361,5.031,303.528,348.887,19.156,96.035,0.001,2.343
20030721,21.629,19.59,1.353,22.648,2.927,198.549,370.479,10.046,95.997,2.237,1.11
20030722,20.161,17.506,1.054,21.489,3.064,227.389,361.523,7.825,96.202,0.723,1.809
20030723,19.045,16.087,1.844,20.524,3.481,215.617,351.094,8.647,96.208,0.965,1.124
20030724,18.186,14.99,0.799,19.784,2.825,190.797,355.213,6.347,95.838,3.533,1.417
20030725,18.154,15.53,2.491,19.466,3.743,199.853,353.813,7.361,95.834,0.276,1.761
20030726,18.556,17.26,0.892,19.204,2.086,178.331,370.863,5.475,95.632,1.911,2.059
20030727,20.619,17.678,0.443,22.089,3.016,217.122,369.899,6.946,95.55,5.906,3.068
20030728,17.281,16.299,0.987,17.771,1.465,143.999,357.993,4.095,96.365,2.214,1.686
20030729,16.898,14.239,1.225,18.228,3.401,198.84,344.468,5.714,96.719,1.282,1.32
20030730,18.325,14.547,2.355,20.214,4.226,216.581,340.705,8.78,96.278,1.807,1.673
20030731,19.805,17.054,2.847,21.181,4.032,226.497,349.199,10.347,96.07,0.002,1.182
20030801,21.147,17.392,2.852,23.024,4.761,254.544,348.56,11.231,96.322,0.014,1.174
20030802,23.909,20.594,2.335,25.726,4.869,248.822,360.522,15.814,96.372,0.0,1.283
20030803,24.842,21.547,1.88,26.649,4.738,262.666,366.278,16.262,96.488,0.023,1.055
20030804,24.422,20.978,2.88,26.311,5.222,279.114,357.486,15.789,96.693,0.0,1.519
20030805,23.987,20.869,2.391,25.698,4.732,278.456,355.963,16.123,96.768,0.0,2.156
20030806,23.071,19.886,2.429,24.817,4.97,276.535,347.414,16.597,96.698,0.0,1.68
20030807,23.664,19.731,3.859,25.821,6.259,269.433,347.69,19.427,96.513,0.0,1.308
20030808,25.108,21.099,2.91,27.306,5.581,258.212,357.098,21.774,96.33,0.0,1.463
20030809,25.786,21.682,3.487,28.249,5.719,259.272,360.459,23.487,96.275,0.0,1.681
20030810,25.193,21.348,2.917,27.5,5.015,262.579,359.438,21.432,96.107,0.0,2.689
20030811,23.016,20.015,1.957,24.817,4.614,276.262,333.576,19.384,96.431,0.0,2.491
20030812,25.283,20.815,4.897,27.964,6.561,252.828,359.562,23.278,96.426,0.001,1.643
20030813,25.6,21.901,1.285,27.819,3.522,256.234,359.801,18.967,96.119,0.32,2.985
20030814,18.935,17.533,1.948,19.776,1.973,179.211,344.972,8.829,95.906,3.328,2.426
20030815,15.972,13.107,1.507,17.691,3.51,210.758,316.733,8.744,95.971,0.001,2.843
20030816,15.853,12.333,2.373,17.966,4.558,261.092,307.703,9.336,96.183,0.0,1.462
20030817,19.056,15.951,5.142,20.919,5.695,257.171,332.377,13.7,96.085,0.001,2.276
20030818,20.635,17.997,0.823,22.218,2.608,186.999,372.44,9.15,95.854,1.327,3.814
20030819,18.782,16.661,1.216,20.171,2.515,180.116,357.492,7.362,96.201,0.939,3.592
20030820,16.744,13.883,1.647,18.618,3.618,243.413,320.995,8.636,96.333,0.005,1.754
20030821,17.684,14.753,3.238,19.604,4.99,241.022,323.377,10.884,96.074,0.0,1.281
20030822,18.451,16.491,2.094,19.735,3.893,240.048,334.712,10.03,96.038,0.0,3.131
20030823,18.55,16.739,0.962,19.735,2.105,123.893,365.077,6.427,96.179,0.75,3.277
20030824,14.961,13.434,1.665,15.961,2.937,192.618,325.51,5.607,96.279,0.0,2.17
20030825,17.003,14.212,2.048,18.832,3.96,189.835,337.995,9.303,96.057,0.039,1.682
20030826,17.38,14.093,2.549,19.534,4.907,193.323,328.589,10.237,95.719,0.0,2.277
20030827,14.216,12.939,1.052,15.053,1.916,100.305,339.433,6.302,95.546,0.099,3.66
20030828,15.297,13.037,2.932,16.777,4.043,135.387,335.517,7.86,95.308,0.287,1.463
20030829,14.845,13.055,0.96,16.124,2.925,121.831,359.23,3.071,94.541,19.208,3.077
20030830,13.009,11.653,0.656,13.977,1.4,126.282,339.969,3.773,95.407,0.74,3.015
20030831,11.449,9.856,0.905,12.587,1.993,174.183,310.801,3.152,95.905,0.935,3.322
20030901,10.401,8.785,0.532,11.555,1.733,152.532,307.657,2.807,96.054,1.758,3.474
20030902,9.926,7.897,1.215,11.505,2.618,164.906,303.122,3.525,96.668,0.706,2.468
20030903,11.199,8.608,3.773,13.214,4.956,176.945,306.456,5.811,97.202,0.0,1.865
20030904,12.652,10.387,2.553,14.414,3.583,150.199,320.331,5.139,97.241,0.001,1.58
20030905,14.058,11.265,3.326,16.231,5.097,210.96,304.457,7.477,96.713,0.0,2.175
20030906,15.724,13.165,3.523,17.714,4.307,148.053,325.92,8.368,96.214,0.046,2.092
20030907,15.627,13.773,0.938,17.069,2.286,127.013,346.02,4.435,95.973,4.178,1.163
20030908,12.485,11.038,0.83,13.61,1.21,81.267,339.548,1.537,95.283,4.034,1.817
20030909,12.467,10.85,2.208,13.725,3.611,180.158,314.466,3.824,95.437,0.001,1.434
20030910,12.178,11.019,0.795,13.08,2.019,131.201,335.844,2.884,95.641,14.081,2.751
20030911,10.312,10.38,0.992,10.258,1.131,51.277,347.96,1.288,95.544,21.035,5.242
20030912,12.892,11.862,0.783,13.694,1.649,94.532,346.983,2.938,96.714,0.321,3.155
20030913,12.425,10.569,1.248,13.868,2.022,137.494,325.285,4.329,97.308,0.2,2.722
20030914,11.674,9.09,2.93,13.683,4.47,136.772,321.172,3.692,97.494,0.024,1.697
20030915,12.463,10.343,2.8,14.258,4.456,183.077,309.008,3.781,97.121,0.0,1.47
20030916,14.476,11.916,2.198,16.641,4.64,178.459,317.306,5.243,96.738,0.0,1.696
20030917,14.072,11.058,3.404,16.846,4.548,163.5,313.896,5.968,96.707,0.473,1.47
20030918,15.764,11.841,3.556,19.373,6.044,187.847,305.705,8.573,96.417,0.0,2.104
20030919,17.202,13.158,4.272,20.923,5.905,183.474,313.027,9.976,96.373,0.0,2.118
20030920,18.083,14.261,4.417,21.599,6.44,181.247,318.988,10.671,96.576,0.0,1.539
20030921,18.16,14.477,3.036,21.548,4.648,177.439,322.695,10.196,96.371,0.0,2.409
20030922,18.76,15.735,3.671,21.543,5.546,175.776,323.852,11.707,95.584,0.0,2.851
20030923,11.823,12.342,4.927,11.346,1.652,93.314,327.356,3.788,95.545,6.773,4.415
20030924,7.722,5.804,1.811,9.486,3.252,115.465,291.604,3.243,97.24,0.015,2.089
20030925,9.038,6.213,3.739,11.637,5.074,162.531,280.377,5.073,97.34,0.0,2.356
20030926,11.972,9.059,3.599,14.651,5.261,165.493,293.855,6.37,96.362,0.0,2.377
20030927,10.666,9.355,0.895,11.872,2.086,63.352,322.853,2.956,96.178,0.3,1.679
20030928,9.23,8.543,2.039,9.863,2.126,71.047,325.723,1.174,95.668,5.114,1.932
20030929,9.288,8.92,1.575,9.656,0.51,46.628,329.818,1.311,95.491,4.6,3.589
20030930,7.373,5.596,2.099,9.149,4.034,139.628,291.503,2.667,96.073,0.009,1.379
20031001,8.854,7.453,3.857,10.256,4.427,128.974,305.631,2.873,95.63,1.228,2.22
20031002,12.366,11.167,1.012,13.566,1.443,69.951,352.959,2.325,95.554,1.041,2.557
20031003,11.727,11.314,2.556,12.141,2.645,46.422,347.13,1.53,95.215,9.975,2.968
20031004,10.845,9.926,2.259,11.765,0.987,97.07,326.336,2.672,94.818,9.554,3.054
20031005,7.179,6.3,0.654,8.059,1.275,78.502,307.023,1.975,95.056,0.847,2.337
20031006,5.537,5.296,1.213,5.798,0.791,81.694,307.465,1.727,95.261,2.425,5.445
20031007,6.335,6.55,0.758,6.103,0.266,78.336,314.397,1.726,94.228,7.29,5.875
20031008,7.025,5.8,0.826,8.355,1.171,66.907,325.953,1.599,94.95,10.028,5.508
20031009,8.556,8.2,1.076,8.943,1.372,68.281,327.598,2.117,95.521,2.069,5.126
20031010,11.325,10.794,0.589,11.902,0.751,43.357,350.492,2.272,95.859,0.708,5.068
20031011,9.994,9.291,0.535,10.759,0.959,91.242,319.146,2.964,96.392,0.398,3.618
20031012,6.705,5.201,2.026,8.483,2.108,93.994,294.943,2.488,96.922,0.008,1.801
20031013,4.49,2.5,2.628,6.842,4.128,115.527,276.419,2.117,96.976,0.0,1.989
20031014,3.835,2.612,1.314,5.28,2.631,108.05,276.274,2.129,97.294,0.0,2.789
20031015,3.833,2.039,1.965,5.953,2.915,69.657,295.313,2.086,97.527,0.005,2.257
20031016,3.204,1.892,1.894,4.754,3.014,89.98,284.53,1.985,97.47,0.006,2.551
20031017,2.801,1.382,1.912,4.477,3.444,118.06,254.278,2.085,97.115,0.0,3.012
20031018,2.084,0.171,2.727,4.345,4.555,121.913,243.566,2.279,96.208,0.0,2.45
20031019,1.613,-0.421,1.854,4.018,4.004,116.741,251.454,1.813,95.364,0.0,1.616
20031020,1.437,0.607,2.183,2.417,2.092,56.249,288.202,1.334,94.674,0.08,2.064
20031021,2.579,2.152,0.763,3.084,0.95,45.12,297.819,1.057,95.026,2.031,1.573
20031022,2.496,2.117,0.779,2.943,0.359,50.952,302.951,0.844,95.755,1.212,2.268
20031023,-0.456,-1.095,0.957,0.299,1.363,81.942,260.351,1.284,95.792,0.057,3.891
20031024,-1.769,-2.355,3.01,-1.015,2.819,106.419,246.765,1.898,96.001,0.086,1.626
20031025,2.17,1.667,1.464,2.816,1.344,47.605,304.538,1.765,95.895,1.888,4.708
20031026,3.619,3.498,0.241,3.788,0.49,45.81,314.113,1.165,95.525,5.13,3.379
20031027,2.898,2.356,1.25,3.657,1.052,44.057,305.608,1.175,96.242,1.244,0.913
20031028,1.27,-0.114,2.101,3.206,3.606,89.117,260.496,1.47,96.081,0.0,1.64
20031029,3.407,2.744,2.554,4.336,1.86,27.272,311.966,2.014,94.562,0.553,2.341
20031030,4.819,4.8,0.736,4.845,1.163,38.776,321.351,1.288,93.69,1.061,2.564
20031031,5.462,5.059,2.001,6.026,1.843,37.205,311.566,1.941,93.244,2.105,3.377
20031101,7.164,6.622,0.966,7.923,0.628,27.122,316.242,1.828,93.723,1.525,3.295
20031102,7.552,7.102,0.584,8.181,0.977,61.001,308.035,2.511,94.889,0.111,4.117
20031103,9.258,8.746,0.422,9.976,0.444,39.535,324.191,2.694,95.294,2.611,5.887
20031104,7.502,6.34,1.559,9.128,1.521,69.789,290.737,2.695,96.994,0.084,3.474
20031105,4.628,3.575,2.174,6.103,3.674,81.566,272.587,1.751,97.624,0.0,1.808
20031106,3.933,2.375,1.727,6.115,3.556,81.068,263.42,1.86,97.558,0.0,2.66
20031107,2.302,1.871,1.672,2.905,1.109,23.66,310.453,0.901,97.631,0.124,4.412
20031108,4.674,4.066,0.774,5.525,1.255,50.557,292.876,1.822,96.879,0.012,5.254
20031109,4.092,3.053,1.436,5.547,3.32,76.864,266.383,1.385,96.845,0.215,1.994
20031110,0.972,1.196,0.79,0.63,0.334,36.501,304.348,0.596,96.955,0.026,2.678
20031111,1.242,0.224,1.044,2.794,2.219,69.504,255.045,1.356,96.793,0.0,2.404
20031112,-0.63,-2.097,1.0,1.609,2.539,74.207,243.913,1.569,96.528,0.0,2.227
20031113,-0.114,-0.29,3.058,0.18,1.83,25.5,294.713,0.789,96.746,1.164,1.386
20031114,3.798,3.761,0.845,3.859,0.79,24.104,325.496,0.798,96.479,0.375,1.932
20031115,5.325,4.509,1.154,6.685,1.372,34.19,312.423,1.552,95.947,0.125,3.2
20031116,3.087,2.754,2.002,3.64,1.785,32.962,312.216,0.883,95.678,7.989,1.817
20031117,4.735,4.138,0.597,5.731,0.426,16.96,320.695,1.208,96.167,5.046,4.552
20031118,6.159,6.347,1.826,5.845,0.919,6.95,339.411,1.137,96.392,0.655,4.911
20031119,9.947,9.802,0.481,10.188,0.577,20.446,349.581,1.762,96.342,0.189,4.996
20031120,8.704,8.374,1.221,9.255,0.251,22.408,329.289,1.443,96.09,0.169,3.067
20031121,7.214,6.77,0.345,7.953,1.202,51.117,299.427,1.657,95.682,0.01,2.745
20031122,7.851,7.434,1.762,8.546,1.714,32.865,299.034,2.187,95.401,0.586,3.035
20031123,8.565,8.004,0.877,9.501,1.325,42.138,309.146,2.923,95.181,0.293,2.521
20031124,9.07,7.834,1.669,11.13,2.01,38.627,310.85,2.958,95.113,0.435,2.447
20031125,7.79,7.345,0.886,8.532,2.02,40.601,299.839,1.878,95.331,0.929,2.007
20031126,6.723,6.284,1.228,7.455,1.04,26.772,304.795,1.297,94.925,0.088,2.229
20031127,5.383,5.154,0.962,5.764,1.319,24.561,323.066,1.003,94.354,0.898,1.602
20031128,5.251,5.222,0.505,5.304,0.199,4.546,332.68,0.962,95.091,16.929,3.021
20031129,4.765,4.724,0.384,4.841,0.409,8.867,331.713,0.924,95.713,0.587,1.628
20031130,4.621,4.573,0.45,4.708,0.453,36.234,317.256,1.246,95.385,0.592,2.822
20031201,3.965,3.343,0.829,5.098,1.488,32.383,283.668,1.112,95.352,0.001,2.721
20031202,2.438,2.173,0.707,2.922,1.341,39.78,282.019,0.86,95.898,0.0,2.353
20031203,1.668,1.361,0.693,2.229,1.234,31.256,300.201,0.639,96.494,0.019,1.324
20031204,2.416,2.234,0.813,2.748,0.454,14.408,325.027,0.621,96.832,0.427,3.045
20031205,2.161,2.19,0.252,2.106,0.091,20.863,317.457,0.857,96.971,0.152,1.757
20031206,1.672,1.096,2.172,2.723,1.168,31.363,282.056,1.561,96.471,0.591,4.094
20031207,-3.131,-3.754,1.91,-1.997,1.432,38.029,246.834,1.02,97.358,0.229,2.142
20031208,-4.186,-5.291,1.477,-2.173,2.778,47.665,229.737,1.04,97.031,0.0,1.312
20031209,-2.39,-3.669,2.192,-0.059,3.501,46.077,245.722,1.675,96.456,0.0,1.666
20031210,-1.031,-1.912,1.704,0.575,2.877,45.788,243.567,1.791,95.853,0.0,2.275
20031211,-0.315,-0.597,1.168,0.199,1.096,34.457,274.135,1.473,95.782,1.611,4.265
20031212,1.771,1.204,1.148,2.804,0.502,41.459,282.955,1.093,96.286,0.958,3.222
20031213,6.668,6.171,3.384,7.575,1.417,4.251,340.651,1.113,95.486,10.324,6.346
20031214,5.466,5.988,2.262,4.515,0.314,23.093,313.647,1.429,94.619,12.583,6.639
20031215,-0.172,-0.251,0.803,-0.026,0.369,33.834,267.114,1.189,95.398,2.269,6.308
20031216,0.938,0.891,1.187,1.024,0.703,33.602,270.121,1.118,96.518,1.164,4.597
20031217,2.326,1.913,0.879,3.077,0.578,24.781,289.493,1.142,96.885,0.464,2.661
20031218,-0.722,-1.316,0.693,0.362,1.915,38.299,253.137,0.884,96.696,0.0,1.756
20031219,0.222,-0.19,1.782,0.974,1.337,37.514,267.669,1.055,96.233,0.0,2.74
20031220,4.797,4.733,1.698,4.914,0.685,6.825,330.605,1.148,95.839,1.305,3.981
20031221,4.655,5.031,2.295,3.97,0.415,28.5,305.916,1.8,94.147,5.411,7.375
20031222,-1.57,-1.802,2.445,-1.148,0.677,29.563,256.624,0.975,95.496,2.075,4.421
20031223,-6.459,-6.532,2.985,-6.326,3.786,40.672,230.098,0.65,96.798,0.006,2.577
20031224,-3.397,-3.729,1.397,-2.791,1.764,45.785,247.299,1.395,97.212,0.001,3.314
20031225,-0.712,-0.776,1.398,-0.595,0.644,18.671,312.543,1.583,96.714,0.064,4.36
20031226,1.903,1.686,0.503,2.301,0.443,19.216,306.064,1.192,95.807,0.073,4.046
20031227,3.377,2.952,0.314,4.152,0.414,16.283,292.116,1.586,94.739,1.97,5.183
20031228,4.547,4.131,1.082,5.306,0.885,24.952,300.805,1.972,94.054,1.218,5.194
20031229,0.804,0.444,1.708,1.462,0.492,29.097,275.022,1.659,95.23,0.068,3.61
20031230,-2.562,-2.82,0.813,-2.093,1.786,36.683,248.187,0.865,95.866,0.003,1.307
20031231,-1.085,-1.39,0.552,-0.528,0.44,19.168,286.096,1.061,96.578,0.139,2.288
20040101,-3.39,-3.671,0.784,-2.877,0.938,23.108,266.717,0.773,96.016,0.067,2.691
20040102,-4.501,-4.61,0.796,-4.304,0.705,19.97,273.233,0.929,96.064,0.255,3.135
20040103,-5.533,-5.83,1.299,-4.991,0.758,33.208,252.541,1.047,96.546,0.223,1.701
20040104,-4.702,-4.548,2.782,-4.984,0.424,19.946,283.929,0.751,95.772,3.647,2.992
20040105,-1.422,-1.445,1.664,-1.38,0.487,21.073,293.724,0.927,96.16,1.016,2.948
20040106,-0.735,-0.807,1.931,-0.604,0.491,8.257,308.138,0.871,96.168,7.054,3.74
20040107,2.327,1.975,0.634,2.968,0.33,22.014,304.974,0.914,96.053,0.076,2.838
20040108,1.414,1.089,0.295,2.006,1.094,33.59,288.42,1.13,95.573,0.098,2.712
20040109,2.024,1.746,0.997,2.529,0.809,13.027,314.445,0.83,94.657,2.886,2.803
20040110,2.429,1.991,0.562,3.226,0.328,22.338,303.388,0.954,95.489,1.795,3.108
20040111,4.417,4.082,2.55,5.028,1.173,7.039,321.93,1.1,95.058,6.726,4.369
20040112,2.83,2.473,1.025,3.483,0.563,27.641,305.366,1.341,94.362,10.773,4.041
20040113,4.015,3.842,1.603,4.33,1.445,6.758,318.252,1.268,93.492,4.928,5.014
20040114,3.451,3.277,0.673,3.766,0.677,37.837,287.121,2.016,93.808,4.811,5.838
20040115,1.801,1.809,0.545,1.787,0.896,32.913,286.741,1.267,94.455,2.495,4.403
20040116,2.671,2.672,1.014,2.669,0.863,33.239,295.773,1.542,93.912,4.603,6.349
20040117,2.613,2.169,0.944,3.352,0.511,36.335,282.29,1.831,94.084,0.614,3.796
20040118,-1.038,-1.434,1.669,-0.377,0.273,37.965,271.152,1.109,95.976,1.487,2.244
20040119,-1.252,-1.352,1.69,-1.085,0.745,17.096,291.342,1.115,95.442,9.663,5.303
20040120,-0.532,-0.316,0.998,-0.892,0.55,27.703,290.844,1.05,95.04,4.804,3.052
20040121,-2.29,-2.513,1.264,-1.918,0.199,37.648,262.148,1.221,96.091,0.812,1.707
20040122,-4.556,-5.148,0.682,-3.57,1.06,50.952,242.334,1.043,96.398,0.015,1.266
20040123,-2.663,-3.12,1.346,-1.9,1.385,50.369,264.339,1.321,96.275,0.042,1.498
20040124,-3.158,-3.383,0.589,-2.784,1.023,43.456,266.458,1.672,95.818,2.189,2.389
20040125,-0.594,-1.138,1.174,0.311,0.572,29.046,301.068,0.854,95.496,1.55,2.75
20040126,-1.069,-1.513,0.841,-0.328,0.801,46.738,280.233,1.007,95.024,0.137,1.832
20040127,-2.947,-2.952,0.367,-2.939,0.081,20.924,288.885,0.973,94.421,0.245,2.02
20040128,-2.067,-2.389,0.95,-1.53,0.665,37.404,275.77,1.189,94.211,0.933,3.156
20040129,-1.549,-1.486,0.74,-1.655,0.746,56.723,269.884,1.303,94.166,3.895,5.175
20040130,-0.596,-0.819,0.707,-0.224,0.424,50.16,280.068,1.633,95.326,3.731,5.961
20040131,1.919,1.834,3.819,2.06,1.515,29.187,297.077,2.008,95.077,1.936,6.539
20040201,7.835,7.658,0.696,8.105,0.329,25.07,321.343,2.816,95.505,1.045,7.105
20040202,8.162,8.24,0.82,8.042,0.574,15.361,337.248,1.691,96.138,9.779,5.018
20040203,9.466,9.408,0.698,9.546,1.089,35.621,321.566,2.138,96.924,0.026,4.542
20040204,10.279,10.331,1.255,10.206,1.333,41.692,302.519,3.902,96.908,0.035,5.431
20040205,10.314,10.5,0.416,10.054,0.617,23.842,329.989,3.757,96.573,0.073,5.299
20040206,11.023,10.979,0.768,11.084,0.978,54.963,324.316,4.356,96.029,0.064,5.299
20040207,6.593,7.003,2.57,6.019,0.343,59.127,295.372,3.058,95.299,4.683,6.806
20040208,1.343,1.399,1.372,1.264,0.214,50.661,278.31,1.39,94.918,9.135,6.331
20040209,0.0,-0.077,0.395,0.108,0.268,65.174,269.386,1.229,96.445,2.255,5.953
20040210,0.363,-0.292,0.368,1.278,0.648,38.194,297.132,1.491,96.936,5.031,4.743
20040211,1.102,0.194,1.066,2.375,0.711,35.982,307.131,0.993,96.366,5.037,3.338
20040212,-1.217,-1.424,1.792,-0.927,1.169,30.572,284.533,1.301,97.345,0.27,1.516
20040213,3.241,2.813,1.918,3.84,1.202,27.049,323.823,0.898,97.228,0.806,3.288
20040214,4.874,4.587,0.324,5.276,0.613,26.897,326.977,1.06,96.793,0.578,2.353
20040215,3.773,3.48,1.034,4.182,0.185,29.273,313.992,1.226,96.599,0.656,2.636
20040216,1.346,1.102,0.769,1.688,1.218,66.434,275.94,1.254,96.977,0.017,1.386
20040217,0.238,-0.006,1.707,0.58,1.373,68.343,284.121,0.999,96.82,0.227,2.253
20040218,1.686,0.748,1.105,2.892,0.995,61.953,288.796,1.78,96.296,0.67,3.09
20040219,-1.664,-1.776,0.606,-1.521,0.448,54.895,277.948,1.327,96.672,0.958,4.299
20040220,-2.141,-2.726,1.378,-1.449,2.475,114.681,232.229,1.872,96.802,0.007,5.151
20040221,-1.743,-2.724,1.846,-0.583,2.339,109.425,247.899,1.873,95.889,0.0,2.966
20040222,-0.545,-1.237,0.73,0.274,1.036,77.773,277.624,2.062,94.952,0.042,2.145
20040223,-1.772,-2.547,0.65,-0.857,1.099,71.81,252.67,1.679,95.455,0.229,3.098
20040224,-2.205,-3.198,2.61,-1.031,3.116,98.538,243.648,2.057,95.681,0.084,2.996
20040225,-0.978,-1.629,0.409,-0.208,0.934,98.023,267.748,1.43,94.818,3.366,3.807
20040226,-1.711,-2.32,0.514,-0.993,1.29,103.678,256.339,1.804,94.426,0.311,2.538
20040227,-2.664,-3.679,1.551,-1.463,2.652,111.996,238.407,1.56,94.243,0.379,1.948
20040228,-2.568,-3.94,1.768,-0.946,2.553,110.625,239.253,1.457,94.643,1.412,1.673
20040229,-2.733,-3.599,1.299,-1.709,2.084,112.684,242.984,1.359,95.923,0.269,2.133
20040301,-1.984,-2.395,1.472,-1.499,1.853,88.19,277.318,1.477,96.985,0.905,3.326
20040302,1.214,0.656,1.203,1.874,0.771,44.18,310.968,0.922,96.85,3.08,4.122
20040303,1.441,1.243,0.361,1.675,0.734,42.93,304.493,1.63,96.998,0.993,3.654
20040304,-0.619,-1.214,1.223,0.085,1.675,86.478,273.218,1.698,96.899,0.521,2.502
20040305,-2.299,-3.404,1.816,-1.099,2.851,148.046,221.524,2.139,96.608,0.0,3.742
20040306,-2.925,-2.968,1.421,-2.881,1.45,50.447,276.764,1.25,96.0,2.788,2.622
20040307,0.307,-0.56,0.599,1.174,1.453,84.49,284.724,1.465,96.31,0.825,2.669
20040308,-0.198,-0.561,0.736,0.164,2.072,109.122,275.081,1.753,96.917,0.606,2.081
20040309,-1.265,-1.744,0.338,-0.786,1.128,91.075,281.06,1.125,97.017,2.248,2.707
20040310,-1.17,-1.456,0.209,-0.885,0.469,75.483,285.192,0.715,96.618,4.114,3.294
20040311,-0.43,-1.029,0.799,0.17,0.989,71.138,286.013,1.084,96.36,0.159,2.682
20040312,1.876,0.994,3.045,2.758,2.876,144.452,271.602,2.266,95.964,0.013,2.587
20040313,6.203,5.43,1.058,6.976,1.135,69.315,317.626,2.569,96.087,0.969,3.014
20040314,6.48,5.344,2.034,7.615,2.693,136.46,285.32,2.536,96.872,0.12,3.215
20040315,8.967,8.06,1.296,9.874,1.875,85.915,315.35,3.791,97.122,0.022,3.984
20040316,10.101,8.164,1.482,12.038,2.713,98.567,308.857,3.437,97.335,0.084,3.175
20040317,10.227,7.117,4.219,13.338,5.907,173.105,279.133,5.089,97.126,0.0,2.446
20040318,11.294,9.39,3.91,13.199,4.804,149.249,301.895,4.845,96.632,0.002,1.808
20040319,10.752,10.593,0.894,10.899,0.89,84.402,324.387,4.173,95.982,2.969,5.389
20040320,9.15,9.393,1.804,8.926,2.18,65.379,332.859,2.215,95.148,4.768,7.04
20040321,7.536,7.213,2.341,7.833,1.12,138.671,297.807,3.361,94.678,5.341,7.035
20040322,4.467,3.153,1.289,5.675,1.148,137.154,285.406,2.129,95.096,3.63,4.759
20040323,3.136,1.806,2.157,4.359,2.616,150.857,271.812,2.078,95.572,0.538,1.466
20040324,3.446,2.452,0.7,4.287,1.53,99.192,294.825,2.261,95.665,0.425,4.041
20040325,1.662,0.838,0.758,2.358,1.451,102.814,286.23,2.312,95.921,0.425,3.229
20040326,-1.141,-2.344,0.621,-0.123,1.493,140.894,257.37,1.753,96.074,0.972,2.419
20040327,-0.294,-1.62,2.589,0.827,3.075,150.138,260.55,2.31,96.003,0.002,0.514
20040328,2.816,0.638,3.883,4.659,4.019,169.12,266.646,3.35,96.167,0.0,1.24
20040329,3.492,-0.048,2.889,6.487,4.732,199.541,260.365,3.461,96.47,0.0,1.651
20040330,5.919,2.815,3.796,8.545,4.606,211.094,257.933,4.118,96.344,0.0,3.43
20040331,5.938,3.709,2.66,7.824,4.123,215.617,256.136,3.903,95.835,0.0,2.416
20040401,7.335,5.299,3.083,8.918,4.292,189.275,278.829,3.97,95.775,0.0,3.092
20040402,9.673,7.744,3.477,11.173,4.705,189.015,288.205,4.6,95.751,0.006,3.195
20040403,9.224,7.296,2.411,10.723,2.795,143.204,297.588,4.165,96.243,0.009,2.823
20040404,8.343,6.764,0.792,9.57,1.349,110.872,300.362,3.127,96.111,2.541,3.804
20040405,5.69,4.344,0.266,6.737,1.452,172.491,290.615,2.352,95.471,3.361,3.499
20040406,4.21,3.281,0.755,4.932,0.981,156.387,302.902,1.58,94.559,6.929,4.138
20040407,3.232,2.245,0.334,4.0,1.17,151.304,290.81,1.438,94.8,3.974,3.217
20040408,2.988,2.383,0.451,3.459,1.054,141.346,299.986,1.297,95.336,3.599,2.782
20040409,3.352,2.91,1.106,3.696,1.404,97.59,308.498,1.08,95.715,1.651,2.393
20040410,4.257,3.012,1.03,5.226,2.323,160.091,294.442,1.773,95.612,0.757,2.359
20040411,3.227,1.103,1.364,4.744,2.753,188.58,269.457,2.301,96.224,0.003,1.999
20040412,4.087,2.17,3.216,5.456,3.384,131.434,298.219,2.118,96.637,0.244,1.625
20040413,6.123,4.947,0.462,6.963,1.395,104.768,314.336,2.019,96.487,1.099,1.759
20040414,7.645,5.367,1.525,9.271,2.679,184.137,287.856,4.369,96.534,0.0,2.114
20040415,8.924,5.521,3.72,11.154,5.545,209.226,284.887,5.741,96.285,0.019,2.184
20040416,10.105,6.426,2.822,12.515,5.058,225.293,287.151,6.228,95.884,0.0,1.697
20040417,11.345,8.231,3.16,13.385,5.054,230.921,291.639,6.471,94.925,0.0,1.769
20040418,11.128,8.811,1.704,12.646,2.744,196.766,307.586,4.882,94.007,0.412,2.685
20040419,8.205,7.245,1.418,8.833,1.846,102.654,309.951,3.822,94.18,3.968,2.347
20040420,8.155,5.392,2.93,9.966,3.779,225.775,282.097,4.512,95.095,0.332,2.563
20040421,11.198,8.385,2.868,13.042,3.764,134.274,323.155,4.958,95.841,0.242,2.021
20040422,13.785,10.456,3.267,15.966,4.745,223.773,316.031,6.401,95.856,0.003,1.288
20040423,8.649,8.405,2.207,8.809,1.181,73.862,324.771,1.384,96.269,5.174,2.726
20040424,6.862,5.197,2.162,7.954,2.784,177.488,290.281,2.507,96.69,0.787,3.003
20040425,8.966,7.292,1.853,10.063,3.019,174.088,309.205,3.717,96.918,0.022,1.97
20040426,10.051,8.028,2.209,11.376,3.299,155.87,319.796,3.891,96.56,0.246,1.238
20040427,10.711,7.874,2.722,12.569,4.054,200.482,303.15,4.415,95.863,0.0,2.509
20040428,11.907,9.296,3.475,13.618,4.146,243.813,301.686,5.557,95.473,0.05,2.79
20040429,12.889,11.421,2.298,13.85,3.58,209.903,322.718,4.599,95.0,2.124,2.738
20040430,14.757,12.7,2.421,15.886,4.044,254.385,310.426,6.169,94.609,0.0,4.062
20040501,13.262,11.405,1.194,14.28,2.858,188.52,328.344,3.506,94.803,8.136,2.381
20040502,11.081,10.329,1.261,11.494,1.155,93.649,343.892,2.425,95.148,9.372,3.057
20040503,11.054,7.691,2.053,12.898,4.046,235.112,305.917,3.653,94.857,4.614,1.842
20040504,12.968,10.461,2.669,14.342,3.342,223.068,319.34,4.209,93.873,1.803,2.291
20040505,10.302,9.946,1.384,10.498,0.384,97.916,337.002,2.402,93.405,4.32,1.695
20040506,8.005,7.601,0.278,8.226,0.632,37.81,339.397,0.962,93.693,32.065,2.821
20040507,5.3,5.696,1.0,5.083,0.847,23.028,333.732,0.783,93.832,32.263,4.776
20040508,7.505,5.772,0.885,8.456,1.771,157.082,318.188,2.364,94.387,1.164,3.684
20040509,7.852,6.401,2.31,8.647,1.994,108.193,326.784,2.507,94.772,0.444,1.571
20040510,11.584,9.891,1.561,12.513,2.526,193.061,334.305,2.856,95.355,0.726,2.63
20040511,11.449,9.321,0.662,12.617,2.304,176.217,321.534,2.798,95.841,4.001,2.42
20040512,8.491,7.951,0.323,8.788,1.049,182.486,326.694,2.234,95.971,0.055,2.456
20040513,8.304,7.706,1.059,8.632,2.164,108.839,330.46,2.42,96.043,0.875,1.947
20040514,9.431,7.931,0.805,10.253,1.871,120.411,328.693,2.272,96.545,1.752,1.23
20040515,10.247,8.54,3.603,11.183,2.908,171.035,317.457,2.586,96.773,0.489,3.235
20040516,11.63,10.298,0.839,12.36,2.822,230.327,318.991,4.83,96.881,0.035,2.906
20040517,12.156,9.996,2.836,13.341,3.308,172.674,327.914,4.197,96.823,0.032,1.4
20040518,13.814,10.209,2.276,15.791,3.696,208.573,322.967,5.466,96.589,0.039,2.237
20040519,14.424,11.628,3.611,15.822,4.707,304.512,298.856,7.252,96.485,0.0,2.766
20040520,12.96,11.009,1.109,13.847,2.749,184.418,318.628,4.783,96.252,0.215,2.152
20040521,8.575,8.053,2.122,8.813,1.09,97.924,313.842,1.793,95.959,8.632,2.21
20040522,5.904,4.066,1.739,6.74,2.851,240.916,282.226,3.159,96.363,1.354,3.947
20040523,6.312,4.247,1.164,7.251,2.662,275.105,277.428,3.481,96.409,0.982,4.621
20040524,6.814,4.8,3.245,7.73,3.234,193.298,297.752,3.093,96.637,0.55,2.826
20040525,9.499,7.965,0.831,10.196,2.062,190.82,307.234,3.367,96.327,0.615,2.811
20040526,8.554,6.605,1.251,9.441,1.662,193.331,305.035,3.751,96.179,0.182,2.48
20040527,7.723,5.103,2.676,8.913,3.137,186.342,300.689,3.372,96.518,0.252,2.001
20040528,9.992,7.018,2.631,11.344,3.875,229.691,298.408,4.254,96.869,0.9,1.369
20040529,12.64,9.09,2.847,14.254,4.846,297.122,294.454,6.823,96.933,0.0,1.375
20040530,14.8,10.747,2.955,16.642,4.852,299.27,301.923,8.295,96.552,0.0,2.009
20040531,12.216,10.121,0.588,13.168,1.788,151.582,322.254,3.356,96.153,5.615,1.546
20040601,11.632,9.389,1.281,12.652,3.003,229.464,321.627,2.832,96.078,0.894,1.315
20040602,12.641,10.67,1.56,13.536,2.287,210.731,326.938,2.991,96.122,2.087,1.67
20040603,14.949,12.035,1.075,16.273,3.128,253.51,320.659,6.115,96.557,0.145,2.594
20040604,11.958,10.49,0.66,12.625,1.522,125.414,332.183,2.058,96.284,4.212,1.954
20040605,11.321,11.022,0.291,11.457,0.982,175.662,336.807,1.683,95.849,4.994,2.905
20040606,13.828,11.63,1.812,14.827,3.13,194.212,332.145,4.375,96.317,0.224,1.606
20040607,16.554,12.966,3.934,18.185,4.982,238.934,336.271,6.875,96.425,0.0,1.516
20040608,19.18,15.255,2.958,20.964,5.021,293.7,336.769,8.306,96.427,0.079,1.728
20040609,20.411,16.937,1.868,21.99,3.816,265.77,354.281,7.473,96.319,1.779,2.014
20040610,18.884,16.586,0.565,19.929,2.298,228.413,359.868,4.96,96.279,4.159,2.002
20040611,17.13,15.313,1.217,17.956,1.605,217.766,356.452,4.749,96.032,5.964,3.34
20040612,12.311,11.062,1.364,12.879,1.02,228.175,317.222,2.565,96.101,8.771,2.66
20040613,12.361,10.442,1.378,13.233,2.163,209.168,324.28,2.627,96.847,1.34,2.977
20040614,13.67,11.053,3.398,14.859,3.954,270.115,313.188,4.809,97.064,0.0,2.277
20040615,16.508,13.073,0.943,18.07,3.032,228.925,345.894,5.062,96.134,0.543,4.034
20040616,11.639,10.101,0.974,12.338,2.296,165.257,323.744,4.826,96.048,0.1,4.076
20040617,13.859,10.729,1.587,15.281,3.37,258.007,325.352,4.598,95.402,7.345,4.341
20040618,12.303,11.071,0.482,12.863,1.369,207.669,325.288,2.798,94.97,7.059,3.234
20040619,11.042,9.203,1.975,11.878,0.808,253.021,316.852,2.902,94.868,2.139,3.022
20040620,10.678,7.579,3.671,12.086,3.886,268.387,292.726,5.013,95.139,0.445,1.775
20040621,11.553,9.106,1.441,12.665,2.651,240.608,316.844,3.802,95.526,2.487,2.398
20040622,13.148,10.624,2.525,14.295,2.782,246.236,322.237,3.669,95.92,0.775,2.176
20040623,15.06,12.489,1.237,16.229,2.715,160.352,342.276,3.991,95.132,4.566,4.218
20040624,13.699,12.089,0.943,14.43,1.294,217.162,325.695,6.236,95.248,0.226,6.162
20040625,11.826,10.456,1.105,12.448,1.555,209.93,313.53,4.287,95.902,0.929,4.593
20040626,13.454,10.625,1.577,14.619,3.404,211.293,322.76,5.829,96.503,0.007,2.248
20040627,15.515,13.237,2.163,16.453,3.21,211.221,348.819,4.455,96.185,3.278,2.205
20040628,15.301,13.742,0.79,16.01,1.75,229.613,326.845,5.547,96.532,0.68,3.641
20040629,13.928,11.847,1.45,14.873,2.793,251.329,316.065,5.81,96.647,0.454,2.788
20040630,15.549,13.33,2.418,16.557,3.576,210.681,332.56,5.988,96.173,0.0,1.722
20040701,15.04,13.059,1.812,15.94,1.273,209.438,327.24,5.663,95.503,0.961,2.959
20040702,12.18,10.143,1.215,13.105,2.316,223.106,317.781,3.482,95.663,4.477,2.897
20040703,12.173,10.42,0.67,12.97,1.526,254.363,317.05,2.859,95.761,5.632,4.273
20040704,13.609,11.059,1.177,14.768,2.773,208.844,326.545,5.138,95.989,0.515,3.384
20040705,13.934,11.437,1.231,15.069,2.483,194.87,335.387,3.881,96.003,3.437,2.524
20040706,13.395,9.868,1.475,14.998,3.288,255.264,311.27,5.59,96.462,0.188,1.98
20040707,15.167,11.897,3.055,16.653,4.12,269.151,327.713,6.789,96.164,3.641,2.887
20040708,15.303,14.144,1.18,15.83,2.509,139.405,348.712,2.346,95.526,8.935,1.726
20040709,14.615,13.2,0.991,15.258,1.141,230.55,333.569,4.034,95.375,1.832,4.813
20040710,12.092,10.519,0.976,12.808,1.312,206.498,321.51,2.967,95.699,3.578,3.696
20040711,11.627,9.239,1.793,12.713,2.671,236.652,312.129,3.924,95.43,0.474,3.736
20040712,11.162,10.412,0.512,11.503,0.793,82.385,339.183,1.837,95.283,3.202,4.062
20040713,11.263,10.522,0.429,11.599,1.043,92.353,343.091,2.583,95.743,0.695,3.777
20040714,13.075,11.189,1.906,13.932,3.09,177.673,333.011,4.451,96.05,1.939,3.175
20040715,15.452,14.203,1.087,16.02,1.419,90.452,367.365,2.716,95.872,1.135,2.999
20040716,17.606,15.498,1.018,18.564,1.755,198.186,360.753,4.259,95.937,1.214,3.236
20040717,18.812,14.957,1.945,20.74,4.159,278.995,344.76,6.46,96.014,3.152,1.836
20040718,19.0,16.093,0.466,20.453,3.706,196.51,361.896,5.232,95.981,8.436,2.09
20040719,18.241,15.681,0.863,19.52,2.213,258.608,346.869,5.997,96.188,0.777,2.487
20040720,17.971,15.346,1.666,19.284,2.924,144.191,361.061,3.831,95.915,13.623,2.58
20040721,19.441,16.738,1.777,20.792,3.562,255.664,346.419,6.539,96.031,0.017,1.918
20040722,19.391,17.55,0.863,20.312,3.227,219.006,359.985,4.797,96.296,5.842,1.291
20040723,20.283,17.202,1.799,21.823,4.06,226.716,356.93,6.201,96.288,3.94,1.732
20040724,17.193,15.603,2.308,17.989,1.496,192.94,348.082,4.908,96.533,2.845,2.566
20040725,15.073,11.622,1.132,16.798,3.581,186.664,340.822,5.349,96.203,1.197,2.416
20040726,11.845,10.631,0.382,12.452,1.497,116.715,340.364,1.711,95.864,8.441,1.724
20040727,13.144,10.725,1.713,14.354,2.867,211.222,319.355,4.141,96.324,0.417,2.146
20040728,14.892,11.539,1.467,16.569,3.743,189.887,325.532,6.049,96.475,0.005,1.411
20040729,15.921,11.76,3.426,18.001,4.474,277.013,313.892,7.564,96.355,0.0,2.407
20040730,18.695,14.395,2.836,20.845,5.008,257.291,336.077,9.81,96.322,0.0,1.62
20040731,20.091,16.417,1.721,21.928,4.105,231.371,348.507,9.446,96.324,0.294,1.108
20040801,18.98,16.368,1.163,20.412,2.862,237.16,340.299,6.877,96.192,0.121,1.812
20040802,18.331,14.966,2.384,20.177,4.29,232.926,335.226,7.913,96.044,0.035,1.461
20040803,18.878,15.183,2.254,20.905,4.466,237.477,335.934,8.245,95.658,0.042,1.126
20040804,20.156,16.251,2.538,22.298,4.563,227.605,348.683,10.311,95.631,0.001,1.886
20040805,21.118,17.65,2.506,23.02,4.593,266.179,340.517,11.33,95.751,0.0,2.525
20040806,21.362,18.359,1.242,23.009,3.802,264.84,341.256,11.239,95.859,0.0,2.654
20040807,20.753,17.21,2.388,22.695,4.505,276.115,331.302,11.874,95.922,0.0,3.142
20040808,21.047,18.028,2.565,22.859,4.005,256.714,338.318,11.708,95.766,0.011,3.583
20040809,21.377,18.204,2.359,23.281,4.328,265.218,332.809,13.605,95.868,0.0,3.351
20040810,21.943,18.784,2.88,23.838,4.391,268.848,340.256,14.324,95.881,0.0,3.54
20040811,19.971,18.435,1.451,20.892,2.059,155.686,360.805,8.629,95.712,0.163,1.417
20040812,20.097,16.023,1.265,22.542,4.768,216.144,353.999,8.682,95.352,5.123,1.944
20040813,15.719,14.532,0.668,16.431,1.401,161.46,350.027,3.402,95.093,1.899,4.647
20040814,15.844,14.496,0.954,16.652,2.06,120.229,356.519,3.551,95.64,1.497,2.306
20040815,17.153,14.63,1.584,18.666,3.011,174.463,346.125,4.879,96.283,0.847,2.083
20040816,18.343,15.576,3.058,20.002,3.498,185.419,348.607,6.774,95.539,0.053,3.02
20040817,18.82,17.048,0.556,19.883,1.873,151.902,357.706,4.774,95.278,0.911,2.844
20040818,19.799,17.765,2.054,21.132,3.519,212.052,347.798,7.582,95.265,0.2,3.069
20040819,19.289,17.805,1.108,20.261,2.113,232.012,345.372,7.229,95.374,0.396,4.13
20040820,17.468,15.268,1.202,18.909,1.579,202.961,335.994,6.67,95.332,0.397,3.424
20040821,14.452,12.672,0.586,15.618,2.066,176.445,337.619,3.679,95.563,6.136,3.244
20040822,12.846,10.736,1.529,14.228,2.837,170.916,314.144,4.847,96.548,0.02,1.959
20040823,14.021,11.34,4.698,15.778,4.723,176.864,323.21,5.971,96.305,0.216,2.253
20040824,15.595,13.864,0.395,16.73,1.75,130.689,339.664,3.79,95.582,1.896,3.282
20040825,14.333,13.162,0.393,15.099,1.087,142.298,335.299,3.658,95.343,1.738,4.537
20040826,13.956,12.797,0.766,14.715,1.419,111.919,345.569,2.716,95.477,3.051,4.106
20040827,13.066,12.347,1.309,13.537,2.148,80.606,344.148,3.03,95.729,2.903,3.784
20040828,14.993,14.001,0.662,15.702,1.059,95.903,363.813,2.015,95.661,4.407,2.395
20040829,16.145,14.31,0.759,17.455,2.159,138.119,350.973,3.703,95.764,2.803,2.428
20040830,13.594,12.715,2.026,14.221,0.999,118.329,337.183,2.832,95.479,8.726,3.997
20040831,12.235,10.717,1.028,13.319,1.692,134.247,327.349,3.11,95.812,1.035,4.41
20040901,12.132,9.715,1.722,14.012,3.403,175.803,305.041,4.413,96.251,0.044,1.863
20040902,13.584,10.24,3.883,16.185,5.277,221.572,301.373,6.281,96.407,0.0,2.011
20040903,16.903,13.754,4.887,19.352,5.654,213.57,320.385,7.774,96.661,0.0,1.375
20040904,17.803,14.522,2.808,20.355,4.89,207.981,332.893,7.01,97.158,0.0,1.624
20040905,17.291,14.112,2.413,19.763,4.628,215.414,317.432,8.2,97.218,0.0,2.06
20040906,16.96,13.749,2.603,19.457,4.763,211.291,318.197,7.704,97.013,0.0,2.226
20040907,17.196,14.163,2.587,19.554,4.356,193.641,328.174,7.412,97.222,0.0,2.344
20040908,14.266,11.495,1.579,16.422,3.688,205.224,301.01,6.385,97.416,0.0,2.157
20040909,12.595,9.83,2.152,14.746,4.207,211.402,285.984,7.345,97.395,0.0,2.554
20040910,14.932,11.883,4.811,17.304,6.016,210.824,296.994,10.37,96.592,0.0,2.715
20040911,17.12,15.752,0.969,18.184,2.678,104.963,351.428,5.661,96.025,2.416,3.188
20040912,14.991,13.542,2.218,16.118,0.975,157.306,324.203,5.913,95.839,0.801,4.144
20040913,13.92,12.337,2.558,15.152,3.024,134.938,327.094,5.525,95.666,0.0,4.018
20040914,15.783,14.507,0.631,16.864,1.727,146.746,336.522,6.382,95.409,0.116,4.403
20040915,12.787,11.316,1.246,14.032,1.813,139.221,308.007,4.756,95.895,0.997,4.245
20040916,10.434,8.627,1.479,12.096,2.823,136.203,306.32,4.211,96.866,0.003,1.9
20040917,10.927,7.744,2.949,13.856,4.84,184.868,291.727,5.544,96.867,0.0,1.943
20040918,12.827,9.407,4.005,15.973,5.215,184.692,294.053,6.573,96.189,0.0,2.473
20040919,12.355,10.344,1.174,14.205,1.932,69.152,327.098,2.886,95.97,1.347,2.209
20040920,11.684,10.407,3.077,12.859,2.407,93.418,333.324,4.12,95.791,0.0,4.033
20040921,11.441,10.843,1.649,11.992,1.06,136.915,315.043,4.089,95.43,4.224,6.607
20040922,8.836,8.411,0.433,9.226,0.93,90.607,325.826,2.057,95.495,10.914,5.389
20040923,8.959,8.42,0.331,9.455,0.811,23.336,331.39,1.275,94.741,9.735,4.31
20040924,9.484,8.893,0.607,10.028,1.188,120.088,323.805,2.496,95.207,1.095,4.754
20040925,9.343,8.827,0.672,9.817,0.423,86.458,332.976,1.967,95.912,1.912,3.864
20040926,9.411,8.582,1.079,10.173,2.048,66.92,328.293,1.85,96.243,2.913,2.879
20040927,11.201,10.385,1.561,11.952,1.131,28.736,344.909,1.693,96.221,0.402,3.438
20040928,12.363,12.115,1.637,12.61,1.523,48.565,349.826,1.75,96.102,0.313,3.313
20040929,11.755,11.108,1.917,12.402,0.778,81.515,335.688,2.119,95.74,4.715,4.14
20040930,9.681,8.365,0.948,10.996,1.801,82.067,326.483,2.928,96.369,0.18,2.116
20041001,10.351,8.901,1.999,11.801,2.889,103.828,321.72,2.936,96.433,2.04,1.573
20041002,10.761,9.016,1.351,12.506,1.899,94.654,321.173,2.088,96.296,3.579,2.295
20041003,10.427,8.155,1.04,12.698,3.096,126.244,301.994,2.97,96.578,0.088,2.215
20041004,12.955,11.232,3.811,14.679,4.043,119.033,316.552,3.953,96.047,0.0,2.948
20041005,16.764,14.789,1.75,18.912,2.973,110.184,332.854,5.347,95.733,0.185,3.231
20041006,12.654,11.935,1.375,13.436,0.547,65.712,343.381,2.036,95.901,1.403,2.178
20041007,9.558,7.79,1.024,11.48,2.556,124.026,287.455,3.042,96.212,0.01,2.618
20041008,7.085,5.791,0.777,8.493,2.05,90.271,298.944,1.679,96.052,0.001,1.075
20041009,6.744,5.273,0.757,8.344,2.42,95.285,299.687,1.9,96.157,0.001,1.534
20041010,5.624,4.404,0.862,6.95,2.115,103.266,288.21,2.142,96.166,0.0,3.407
20041011,4.467,3.303,1.086,5.843,1.881,79.46,281.726,2.271,96.673,0.021,4.695
20041012,3.288,2.138,2.462,4.648,3.856,134.777,243.444,2.872,96.663,0.0,4.27
20041013,5.519,3.837,2.892,7.506,4.125,119.993,275.287,2.893,96.148,0.0,2.104
20041014,6.719,5.295,1.711,8.401,2.688,104.916,294.567,1.977,95.292,0.289,2.306
20041015,7.758,7.139,0.855,8.488,1.539,76.743,312.955,1.892,94.579,5.647,2.616
20041016,6.298,5.16,1.469,7.644,1.056,66.514,299.753,2.038,94.509,0.475,2.565
20041017,6.072,5.395,1.399,6.872,1.151,60.66,312.552,1.684,94.531,2.306,3.868
20041018,7.664,6.923,0.701,8.539,0.927,72.121,308.435,2.355,94.953,1.365,4.912
20041019,5.813,4.573,1.364,7.279,3.068,102.879,271.456,1.681,95.55,0.0,1.833
20041020,8.152,7.396,3.964,9.046,2.643,38.191,331.246,1.768,95.197,4.88,3.396
20041021,12.032,10.273,2.398,14.11,0.743,80.808,308.935,3.552,95.418,0.114,3.936
20041022,9.522,7.884,2.276,11.458,3.37,104.229,280.924,3.561,96.077,0.0,3.142
20041023,12.716,11.619,2.817,14.127,2.104,73.076,314.04,3.515,95.682,0.26,4.602
20041024,14.617,13.608,1.023,15.914,2.473,97.44,305.586,4.484,95.458,0.0,3.718
20041025,13.399,12.324,1.064,14.905,1.062,87.895,314.801,4.163,95.386,0.653,3.952
20041026,8.887,8.245,1.188,9.785,1.238,45.854,321.373,2.187,95.624,0.349,1.735
20041027,6.993,6.46,1.61,7.74,2.424,77.273,308.306,1.925,95.329,0.0,2.51
20041028,9.181,8.655,1.529,9.917,2.076,37.201,331.362,1.535,94.743,0.414,2.047
20041029,9.828,8.777,1.13,11.3,2.032,51.73,318.415,1.503,94.588,2.264,1.134
20041030,8.458,8.075,1.1,8.995,1.16,36.541,333.701,0.862,95.039,2.925,2.073
20041031,8.776,8.391,0.429,9.315,0.706,32.091,339.825,1.496,96.115,0.25,1.446
20041101,7.602,7.218,0.29,8.141,0.642,26.977,343.484,1.217,96.376,0.224,3.738
20041102,6.704,6.97,0.903,6.332,0.335,15.307,344.54,0.976,96.368,0.365,3.954
20041103,9.493,9.205,1.059,9.895,1.404,41.751,331.623,1.298,96.297,0.564,1.543
20041104,9.825,9.552,0.976,10.209,1.225,46.352,340.569,1.323,96.304,0.177,1.629
20041105,7.577,7.309,2.008,7.952,0.579,58.636,310.527,2.234,96.615,0.108,3.635
20041106,4.655,4.072,0.411,5.47,0.563,33.404,295.802,1.348,96.315,4.15,3.859
20041107,4.042,3.653,0.376,4.587,0.733,41.459,297.321,1.533,96.248,0.309,3.146
20041108,2.111,1.474,0.826,3.003,1.002,47.246,289.407,1.267,96.184,0.851,1.831
20041109,0.336,0.25,0.29,0.469,0.254,14.895,313.256,0.755,95.426,13.087,3.022
20041110,0.76,0.323,0.406,1.427,0.536,36.792,297.181,1.031,95.198,1.139,2.494
20041111,1.582,1.266,0.494,2.064,0.647,35.366,300.265,0.917,96.146,0.067,1.481
20041112,2.298,1.874,0.705,3.003,1.408,48.607,296.181,1.013,96.242,0.391,2.613
20041113,2.403,2.003,1.284,3.07,0.65,41.119,300.614,0.891,96.298,4.696,4.002
20041114,1.345,0.839,0.791,2.189,1.567,45.468,282.757,0.932,97.193,0.135,2.044
20041115,0.947,0.672,1.372,1.403,1.389,42.398,298.102,0.882,96.86,0.384,2.594
20041116,4.576,4.489,1.633,4.721,0.679,5.3,334.887,0.85,96.56,2.722,3.89
20041117,7.69,7.813,1.205,7.485,0.955,6.146,343.734,1.414,96.103,1.622,5.803
20041118,5.99,5.764,3.275,6.368,1.451,14.452,332.765,1.369,95.244,18.816,5.32
20041119,0.32,0.522,1.299,-0.016,0.091,34.907,294.089,0.799,94.83,22.764,4.294
20041120,0.268,0.158,0.195,0.451,0.399,39.342,282.613,1.151,95.876,1.235,5.204
20041121,0.294,-0.257,0.568,1.213,1.175,52.838,269.392,1.19,96.568,0.067,3.493
20041122,5.046,4.421,3.907,6.086,1.936,8.417,333.11,1.264,95.701,5.747,5.787
20041123,5.065,4.705,3.442,5.663,0.926,34.914,297.344,1.687,96.278,3.993,4.771
20041124,-1.42,-2.168,1.322,-0.175,2.133,48.61,243.94,0.996,97.505,0.0,1.02
20041125,-1.582,-2.642,1.337,0.184,2.767,54.402,243.821,1.303,97.074,0.0,1.533
20041126,-0.494,-0.634,1.737,-0.26,0.978,37.51,271.386,1.202,96.511,0.185,3.17
20041127,4.431,3.933,1.35,5.338,0.841,17.834,324.92,1.13,96.406,1.099,3.267
20041128,4.785,4.312,0.579,5.647,0.518,13.363,315.711,1.2,95.865,0.666,2.022
20041129,4.347,3.946,0.495,5.078,0.566,26.06,309.864,0.885,95.888,0.214,1.241
20041130,2.366,2.172,0.342,2.72,0.675,19.346,311.102,0.847,95.866,0.029,3.337
20041201,2.428,1.975,0.626,3.254,0.575,19.291,299.96,1.132,95.224,0.111,2.107
20041202,1.982,1.435,1.188,2.978,0.354,18.841,305.237,1.062,95.431,0.412,1.506
20041203,0.471,0.216,0.92,0.936,1.09,21.501,304.28,0.858,96.253,0.1,1.177
20041204,0.36,-0.074,1.437,1.152,0.632,40.552,266.32,0.94,97.157,0.03,1.526
20041205,-1.219,-1.342,2.223,-0.996,1.523,24.672,291.519,0.683,97.075,0.124,2.138
20041206,2.201,1.809,0.723,2.914,0.572,13.432,320.116,0.878,97.094,0.343,2.659
20041207,2.078,2.056,0.241,2.119,0.44,25.565,309.464,1.187,97.207,0.224,1.495
20041208,1.813,1.206,1.822,2.919,0.669,22.887,306.104,1.135,97.385,0.123,1.019
20041209,-1.962,-2.186,0.606,-1.553,0.829,42.29,249.557,0.656,97.216,0.003,2.191
20041210,-2.752,-3.703,1.283,-1.017,2.461,44.797,243.936,0.799,96.889,0.0,1.641
20041211,-3.571,-4.22,1.375,-2.388,2.227,46.473,243.284,0.658,97.047,0.004,1.316
20041212,-1.728,-1.982,0.878,-1.265,0.673,30.686,275.596,0.597,97.278,0.088,1.251
20041213,-2.621,-2.825,0.652,-2.249,0.264,30.703,268.351,0.626,97.238,0.014,1.054
20041214,-3.771,-4.289,0.329,-2.827,1.16,41.142,248.245,0.8,97.115,0.003,1.734
20041215,-2.06,-3.029,1.811,-0.293,2.266,44.105,247.116,1.338,96.666,0.0,2.512
20041216,-0.701,-1.079,2.216,-0.011,1.928,41.431,264.008,1.267,95.679,0.326,3.489
20041217,2.702,2.188,0.55,3.639,0.388,11.538,317.9,1.117,94.118,5.736,4.367
20041218,1.233,0.936,0.362,1.775,0.564,36.28,286.019,1.241,94.487,7.077,5.315
20041219,-0.38,-0.684,1.607,0.175,0.273,34.046,262.177,1.033,94.942,0.342,2.783
20041220,-3.116,-3.88,1.496,-1.721,2.278,43.45,224.412,1.174,96.342,0.0,1.524
20041221,-4.797,-5.698,0.788,-3.155,2.501,44.486,220.255,1.01,96.606,0.0,1.772
20041222,-3.873,-3.717,2.106,-4.156,0.82,18.317,276.646,0.93,96.091,1.151,4.783
20041223,2.574,2.656,2.944,2.424,1.473,5.467,327.055,1.029,95.012,2.264,6.192
20041224,5.558,5.286,0.428,6.053,0.258,16.533,324.669,1.55,94.678,1.795,5.614
20041225,4.151,4.194,2.472,4.073,0.712,18.695,311.433,1.512,94.027,3.923,4.084
20041226,0.318,0.284,0.454,0.379,0.648,15.95,299.743,0.79,94.793,2.528,2.41
20041227,-0.301,-0.559,0.458,0.169,0.247,14.614,295.858,0.974,95.67,0.562,3.29
20041228,-1.212,-1.299,0.896,-1.052,0.64,26.487,275.785,1.262,95.1,2.077,3.886
20041229,1.038,0.928,0.276,1.241,0.356,15.769,298.022,1.007,96.309,0.458,3.287
20041230,0.401,0.211,1.255,0.747,0.709,8.697,302.414,1.167,97.16,0.055,3.869
20041231,3.192,3.046,1.421,3.458,0.902,5.708,328.792,0.988,96.582,1.171,4.266
20050101,4.896,4.984,0.337,4.735,0.169,20.431,323.016,1.418,96.416,0.418,3.542
20050102,3.834,4.107,1.764,3.337,0.143,31.087,288.985,2.293,95.921,1.642,6.054
20050103,3.191,3.163,0.893,3.243,0.827,22.729,302.438,1.677,96.763,5.106,5.803
20050104,5.183,4.635,0.833,6.184,0.235,19.317,315.05,2.439,96.649,0.437,5.95
20050105,3.572,3.382,0.152,3.92,0.303,15.985,322.71,1.298,96.631,1.984,4.245
20050106,4.364,3.783,0.499,5.424,0.349,31.372,295.063,1.847,96.769,2.041,4.808
20050107,6.355,5.864,1.759,7.25,0.832,16.066,309.217,2.03,96.856,0.023,5.97
20050108,7.048,6.619,1.216,7.829,1.564,37.628,288.667,3.183,95.959,0.319,6.985
20050109,4.598,3.963,0.741,5.756,1.191,37.626,272.291,2.608,96.651,0.003,4.918
20050110,7.415,6.561,1.278,8.971,1.025,42.32,287.789,2.189,96.554,0.001,4.875
20050111,6.091,5.604,0.624,6.979,0.842,15.389,316.532,1.945,96.702,0.096,4.347
20050112,6.272,5.91,1.022,6.932,0.109,10.132,318.048,1.797,96.426,0.577,4.156
20050113,2.594,2.296,0.86,3.138,0.47,39.012,281.371,1.614,96.593,1.797,4.532
20050114,0.787,0.314,0.397,1.576,0.965,34.723,267.609,1.297,97.13,0.725,2.832
20050115,-0.904,-1.69,0.981,0.407,1.833,34.98,269.13,0.999,97.292,0.009,1.232
20050116,-1.781,-2.99,1.883,0.234,2.768,56.617,233.434,1.589,96.9,0.0,2.193
20050117,0.229,0.045,1.729,0.537,1.15,32.091,287.498,1.138,96.301,0.029,3.539
20050118,2.853,2.269,0.978,3.826,0.589,19.355,314.583,1.131,94.341,7.34,5.014
20050119,1.175,0.52,0.956,2.267,0.945,45.714,268.671,1.403,94.978,2.067,4.661
20050120,4.716,3.86,2.006,6.142,0.317,23.626,319.23,1.597,94.358,16.412,7.219
20050121,2.059,1.985,1.001,2.182,0.416,34.954,289.575,1.353,94.405,4.084,6.58
20050122,1.159,0.751,0.302,1.838,0.703,41.038,276.666,1.063,95.34,2.463,5.108
20050123,-0.148,-0.358,0.406,0.201,0.945,46.745,278.453,1.185,95.742,2.483,4.047
20050124,-2.674,-2.81,0.549,-2.446,0.221,41.881,262.811,1.035,95.668,1.628,4.373
20050125,-3.467,-3.691,0.51,-3.093,0.18,37.76,272.177,0.871,96.189,2.821,3.495
20050126,-5.121,-5.388,0.311,-4.677,0.637,48.652,267.915,0.727,96.608,0.47,3.999
20050127,-5.966,-6.153,1.168,-5.654,1.148,46.025,267.55,0.537,96.087,0.784,1.537
20050128,-7.688,-8.824,2.022,-5.795,2.05,53.0,253.949,0.399,95.656,0.822,1.178
20050129,-10.277,-11.26,3.686,-8.638,4.11,46.425,248.856,0.442,96.472,0.106,1.144
20050130,-3.826,-4.066,2.218,-3.427,0.291,23.566,297.847,0.67,96.854,2.201,3.207
20050131,0.947,0.69,1.014,1.376,0.781,14.669,316.605,0.802,96.228,9.603,4.921
20050201,1.011,0.666,0.205,1.537,0.809,64.015,272.703,1.6,96.223,0.969,4.435
20050202,1.826,1.655,0.921,2.088,0.815,10.762,314.696,0.957,96.555,3.53,4.107
20050203,2.005,1.651,1.042,2.545,0.22,27.101,307.514,1.201,97.036,0.758,2.878
20050204,0.436,-0.42,0.857,1.635,1.524,39.539,282.741,1.344,97.446,0.05,1.214
20050205,-2.17,-2.986,0.963,-1.026,2.072,85.477,225.828,1.809,96.958,0.0,2.45
20050206,-4.264,-5.127,1.56,-3.056,2.594,87.306,219.684,1.457,96.981,0.0,2.24
20050207,-4.381,-5.405,1.292,-2.948,2.672,90.767,220.362,1.492,97.013,0.0,2.087
20050208,-3.958,-4.601,1.551,-3.058,1.465,59.394,264.479,1.201,97.073,0.525,1.535
20050209,-2.279,-3.277,4.099,-0.882,3.441,72.159,264.605,1.15,97.204,0.485,2.174
20050210,2.823,2.587,1.08,3.152,0.466,22.212,306.4,1.27,96.628,5.364,5.113
20050211,3.626,3.43,0.768,3.901,0.283,12.503,330.243,0.668,96.197,9.987,1.89
20050212,5.737,4.245,1.626,7.826,1.67,8.27,328.95,1.253,94.38,13.158,5.619
20050213,1.221,1.093,1.396,1.4,0.427,66.488,285.934,1.415,93.554,4.758,5.938
20050214,-0.564,-1.136,0.461,0.236,1.006,80.873,264.309,1.355,94.258,2.801,4.66
20050215,-2.091,-2.547,0.355,-1.453,0.278,54.216,283.997,0.876,95.258,3.048,4.311
20050216,-2.703,-2.893,0.377,-2.437,0.371,49.076,288.812,0.852,96.157,1.534,4.235
20050217,-3.404,-3.705,1.166,-2.983,0.303,49.34,285.907,0.883,96.555,0.699,2.17
20050218,-4.829,-5.158,1.028,-4.407,1.658,69.788,265.668,1.162,96.195,0.631,2.449
20050219,-2.306,-2.916,0.983,-1.523,1.091,67.242,285.247,0.836,95.072,2.301,2.699
20050220,-1.131,-1.756,0.337,-0.392,0.957,74.907,272.736,1.126,94.929,0.624,2.143
20050221,-1.792,-2.305,0.678,-1.186,1.348,76.5,261.225,1.108,95.207,0.988,3.232
20050222,-3.782,-3.741,0.513,-3.829,0.415,54.174,286.279,1.065,95.152,2.662,4.72
20050223,-3.67,-4.355,1.286,-2.859,0.548,71.191,285.209,0.804,95.08,2.488,2.348
20050224,-7.966,-9.438,3.125,-6.226,4.203,125.713,225.983,0.8,95.673,0.004,1.619
20050225,-5.707,-6.83,4.782,-4.38,3.535,89.152,276.692,0.669,95.84,0.653,0.96
20050226,-1.774,-2.3,0.831,-1.151,0.582,67.14,295.284,0.641,95.535,4.588,2.135
20050227,-8.633,-9.993,2.86,-7.026,1.078,117.072,227.173,0.681,96.011,0.688,3.759
20050228,-11.577,-13.027,5.37,-9.862,5.316,134.001,217.175,0.774,96.294,0.083,2.592
20050301,-7.112,-7.911,1.835,-6.167,2.154,124.199,232.946,1.36,95.262,0.03,3.643
20050302,-5.57,-6.57,2.356,-4.387,3.214,127.467,243.813,1.801,94.873,0.119,2.808
20050303,-5.318,-6.202,2.172,-4.274,3.393,124.961,252.224,1.234,95.251,0.297,1.859
20050304,-4.246,-4.92,0.979,-3.449,1.47,94.715,271.973,1.006,95.452,0.502,1.284
20050305,-5.846,-6.939,1.677,-4.554,2.147,107.1,249.473,0.859,95.0,0.128,2.322
20050306,-6.451,-7.677,1.673,-5.119,0.956,113.663,254.239,0.902,95.924,0.584,2.825
20050307,-4.422,-5.375,5.176,-3.468,3.136,91.079,276.014,0.957,96.042,0.358,3.1
20050308,0.874,0.566,0.391,1.182,0.422,60.94,308.739,0.948,96.035,2.092,3.447
20050309,0.682,0.292,0.682,1.071,0.972,64.748,298.035,1.087,96.55,4.105,2.987
20050310,-1.97,-2.699,1.015,-1.241,2.042,113.898,261.549,1.754,96.968,0.056,1.681
20050311,0.284,-0.402,1.436,0.969,0.992,44.272,298.61,1.36,95.058,7.565,5.839
20050312,0.561,0.084,0.508,1.037,0.936,135.815,278.228,1.53,94.142,3.867,5.808
20050313,1.037,0.056,0.57,2.018,1.488,121.705,269.559,1.604,95.132,1.313,3.567
20050314,2.138,0.901,0.884,3.375,1.795,106.239,275.233,2.424,95.685,0.705,2.758
20050315,5.125,3.48,3.265,6.77,3.289,162.586,267.338,3.791,96.324,0.0,2.957
20050316,10.943,9.112,3.739,12.773,4.185,163.477,283.461,5.542,96.563,0.0,4.404
20050317,12.134,11.472,0.392,12.797,1.096,75.124,331.827,4.928,96.435,1.76,6.058
20050318,11.278,10.388,0.442,12.169,1.481,98.339,344.191,3.266,96.655,0.148,5.11
20050319,5.383,5.559,3.943,5.207,2.46,27.804,324.054,1.313,96.735,2.691,3.375
20050320,1.379,-0.079,1.802,2.72,3.139,176.765,249.653,2.469,96.706,0.0,2.27
20050321,2.602,0.514,2.96,4.523,4.266,184.656,248.43,3.255,96.31,0.0,2.566
20050322,6.185,4.039,5.014,8.159,5.375,172.611,272.932,5.069,95.88,0.012,2.528
20050323,10.443,8.731,2.049,12.018,2.531,118.847,324.973,3.373,96.181,2.834,1.672
20050324,8.443,6.514,2.565,10.217,4.338,182.763,288.841,2.357,96.185,0.005,1.792
20050325,7.595,6.465,0.596,8.552,1.438,48.203,322.476,0.939,95.964,6.432,1.632
20050326,7.752,6.229,1.818,9.04,3.282,141.455,310.868,1.983,95.449,0.363,1.477
20050327,8.9,7.777,1.536,9.85,2.088,125.214,321.817,1.634,95.195,2.06,2.554
20050328,7.948,8.089,0.569,7.828,0.81,76.5,336.02,1.063,95.612,1.102,2.325
20050329,8.11,7.304,0.707,8.792,1.566,108.278,318.574,1.994,95.807,0.418,2.299
20050330,7.115,5.966,1.02,8.087,2.099,170.036,284.556,3.032,96.099,0.251,3.863
20050331,5.142,3.247,1.785,6.746,3.579,216.394,249.441,4.111,96.791,0.0,3.484
20050401,5.269,2.82,2.897,7.341,4.349,221.161,245.669,4.713,97.123,0.0,2.781
20050402,6.671,3.783,4.198,8.917,5.66,225.589,249.727,5.711,96.887,0.0,2.633
20050403,8.932,6.007,4.591,11.207,6.159,226.089,258.663,7.043,96.748,0.0,1.924
20050404,10.644,7.627,2.921,12.992,5.72,215.299,276.178,7.474,96.63,0.0,1.598
20050405,6.831,5.705,1.141,7.707,1.003,66.425,303.478,2.691,96.619,1.324,2.179
20050406,8.113,6.298,4.241,9.525,3.941,138.993,313.714,3.694,96.226,2.394,3.194
20050407,9.522,8.283,1.271,10.485,0.865,125.025,315.643,3.254,94.825,6.286,4.42
20050408,6.108,4.969,1.048,6.994,1.131,169.361,295.398,2.327,94.612,2.699,2.465
20050409,2.208,1.903,2.027,2.445,0.757,84.139,292.096,1.374,95.599,3.254,2.909
20050410,4.214,2.962,3.031,5.187,2.237,146.252,298.495,1.969,96.486,1.904,2.862
20050411,6.221,5.433,2.236,6.833,2.803,181.21,302.19,2.396,97.026,0.006,1.389
20050412,8.194,7.21,2.109,8.897,2.615,129.038,321.281,2.736,96.441,0.485,1.148
20050413,9.487,7.619,1.659,10.822,3.175,144.034,314.917,3.712,95.573,0.515,1.297
20050414,10.887,8.38,1.954,12.678,3.207,171.453,311.828,4.818,95.142,0.564,1.768
20050415,12.419,9.411,2.42,14.567,4.205,220.686,301.276,5.568,94.908,3.394,2.175
20050416,12.801,10.622,2.775,14.229,3.912,229.828,301.099,5.825,94.696,0.309,3.736
20050417,11.77,10.927,0.64,12.322,2.168,138.567,336.355,2.596,94.363,5.632,3.651
20050418,11.682,10.201,1.529,12.652,2.904,191.803,322.26,2.674,94.502,8.141,1.601
20050419,10.408,9.728,0.773,10.853,1.255,114.39,336.709,2.372,94.677,3.461,2.807
20050420,6.118,4.941,1.543,6.888,1.975,217.777,281.035,4.045,95.371,0.667,4.238
20050421,3.157,1.375,2.696,4.325,3.934,265.346,243.212,3.988,96.164,0.0,1.405
20050422,5.953,2.817,3.434,8.008,4.629,213.731,278.097,4.752,95.976,0.0,1.421
20050423,7.991,4.846,3.695,10.051,4.952,234.207,279.513,5.593,95.689,0.0,2.219
20050424,8.918,7.637,3.044,9.756,3.453,185.356,308.109,4.567,95.571,0.221,2.903
20050425,7.436,7.757,0.691,7.226,0.921,100.353,330.809,2.365,95.283,4.421,3.373
20050426,8.44,7.905,0.878,8.79,1.248,95.522,333.975,1.763,95.766,4.111,1.631
20050427,9.554,7.603,0.86,10.832,1.515,188.384,309.505,2.965,95.871,6.535,3.209
20050428,9.816,7.126,3.131,11.579,4.018,208.331,291.002,4.933,96.487,0.035,2.33
20050429,10.063,8.218,2.594,11.271,2.012,78.683,330.28,2.671,96.43,1.046,1.74
20050430,13.518,11.568,2.601,14.795,3.227,136.954,344.575,3.773,96.122,0.264,0.986
20050501,17.269,13.742,3.084,19.203,5.286,261.897,324.501,7.452,95.732,0.01,1.499
20050502,19.245,15.531,2.603,21.282,4.18,261.087,326.137,10.881,95.74,0.001,2.755
20050503,14.894,13.312,0.904,15.762,2.091,186.383,336.931,4.025,95.701,9.309,2.408
20050504,11.52,10.515,0.469,12.071,1.254,180.702,323.078,2.555,95.546,9.533,2.522
20050505,9.168,8.822,1.235,9.357,2.043,245.533,314.778,3.675,95.771,0.997,3.8
20050506,7.389,5.519,0.474,8.414,1.683,161.058,315.131,2.384,95.496,4.032,4.11
20050507,5.366,4.058,0.356,6.084,1.326,108.305,310.897,1.369,94.984,13.011,4.285
20050508,4.98,3.381,0.449,5.857,1.847,239.926,285.093,1.968,95.225,3.552,3.922
20050509,5.067,3.358,0.696,6.004,1.831,248.769,280.588,2.175,95.406,3.679,3.149
20050510,5.523,3.515,1.175,6.624,2.406,235.453,283.042,2.66,95.863,1.597,2.888
20050511,6.258,4.294,1.442,7.336,2.314,218.117,289.32,2.728,96.378,1.379,2.974
20050512,6.233,3.699,2.298,7.622,3.394,243.465,277.371,3.185,96.612,0.0,1.963
20050513,9.242,6.529,4.455,10.73,4.213,272.539,287.465,4.9,96.384,0.0,3.118
20050514,9.155,9.277,0.329,9.088,0.301,87.388,341.151,1.994,95.522,16.41,2.319
20050515,8.705,7.447,1.291,9.395,1.117,242.823,308.6,2.61,95.601,1.336,3.678
20050516,9.388,6.606,2.954,10.913,3.538,208.641,303.733,3.712,95.664,0.282,1.859
20050517,6.172,6.224,1.089,6.144,0.423,116.198,326.399,1.364,95.798,1.281,1.622
20050518,6.234,3.602,1.806,7.678,2.9,204.594,292.947,3.27,96.335,0.72,2.037
20050519,8.857,5.592,3.029,10.648,4.928,297.232,277.286,5.274,96.761,0.0,1.673
20050520,12.889,10.031,4.614,14.318,4.459,212.85,316.373,6.049,96.329,0.44,2.513
20050521,15.106,13.432,0.821,15.867,2.302,149.291,339.138,4.804,95.798,5.53,2.852
20050522,14.796,13.191,0.367,15.526,2.02,225.079,341.381,3.163,95.672,6.164,1.846
20050523,12.581,11.464,1.516,13.089,0.824,136.634,334.856,2.235,95.997,4.682,1.921
20050524,12.29,9.521,2.294,13.548,3.746,240.842,304.78,5.146,96.683,0.051,2.293
20050525,15.356,11.563,3.054,17.081,4.024,208.759,331.495,6.629,96.846,0.052,1.957
20050526,18.234,13.75,3.121,20.272,4.872,308.108,321.144,8.813,96.568,0.0,2.268
20050527,20.611,16.216,2.96,22.609,5.122,296.043,335.922,11.058,96.172,0.0,1.611
20050528,22.654,18.199,3.373,24.68,5.306,305.508,342.38,12.784,96.025,0.0,2.084
20050529,20.035,18.363,1.075,20.795,2.951,290.201,345.678,7.687,96.166,0.0,1.938
20050530,13.202,13.034,3.101,13.279,1.851,115.041,356.615,2.418,95.966,2.944,2.645
20050531,10.035,8.339,0.738,10.807,2.154,201.642,315.402,3.724,96.681,0.703,3.718
20050601,9.302,6.955,1.777,10.368,3.08,247.78,293.774,4.156,96.61,0.0,2.41
20050602,11.636,8.62,4.553,13.007,4.11,152.084,326.245,3.691,96.153,0.584,2.308
20050603,17.753,13.829,3.534,19.537,5.046,307.956,328.896,8.362,95.633,0.11,2.423
20050604,14.489,12.918,1.88,15.203,0.965,238.726,331.271,5.034,95.559,2.03,4.649
20050605,11.429,10.32,0.3,11.933,1.425,178.715,329.934,2.523,95.89,7.998,4.075
20050606,9.88,8.959,1.078,10.299,0.658,152.775,330.756,2.373,96.157,7.517,3.085
20050607,8.212,7.064,1.251,8.733,2.268,257.154,298.096,3.41,96.995,1.244,4.368
20050608,9.365,7.109,1.136,10.39,2.489,206.437,305.219,3.914,97.573,0.402,2.684
20050609,10.724,7.584,2.305,12.151,3.941,244.572,300.537,5.271,97.196,0.224,1.815
20050610,11.177,8.608,2.61,12.345,3.077,198.141,321.736,4.059,96.288,0.101,2.457
20050611,8.542,7.708,1.005,8.921,1.601,144.054,319.079,3.455,95.687,0.535,3.063
20050612,9.131,7.014,1.971,10.094,2.746,215.778,301.835,3.849,95.396,1.101,2.238
20050613,12.118,8.786,2.425,13.632,2.966,248.943,300.46,5.734,95.108,0.601,2.967
20050614,13.835,9.76,2.831,15.687,4.249,195.783,329.685,4.892,95.6,2.593,1.412
20050615,16.959,13.902,3.734,18.348,4.568,286.226,322.554,8.416,96.21,0.0,1.07
20050616,16.918,13.801,2.044,18.334,3.437,233.222,335.221,6.392,96.577,0.115,2.128
20050617,17.048,15.761,1.436,17.633,1.437,105.913,378.013,3.845,96.829,0.586,3.181
20050618,16.434,14.438,1.629,17.341,3.066,313.204,322.958,7.433,96.917,0.119,2.775
20050619,17.282,13.585,3.489,18.962,4.985,318.437,316.285,8.992,96.585,0.0,1.444
20050620,19.969,16.623,2.401,21.49,4.633,315.442,331.278,9.9,96.258,0.0,1.678
20050621,21.175,16.705,2.029,23.207,4.977,252.739,347.84,10.788,96.124,0.227,1.677
20050622,17.351,15.373,1.052,18.165,2.608,286.536,332.019,6.729,96.515,0.003,2.422
20050623,19.134,15.755,3.422,20.67,4.686,315.881,328.962,10.112,96.536,0.0,1.494
20050624,21.735,18.764,3.078,23.086,4.059,281.729,353.45,10.9,96.001,0.02,1.478
20050625,20.333,18.088,1.098,21.354,2.754,204.903,370.029,5.758,95.898,5.014,2.576
20050626,17.367,15.641,0.874,18.151,2.307,193.568,362.263,5.228,96.627,0.949,1.309
20050627,17.849,13.801,1.989,19.516,4.296,274.062,332.06,7.887,96.47,0.001,1.47
20050628,17.517,13.535,1.962,19.156,4.309,325.993,310.635,9.144,96.105,0.0,1.68
20050629,16.545,14.395,2.605,17.523,3.644,199.306,345.891,6.1,95.439,0.626,1.401
20050630,14.967,14.511,1.065,15.174,1.026,96.398,358.069,2.23,95.257,11.389,1.31
20050701,14.634,13.09,0.586,15.335,1.594,173.117,350.263,2.428,95.634,3.305,2.529
20050702,16.734,14.651,2.039,17.681,3.183,236.008,342.668,5.529,96.375,0.227,1.57
20050703,18.836,16.539,1.798,19.881,2.693,165.936,366.7,5.426,96.261,0.47,1.102
20050704,20.105,15.369,1.0,22.257,4.289,288.679,351.179,9.309,95.448,2.683,3.289
20050705,13.101,11.73,1.006,13.725,1.882,157.469,328.14,4.557,95.728,0.047,2.317
20050706,13.008,10.34,2.063,14.221,3.321,178.694,326.505,4.105,95.418,5.573,2.127
20050707,12.335,11.798,0.629,12.579,0.703,107.285,341.664,2.218,95.438,3.898,2.007
20050708,12.669,10.366,1.539,13.716,2.805,240.43,317.546,3.482,95.918,0.244,1.447
20050709,13.896,11.543,2.79,14.965,3.694,212.836,331.85,3.791,96.329,0.09,1.672
20050710,18.856,15.247,1.898,20.496,3.942,252.695,350.339,8.163,96.569,1.899,2.912
20050711,19.025,15.401,2.055,20.672,4.012,283.569,328.414,10.316,96.868,0.046,2.641
20050712,20.548,16.937,2.754,22.19,4.523,251.112,348.695,11.378,96.893,0.003,2.296
20050713,21.313,17.937,1.994,22.847,4.568,260.267,348.814,12.229,96.612,0.001,1.35
20050714,20.446,17.303,1.247,21.874,3.499,237.923,349.953,9.629,96.394,0.214,1.174
20050715,20.218,16.011,1.845,22.13,4.499,240.997,348.431,9.449,95.916,3.109,2.542
20050716,17.674,14.846,1.429,18.959,3.112,248.641,337.355,7.251,95.823,0.404,2.212
20050717,16.454,14.054,2.504,17.545,3.781,303.607,317.913,7.851,95.943,0.0,1.951
20050718,19.106,14.74,4.083,21.29,5.383,296.781,336.356,10.247,95.434,0.167,1.46
20050719,17.025,15.732,1.175,17.671,1.334,224.954,338.995,5.976,95.71,0.407,4.073
20050720,14.979,12.603,1.349,16.167,1.831,158.998,337.72,6.365,96.027,1.06,5.183
20050721,13.386,11.653,1.492,14.253,2.136,89.237,348.855,4.408,95.677,1.43,6.055
20050722,11.996,11.536,0.767,12.225,0.552,38.931,362.349,1.525,95.451,4.685,4.078
20050723,12.492,11.204,0.85,13.137,1.878,115.37,347.006,3.966,95.383,0.316,2.858
20050724,16.366,13.484,2.394,17.807,4.063,216.442,348.031,6.389,95.294,3.518,2.324
20050725,18.079,15.859,0.909,19.189,2.304,179.921,360.812,5.885,95.001,2.337,3.319
20050726,16.41,14.602,0.574,17.315,1.632,175.587,349.851,4.288,95.451,1.029,3.276
20050727,19.587,16.604,3.563,21.079,5.092,225.667,368.051,7.834,95.671,0.244,1.458
20050728,23.302,19.882,2.276,25.012,4.483,280.411,367.345,11.533,95.643,1.445,1.693
20050729,22.159,19.337,1.275,23.57,3.025,244.005,372.638,8.78,95.697,0.645,1.205
20050730,18.844,16.853,1.116,19.839,1.825,210.704,353.73,6.501,95.65,0.276,3.244
20050731,16.713,13.887,1.344,18.125,3.215,226.408,328.079,7.178,95.739,0.204,3.648
20050801,15.672,13.199,1.006,16.909,2.629,188.988,339.731,6.222,96.113,0.04,2.716
20050802,14.719,12.746,2.882,15.802,3.2,152.373,342.74,5.379,96.346,0.14,1.683
20050803,15.451,14.02,0.979,16.235,2.049,141.651,348.501,5.28,96.259,1.094,1.898
20050804,14.558,12.927,1.155,15.452,2.601,198.327,329.156,5.497,96.582,0.607,3.353
20050805,14.281,11.586,2.155,15.759,3.748,170.698,337.288,5.065,96.276,7.279,2.719
20050806,12.363,11.228,1.964,12.986,1.704,190.493,332.128,3.473,95.898,2.336,3.614
20050807,10.268,8.788,0.634,11.079,1.471,193.397,315.431,2.341,95.596,4.744,2.749
20050808,11.655,10.065,2.087,12.527,2.199,158.361,324.181,3.043,95.73,2.283,2.773
20050809,12.73,11.121,0.833,13.696,1.891,152.287,334.008,4.58,95.693,0.746,3.63
20050810,11.878,10.555,1.876,12.671,1.729,130.021,330.792,3.392,95.532,2.649,3.826
20050811,13.7,12.378,1.653,14.493,2.417,125.014,343.072,4.377,95.666,0.841,3.651
20050812,15.256,12.695,0.696,16.792,3.151,194.68,341.963,4.668,95.677,5.066,1.843
20050813,13.21,12.188,0.562,13.824,1.947,152.702,341.64,4.026,96.059,0.661,2.943
20050814,13.013,12.438,0.247,13.358,0.838,79.238,342.798,2.315,95.615,12.065,2.53
20050815,14.219,12.696,1.383,15.133,2.127,135.802,344.6,3.055,96.063,1.996,1.691
20050816,14.425,12.123,1.347,15.807,2.66,165.062,337.754,3.309,96.518,0.694,2.081
20050817,14.504,11.536,2.84,16.285,4.254,210.352,325.88,4.87,96.553,0.021,2.142
20050818,17.773,14.441,2.919,19.772,4.345,241.932,329.084,7.317,96.211,0.0,2.94
20050819,19.088,15.726,2.582,21.291,4.559,215.253,342.859,8.372,95.907,1.473,2.091
20050820,16.284,15.571,0.569,16.751,0.759,85.542,365.49,2.324,96.068,11.13,1.888
20050821,16.975,15.746,1.414,17.781,2.328,96.651,370.07,2.845,96.073,5.607,2.964
20050822,18.266,16.762,0.999,19.251,2.552,175.143,362.91,5.432,95.684,0.362,3.163
20050823,15.406,14.659,0.972,15.896,0.859,120.927,359.217,2.795,95.664,0.721,3.238
20050824,15.115,13.374,0.971,16.255,2.488,107.302,347.61,3.788,95.753,0.207,1.749
20050825,14.433,13.412,0.604,15.102,1.186,33.155,358.276,3.095,95.137,5.077,3.575
20050826,12.783,10.933,0.809,13.996,2.276,170.409,316.295,4.918,95.885,0.544,3.985
20050827,13.917,11.914,2.621,15.229,3.632,147.819,332.894,5.994,96.265,0.033,1.52
20050828,15.246,12.46,2.968,17.072,4.812,202.127,325.845,7.02,96.56,0.0,0.787
20050829,17.54,14.202,2.576,19.925,5.276,231.957,319.579,8.622,96.764,0.0,1.112
20050830,17.852,14.41,2.964,20.311,4.97,229.482,323.29,8.145,96.946,0.0,2.057
20050831,19.675,16.584,3.083,21.883,4.791,224.669,332.637,8.75,96.41,0.0,3.029
20050901,21.089,17.644,2.844,23.55,4.945,210.275,349.086,10.046,96.034,0.204,2.146
20050902,18.793,17.506,1.256,19.794,1.923,131.341,366.893,5.143,96.725,2.261,2.062
20050903,16.571,14.772,1.297,17.971,2.426,152.797,345.44,5.196,97.212,0.045,2.248
20050904,17.457,15.332,1.732,19.11,3.627,206.187,334.995,7.286,96.979,0.0,2.834
20050905,17.285,14.006,2.847,19.836,4.841,218.091,312.501,9.334,96.279,0.0,2.427
20050906,17.949,14.246,3.572,20.83,5.809,213.442,322.312,9.812,95.747,0.0,1.701
20050907,19.689,15.889,2.36,22.645,5.354,212.078,327.266,11.697,95.688,0.0,1.262
20050908,19.81,15.782,3.877,22.944,5.985,201.267,339.524,11.687,95.925,0.0,1.438
20050909,20.616,17.774,2.76,22.827,4.764,161.934,346.424,12.113,95.539,0.008,1.532
20050910,19.694,17.32,1.495,21.541,3.131,121.544,359.584,8.932,95.386,0.957,1.332
20050911,15.54,15.263,0.407,15.755,0.357,31.935,377.782,1.263,95.385,7.023,1.339
20050912,15.141,14.964,0.713,15.279,0.273,45.372,371.961,1.387,95.83,1.374,2.193
20050913,13.082,11.618,1.476,14.221,2.142,125.008,332.87,4.291,96.745,0.026,1.393
20050914,13.181,11.069,4.271,14.824,3.595,130.108,336.79,3.777,96.472,0.144,3.474
20050915,16.067,14.998,0.479,16.971,1.621,96.152,366.84,3.337,95.895,9.409,3.632
20050916,11.944,11.731,3.301,12.123,1.795,55.938,344.481,2.256,94.992,10.219,3.973
20050917,8.111,6.216,1.461,9.855,2.412,152.647,287.851,3.078,96.192,0.449,2.383
20050918,7.73,4.597,2.507,10.611,4.614,179.62,275.364,3.785,96.975,0.0,1.766
20050919,8.841,5.529,3.285,11.889,4.683,184.203,277.499,4.632,96.942,0.0,2.4
20050920,9.856,6.968,2.543,12.513,4.855,182.808,279.904,4.945,96.773,0.0,1.576
20050921,10.9,8.338,2.783,13.257,4.826,162.114,295.885,4.69,96.745,0.0,1.794
20050922,11.069,8.509,3.033,13.424,4.937,172.036,294.369,4.86,96.557,0.0,2.023
20050923,12.935,9.595,3.386,16.009,5.282,147.584,321.06,4.782,96.132,0.026,1.958
20050924,13.98,11.417,3.564,16.337,4.73,162.854,315.467,5.349,96.095,0.0,1.285
20050925,14.464,11.713,2.464,16.995,4.573,152.112,322.796,5.23,95.871,0.097,1.867
20050926,13.028,11.722,1.357,14.23,2.416,98.688,333.102,3.072,96.196,4.385,1.861
20050927,12.953,11.511,1.846,14.28,2.423,75.95,332.324,3.604,96.276,0.229,2.581
20050928,12.352,11.176,1.497,13.435,0.839,98.348,337.156,3.448,96.241,2.512,2.628
20050929,9.549,8.734,0.581,10.364,1.13,74.323,315.73,2.021,95.95,5.0,3.421
20050930,10.088,9.255,1.41,10.921,2.056,84.082,332.188,3.196,96.52,0.616,2.887
20051001,10.038,10.133,0.31,9.943,0.167,17.946,350.625,1.693,95.78,9.669,3.078
20051002,9.038,8.195,0.919,9.882,1.761,80.311,315.056,1.673,96.159,0.709,1.71
20051003,9.267,8.429,2.088,10.105,2.034,62.655,333.678,1.986,96.935,0.421,2.602
20051004,12.67,12.048,1.622,13.292,1.917,75.399,350.686,2.72,96.957,0.004,4.798
20051005,12.101,11.712,0.51,12.49,1.345,95.555,333.975,1.844,96.929,0.028,4.041
20051006,12.393,11.155,0.957,13.74,2.635,129.763,310.243,1.981,96.844,0.001,3.361
20051007,11.897,10.311,1.858,13.621,3.702,137.85,296.715,3.342,96.541,0.0,3.109
20051008,11.717,9.557,2.369,14.065,4.042,132.884,306.273,3.018,96.324,0.0,1.64
20051009,10.211,7.906,1.293,12.718,2.993,111.291,307.149,2.078,96.623,0.025,1.943
20051010,10.178,8.412,2.158,12.097,3.48,118.045,295.85,1.902,96.785,0.0,1.62
20051011,10.031,7.958,1.829,12.284,4.137,132.895,281.093,3.459,96.423,0.0,2.243
20051012,9.534,7.209,2.288,12.281,4.398,129.344,284.204,3.591,96.361,0.0,1.828
20051013,8.181,5.755,2.304,11.049,4.916,127.107,280.419,2.791,96.365,0.0,1.758
20051014,8.721,6.652,2.186,11.167,4.956,124.911,281.574,2.923,96.918,0.0,1.066
20051015,8.857,7.309,1.752,10.686,4.38,121.251,285.215,2.602,97.269,0.0,1.375
20051016,6.395,5.282,1.059,7.709,2.984,117.91,271.599,2.588,97.221,0.001,3.233
20051017,6.57,5.392,1.633,7.963,2.816,96.298,284.947,2.619,97.125,0.0,3.466
20051018,5.479,3.869,1.202,7.38,2.594,109.247,266.801,2.311,96.817,0.0,3.744
20051019,5.426,4.222,3.739,6.848,4.343,106.537,277.136,3.133,96.24,0.004,2.561
20051020,10.024,9.15,2.443,11.057,2.622,94.378,315.98,2.069,95.746,0.819,2.769
20051021,11.611,11.497,1.397,11.746,1.53,54.99,336.414,1.895,95.18,2.863,3.017
20051022,13.173,12.908,0.276,13.487,0.71,46.527,341.049,2.44,94.805,2.994,5.111
20051023,11.369,10.656,1.653,12.213,0.627,57.669,330.242,2.196,95.448,3.495,3.953
20051024,9.824,9.426,1.52,10.336,1.057,40.166,332.081,1.809,96.065,4.67,3.739
20051025,13.042,12.423,1.036,13.837,1.423,65.87,330.507,3.498,95.445,0.981,5.854
20051026,12.383,11.215,1.374,14.018,1.177,64.997,320.354,4.021,96.049,0.066,4.41
20051027,12.213,10.789,1.749,14.208,2.883,79.372,328.755,2.184,96.532,0.04,1.684
20051028,12.014,10.325,2.086,14.379,4.099,93.975,297.084,3.039,96.429,0.0,2.023
20051029,11.0,9.524,1.412,13.066,2.917,88.966,298.242,2.474,96.3,0.0,2.156
20051030,10.194,8.535,1.911,12.517,3.679,89.822,294.517,3.024,96.235,0.0,2.154
20051031,8.852,7.298,1.709,11.028,3.308,87.908,293.996,2.73,95.897,0.0,2.518
20051101,8.567,8.256,0.835,9.002,1.098,29.169,323.218,1.685,95.984,3.892,2.653
20051102,8.06,7.772,2.791,8.463,2.474,33.53,312.419,1.254,96.161,0.061,2.817
20051103,12.831,11.975,0.772,14.031,1.444,80.741,316.396,2.4,95.981,1.739,3.641
20051104,10.877,10.894,0.641,10.853,0.476,26.914,332.848,1.4,95.922,1.68,2.013
20051105,8.345,8.067,1.682,8.734,0.75,60.124,313.161,2.057,96.493,3.075,2.957
20051106,6.475,5.52,1.148,7.811,1.892,57.793,304.24,1.791,96.914,0.015,2.511
20051107,5.964,5.586,1.89,6.493,1.878,50.371,302.382,1.514,96.704,0.544,3.026
20051108,7.729,6.49,0.757,9.464,2.725,64.36,298.876,2.201,96.801,0.006,2.315
20051109,6.796,5.145,1.201,9.109,3.389,69.09,280.61,2.369,96.541,0.002,2.181
20051110,6.455,5.882,0.767,7.329,0.958,14.347,326.101,1.095,97.399,1.446,2.097
20051111,7.357,7.108,0.689,7.738,0.837,33.154,328.305,1.568,97.025,0.0,3.779
20051112,6.29,5.575,1.393,7.381,1.224,65.122,283.795,2.127,96.194,0.181,2.711
20051113,5.641,4.43,1.483,7.658,2.947,60.903,289.527,1.57,96.444,0.002,1.219
20051114,4.698,4.57,0.55,4.912,0.796,21.474,332.395,0.76,96.651,0.061,1.25
20051115,3.259,3.391,0.67,3.039,0.375,29.479,312.187,1.067,95.26,8.05,4.456
20051116,3.53,3.028,1.595,4.367,0.528,32.765,306.844,1.196,94.302,4.599,3.831
20051117,1.956,1.489,0.367,2.734,0.838,37.435,291.301,1.063,95.064,2.755,3.84
20051118,0.646,0.284,0.421,1.25,0.659,40.937,277.131,0.838,96.062,0.787,1.919
20051119,-0.608,-0.762,0.559,-0.352,1.152,49.947,255.507,0.979,96.909,0.023,2.093
20051120,2.313,2.081,1.308,2.699,0.469,13.861,318.153,0.897,96.886,5.261,4.017
20051121,2.053,2.119,1.65,1.942,0.439,24.2,313.043,1.118,97.039,10.245,2.682
20051122,-0.261,-0.344,0.588,-0.122,0.903,24.299,289.982,1.236,97.723,0.211,2.509
20051123,0.819,0.749,0.516,0.935,0.364,14.557,310.206,1.007,97.493,1.12,2.289
20051124,0.323,-0.093,1.157,1.014,0.352,16.883,309.805,0.759,95.726,1.547,2.534
20051125,-1.483,-1.983,0.479,-0.648,0.397,40.256,270.031,1.296,93.256,1.799,5.644
20051126,-0.698,-1.221,0.657,0.174,1.138,52.27,234.823,1.955,93.641,0.002,4.76
20051127,-1.088,-1.424,0.906,-0.529,1.238,38.46,258.437,1.471,93.819,0.206,2.759
20051128,-0.566,-0.631,0.391,-0.447,0.383,29.966,280.031,1.136,94.061,1.332,2.451
20051129,0.598,0.244,0.447,1.244,0.856,28.417,292.255,1.353,94.823,0.132,2.525
20051130,0.768,0.221,0.425,1.764,0.627,28.276,290.449,1.406,95.466,0.048,2.913
20051201,-0.783,-1.437,1.164,0.41,1.42,40.189,255.847,1.551,95.555,0.003,2.202
20051202,-2.101,-2.548,1.614,-1.287,1.977,50.366,248.785,1.479,94.736,0.0,2.921
20051203,0.707,0.46,1.313,1.159,1.051,23.313,288.247,1.513,94.465,0.42,2.646
20051204,4.256,4.018,0.84,4.69,0.97,20.38,312.043,1.15,94.274,5.788,3.971
20051205,4.701,4.483,0.44,5.098,0.419,29.008,315.689,1.293,94.198,2.448,3.365
20051206,2.87,2.4,0.846,3.729,0.799,28.015,303.949,1.193,94.825,0.193,1.898
20051207,2.304,2.119,1.178,2.642,0.66,14.27,314.233,1.076,95.471,0.821,2.807
20051208,2.591,2.422,0.721,2.899,0.501,22.099,306.766,1.235,95.971,0.882,2.484
20051209,1.067,0.599,0.863,1.921,0.563,27.123,296.277,0.98,97.555,0.489,1.794
20051210,-2.553,-2.809,0.676,-2.085,0.864,27.673,280.668,0.58,98.268,0.027,0.832
20051211,-1.693,-2.061,2.212,-1.022,1.044,8.017,305.411,0.97,97.938,0.021,1.496
20051212,1.553,1.187,0.953,2.221,0.666,6.675,309.515,0.721,97.377,0.43,1.838
20051213,1.483,1.013,1.564,2.339,0.636,13.943,303.301,0.77,97.358,0.062,2.121
20051214,2.768,2.683,0.636,2.923,0.727,12.843,323.069,0.832,96.592,1.098,2.894
20051215,3.752,3.655,0.597,3.928,0.466,6.975,320.669,1.203,95.645,4.236,5.647
20051216,2.779,2.051,1.82,4.105,1.655,17.821,295.67,1.446,94.056,10.495,7.147
20051217,-1.315,-1.357,0.853,-1.238,0.222,30.168,267.257,1.05,94.659,1.555,4.926
20051218,-0.926,-1.296,1.215,-0.25,0.597,23.824,281.569,1.026,95.81,0.449,4.555
20051219,-0.049,0.25,0.708,-0.593,0.286,11.158,298.467,1.051,96.151,3.725,4.242
20051220,2.34,2.136,0.381,2.712,0.151,9.878,318.082,1.014,96.736,1.975,4.615
20051221,2.062,1.795,0.461,2.548,0.277,7.418,317.317,0.884,97.2,1.993,2.676
20051222,2.467,2.184,0.706,2.982,0.647,14.392,319.656,1.032,96.887,2.954,3.84
20051223,3.523,3.288,1.029,3.952,0.496,7.693,329.616,0.839,96.667,3.392,3.396
20051224,4.441,4.194,0.341,4.892,0.47,12.782,325.065,1.341,96.292,0.486,4.229
20051225,1.524,1.29,1.797,1.953,0.329,29.735,282.871,1.026,96.16,0.853,2.488
20051226,-1.085,-1.19,1.299,-0.893,0.404,31.397,276.921,0.923,95.382,2.74,2.759
20051227,-3.348,-3.462,0.374,-3.139,0.205,19.522,285.475,0.713,95.219,2.925,3.91
20051228,-4.531,-4.56,1.129,-4.478,0.17,24.685,278.275,0.687,95.139,1.968,3.136
20051229,-4.636,-4.993,0.754,-3.983,0.68,26.187,271.13,0.701,95.321,1.147,3.71
20051230,-5.604,-6.101,0.772,-4.698,0.633,40.645,245.137,0.808,95.707,0.012,3.05
20051231,-1.027,-1.643,4.039,0.096,1.725,18.25,314.004,0.853,94.393,2.906,4.668
20060101,1.877,1.539,0.819,2.493,0.403,25.771,297.742,1.102,94.806,0.152,2.472
20060102,0.386,0.249,0.652,0.634,0.772,18.552,304.403,0.713,96.113,0.591,1.521
20060103,-0.291,-0.457,0.966,0.011,0.178,16.322,304.495,0.771,96.976,1.601,1.541
20060104,-2.235,-2.376,0.545,-1.979,0.558,22.402,281.495,0.661,97.207,0.31,1.957
20060105,-1.073,-1.224,0.458,-0.798,0.28,14.337,301.547,0.71,96.564,0.597,4.232
20060106,-1.625,-1.71,0.466,-1.47,0.139,30.34,291.235,0.647,96.548,0.209,3.727
20060107,-1.595,-1.601,0.613,-1.582,0.371,21.693,297.778,0.608,96.969,0.026,3.065
20060108,-2.333,-2.739,1.177,-1.591,0.903,41.586,256.391,0.794,97.141,0.007,2.684
20060109,-5.116,-5.856,0.837,-3.766,2.175,48.738,228.643,0.739,97.158,0.0,1.642
20060110,-4.403,-4.858,0.384,-3.571,1.266,47.531,242.3,0.7,97.165,0.002,2.171
20060111,-2.323,-2.785,1.538,-1.479,1.612,47.494,261.987,1.083,96.952,2.203,3.552
20060112,-0.337,-0.596,0.554,0.135,0.773,20.546,308.252,0.735,97.483,0.661,1.425
20060113,-0.977,-1.446,1.065,-0.123,0.919,45.616,253.437,0.931,97.391,0.003,2.468
20060114,-3.788,-4.805,0.736,-2.093,2.263,54.207,231.552,0.955,97.239,0.0,1.573
20060115,-6.237,-6.799,0.79,-5.301,1.567,54.445,220.733,0.808,96.798,0.0,2.102
20060116,-6.057,-7.161,2.23,-4.217,3.338,55.566,226.488,0.98,96.358,0.0,2.025
20060117,-3.174,-3.511,2.911,-2.612,1.655,29.445,279.558,0.866,95.152,4.49,3.757
20060118,0.999,0.792,0.397,1.343,0.168,31.434,297.536,0.935,95.0,2.021,4.236
20060119,-0.358,-0.548,0.651,-0.04,0.867,27.928,301.732,0.879,96.483,1.474,1.854
20060120,2.426,2.208,1.081,2.791,0.485,11.98,325.086,0.764,96.035,3.905,4.323
20060121,2.125,1.824,0.462,2.626,0.234,24.337,302.102,1.034,95.998,5.476,4.68
20060122,-5.171,-4.461,4.175,-6.353,0.466,40.107,256.196,0.805,97.67,0.299,3.215
20060123,-10.285,-10.712,0.789,-9.574,1.756,64.762,203.481,0.931,98.298,0.0,3.063
20060124,-7.961,-9.251,2.952,-5.811,3.689,64.709,217.155,1.134,97.756,0.0,1.711
20060125,-4.736,-5.115,1.43,-4.105,1.129,52.605,266.131,1.505,96.14,1.855,2.165
20060126,-6.25,-5.997,1.378,-6.671,0.513,52.54,255.953,0.866,96.13,0.785,2.992
20060127,-8.711,-8.963,1.143,-8.292,2.138,69.852,216.709,0.782,96.549,0.003,2.444
20060128,-6.955,-7.843,2.214,-5.476,3.076,72.513,222.199,1.18,96.914,0.0,2.333
20060129,-6.478,-7.643,2.843,-4.536,3.842,73.087,222.416,1.239,97.236,0.0,2.223
20060130,-5.432,-6.106,3.223,-4.31,4.119,72.904,238.876,0.889,97.143,0.01,1.319
20060131,-1.975,-2.641,0.984,-0.864,1.053,60.51,261.097,0.884,96.824,0.067,1.562
20060201,-4.23,-4.797,1.428,-3.365,2.39,72.724,243.618,0.703,96.536,0.002,1.071
20060202,-7.475,-8.711,1.548,-5.587,2.496,78.077,226.629,0.596,96.257,0.003,1.536
20060203,-4.19,-4.466,2.428,-3.803,1.353,48.418,273.127,0.542,96.221,0.133,1.487
20060204,-2.248,-2.554,0.987,-1.821,0.243,24.99,286.999,0.65,96.672,0.632,1.853
20060205,-5.68,-6.237,2.181,-4.9,2.602,55.088,252.341,0.742,97.079,0.094,1.152
20060206,-2.851,-3.163,2.648,-2.415,1.922,44.822,290.08,0.766,96.775,2.246,1.881
20060207,2.006,1.685,1.179,2.456,0.704,9.585,321.976,0.805,95.778,7.738,5.029
20060208,1.953,1.94,0.63,1.97,0.325,25.08,309.413,1.079,94.588,5.085,5.346
20060209,-0.002,0.242,0.549,-0.344,0.239,58.208,286.566,1.207,94.42,6.99,5.641
20060210,-0.582,-0.688,0.337,-0.433,0.093,50.127,292.062,0.817,95.44,3.558,4.231
20060211,-2.421,-2.666,1.251,-2.078,0.642,57.687,281.896,0.686,96.819,0.182,1.573
20060212,-3.923,-5.306,2.251,-1.986,2.041,57.235,275.461,0.861,96.804,0.297,1.888
20060213,-5.219,-6.276,1.563,-3.739,3.675,99.612,229.378,1.108,96.607,0.0,1.914
20060214,-3.76,-4.375,4.075,-2.898,2.92,67.092,274.224,0.937,96.263,0.095,2.16
20060215,1.856,1.82,1.248,1.907,0.537,24.664,318.901,0.98,94.846,4.042,4.116
20060216,3.439,3.517,0.35,3.33,1.281,23.786,318.732,0.97,93.619,5.918,2.608
20060217,3.363,3.071,0.528,3.771,1.082,73.748,292.635,1.429,93.711,3.646,3.924
20060218,3.3,3.175,0.569,3.46,0.825,45.974,292.505,1.353,94.153,1.717,3.976
20060219,3.146,2.19,0.682,4.376,1.491,61.869,295.033,1.596,94.682,0.596,2.844
20060220,0.534,0.484,0.601,0.592,0.239,22.939,303.858,0.901,94.938,6.358,3.719
20060221,-0.212,-0.204,0.182,-0.223,0.342,48.74,307.975,0.739,95.784,1.132,3.189
20060222,-1.782,-1.798,1.145,-1.762,0.29,52.002,294.46,0.873,96.626,0.895,3.268
20060223,-3.466,-3.945,0.239,-2.9,0.52,62.944,277.11,1.091,96.465,0.402,2.003
20060224,-2.854,-3.284,1.024,-2.346,1.764,108.501,236.398,1.154,96.376,0.003,5.133
20060225,-4.514,-4.761,0.329,-4.221,0.701,99.951,261.275,0.853,95.981,0.085,4.643
20060226,-4.601,-5.618,1.076,-3.4,1.421,64.99,263.606,0.747,95.949,0.977,2.712
20060227,-4.913,-5.858,2.193,-3.797,2.638,92.591,251.382,0.996,95.731,0.433,2.357
20060228,-1.442,-2.114,1.394,-0.646,0.943,80.926,278.977,0.941,94.532,1.818,3.775
20060301,-1.951,-2.269,0.846,-1.576,0.866,104.154,255.922,1.123,94.369,2.549,4.193
20060302,-3.161,-4.247,0.561,-1.878,1.741,132.345,227.283,1.436,94.545,0.116,3.899
20060303,-3.386,-4.231,1.425,-2.387,2.249,86.989,258.676,0.906,94.164,2.895,2.412
20060304,-4.95,-6.152,1.215,-3.53,2.995,122.993,238.829,0.927,94.127,0.122,2.304
20060305,-3.268,-4.464,3.198,-1.855,2.241,126.325,251.406,1.146,94.604,1.417,3.46
20060306,-1.14,-1.667,0.596,-0.566,0.833,105.364,273.792,0.954,95.346,3.207,3.302
20060307,-2.15,-2.644,1.736,-1.657,0.787,102.322,261.154,1.154,95.966,0.682,2.622
20060308,-4.588,-6.156,4.47,-3.02,3.271,101.995,271.185,0.849,95.242,6.49,3.236
20060309,1.401,0.683,1.817,2.119,1.642,22.677,326.86,0.586,94.04,13.255,2.06
20060310,2.75,1.797,1.069,3.703,0.822,118.31,291.592,1.462,94.398,3.019,3.339
20060311,-2.19,-2.791,2.582,-1.59,2.174,64.727,288.564,0.586,94.935,5.029,2.739
20060312,-6.51,-7.151,0.864,-5.868,1.43,115.731,262.655,0.69,96.787,0.637,3.723
20060313,-7.514,-8.856,1.715,-6.172,2.615,120.219,257.33,0.682,97.461,0.103,2.565
20060314,-7.551,-9.085,2.927,-6.018,4.013,158.641,234.63,0.818,97.018,0.013,2.343
20060315,-4.406,-5.33,2.931,-3.483,1.724,100.782,281.224,0.711,96.615,0.553,2.738
20060316,-1.993,-2.597,0.93,-1.389,0.916,76.628,287.751,0.872,96.631,0.863,2.121
20060317,-1.555,-1.614,0.389,-1.496,0.241,65.952,296.307,0.726,96.686,0.679,2.414
20060318,-1.575,-2.007,0.978,-1.143,0.401,82.472,299.371,0.717,96.427,0.196,1.966
20060319,-1.711,-2.646,1.295,-0.776,3.083,166.149,265.957,1.058,95.717,0.018,1.475
20060320,0.048,-1.373,1.449,1.355,2.528,145.777,273.899,1.321,95.341,0.084,1.773
20060321,-0.814,-1.251,1.199,-0.412,1.95,97.273,277.394,1.342,95.204,0.177,1.488
20060322,-0.694,-1.754,1.12,0.282,2.284,157.97,268.928,2.021,95.335,0.037,1.661
20060323,-0.826,-2.721,2.588,0.918,3.557,187.653,234.541,2.378,95.681,0.002,2.418
20060324,2.024,0.433,3.618,3.487,3.588,131.071,276.087,2.975,94.971,2.357,2.865
20060325,6.92,5.434,1.884,8.177,2.535,57.885,317.11,1.632,95.005,4.444,2.749
20060326,10.448,9.008,1.587,11.667,2.081,66.042,336.678,2.06,95.396,6.283,3.634
20060327,12.194,10.464,0.703,13.657,2.015,152.557,322.73,3.248,95.041,5.106,4.029
20060328,9.261,8.039,0.696,10.294,1.184,118.912,297.283,3.728,94.818,0.293,3.516
20060329,6.458,5.769,0.686,7.042,1.189,132.085,296.63,2.295,95.143,1.479,3.966
20060330,7.645,7.189,2.741,8.03,2.022,53.06,319.865,1.761,95.063,5.373,4.392
20060331,9.864,9.186,0.491,10.437,0.988,118.826,318.068,2.562,95.005,8.331,5.453
20060401,8.689,7.434,0.685,9.75,1.405,120.277,299.534,2.182,95.442,2.863,3.925
20060402,7.804,5.749,1.386,9.402,2.681,149.332,291.884,2.238,95.453,3.803,3.656
20060403,5.389,4.412,1.282,6.15,0.542,135.112,288.335,2.306,95.689,2.674,4.308
20060404,3.046,1.266,0.981,4.429,1.626,160.629,275.042,2.063,95.793,2.182,2.648
20060405,1.231,-0.35,1.189,2.462,2.251,173.182,259.422,2.258,95.459,0.001,2.16
20060406,3.152,1.369,3.102,4.539,3.112,127.442,287.487,3.086,95.753,0.157,2.318
20060407,6.108,3.781,1.936,7.917,3.247,208.357,269.483,5.144,95.707,0.0,2.746
20060408,6.846,4.342,2.516,8.794,3.727,202.972,272.144,5.183,95.316,0.004,3.36
20060409,5.636,3.666,0.89,7.168,2.045,211.285,274.542,4.007,95.415,1.071,2.806
20060410,3.77,2.777,1.296,4.541,1.646,131.201,288.566,2.942,95.738,0.26,2.457
20060411,2.65,1.513,1.935,3.534,2.497,157.435,282.785,2.78,96.023,0.034,2.441
20060412,3.809,3.436,0.718,4.075,1.471,103.92,301.583,1.71,95.432,3.193,3.207
20060413,5.283,4.795,2.028,5.632,1.388,70.543,312.252,1.554,95.297,3.861,4.472
20060414,7.07,6.01,1.224,7.827,1.133,125.761,307.033,2.757,95.365,2.318,4.075
20060415,6.878,4.797,4.66,8.365,3.933,210.91,288.877,3.055,95.691,3.049,2.22
20060416,9.309,9.122,0.693,9.431,0.354,63.276,329.618,1.582,95.071,4.488,4.382
20060417,8.59,7.093,0.791,9.571,1.351,156.358,314.687,2.055,95.493,4.243,2.39
20060418,8.214,6.345,2.034,9.439,2.681,195.424,290.342,3.583,95.697,0.532,2.805
20060419,9.041,6.888,2.159,10.452,3.667,192.471,297.718,3.936,95.846,0.475,1.444
20060420,10.015,7.22,2.738,11.847,4.281,195.782,296.849,5.345,95.913,0.01,1.484
20060421,13.079,10.474,3.957,14.786,4.534,210.152,303.478,7.338,95.935,0.125,1.281
20060422,9.353,8.417,1.154,9.967,0.961,181.744,304.322,2.842,95.926,4.76,2.023
20060423,8.222,7.154,0.697,8.921,1.398,154.391,313.535,1.912,95.907,3.714,1.624
20060424,9.57,7.581,2.918,10.873,4.153,191.694,313.517,3.644,96.246,0.001,1.444
20060425,13.462,10.514,3.899,15.394,5.26,252.675,302.78,6.426,96.132,0.033,1.429
20060426,13.609,12.713,0.967,14.196,1.609,195.631,324.937,3.448,96.051,4.921,1.764
20060427,11.293,10.938,0.646,11.526,0.315,77.529,347.662,1.758,96.148,6.615,2.512
20060428,8.418,7.715,1.394,8.879,0.815,121.919,327.833,2.696,96.025,2.464,2.223
20060429,3.888,3.47,0.602,4.161,1.168,189.23,299.171,1.426,95.597,3.954,2.797
20060430,4.743,3.181,1.165,5.767,2.304,212.951,288.787,2.339,95.589,1.897,1.997
20060501,7.605,5.128,3.545,8.963,3.978,235.1,291.776,4.112,95.477,0.702,2.459
20060502,11.431,8.881,1.45,12.829,3.543,194.863,306.292,4.98,95.867,0.206,2.216
20060503,14.594,10.526,4.532,16.825,5.726,269.628,302.719,8.316,96.247,0.0,2.11
20060504,15.193,12.359,2.225,16.747,3.869,274.307,300.958,7.935,96.479,0.0,3.72
20060505,14.174,11.575,2.093,15.599,3.702,286.366,291.798,7.825,96.614,0.0,3.813
20060506,13.597,10.766,2.252,15.15,4.226,284.805,287.581,8.695,96.673,0.25,3.381
20060507,13.934,10.947,2.869,15.573,4.427,283.998,289.913,8.995,96.53,0.001,3.742
20060508,13.965,10.997,2.634,15.593,4.469,277.283,292.944,8.808,96.135,0.153,3.329
20060509,14.375,11.281,1.957,16.072,4.057,277.935,301.163,8.065,95.876,0.139,3.302
20060510,13.721,10.521,1.973,15.475,4.071,302.259,284.386,8.246,96.073,0.0,2.566
20060511,13.884,10.099,1.481,15.96,4.758,305.116,283.331,8.999,96.111,0.0,1.583
20060512,15.258,11.295,2.091,17.43,4.974,288.232,300.768,9.698,95.975,0.087,1.69
20060513,12.158,10.121,1.042,13.275,1.582,178.948,326.259,2.864,95.875,7.756,2.507
20060514,10.549,9.067,0.97,11.361,1.202,177.141,319.196,2.574,96.327,1.624,2.441
20060515,11.733,9.135,4.114,13.157,4.815,190.504,319.025,4.586,96.226,0.013,1.826
20060516,16.056,13.626,0.729,17.388,2.441,243.662,328.717,6.723,95.811,0.919,3.001
20060517,12.998,11.732,1.088,13.693,2.016,184.156,332.815,3.262,96.149,2.267,1.531
20060518,13.081,11.17,1.073,14.13,1.414,114.031,340.254,2.396,95.605,4.519,3.059
20060519,11.777,10.314,0.796,12.579,1.101,238.196,320.705,3.165,95.292,3.695,5.284
20060520,9.933,8.621,0.715,10.589,1.351,115.715,318.757,2.521,94.566,7.942,5.607
20060521,11.77,10.058,1.418,12.549,2.103,156.627,330.234,4.173,94.871,3.229,5.101
20060522,13.429,10.703,0.675,14.668,2.551,214.786,324.865,4.297,94.885,1.508,4.14
20060523,10.579,8.995,2.28,11.3,1.189,241.983,302.015,3.93,95.751,1.188,5.227
20060524,9.299,6.667,2.788,10.495,3.27,254.561,287.017,4.358,96.311,0.673,4.222
20060525,9.137,8.72,1.017,9.327,1.129,123.41,330.547,2.076,96.051,3.668,4.409
20060526,9.755,9.634,1.618,9.811,1.73,153.027,331.609,2.323,96.112,18.189,2.573
20060527,12.945,12.104,0.371,13.328,1.146,92.167,358.732,1.932,96.108,12.488,3.883
20060528,12.043,10.675,1.618,12.665,1.108,243.798,320.331,4.015,95.787,2.676,5.292
20060529,8.397,6.77,0.674,9.137,1.821,185.373,307.003,2.684,95.422,4.374,2.66
20060530,7.008,5.918,0.674,7.504,1.244,235.277,304.396,2.258,95.274,5.048,3.71
20060531,6.576,5.786,1.703,6.936,1.797,148.647,307.648,1.53,95.737,7.792,3.956
20060601,6.286,5.672,0.995,6.565,0.954,193.446,307.739,1.701,96.201,7.218,3.645
20060602,8.518,5.589,3.013,9.849,4.026,204.614,307.803,3.527,96.967,0.065,1.545
20060603,9.421,8.152,2.021,9.997,1.827,119.675,326.529,2.434,96.875,2.732,2.135
20060604,9.158,8.684,1.24,9.373,1.415,153.42,322.437,3.352,96.461,0.046,3.571
20060605,7.625,6.318,1.151,8.219,1.556,161.688,307.606,2.937,96.496,0.435,2.536
20060606,9.35,7.354,1.356,10.257,2.032,237.742,312.622,3.002,96.836,1.237,2.342
20060607,11.143,7.265,3.159,12.906,4.459,263.69,303.03,5.184,97.015,0.176,1.102
20060608,13.828,10.591,3.989,15.3,4.598,221.757,318.686,7.543,97.025,0.0,0.968
20060609,15.408,11.724,1.983,17.082,4.402,269.813,316.051,7.273,96.906,0.0,0.802
20060610,16.956,13.361,1.663,18.589,4.307,308.69,315.019,7.881,96.765,0.0,1.708
20060611,16.997,13.784,2.631,18.457,4.145,324.441,303.374,9.263,97.078,0.0,2.493
20060612,18.989,14.871,3.568,20.861,4.855,320.551,317.435,10.734,96.978,0.0,2.47
20060613,20.278,15.277,2.578,22.552,5.017,322.019,325.184,12.014,96.579,0.0,1.67
20060614,20.978,16.824,1.464,22.866,4.253,294.895,341.908,11.413,96.111,0.006,1.345
20060615,19.559,17.168,1.869,20.645,3.093,217.275,357.672,5.369,96.103,8.202,1.431
20060616,15.828,14.338,1.959,16.506,1.172,101.163,370.573,2.361,96.079,13.724,1.896
20060617,13.046,10.68,1.911,14.122,2.965,194.393,327.453,4.041,96.237,0.002,1.985
20060618,17.086,13.141,4.202,18.878,5.381,302.885,321.9,7.321,96.103,0.0,1.384
20060619,19.374,16.218,1.634,20.809,2.974,256.238,354.738,5.849,95.778,10.564,2.33
20060620,19.548,17.154,1.644,20.636,2.94,230.141,361.082,5.617,95.971,2.297,2.187
20060621,19.942,17.385,0.882,21.104,1.94,262.19,350.094,7.385,95.677,0.8,3.13
20060622,16.196,13.938,1.622,17.126,1.329,178.014,346.048,6.287,95.688,0.314,3.211
20060623,14.179,11.339,1.469,15.469,2.739,190.56,337.949,6.18,96.235,0.282,1.394
20060624,16.817,13.263,4.256,18.433,4.948,289.099,325.404,7.734,96.118,0.0,1.963
20060625,20.907,16.778,2.936,22.784,4.7,289.429,352.703,8.933,95.705,0.398,2.049
20060626,18.958,16.884,1.296,19.9,2.35,255.801,355.81,6.243,95.805,0.059,3.314
20060627,17.626,15.034,0.824,18.694,2.392,235.603,350.241,5.422,96.201,2.146,1.852
20060628,14.734,13.311,0.769,15.32,1.801,123.475,355.752,2.871,96.394,0.704,1.517
20060629,15.887,13.68,1.472,16.889,2.523,167.246,351.244,4.629,96.542,0.713,2.357
20060630,16.804,13.822,1.662,18.16,3.715,276.121,328.542,7.405,96.836,0.0,1.853
20060701,17.606,13.929,3.254,19.278,4.692,285.11,327.105,7.882,96.944,0.002,2.031
20060702,18.768,15.009,2.804,20.477,3.95,325.939,316.899,10.608,96.733,0.0,3.274
20060703,19.448,15.98,2.861,21.025,4.542,329.378,315.115,12.634,96.374,0.0,3.279
20060704,21.159,17.143,3.119,22.985,4.862,314.259,340.22,12.592,96.195,0.0,2.361
20060705,23.444,19.736,3.533,25.129,4.896,296.242,351.204,14.695,96.055,0.003,1.577
20060706,20.564,18.525,1.828,21.491,2.779,252.35,363.751,6.742,96.071,0.909,1.66
20060707,18.621,16.758,0.763,19.468,1.858,206.181,364.568,3.262,96.009,7.733,1.767
20060708,18.426,16.527,1.006,19.289,1.588,207.449,366.523,3.66,96.201,5.49,1.513
20060709,19.4,16.209,2.382,20.851,3.888,260.727,345.587,6.671,96.213,0.201,1.907
20060710,20.093,17.398,0.961,21.317,2.729,215.013,355.47,8.287,96.63,0.173,2.001
20060711,21.257,16.643,3.302,23.355,5.127,272.043,358.309,10.343,96.627,0.001,1.817
20060712,20.215,18.374,1.41,21.052,3.1,186.505,374.635,6.229,96.783,0.82,2.212
20060713,21.4,17.941,1.804,22.972,3.844,256.391,365.655,7.89,96.506,3.26,1.484
20060714,17.218,15.61,2.547,17.949,1.92,247.196,333.359,7.385,96.973,0.069,3.13
20060715,16.389,12.35,2.794,18.224,4.663,317.133,307.896,9.019,97.245,0.0,2.319
20060716,17.74,14.449,2.171,19.236,3.786,313.295,316.486,10.38,97.231,0.0,3.037
20060717,19.435,14.785,2.785,21.549,5.023,313.314,323.559,12.197,96.951,0.0,1.645
20060718,22.437,18.1,3.923,24.606,5.136,315.399,330.084,16.266,96.629,0.0,0.88
20060719,24.633,20.638,3.599,26.631,5.594,313.416,341.182,19.798,96.45,0.0,0.878
20060720,24.616,19.631,1.589,27.108,5.375,280.923,362.07,18.412,96.264,0.129,1.794
20060721,23.442,19.587,2.418,25.369,4.137,277.215,358.902,13.41,96.402,0.0,1.932
20060722,23.585,19.619,2.02,25.568,4.864,276.977,357.488,15.595,96.195,0.0,1.799
20060723,21.779,19.173,1.107,23.083,2.714,256.76,370.055,7.716,96.198,3.657,1.423
20060724,21.997,18.202,2.608,23.894,4.113,243.576,360.57,10.302,96.38,0.236,1.391
20060725,23.926,20.364,2.675,25.707,4.187,241.819,369.049,15.023,96.303,0.016,1.947
20060726,24.628,21.327,2.276,26.278,4.235,256.124,370.617,16.1,96.136,0.938,1.458
20060727,23.803,20.5,0.937,25.454,4.39,255.349,374.532,13.43,96.007,1.206,1.2
20060728,20.945,18.466,0.375,22.185,3.071,204.266,375.367,6.802,95.614,17.227,0.91
20060729,20.608,18.301,1.313,21.761,3.166,232.857,363.779,7.015,95.411,0.659,2.305
20060730,20.998,17.318,2.457,22.838,4.111,215.227,362.594,9.449,95.679,3.353,1.5
20060731,18.34,15.787,1.245,19.616,2.154,191.337,352.349,5.772,95.763,0.522,2.27
20060801,16.839,14.289,0.808,18.115,2.752,176.772,346.879,5.794,95.296,2.709,3.145
20060802,14.423,12.737,0.51,15.347,1.74,215.294,329.975,3.835,95.11,4.601,3.904
20060803,14.275,12.206,1.599,15.409,2.983,225.164,321.454,4.723,95.021,0.577,2.205
20060804,15.621,13.011,1.346,17.053,2.777,231.095,330.25,5.099,95.395,2.104,1.913
20060805,15.505,13.29,1.647,16.719,3.039,187.466,337.341,4.046,95.765,2.081,2.814
20060806,16.096,15.384,0.99,16.486,1.188,77.134,358.855,2.946,95.801,11.798,3.81
20060807,17.695,16.228,1.702,18.499,3.082,197.493,340.011,6.011,95.82,0.118,3.863
20060808,15.79,15.321,0.788,16.047,1.453,157.893,354.569,4.937,95.866,2.326,3.478
20060809,14.931,13.588,0.776,15.738,1.783,162.214,337.809,5.009,95.761,0.734,2.228
20060810,14.154,12.797,0.594,14.969,2.044,179.766,341.555,4.623,95.544,1.869,2.458
20060811,12.005,10.772,0.637,12.745,1.276,176.046,330.056,3.112,95.365,5.282,1.693
20060812,11.791,9.848,1.133,12.957,2.017,180.706,323.198,3.244,95.167,0.935,1.157
20060813,12.708,10.582,1.935,13.983,3.244,196.715,313.836,4.372,95.08,0.404,0.784
20060814,13.361,11.237,2.293,14.636,2.827,200.933,323.872,3.92,94.998,2.842,3.358
20060815,14.162,12.406,0.891,15.216,1.083,144.149,347.745,3.243,95.129,6.855,4.248
20060816,14.835,12.565,1.736,16.197,2.582,145.546,338.34,3.534,95.233,1.705,1.55
20060817,16.778,14.092,2.329,18.39,3.837,179.357,343.142,5.305,95.122,0.041,1.686
20060818,15.772,14.11,0.568,16.769,1.753,113.256,347.309,3.329,95.208,4.88,2.657
20060819,17.501,14.143,2.765,19.702,4.133,213.449,332.068,7.066,95.894,3.937,2.013
20060820,15.856,14.347,0.584,16.845,1.642,180.202,338.954,3.7,96.034,2.983,3.804
20060821,14.675,13.735,0.498,15.291,1.025,126.049,349.858,3.48,96.014,6.494,3.784
20060822,13.885,12.912,0.816,14.523,1.313,146.155,344.096,2.967,95.855,5.773,3.194
20060823,14.202,12.177,0.917,15.529,2.467,133.112,337.615,4.162,95.94,0.163,2.417
20060824,15.022,12.259,1.459,16.832,3.347,154.217,335.567,4.597,95.397,2.542,2.002
20060825,12.896,11.983,0.612,13.494,1.37,105.019,333.949,2.392,95.161,4.604,1.923
20060826,13.414,12.033,1.163,14.318,1.797,105.26,339.277,2.461,95.258,3.647,2.083
20060827,13.413,11.881,0.5,14.417,1.862,155.345,335.07,2.645,95.441,6.535,2.632
20060828,11.953,10.793,0.276,12.713,1.433,109.148,340.54,2.067,95.063,4.707,3.365
20060829,11.223,9.765,0.407,12.264,1.665,148.246,322.161,3.466,94.898,2.605,4.407
20060830,11.431,10.014,1.431,12.442,1.843,138.295,322.888,2.826,95.696,1.773,4.523
20060831,13.465,12.143,2.287,14.409,2.782,133.355,338.34,4.936,96.522,0.186,3.68
20060901,16.486,14.703,1.156,17.761,2.542,154.561,347.463,5.689,96.184,0.01,3.008
20060902,17.998,15.849,2.2,19.67,3.308,183.364,345.549,6.694,95.735,0.069,2.543
20060903,17.843,17.788,1.468,17.887,0.995,70.384,376.131,3.979,95.586,4.272,5.754
20060904,18.268,17.197,1.018,19.101,1.355,146.864,350.852,6.424,96.306,1.143,5.172
20060905,15.651,14.812,2.197,16.303,2.677,120.298,351.609,4.606,96.717,0.081,3.079
20060906,18.408,15.934,1.527,20.333,3.616,171.871,342.275,5.799,96.289,0.081,1.892
20060907,16.606,13.169,0.901,19.28,4.047,172.881,340.929,4.921,95.864,0.776,2.87
20060908,12.53,10.444,1.141,14.152,2.374,135.939,315.789,4.789,96.872,0.071,3.64
20060909,11.331,8.609,2.658,13.448,4.027,195.06,294.762,3.94,97.162,0.0,1.759
20060910,14.342,11.14,3.683,16.833,5.439,205.774,298.731,6.841,96.877,0.0,2.548
20060911,16.24,12.576,3.574,19.09,5.76,202.223,312.184,8.194,96.613,0.0,1.995
20060912,17.292,13.671,2.83,20.108,5.512,199.062,318.574,8.472,96.348,0.0,1.708
20060913,17.787,14.075,3.151,20.675,5.574,190.513,325.896,8.695,96.029,0.0,1.763
20060914,18.104,14.905,2.565,20.593,5.143,195.691,317.349,10.174,95.555,0.0,2.347
20060915,17.811,16.377,3.896,19.025,4.431,181.036,335.135,8.364,95.222,0.0,4.112
20060916,19.277,17.723,1.667,20.592,3.227,148.672,359.541,9.154,95.37,0.386,2.874
20060917,17.857,15.879,2.001,19.677,3.716,157.028,348.374,7.244,95.316,0.0,1.392
20060918,15.996,14.716,1.04,17.173,1.94,107.755,361.582,3.398,95.501,0.28,2.017
20060919,15.621,14.339,0.707,16.801,1.72,113.455,357.422,5.039,95.768,0.546,2.842
20060920,13.281,11.548,2.259,14.874,3.396,172.889,307.83,5.083,96.201,0.071,1.83
20060921,14.986,11.648,4.182,18.057,5.483,177.901,306.383,7.371,96.099,0.0,2.392
20060922,17.27,14.405,3.386,19.906,5.585,175.773,312.844,9.171,95.918,0.0,2.293
20060923,16.981,14.001,2.537,19.722,4.71,173.073,313.056,9.362,95.855,0.0,2.448
20060924,15.2,12.003,2.466,18.141,5.135,172.058,305.909,8.016,95.538,0.0,1.76
20060925,15.897,13.882,4.703,17.751,4.427,142.216,343.698,5.962,95.293,0.557,1.424
20060926,15.301,15.136,0.907,15.453,0.531,51.745,365.205,2.628,95.815,7.392,2.251
20060927,14.419,13.314,0.568,15.436,1.443,98.984,344.19,3.176,95.974,1.332,1.392
20060928,13.609,11.517,2.003,15.533,3.856,135.86,322.48,3.812,95.689,0.0,1.664
20060929,14.44,12.514,2.474,16.365,4.079,140.068,324.957,4.398,95.62,0.0,1.86
20060930,14.87,12.628,1.504,17.112,3.423,126.818,325.412,4.309,95.631,0.191,2.346
20061001,14.964,13.746,1.283,16.182,2.307,103.987,337.912,3.401,95.599,0.457,2.61
20061002,13.745,12.99,0.784,14.499,0.608,74.02,336.714,3.351,95.328,0.448,4.619
20061003,11.72,11.392,0.309,12.047,0.86,39.164,348.716,1.713,94.659,11.921,2.164
20061004,11.006,10.498,0.43,11.515,0.855,70.565,333.079,1.958,95.26,4.71,3.488
20061005,10.799,9.949,0.429,11.648,1.438,108.591,315.891,2.931,96.023,0.3,2.989
20061006,11.948,11.479,1.335,12.457,1.214,41.476,344.288,2.332,95.647,2.664,5.043
20061007,11.616,10.932,1.798,12.359,0.611,82.754,325.37,2.766,95.541,2.959,4.486
20061008,9.248,7.228,1.247,11.444,3.045,135.808,284.987,2.727,96.547,0.0,2.763
20061009,9.509,6.959,2.516,12.28,4.235,132.102,288.479,2.849,96.416,0.0,2.159
20061010,11.283,9.16,2.135,13.59,3.796,114.759,308.527,2.763,96.52,0.0,1.25
20061011,10.382,8.578,1.827,12.344,3.588,122.519,300.797,2.258,96.032,0.0,1.813
20061012,12.821,11.434,3.313,14.459,4.308,117.255,327.07,3.082,96.35,0.049,1.42
20061013,12.928,12.226,0.649,13.758,0.546,39.318,362.178,1.424,97.182,3.675,1.927
20061014,10.48,10.212,0.536,10.796,0.584,48.684,348.159,1.729,97.354,0.295,3.682
20061015,7.639,7.12,1.293,8.252,0.795,79.716,321.561,1.529,97.292,0.141,3.692
20061016,7.608,6.091,1.455,9.402,3.007,114.408,285.245,2.02,96.939,0.0,2.868
20061017,6.771,4.625,1.974,9.307,4.759,123.595,262.34,3.545,96.207,0.0,2.062
20061018,7.746,5.766,3.309,10.086,4.467,101.511,287.983,3.045,95.444,0.0,2.36
20061019,10.375,8.584,2.912,12.491,3.802,102.561,308.156,3.743,94.801,0.0,2.178
20061020,11.208,10.18,1.457,12.423,1.967,80.741,312.376,2.538,94.584,0.614,2.428
20061021,12.747,11.763,0.528,13.911,1.045,54.724,336.897,2.69,94.768,0.747,3.385
20061022,12.811,11.964,0.666,13.811,1.568,69.755,322.804,3.396,95.004,2.198,3.629
20061023,14.277,13.728,0.577,14.926,0.77,58.522,344.512,3.0,94.426,5.4,4.662
20061024,13.28,12.804,1.366,13.892,0.516,78.106,336.869,3.228,94.284,4.652,6.097
20061025,10.255,9.354,0.629,11.415,2.057,68.734,319.182,2.749,95.66,0.009,2.751
20061026,14.827,13.548,3.242,16.617,3.486,95.293,318.595,6.655,95.416,0.226,4.122
20061027,14.626,14.029,1.89,15.462,0.731,73.442,329.326,5.184,96.233,0.006,3.719
20061028,10.35,10.518,2.083,10.114,1.556,29.838,335.377,2.247,96.626,4.8,2.678
20061029,12.304,11.541,1.559,13.371,1.055,49.682,342.793,2.675,95.952,3.088,5.261
20061030,9.001,8.869,1.105,9.187,1.531,37.274,334.583,2.06,96.385,0.581,2.127
20061031,9.981,9.567,0.971,10.56,1.51,68.758,310.697,3.614,95.092,1.551,4.798
20061101,3.738,3.489,3.015,4.085,0.902,55.017,274.531,2.055,95.419,4.475,6.131
20061102,-0.311,-0.376,2.169,-0.22,1.749,41.633,264.171,1.329,96.7,2.605,3.318
20061103,1.531,1.358,0.742,1.774,1.747,67.495,278.291,1.782,96.994,0.522,2.358
20061104,4.895,4.4,2.079,5.587,1.534,32.826,316.704,1.608,97.039,0.79,4.082
20061105,7.777,7.658,0.802,7.943,0.511,9.829,340.394,1.662,96.647,4.716,5.26
20061106,8.786,8.429,0.258,9.286,0.596,27.944,337.958,2.487,96.764,0.181,4.287
20061107,6.801,6.14,1.376,7.727,1.433,73.301,290.333,2.562,96.609,0.064,2.439
20061108,6.838,6.486,2.673,7.331,2.578,73.799,290.843,2.592,96.25,0.027,4.296
20061109,7.535,7.211,2.207,7.989,0.698,62.498,303.858,2.358,96.507,7.214,5.286
20061110,4.184,3.344,0.598,5.467,1.676,49.134,287.34,1.979,97.448,0.062,2.886
20061111,4.677,4.776,1.988,4.526,0.887,10.898,317.346,2.014,95.868,3.071,5.266
20061112,4.477,4.216,0.948,4.874,0.501,47.044,295.73,1.566,95.339,5.694,5.836
20061113,6.056,6.199,2.649,5.817,1.196,6.519,330.05,1.284,95.198,3.72,5.334
20061114,10.363,10.04,1.267,10.902,1.047,29.793,341.663,2.287,95.343,1.679,4.278
20061115,10.921,10.31,0.489,11.938,1.485,49.407,323.542,2.639,95.714,0.056,3.854
20061116,11.553,10.352,0.734,13.556,2.053,64.187,290.238,3.784,95.294,0.0,3.574
20061117,11.772,10.944,1.414,13.153,0.242,33.123,324.205,4.124,95.381,1.022,3.327
20061118,9.469,8.829,0.802,10.536,0.596,47.734,317.871,2.16,95.917,2.024,2.651
20061119,6.992,6.444,1.726,7.905,1.134,17.601,326.889,1.314,96.092,3.87,2.948
20061120,4.456,4.286,0.747,4.738,0.758,38.819,292.245,2.031,95.882,0.288,4.055
20061121,6.072,5.181,0.658,7.556,0.66,21.11,316.795,1.511,94.345,4.133,3.724
20061122,3.545,3.215,0.901,4.096,1.187,40.925,288.221,1.485,94.447,0.037,2.99
20061123,6.189,6.526,2.712,5.628,1.167,13.982,330.376,1.708,94.094,4.213,5.275
20061124,9.589,9.637,0.87,9.508,1.049,34.287,322.396,2.169,94.795,3.317,3.623
20061125,10.807,10.705,0.553,10.976,0.647,27.048,331.477,3.996,95.091,0.002,4.126
20061126,9.311,8.689,2.025,10.347,1.158,42.872,308.601,2.284,96.291,0.0,1.78
20061127,6.14,5.21,1.909,7.692,2.644,45.147,291.127,1.558,96.646,0.0,1.985
20061128,4.979,4.525,0.556,5.806,1.354,45.764,298.447,1.166,96.526,0.017,1.969
20061129,5.925,5.193,0.763,7.26,0.807,27.367,313.423,1.14,97.131,0.102,2.3
20061130,3.047,2.776,0.767,3.542,1.692,30.827,297.109,0.843,97.761,0.02,1.553
20061201,4.894,4.061,1.774,6.413,1.634,43.341,276.32,1.366,97.021,0.001,3.419
20061202,4.783,4.632,0.846,5.057,1.168,46.269,275.701,1.552,96.27,0.004,3.993
20061203,7.42,7.142,1.65,7.925,1.631,43.312,303.865,2.106,95.346,2.52,4.812
20061204,7.069,6.878,0.788,7.417,0.683,16.631,316.29,2.019,94.769,4.757,5.389
20061205,11.024,10.67,1.458,11.668,0.277,12.891,334.047,2.712,94.789,1.067,5.867
20061206,9.118,9.26,1.802,8.86,0.352,20.418,318.002,2.706,94.863,2.069,4.567
20061207,6.32,6.25,0.534,6.447,0.688,34.198,312.674,2.642,94.966,1.42,5.544
20061208,8.548,8.36,1.614,8.893,1.224,22.273,304.157,3.248,94.166,1.643,5.563
20061209,5.514,5.187,1.493,6.11,0.379,18.507,289.672,2.202,95.089,0.151,2.955
20061210,3.072,2.553,0.927,4.019,1.007,27.83,298.904,1.402,96.833,0.07,2.561
20061211,2.15,1.999,0.952,2.425,0.414,12.031,307.778,1.293,96.558,3.555,5.376
20061212,4.159,3.503,0.378,5.355,0.822,29.294,300.406,1.385,96.368,5.829,3.934
20061213,4.67,4.483,1.599,5.011,0.676,7.237,325.141,1.318,96.707,1.549,5.141
20061214,5.869,5.6,0.659,6.36,0.704,24.584,304.458,1.895,96.925,0.012,4.896
20061215,4.292,3.661,0.944,5.442,2.243,42.435,262.928,2.181,96.882,0.0,3.645
20061216,4.906,4.25,1.883,6.103,1.229,34.144,291.347,2.109,96.313,2.254,4.56
20061217,2.678,2.58,0.67,2.857,0.854,25.199,303.281,1.343,96.671,1.017,3.333
20061218,2.07,1.819,0.436,2.526,0.358,25.3,295.869,1.032,97.023,0.121,1.767
20061219,2.205,2.112,0.261,2.374,0.663,26.22,295.571,1.287,97.556,0.673,1.757
20061220,2.435,2.394,0.358,2.508,0.469,14.283,307.647,1.282,97.72,0.441,2.556
20061221,3.552,3.288,0.361,4.032,0.675,15.63,321.927,0.783,98.115,0.364,0.832
20061222,3.635,3.553,0.239,3.784,0.243,12.571,322.895,1.242,98.326,0.19,0.894
20061223,1.301,1.342,1.173,1.225,0.167,20.374,306.322,0.876,98.296,0.033,1.66
20061224,-0.581,-0.647,0.669,-0.459,1.383,31.469,295.076,0.605,97.933,0.087,0.827
20061225,0.592,0.38,1.126,0.979,0.717,14.272,314.828,0.68,97.837,0.512,1.412
20061226,-0.237,-0.77,1.265,0.736,1.336,33.27,270.514,0.997,97.751,0.005,1.402
20061227,-2.396,-2.936,0.742,-1.412,1.702,42.882,250.35,0.732,97.322,0.019,1.887
20061228,-1.045,-0.882,1.55,-1.342,0.507,8.753,306.507,0.815,96.796,4.43,3.723
20061229,1.073,0.785,0.456,1.6,0.935,18.85,300.398,0.839,96.958,0.05,2.124
20061230,2.882,2.827,2.511,2.982,1.374,23.47,298.128,1.881,96.476,1.283,5.013
20061231,7.381,7.228,0.423,7.66,0.382,16.925,309.585,2.768,96.436,0.822,6.546
20070101,6.339,6.193,2.559,6.606,1.005,28.502,305.628,2.133,95.551,6.846,6.204
20070102,2.716,2.521,1.022,3.073,0.701,27.914,286.501,1.473,95.878,0.819,4.413
20070103,3.91,3.809,0.442,4.093,0.66,25.565,312.495,1.605,96.703,1.081,4.36
20070104,5.201,5.187,0.688,5.225,0.68,7.369,324.144,1.569,95.36,2.501,5.768
20070105,5.682,5.785,0.494,5.493,0.412,14.979,326.43,1.593,95.913,3.518,4.955
20070106,7.52,7.262,0.425,7.989,0.368,17.579,339.566,1.502,95.983,4.293,4.465
20070107,6.395,6.553,1.564,6.107,0.505,23.223,311.452,1.799,95.838,2.451,4.753
20070108,6.414,6.021,1.347,7.13,0.703,10.626,323.223,1.872,95.154,2.314,4.868
20070109,10.165,9.561,1.749,11.268,0.83,10.16,347.316,2.518,95.414,1.091,5.652
20070110,9.612,9.346,1.079,10.097,0.807,37.621,313.122,3.308,95.794,3.597,5.751
20070111,4.934,5.188,0.85,4.473,0.4,15.694,306.42,2.379,95.527,7.909,7.078
20070112,6.478,6.523,0.98,6.396,0.542,31.217,300.988,2.856,96.006,0.409,6.715
20070113,9.359,9.141,0.296,9.756,0.157,16.761,341.019,2.629,96.227,0.378,5.578
20070114,5.948,5.86,3.033,6.11,0.366,41.419,286.49,2.884,96.689,0.865,5.332
20070115,1.237,0.09,0.897,3.149,1.907,44.569,255.732,1.473,97.019,0.005,2.466
20070116,2.391,1.895,1.915,3.219,1.167,32.188,295.135,1.226,96.41,0.021,3.798
20070117,6.804,6.54,2.089,7.243,0.891,14.505,335.385,1.824,95.807,2.491,5.391
20070118,9.113,8.597,1.393,9.971,1.251,5.775,340.773,2.182,94.002,27.741,8.589
20070119,7.287,7.104,0.867,7.592,0.752,34.937,302.491,3.489,95.17,0.836,6.783
20070120,8.983,7.702,1.626,11.118,0.401,17.048,329.267,2.635,95.563,2.57,5.814
20070121,4.166,3.891,0.51,4.624,0.373,39.562,273.818,2.498,95.283,1.669,6.364
20070122,1.354,0.407,2.699,2.933,0.758,38.962,271.879,1.669,95.822,0.661,4.097
20070123,-5.502,-5.81,0.769,-4.989,1.389,49.405,234.759,1.093,95.749,0.005,3.603
20070124,-5.762,-5.831,0.86,-5.647,1.135,36.322,254.542,1.063,94.922,0.033,4.135
20070125,-4.026,-4.742,1.412,-2.832,0.284,52.08,245.064,1.214,96.199,0.208,2.83
20070126,-5.195,-5.433,2.895,-4.798,1.693,45.299,253.401,1.232,96.125,2.22,4.177
20070127,0.108,-0.078,0.645,0.417,0.42,48.215,273.81,1.292,96.265,2.386,4.837
20070128,2.347,2.116,1.056,2.732,0.403,19.775,312.913,1.449,96.257,4.35,5.994
20070129,3.846,3.538,0.692,4.359,0.506,32.822,302.091,1.549,96.107,3.134,4.966
20070130,3.731,3.346,1.365,4.372,0.763,23.948,305.655,1.677,96.497,0.475,3.548
20070131,4.832,4.592,0.337,5.233,0.775,31.56,316.193,2.441,96.142,0.396,4.745
20070201,4.952,4.746,0.471,5.266,1.087,45.219,314.912,2.003,96.726,0.414,3.227
20070202,6.305,5.712,0.864,7.209,0.791,18.019,338.646,1.188,97.019,0.798,3.312
20070203,4.419,4.189,0.547,4.741,0.789,28.309,316.805,1.572,97.363,1.471,4.407
20070204,3.886,3.157,1.356,4.907,0.491,32.805,309.858,1.328,97.236,0.133,2.224
20070205,0.418,-0.015,1.273,1.023,1.168,35.218,281.229,0.881,95.689,0.875,2.923
20070206,-0.039,-0.516,1.086,0.629,0.778,44.272,275.669,1.211,94.888,0.476,1.951
20070207,-1.268,-1.65,1.062,-0.734,1.154,40.524,279.541,0.809,94.413,1.982,1.248
20070208,-0.712,-0.252,1.59,-1.357,0.562,33.585,291.019,0.738,94.049,6.192,2.685
20070209,1.952,1.274,0.811,2.902,0.652,66.922,272.584,1.356,94.607,1.471,3.208
20070210,-0.732,-0.893,0.912,-0.506,0.444,23.458,303.339,0.603,95.087,3.644,2.906
20070211,2.144,1.653,2.697,2.832,0.786,21.597,316.15,0.835,94.659,7.041,3.298
20070212,5.399,5.414,0.666,5.377,0.803,25.317,314.178,1.346,94.05,4.39,3.768
20070213,5.29,5.372,0.41,5.175,0.292,29.388,322.152,1.625,94.524,7.037,5.289
20070214,4.457,4.163,0.538,4.868,1.111,37.886,319.836,1.725,95.07,6.785,3.041
20070215,3.785,3.383,1.306,4.348,0.818,34.01,310.775,1.374,96.062,1.249,3.692
20070216,2.577,1.758,0.969,3.724,2.234,94.209,268.851,1.607,96.809,0.006,3.307
20070217,3.288,1.85,1.821,5.302,3.325,105.091,246.871,2.437,96.203,0.0,3.329
20070218,3.211,1.992,2.632,4.778,3.512,106.698,271.689,2.191,95.767,0.042,2.059
20070219,2.495,2.092,0.823,3.013,0.898,48.108,309.55,1.942,95.765,0.085,1.165
20070220,2.716,1.527,1.607,4.122,1.548,42.622,308.399,1.364,95.564,0.027,1.427
20070221,3.677,2.223,3.993,5.396,4.297,109.77,276.878,1.772,95.539,1.384,2.429
20070222,5.284,4.412,1.116,6.315,2.347,97.354,284.374,2.07,95.593,0.07,2.237
20070223,4.926,3.843,1.257,6.207,2.614,91.604,291.412,1.883,95.472,0.587,1.996
20070224,5.93,4.909,1.409,7.136,2.084,88.353,292.158,2.075,94.846,1.262,3.811
20070225,6.079,5.537,0.645,6.72,0.441,44.629,301.69,1.859,94.36,5.187,4.292
20070226,4.802,4.518,0.329,5.137,0.455,51.466,317.386,1.554,94.709,4.766,4.585
20070227,3.111,2.801,0.789,3.478,0.681,66.055,309.029,1.379,95.362,6.247,4.492
20070228,7.312,6.352,0.958,8.447,0.56,73.087,313.486,2.408,94.235,2.566,5.632
20070301,6.634,5.97,0.617,7.418,0.773,59.794,305.409,2.431,93.705,7.051,6.006
20070302,4.163,3.5,1.44,4.947,0.614,80.221,287.544,2.456,94.605,0.942,5.094
20070303,3.163,1.719,2.055,4.871,2.425,68.374,306.623,1.328,94.642,10.276,4.006
20070304,4.773,3.281,1.53,6.536,2.936,100.049,281.834,2.277,96.236,0.128,2.408
20070305,6.012,4.324,0.943,8.008,1.987,89.878,284.653,2.989,95.965,0.773,4.16
20070306,6.822,5.95,3.123,7.771,2.793,104.936,292.626,3.72,95.738,0.137,3.69
20070307,7.266,6.12,1.528,8.412,0.86,74.028,303.979,2.713,94.908,1.416,3.271
20070308,4.001,2.53,1.344,5.471,2.131,65.086,287.739,1.734,96.106,0.52,2.833
20070309,5.046,3.072,2.791,7.019,3.467,103.527,291.03,2.723,96.805,3.997,2.782
20070310,4.64,3.636,0.926,5.644,2.221,98.865,298.349,2.455,97.561,0.502,3.006
20070311,6.026,3.828,2.817,8.225,4.027,141.955,273.481,3.314,97.635,0.0,1.871
20070312,7.688,5.183,3.707,10.193,5.518,156.502,272.895,3.928,97.124,0.0,1.7
20070313,8.455,6.027,2.993,10.882,4.553,152.244,285.653,3.835,96.912,0.0,1.905
20070314,6.202,4.611,1.527,7.793,2.97,165.837,269.311,3.439,97.547,0.0,1.644
20070315,5.27,3.302,2.659,7.237,4.388,153.378,267.292,3.256,97.194,0.0,0.586
20070316,5.157,3.443,3.687,6.872,3.774,124.141,293.272,2.896,96.705,0.0,2.279
20070317,6.558,6.678,0.576,6.439,0.367,24.575,329.751,1.837,95.986,2.129,5.298
20070318,5.527,4.61,3.21,6.445,1.437,43.262,314.071,1.949,94.473,7.191,6.523
20070319,1.314,-0.13,0.686,2.759,1.465,144.369,255.682,1.629,93.669,2.018,3.139
20070320,0.818,-0.532,1.835,2.06,2.401,139.451,258.844,1.419,94.243,0.958,2.667
20070321,0.422,0.103,0.982,0.714,1.384,120.734,278.887,1.093,94.769,3.281,3.423
20070322,0.044,0.078,0.294,0.013,0.285,33.814,312.781,0.641,94.769,25.863,3.484
20070323,2.06,1.694,1.713,2.397,1.788,145.991,304.642,1.213,95.094,5.311,3.955
20070324,5.822,4.897,2.424,6.672,1.776,79.348,320.138,2.386,95.376,1.875,4.475
20070325,7.142,5.85,2.117,8.235,3.448,149.371,275.359,3.861,96.365,0.001,5.256
20070326,7.695,5.759,1.948,9.332,3.711,196.799,263.019,4.362,96.623,0.0,4.331
20070327,7.422,5.235,2.611,9.273,4.278,198.671,263.398,4.983,96.457,0.0,3.952
20070328,7.642,5.155,2.601,9.747,4.406,197.429,269.515,4.76,96.082,0.149,2.577
20070329,7.496,5.044,1.366,9.57,3.247,191.615,276.575,4.215,95.69,1.536,1.995
20070330,7.222,5.211,2.152,8.924,3.818,166.343,284.898,3.238,95.612,0.951,1.899
20070331,8.252,6.448,2.662,9.778,3.701,158.799,284.187,4.581,96.143,0.006,3.885
20070401,8.603,6.795,2.478,10.133,3.889,214.687,264.296,6.155,96.975,0.0,4.125
20070402,8.88,6.557,2.401,10.687,4.55,212.019,272.476,5.834,96.911,0.031,2.652
20070403,4.743,3.753,0.893,5.514,1.647,184.871,282.778,2.497,95.88,2.542,3.178
20070404,3.535,2.161,0.859,4.604,2.739,200.447,261.052,3.222,96.233,0.132,3.501
20070405,4.735,2.483,4.207,6.486,4.268,212.265,263.54,3.211,96.248,0.002,2.925
20070406,8.585,6.334,2.203,10.335,3.491,188.152,296.888,3.745,96.395,0.008,2.577
20070407,5.925,4.553,1.281,6.993,1.966,112.238,304.091,2.888,96.598,0.068,1.767
20070408,5.767,3.972,2.543,7.163,3.093,92.301,302.889,2.577,96.661,0.076,1.981
20070409,9.223,7.153,3.047,10.833,3.283,169.865,298.616,4.658,96.036,0.005,3.632
20070410,9.96,8.812,1.302,10.853,2.475,99.834,318.741,3.676,96.31,0.308,3.28
20070411,9.232,7.02,1.624,10.952,2.35,155.835,312.431,3.528,96.733,0.002,1.576
20070412,10.509,7.344,4.0,12.769,4.81,233.59,290.83,4.255,96.721,0.0,2.83
20070413,13.766,10.941,3.278,15.784,4.647,240.733,293.089,6.494,96.577,0.0,3.476
20070414,15.006,11.656,2.918,17.399,4.932,248.693,289.782,8.927,96.672,0.0,3.244
20070415,14.178,10.625,3.402,16.716,5.199,251.889,285.352,8.83,96.805,0.0,2.671
20070416,15.002,11.021,2.736,17.61,5.696,251.469,293.91,9.314,96.571,0.0,1.85
20070417,12.469,9.847,2.218,14.188,3.887,226.019,308.057,5.713,96.18,0.049,2.539
20070418,6.545,4.624,1.191,7.803,1.968,151.265,292.26,3.933,96.455,0.145,3.168
20070419,8.102,4.957,5.197,10.163,5.531,252.388,274.649,5.322,96.183,0.0,3.166
20070420,6.082,4.993,2.301,6.796,1.813,213.335,283.351,3.779,96.352,0.007,2.671
20070421,5.188,2.675,2.857,6.834,4.336,256.858,260.115,3.973,96.624,0.0,1.545
20070422,9.921,6.136,4.821,12.401,6.241,265.457,274.851,6.952,96.622,0.0,1.99
20070423,13.831,10.7,4.889,15.883,5.789,264.069,299.721,8.848,96.422,0.0,1.732
20070424,14.386,13.186,1.444,15.172,2.901,161.328,344.959,4.315,96.367,3.302,1.154
20070425,15.284,12.517,2.621,17.096,4.212,212.74,323.092,5.943,96.235,0.111,2.21
20070426,15.188,11.714,2.789,17.464,4.352,274.293,298.329,8.58,96.322,0.0,2.491
20070427,15.268,11.106,3.168,17.996,5.331,274.952,300.788,9.1,96.452,0.0,2.38
20070428,16.031,11.985,2.722,18.682,5.249,267.541,307.482,9.771,96.423,0.0,1.607
20070429,10.716,8.793,1.674,11.976,2.755,278.957,279.139,6.085,96.404,0.0,3.783
20070430,8.741,5.948,2.933,10.571,4.472,285.546,266.626,6.065,96.168,0.0,3.472
20070501,8.647,6.161,1.604,10.01,3.552,286.479,265.962,6.384,96.163,0.0,3.528
20070502,9.465,5.626,2.939,11.571,4.873,287.261,270.03,7.197,96.008,0.0,2.861
20070503,11.245,7.082,3.572,13.528,5.295,281.345,284.564,7.512,95.776,0.0,2.681
20070504,13.359,10.245,3.195,15.066,4.692,263.449,294.517,8.873,95.459,0.0,3.411
20070505,13.804,10.786,1.8,15.459,4.22,267.523,296.061,9.79,95.526,0.0,3.282
20070506,13.689,10.11,3.159,15.651,4.934,283.523,296.243,8.621,95.834,0.038,1.834
20070507,12.25,12.023,0.203,12.375,0.634,73.528,348.868,3.473,95.435,14.317,5.006
20070508,10.328,9.906,1.024,10.559,0.533,153.155,325.718,2.97,95.261,5.094,5.171
20070509,10.266,9.292,1.02,10.8,1.479,181.161,323.649,3.102,95.587,4.597,4.256
20070510,13.724,12.227,2.058,14.545,1.948,166.294,341.41,4.615,95.344,2.214,5.049
20070511,12.835,11.528,2.313,13.552,1.337,188.811,317.319,5.496,94.854,0.894,6.21
20070512,11.487,9.586,1.898,12.529,2.427,220.491,314.181,3.762,95.28,4.558,4.339
20070513,14.387,12.12,3.528,15.631,3.57,193.811,327.33,5.404,95.397,1.796,2.68
20070514,13.485,12.282,2.089,14.144,1.882,183.712,334.778,4.368,95.238,9.581,3.596
20070515,8.657,7.597,2.376,9.238,0.79,116.712,314.873,1.715,95.652,3.458,3.07
20070516,8.247,5.412,2.865,9.802,2.751,205.909,303.836,2.237,95.517,6.926,3.73
20070517,7.48,5.602,1.291,8.51,2.635,187.075,303.483,3.33,95.472,0.037,3.027
20070518,10.256,6.96,4.771,12.063,5.013,273.492,299.721,4.862,96.101,0.0,2.177
20070519,14.628,11.719,4.048,16.224,3.664,180.576,330.629,4.666,95.838,0.112,2.296
20070520,17.606,14.766,2.694,19.026,3.919,251.626,337.063,6.779,95.935,0.111,2.361
20070521,19.921,15.518,2.55,21.922,4.796,276.352,337.87,9.696,95.874,0.029,1.669
20070522,18.743,15.724,0.873,20.116,3.351,244.703,351.574,4.971,96.153,5.904,1.514
20070523,15.926,15.048,0.919,16.326,1.673,123.79,362.8,2.565,96.442,0.818,1.76
20070524,18.761,15.672,2.573,20.165,4.211,258.047,345.824,6.137,96.052,0.153,1.851
20070525,19.609,15.869,0.843,21.309,3.867,260.547,347.956,7.318,95.263,6.161,2.133
20070526,18.272,15.429,0.872,19.565,2.977,250.303,355.05,4.599,94.799,2.762,1.531
20070527,15.902,13.407,0.897,17.037,2.609,239.56,350.397,4.035,94.356,3.737,2.326
20070528,12.287,11.277,1.149,12.746,1.172,137.127,339.598,2.041,94.194,5.077,2.372
20070529,9.998,9.958,2.161,10.017,0.802,31.801,353.441,1.371,94.449,30.766,5.341
20070530,10.761,8.276,2.377,11.891,3.452,279.827,302.157,5.327,95.687,0.074,2.638
20070531,11.996,8.387,3.284,13.636,3.949,208.543,315.182,5.929,95.758,0.0,1.791
20070601,14.482,11.249,2.93,15.951,3.925,220.408,323.874,5.711,95.902,0.247,2.829
20070602,14.416,12.918,1.025,15.097,1.9,215.112,340.889,3.83,96.484,0.802,2.416
20070603,14.297,13.538,0.299,14.642,0.99,81.409,368.284,2.405,96.54,0.459,1.786
20070604,15.549,14.024,1.008,16.243,1.89,152.417,358.656,3.51,96.486,0.578,2.178
20070605,15.77,14.124,0.658,16.518,1.62,182.31,352.813,3.562,96.339,1.811,1.983
20070606,16.968,14.633,3.195,18.029,3.672,237.053,347.092,4.3,96.099,0.332,2.491
20070607,20.631,17.662,2.006,21.98,3.649,278.661,350.085,8.117,95.993,0.218,2.974
20070608,21.132,17.779,1.955,22.656,3.75,276.552,346.669,9.147,96.079,0.567,2.354
20070609,21.129,17.596,2.31,22.735,3.79,281.166,349.083,9.917,96.019,0.013,1.732
20070610,19.645,16.142,1.765,21.237,3.917,289.098,339.422,9.179,95.916,0.147,1.5
20070611,18.999,16.167,2.295,20.287,3.685,231.001,347.357,7.823,95.735,0.321,0.976
20070612,17.376,14.868,0.95,18.517,2.541,193.109,355.611,3.717,95.4,6.716,1.602
20070613,17.779,15.822,1.506,18.669,2.631,218.736,352.792,6.17,95.323,2.025,2.24
20070614,18.634,15.336,2.608,20.134,4.049,252.794,346.647,7.005,95.132,1.261,1.617
20070615,17.716,15.34,0.721,18.796,2.074,201.919,359.979,3.916,94.937,8.649,3.053
20070616,15.336,13.233,0.64,16.291,1.966,252.971,334.008,4.481,95.204,4.415,3.654
20070617,16.625,13.635,1.647,17.984,3.22,254.184,326.767,7.4,95.284,0.182,2.949
20070618,17.154,14.689,0.694,18.275,2.611,233.631,348.785,5.627,95.407,9.014,3.295
20070619,18.557,15.469,2.435,19.96,3.882,258.04,337.701,7.184,95.899,0.418,1.102
20070620,20.172,16.782,2.161,21.713,3.889,246.047,352.465,7.3,95.746,5.255,2.096
20070621,14.689,14.887,2.686,14.599,1.151,52.369,362.049,2.125,95.615,34.638,1.988
20070622,14.087,12.012,0.983,15.03,2.471,216.458,331.996,3.056,95.568,3.881,2.037
20070623,14.203,12.632,0.804,14.918,1.713,216.272,335.187,3.403,95.4,2.934,3.752
20070624,15.89,13.494,1.747,16.979,2.821,248.636,330.085,5.102,95.762,0.183,2.771
20070625,16.358,13.355,0.484,17.723,2.552,242.888,345.742,4.332,95.029,7.006,3.054
20070626,12.046,11.056,1.164,12.495,1.081,187.253,324.313,3.14,94.434,4.693,5.624
20070627,10.533,9.413,1.243,10.994,2.024,223.555,308.039,4.646,95.009,0.829,5.407
20070628,11.85,10.211,0.832,12.526,1.131,185.022,325.322,3.79,95.457,2.335,4.094
20070629,12.829,10.445,2.539,13.913,2.3,165.946,332.6,3.619,95.781,0.633,3.474
20070630,14.602,12.95,0.699,15.353,1.603,175.302,341.317,4.322,95.859,1.136,4.05
20070701,17.757,15.052,2.539,18.986,3.338,230.483,355.702,6.032,95.538,1.388,2.284
20070702,16.575,15.376,1.334,17.12,1.155,138.182,354.209,4.03,95.222,4.781,2.502
20070703,13.526,12.273,0.316,14.095,1.53,170.8,334.561,3.324,95.041,4.992,3.513
20070704,12.865,12.11,0.297,13.209,0.879,223.798,333.95,2.906,94.794,9.928,4.066
20070705,12.962,12.267,0.834,13.279,1.39,121.298,342.408,2.887,95.282,2.535,4.415
20070706,13.791,12.507,0.773,14.374,1.952,160.299,336.243,4.422,95.296,1.817,5.478
20070707,14.746,12.694,0.826,15.679,2.198,194.395,331.131,6.149,95.798,0.828,4.989
20070708,15.63,12.343,2.986,17.125,4.182,275.945,319.223,7.967,96.086,0.014,1.993
20070709,13.317,12.374,1.459,13.746,1.387,136.438,349.61,2.993,95.559,12.481,1.645
20070710,11.58,9.676,0.388,12.446,1.784,198.675,318.199,2.826,95.545,5.814,2.217
20070711,12.428,10.444,1.719,13.33,2.351,219.742,329.241,3.414,95.641,2.472,3.421
20070712,14.213,12.934,1.606,14.794,2.316,173.639,343.759,4.371,95.879,1.038,3.795
20070713,17.244,15.399,1.264,18.082,2.569,174.792,362.971,4.472,96.052,1.397,3.189
20070714,21.543,17.287,2.825,23.477,4.756,294.75,347.693,10.262,96.048,0.009,2.592
20070715,24.234,20.012,2.812,26.154,5.843,306.735,353.79,14.575,96.039,0.0,2.101
20070716,25.249,20.986,3.096,27.187,5.053,300.285,353.952,18.055,95.784,0.0,1.826
20070717,21.471,19.38,1.652,22.422,1.489,267.5,355.139,11.181,96.066,0.003,2.385
20070718,19.185,15.936,1.511,20.809,3.618,264.84,341.295,8.959,96.305,0.0,1.816
20070719,18.133,15.564,1.93,19.417,3.09,175.157,359.555,6.725,96.258,14.573,1.776
20070720,18.961,15.624,1.016,20.629,3.405,236.173,355.635,6.123,95.939,3.531,2.367
20070721,17.052,15.482,0.377,17.838,1.763,196.565,350.889,4.249,96.046,11.274,1.522
20070722,15.702,14.035,1.306,16.536,2.025,203.521,344.104,4.022,95.577,27.043,2.697
20070723,15.573,12.213,3.258,17.253,3.898,217.945,337.089,5.462,95.12,5.901,1.845
20070724,14.629,14.166,1.366,14.861,0.74,134.046,336.814,3.704,94.705,4.168,5.997
20070725,15.673,12.74,1.193,17.139,2.956,207.369,326.863,6.557,95.826,0.594,3.874
20070726,18.315,14.681,4.306,20.133,4.434,275.913,335.852,9.322,95.7,0.001,2.847
20070727,17.922,16.224,1.833,18.77,1.628,220.954,339.574,8.346,95.682,0.274,3.714
20070728,15.885,14.504,0.759,16.575,1.271,128.462,350.604,3.646,95.737,7.756,3.748
20070729,13.05,11.732,1.011,13.71,0.759,58.367,345.607,2.108,95.513,16.514,3.399
20070730,11.015,9.691,0.511,11.678,1.825,204.027,316.452,3.411,95.848,2.079,4.82
20070731,11.527,9.752,0.965,12.414,2.084,126.825,327.069,4.185,96.193,0.731,3.541
20070801,13.431,9.774,3.483,15.26,4.491,251.717,315.135,5.89,96.182,0.0,1.413
20070802,14.193,11.415,1.783,15.716,3.175,158.845,337.804,3.9,95.536,7.177,2.972
20070803,14.191,12.198,1.212,15.284,2.091,183.375,336.134,4.349,96.392,0.275,2.78
20070804,15.648,12.113,4.363,17.587,4.986,257.451,320.247,7.473,96.805,0.0,1.262
20070805,18.022,14.311,3.478,20.057,4.807,282.109,323.501,9.308,96.347,0.0,2.352
20070806,19.093,14.968,2.715,21.355,5.299,286.114,320.975,11.065,95.657,0.0,2.083
20070807,18.152,15.672,1.585,19.512,3.41,227.388,348.293,6.015,95.599,0.628,2.412
20070808,15.273,14.908,0.602,15.473,0.703,88.233,380.332,1.999,95.593,6.213,3.357
20070809,16.677,15.073,0.837,17.64,1.824,132.392,375.611,1.847,95.46,23.979,1.874
20070810,17.042,15.841,1.026,17.762,1.266,141.001,369.734,2.539,95.544,2.252,2.416
20070811,15.32,15.209,1.096,15.387,1.553,85.508,365.367,2.934,95.602,0.73,3.77
20070812,15.299,12.995,2.111,16.681,3.662,278.366,309.179,5.657,95.526,0.0,1.639
20070813,15.481,12.169,1.489,17.468,2.815,203.453,332.965,4.162,95.568,0.974,1.861
20070814,17.3,14.647,2.463,18.891,4.309,216.694,334.95,7.061,95.648,0.131,1.672
20070815,20.564,18.669,1.739,21.702,2.224,175.501,370.689,6.947,95.144,1.709,3.78
20070816,17.205,16.195,2.841,17.812,0.879,149.976,350.319,4.474,95.327,8.353,4.099
20070817,13.801,11.378,0.892,15.256,2.165,212.379,316.056,5.224,96.148,0.388,2.936
20070818,13.922,11.031,1.553,15.657,3.439,186.982,320.361,5.171,96.164,0.184,1.625
20070819,15.599,12.795,2.279,17.435,3.784,179.088,338.08,5.931,95.577,0.496,1.306
20070820,15.078,12.62,1.489,16.688,2.385,177.777,335.407,4.457,95.155,0.587,2.286
20070821,13.646,13.418,0.921,13.796,1.146,26.703,363.025,1.83,94.934,32.532,3.419
20070822,16.124,14.405,1.786,17.251,2.502,187.371,333.602,4.986,95.346,0.309,1.857
20070823,15.313,13.436,1.554,16.543,2.237,158.605,341.154,3.316,95.889,1.233,1.198
20070824,16.746,14.184,3.147,18.425,3.827,192.236,338.418,5.798,96.632,0.198,1.009
20070825,17.938,15.151,2.259,19.765,4.191,209.467,337.442,5.54,97.028,0.589,1.802
20070826,17.398,14.907,1.592,19.029,2.931,166.315,349.357,5.284,96.889,0.028,2.517
20070827,14.052,12.678,1.077,14.952,1.458,147.75,338.911,5.242,96.58,0.068,1.84
20070828,11.86,9.66,0.904,13.302,2.085,147.282,319.69,4.339,96.324,0.255,1.86
20070829,10.715,8.027,1.309,12.636,2.87,156.029,313.446,4.209,96.127,0.07,2.072
20070830,11.321,9.02,4.325,12.964,3.974,177.864,315.239,4.749,96.144,0.085,2.515
20070831,13.97,13.188,0.635,14.528,1.665,113.463,356.009,3.546,96.034,3.167,3.728
20070901,13.575,12.379,0.812,14.429,1.542,127.366,346.076,3.034,96.182,0.948,2.611
20070902,14.164,13.131,1.264,14.968,1.777,113.846,342.777,3.796,96.102,0.48,2.952
20070903,11.743,11.369,2.126,12.034,0.764,97.096,327.818,2.606,95.567,15.288,3.668
20070904,8.716,7.818,0.824,9.415,1.673,160.404,300.936,2.503,96.226,4.044,3.702
20070905,9.909,8.166,0.935,11.264,2.197,131.564,312.958,3.45,96.885,2.204,3.361
20070906,10.631,8.928,2.776,11.955,2.739,62.647,327.128,2.191,96.801,0.198,2.616
20070907,12.792,11.909,1.532,13.479,1.507,75.099,355.204,2.669,96.758,0.95,3.536
20070908,13.101,12.732,0.469,13.388,0.953,47.297,358.258,2.255,96.483,0.804,4.011
20070909,11.635,11.196,0.66,11.976,0.94,91.113,342.05,2.728,96.178,1.189,4.112
20070910,10.427,9.834,0.095,10.889,0.604,39.402,335.978,1.859,95.598,7.996,4.348
20070911,11.625,10.705,1.221,12.34,1.818,96.635,340.218,2.569,96.038,2.885,3.941
20070912,12.027,11.414,0.503,12.504,1.475,94.215,345.541,3.224,96.851,0.184,2.408
20070913,11.543,10.136,1.21,12.638,1.559,112.161,342.825,3.513,96.845,0.03,1.588
20070914,12.241,10.114,4.381,13.896,4.559,151.133,330.566,4.418,96.187,0.138,2.545
20070915,11.445,9.972,1.991,12.692,2.104,162.373,304.698,4.491,96.622,0.019,3.231
20070916,11.372,8.532,4.594,13.776,5.523,187.938,295.247,4.59,96.155,0.0,2.395
20070917,15.433,13.213,1.759,17.476,2.933,144.283,337.858,4.56,95.403,5.648,2.955
20070918,9.695,9.675,3.037,9.713,0.546,64.115,324.697,1.75,95.567,8.756,3.344
20070919,7.502,5.892,1.55,8.984,2.324,111.554,299.11,3.03,96.607,0.072,3.031
20070920,10.63,8.667,2.515,12.436,3.145,134.765,313.265,4.149,96.579,0.001,3.54
20070921,11.909,9.487,1.663,14.137,3.761,160.525,299.513,4.53,96.612,0.0,2.385
20070922,13.008,9.941,3.179,15.83,4.823,167.161,304.867,5.346,96.594,0.0,1.482
20070923,13.847,10.941,2.858,16.521,5.354,170.345,310.275,5.236,96.633,0.0,1.291
20070924,15.278,12.247,2.591,18.068,4.005,159.578,326.593,5.052,95.991,1.194,2.399
20070925,11.244,10.286,2.034,12.125,1.463,137.154,316.884,3.193,95.819,5.148,2.841
20070926,9.048,7.412,1.814,10.553,2.537,121.27,304.053,2.396,95.724,1.143,1.425
20070927,9.766,9.719,0.841,9.809,0.512,17.444,349.702,1.261,95.235,28.961,4.869
20070928,10.683,10.519,0.209,10.834,0.501,42.538,351.487,1.312,94.826,19.871,3.227
20070929,10.723,10.577,0.483,10.869,0.478,33.524,348.381,1.864,95.182,11.478,5.831
20070930,11.6,10.568,0.753,12.633,1.56,92.037,331.083,3.269,96.507,0.294,2.946
20071001,11.36,10.22,3.34,12.5,4.123,125.248,328.404,2.748,96.802,3.988,1.865
20071002,12.429,12.157,0.495,12.701,1.038,61.132,358.517,1.533,96.444,4.103,1.451
20071003,12.821,12.401,0.905,13.242,1.405,58.345,365.479,2.192,96.417,0.312,2.398
20071004,14.504,13.077,0.839,15.93,1.668,82.453,354.011,2.222,96.363,0.845,1.465
20071005,10.824,10.043,1.545,11.604,1.26,88.406,333.22,2.572,96.683,0.009,1.935
20071006,8.351,6.95,1.087,9.874,1.469,61.199,330.729,1.633,96.773,0.32,2.281
20071007,7.731,5.746,1.559,9.889,3.114,105.195,303.727,2.297,96.624,0.011,1.488
20071008,7.349,5.74,3.135,9.098,3.325,79.148,320.915,2.018,96.628,0.024,1.39
20071009,9.037,8.004,0.747,10.16,1.478,49.586,338.79,2.622,96.845,0.103,1.207
20071010,7.982,6.125,1.198,10.001,3.004,88.55,314.985,2.096,96.761,0.063,1.504
20071011,6.78,5.319,1.417,8.368,3.288,99.506,302.864,1.863,96.962,0.001,0.878
20071012,9.739,8.742,1.606,10.917,1.888,54.068,339.389,1.932,96.465,0.81,3.435
20071013,8.551,7.513,1.505,9.776,1.674,74.154,315.839,2.607,96.999,0.112,1.598
20071014,6.565,4.529,2.326,8.972,4.284,126.211,270.302,3.137,96.878,0.0,1.744
20071015,8.561,6.601,3.821,10.876,4.767,123.302,283.732,3.694,96.262,0.0,2.676
20071016,10.093,8.821,0.667,11.597,1.768,69.387,310.001,2.688,96.286,0.06,2.612
20071017,11.207,9.779,1.834,12.895,2.526,85.611,314.181,2.712,95.958,1.501,4.131
20071018,6.38,5.849,0.926,7.008,0.81,82.7,296.562,1.773,96.632,1.639,4.134
20071019,4.621,3.648,1.202,5.772,0.966,86.935,284.04,2.113,97.193,2.452,3.248
20071020,2.724,1.858,2.331,3.747,2.886,77.074,281.988,1.853,97.636,0.138,1.946
20071021,3.441,2.767,0.535,4.236,0.912,40.786,309.827,1.125,97.088,4.239,2.264
20071022,1.547,1.228,0.713,1.924,1.574,90.053,285.668,1.53,97.14,0.05,3.473
20071023,2.84,2.53,1.13,3.206,1.273,58.335,302.174,1.817,96.854,0.073,3.946
20071024,3.932,3.887,0.492,3.99,0.422,18.422,326.043,1.301,96.768,0.053,3.44
20071025,5.189,4.895,0.224,5.567,0.365,27.68,332.525,1.113,96.733,0.148,3.054
20071026,5.341,5.387,0.531,5.276,0.297,19.995,336.815,0.855,96.556,0.047,2.36
20071027,5.885,5.471,0.752,6.464,0.535,34.253,326.287,1.41,96.986,0.449,1.376
20071028,4.462,3.753,1.429,5.454,2.759,57.74,305.902,1.537,96.735,0.007,2.072
20071029,6.088,5.373,1.871,7.089,2.138,75.917,304.951,1.957,95.802,0.099,2.752
20071030,6.582,5.966,1.166,7.444,0.4,31.662,314.487,1.353,95.864,2.605,2.631
20071031,4.837,3.716,0.808,6.405,1.885,63.247,297.425,1.498,97.094,0.002,1.865
20071101,5.14,4.597,2.842,5.901,2.054,52.733,312.969,1.585,97.343,0.087,2.169
20071102,8.774,8.529,0.998,9.118,0.87,8.053,352.825,0.956,97.326,0.346,1.909
20071103,10.078,9.577,0.589,10.778,0.843,15.624,352.011,1.184,96.89,0.526,2.75
20071104,6.847,6.212,1.468,7.735,0.425,42.104,314.986,2.056,96.827,0.148,2.881
20071105,4.843,4.441,0.983,5.405,1.886,43.64,307.085,2.054,96.909,0.604,1.715
20071106,4.509,4.166,0.886,4.989,0.645,55.638,297.851,1.572,96.284,5.77,5.229
20071107,5.467,5.404,1.653,5.556,0.812,9.723,317.551,1.519,96.008,7.386,5.816
20071108,7.317,7.136,0.73,7.571,0.959,40.53,320.548,1.866,95.619,2.198,4.894
20071109,3.335,3.73,1.731,2.782,0.475,55.832,293.209,1.544,95.025,7.209,6.174
20071110,1.956,1.78,0.335,2.226,0.65,24.2,296.539,0.994,95.336,9.877,4.634
20071111,2.997,1.822,0.997,4.791,1.766,28.905,305.374,1.098,94.788,10.73,5.036
20071112,2.155,1.829,0.532,2.653,0.453,39.065,296.842,1.2,95.519,2.363,5.354
20071113,2.085,1.569,0.867,2.946,0.42,34.68,297.586,1.164,95.298,3.279,3.529
20071114,0.002,-0.161,0.284,0.273,0.343,51.375,281.119,1.076,95.133,1.816,2.939
20071115,0.066,-0.242,0.343,0.578,0.597,40.177,279.7,1.204,96.409,1.162,3.123
20071116,-0.521,-0.484,1.134,-0.583,0.81,12.196,300.286,1.113,96.884,1.883,2.171
20071117,2.011,1.769,0.576,2.415,0.534,16.873,318.323,0.863,96.76,0.983,1.945
20071118,2.887,2.673,0.488,3.242,0.561,21.22,318.48,0.838,95.978,0.712,1.853
20071119,1.298,1.238,1.052,1.4,1.257,54.466,271.833,1.27,95.602,0.014,2.558
20071120,1.777,1.193,0.812,2.751,1.929,49.803,274.364,1.196,95.805,0.0,1.436
20071121,2.675,2.09,2.075,3.65,1.516,37.085,292.853,1.701,95.476,0.386,2.185
20071122,5.083,4.607,1.526,5.875,1.185,30.147,315.684,1.718,95.336,0.955,1.946
20071123,5.208,4.799,0.54,5.891,0.753,10.826,324.331,1.061,95.602,2.4,1.802
20071124,0.777,0.4,1.293,1.405,0.908,34.488,276.757,1.515,96.539,0.03,2.407
20071125,1.912,1.32,1.079,2.899,1.061,23.552,299.677,1.114,95.75,6.13,5.321
20071126,0.894,0.775,0.18,1.091,0.375,39.462,275.381,1.295,96.167,1.782,5.594
20071127,1.031,0.69,0.338,1.6,0.631,38.753,271.895,1.221,96.763,1.9,3.181
20071128,0.39,0.067,0.707,0.98,1.016,30.876,288.711,0.992,96.551,0.009,1.946
20071129,0.237,0.055,1.32,0.568,1.024,34.838,284.234,1.181,95.371,1.627,3.962
20071130,3.498,3.238,1.017,3.973,0.514,14.441,319.952,1.223,95.215,1.116,4.533
20071201,5.389,4.964,0.441,6.163,0.941,16.796,308.81,1.535,95.01,5.008,5.07
20071202,6.05,5.939,1.241,6.253,0.444,16.636,322.099,1.83,94.44,9.266,6.858
20071203,5.071,5.053,1.583,5.104,0.369,26.669,302.321,2.011,93.606,7.053,6.29
20071204,3.771,3.553,0.696,4.168,0.825,36.826,288.495,1.801,95.494,1.207,4.198
20071205,6.452,6.131,2.046,7.038,0.798,14.692,335.84,1.614,96.001,0.602,4.786
20071206,7.473,7.413,0.591,7.582,0.287,22.309,328.644,1.993,95.581,5.864,5.273
20071207,7.808,6.921,2.096,9.424,1.025,30.547,312.97,2.314,94.122,10.972,6.588
20071208,3.944,3.614,0.451,4.546,0.401,28.601,292.3,2.114,94.883,0.882,4.669
20071209,4.266,3.57,0.928,5.535,1.193,24.408,305.992,1.456,93.701,3.026,4.227
20071210,4.154,3.985,0.696,4.462,0.862,16.433,309.467,1.27,94.242,3.979,2.534
20071211,2.893,3.283,0.414,2.181,0.194,8.155,323.627,0.914,96.082,4.577,3.35
20071212,2.633,2.65,0.426,2.601,0.403,8.887,318.585,1.11,97.512,1.954,3.008
20071213,1.857,1.593,1.244,2.34,0.3,25.762,294.739,1.366,98.173,0.438,2.055
20071214,-0.47,-0.606,0.338,-0.22,0.17,21.285,279.163,1.579,98.002,0.46,1.831
20071215,-1.603,-1.738,1.219,-1.357,0.288,27.092,273.497,1.229,97.92,0.57,2.912
20071216,-3.892,-3.934,0.628,-3.814,0.694,21.454,281.295,0.834,98.021,0.144,3.379
20071217,-2.005,-2.454,0.574,-1.186,0.427,22.021,277.451,1.155,97.967,0.157,4.058
20071218,-2.877,-3.24,0.419,-2.215,0.82,35.582,261.131,0.83,97.969,0.005,3.173
20071219,-4.208,-4.597,0.586,-3.497,0.987,40.712,246.732,0.634,98.123,0.003,1.273
20071220,-5.079,-5.674,0.633,-3.994,1.686,43.667,237.1,0.562,97.847,0.0,1.091
20071221,-4.734,-5.745,1.189,-2.889,2.812,44.292,235.717,0.77,97.274,0.0,1.509
20071222,-5.884,-6.523,0.933,-4.721,2.053,43.007,233.632,0.605,96.938,0.0,1.751
20071223,-4.423,-4.786,3.243,-3.76,2.204,31.655,268.059,0.718,97.006,3.176,1.97
20071224,-0.787,-0.863,0.568,-0.648,0.359,19.232,297.173,0.58,97.077,1.182,1.673
20071225,-2.54,-2.739,0.353,-2.177,0.809,38.357,265.343,0.787,96.728,0.006,2.927
20071226,-3.535,-3.889,0.862,-2.889,1.257,22.671,271.908,0.815,96.829,0.115,2.143
20071227,-0.434,-0.612,1.284,-0.109,0.829,20.227,303.543,0.835,97.482,0.112,3.004
20071228,1.354,1.013,0.591,1.976,0.252,18.298,302.189,1.04,97.155,0.008,4.003
20071229,0.405,0.48,1.265,0.268,0.882,17.07,284.442,1.381,96.171,0.83,4.99
20071230,2.356,2.18,0.474,2.678,0.419,13.461,312.675,1.048,96.262,1.047,3.59
20071231,0.725,0.451,0.602,1.224,0.365,18.8,283.502,0.873,96.923,0.522,2.565
20080101,-0.742,-0.905,0.741,-0.444,0.398,22.404,289.263,0.767,96.82,0.58,1.472
20080102,-2.584,-2.657,0.592,-2.452,1.041,34.263,269.168,0.693,96.522,0.294,2.978
20080103,-2.909,-2.899,0.487,-2.927,0.705,34.328,264.926,1.067,95.624,0.14,4.624
20080104,-3.37,-3.506,0.785,-3.121,1.36,41.407,251.766,1.104,95.718,0.001,3.146
20080105,1.228,1.003,1.843,1.638,0.951,22.952,291.469,1.397,95.28,2.023,4.016
20080106,2.335,1.826,1.427,3.263,0.289,19.99,301.287,1.124,95.327,4.006,3.162
20080107,2.502,1.925,2.636,3.556,1.643,20.702,279.681,1.621,95.558,4.191,4.791
20080108,3.182,3.091,0.506,3.349,1.063,39.245,281.403,1.738,96.277,0.286,4.022
20080109,2.458,2.271,1.365,2.8,1.315,33.426,286.602,1.459,95.862,0.645,3.565
20080110,3.413,3.358,2.221,3.513,1.625,40.396,271.287,1.541,95.909,0.001,3.833
20080111,6.469,6.001,0.777,7.325,1.472,45.829,278.908,2.674,95.154,0.0,4.518
20080112,4.388,3.998,0.766,5.099,0.84,29.052,292.259,2.438,95.026,0.068,3.973
20080113,0.388,-0.142,0.977,1.353,1.77,47.175,254.486,1.286,96.117,0.005,2.051
20080114,1.87,1.562,1.784,2.433,1.114,38.418,271.343,1.567,95.443,0.023,3.92
20080115,5.299,5.072,1.595,5.679,1.02,41.407,283.891,2.528,94.896,0.016,5.367
20080116,5.723,5.031,1.346,6.877,0.512,24.011,297.399,2.163,94.305,1.618,4.678
20080117,4.391,3.889,1.43,5.229,1.007,31.334,298.106,1.812,95.289,1.331,3.494
20080118,5.941,5.457,1.237,6.747,0.772,30.812,318.298,1.78,95.565,3.544,5.368
20080119,9.722,9.313,0.725,10.404,0.23,3.976,351.434,1.773,96.062,6.087,6.224
20080120,9.894,9.772,0.292,10.096,0.1,10.98,349.926,2.055,96.268,2.018,5.938
20080121,8.468,8.382,1.115,8.611,0.129,12.884,336.161,2.482,95.602,1.172,6.452
20080122,3.118,3.805,2.396,1.974,0.555,42.59,289.633,1.85,95.759,4.827,4.962
20080123,1.988,1.707,1.921,2.456,2.026,52.081,280.778,1.958,97.215,0.214,3.351
20080124,4.876,4.645,0.932,5.261,0.708,42.922,304.104,1.995,96.934,2.521,4.311
20080125,2.917,2.683,1.598,3.307,2.014,64.306,256.739,2.52,97.692,0.035,4.488
20080126,5.703,5.407,0.901,6.197,1.157,58.247,300.664,2.797,97.233,0.413,5.84
20080127,5.233,5.362,0.631,5.018,0.41,9.621,331.669,1.234,96.798,4.016,5.777
20080128,6.025,5.742,0.248,6.497,0.496,20.943,331.923,1.386,97.469,0.933,2.28
20080129,3.654,3.283,0.984,4.272,0.582,37.833,296.981,2.009,97.113,0.071,1.251
20080130,1.243,0.838,0.703,1.918,0.923,36.026,295.018,1.172,96.446,1.72,2.504
20080131,0.646,0.594,0.577,0.732,0.64,38.844,281.657,1.654,96.031,0.22,5.129
20080201,2.384,1.51,0.449,3.719,0.76,37.895,302.061,1.537,94.31,3.71,6.202
20080202,0.839,0.374,1.019,1.55,0.76,57.022,258.639,1.488,95.357,2.187,4.383
20080203,-0.571,-1.327,1.004,0.488,2.286,78.963,231.607,1.961,96.11,0.0,2.639
20080204,1.56,0.889,2.412,2.499,1.806,42.093,275.918,1.885,95.173,0.01,2.75
20080205,3.589,3.536,1.0,3.663,0.684,30.258,309.46,1.639,95.808,1.467,4.739
20080206,6.189,5.709,1.384,6.861,0.329,43.995,315.605,1.744,95.913,6.44,5.584
20080207,2.446,1.63,0.842,3.589,1.381,63.165,271.659,1.9,97.715,0.078,3.384
20080208,4.07,3.118,1.092,5.401,2.168,43.11,294.065,2.663,98.015,0.0,1.439
20080209,3.084,1.419,1.989,5.415,3.881,87.406,259.732,2.547,97.91,0.0,1.582
20080210,4.72,3.47,2.062,6.471,3.847,80.474,267.807,2.55,97.881,0.0,1.066
20080211,4.71,3.796,2.768,5.99,4.231,89.958,262.112,2.197,97.86,0.0,0.746
20080212,1.576,1.249,1.869,2.034,1.437,29.737,304.328,0.855,97.792,0.763,2.06
20080213,0.97,0.393,1.448,1.778,1.573,53.025,298.977,1.074,97.785,0.024,1.204
20080214,-0.52,-0.713,0.854,-0.249,0.496,36.449,303.575,0.687,97.765,0.253,1.037
20080215,-1.269,-1.578,1.49,-0.836,1.046,65.77,263.62,1.758,97.997,0.185,2.385
20080216,-4.341,-5.386,1.447,-2.878,2.411,96.931,226.253,1.631,98.556,0.001,1.942
20080217,-2.108,-3.442,3.426,-0.242,3.624,104.009,229.785,2.535,98.139,0.0,2.315
20080218,0.254,-0.093,1.91,0.701,2.023,59.916,277.674,2.225,97.394,0.02,3.211
20080219,1.437,0.622,1.3,2.484,1.411,72.619,286.761,1.388,96.933,0.117,1.747
20080220,0.42,-0.584,3.183,1.606,2.862,61.201,277.029,1.073,96.381,0.765,2.203
20080221,4.533,4.492,1.815,4.582,1.393,41.461,318.984,1.561,96.453,0.697,3.828
20080222,7.75,7.558,0.745,7.977,0.538,28.021,337.773,2.482,96.383,0.394,5.983
20080223,7.984,7.847,0.539,8.145,1.573,84.386,299.899,3.573,96.807,0.731,4.49
20080224,7.638,6.379,1.832,9.127,3.285,116.684,274.985,2.829,96.386,0.0,2.672
20080225,6.288,5.286,0.83,7.473,0.755,88.321,297.134,2.493,96.285,0.982,2.998
20080226,9.071,7.756,1.465,10.626,1.531,75.23,331.74,2.75,95.447,2.84,5.319
20080227,5.704,5.37,1.209,6.098,0.672,81.691,291.802,2.721,95.724,1.007,4.852
20080228,4.207,3.24,1.709,5.35,2.506,76.715,289.995,2.578,96.403,0.014,2.297
20080229,5.446,5.175,1.495,5.766,1.456,27.637,330.436,1.846,95.672,4.598,2.814
20080301,6.03,6.266,1.034,5.751,0.72,78.233,308.122,2.272,94.039,17.329,7.933
20080302,6.866,5.88,1.006,8.032,0.613,61.29,311.832,2.998,94.717,3.621,6.74
20080303,4.67,3.909,1.879,5.57,0.534,70.162,288.037,2.534,95.09,3.101,4.22
20080304,1.376,0.198,0.772,2.769,1.847,124.844,249.48,2.382,95.694,0.544,3.372
20080305,-0.72,-1.72,0.574,0.367,1.766,144.729,228.313,2.522,96.82,0.128,3.117
20080306,0.902,0.23,2.704,1.573,1.983,58.337,289.468,2.261,96.539,0.052,4.176
20080307,4.913,4.278,1.226,5.547,1.901,44.351,328.51,1.677,95.877,0.192,1.416
20080308,5.348,4.609,0.779,6.087,1.194,68.503,309.582,1.943,95.445,1.003,1.639
20080309,5.438,4.102,1.605,6.774,2.053,95.034,287.866,2.972,94.888,0.0,3.507
20080310,7.696,6.458,1.147,8.934,2.22,126.529,300.196,3.902,93.976,2.124,4.573
20080311,6.363,5.855,0.402,6.872,0.451,109.073,299.071,2.652,93.631,3.544,5.903
20080312,6.485,6.194,1.267,6.775,0.649,125.251,293.786,3.107,93.845,4.58,7.213
20080313,4.879,4.256,0.289,5.503,1.475,136.055,277.526,2.82,95.266,1.512,5.904
20080314,5.059,4.088,0.897,6.031,1.726,65.32,296.891,2.207,95.317,2.173,3.564
20080315,4.735,2.889,4.05,6.582,4.558,148.509,276.251,3.259,95.515,0.0,1.751
20080316,6.959,5.589,1.047,8.328,1.004,90.363,317.842,1.854,94.504,7.68,3.076
20080317,2.699,2.622,1.825,2.776,0.339,88.319,294.393,1.981,95.028,2.514,4.589
20080318,0.401,-0.353,0.647,1.154,1.26,129.759,261.471,1.401,95.28,2.402,4.63
20080319,0.671,-0.185,0.409,1.458,1.113,131.51,270.362,1.374,95.438,2.99,3.148
20080320,1.197,0.528,1.216,1.812,1.418,135.147,277.848,1.536,95.22,3.101,4.093
20080321,1.713,0.82,0.257,2.534,1.199,140.807,285.034,1.243,92.566,10.709,5.176
20080322,0.779,-0.019,0.498,1.514,0.887,109.347,289.335,1.276,93.14,5.752,3.347
20080323,-2.469,-2.506,0.614,-2.435,0.838,114.083,269.518,1.215,94.152,2.021,2.097
20080324,-2.15,-3.977,2.284,-0.604,2.589,156.51,242.76,1.579,93.861,0.95,2.589
20080325,-0.962,-1.659,0.648,-0.373,1.163,141.556,271.025,1.395,94.121,2.735,4.373
20080326,0.055,-1.083,0.401,1.019,1.72,157.34,260.037,1.884,94.41,1.392,3.835
20080327,2.069,1.016,2.176,2.959,2.615,93.122,293.486,1.462,94.571,0.882,1.72
20080328,4.945,3.696,3.321,6.002,2.624,133.059,287.002,3.161,95.254,0.227,3.619
20080329,6.443,5.072,1.253,7.603,1.626,174.151,287.706,3.654,95.756,2.614,4.713
20080330,9.493,6.664,4.132,11.887,4.55,179.036,278.69,7.054,95.554,0.0,3.945
20080331,9.071,8.013,0.871,9.966,1.303,100.183,311.501,4.192,95.915,0.005,2.207
20080401,9.029,7.116,2.206,10.517,3.907,179.665,295.805,4.655,96.362,0.999,2.656
20080402,5.996,5.343,0.595,6.503,0.833,133.011,293.545,1.978,96.077,4.564,3.934
20080403,4.504,4.184,0.479,4.753,0.869,78.626,316.83,1.341,96.412,6.588,3.502
20080404,4.551,3.721,0.571,5.197,1.075,103.028,311.603,1.608,96.796,1.5,2.196
20080405,4.708,3.477,0.837,5.664,0.885,44.19,325.08,1.217,95.33,9.91,3.326
20080406,2.811,1.758,0.759,3.63,1.286,195.752,287.357,1.648,94.514,4.991,1.785
20080407,1.27,0.936,0.763,1.529,0.961,130.18,288.261,0.964,94.495,4.606,2.207
20080408,3.1,2.118,1.694,3.864,3.01,201.128,271.019,2.534,94.924,0.01,1.441
20080409,3.371,2.923,0.877,3.719,1.017,95.324,318.462,1.671,94.414,9.018,1.838
20080410,2.606,2.347,0.896,2.807,0.686,43.694,323.737,0.779,94.337,2.644,1.733
20080411,5.044,4.128,1.023,5.699,2.033,46.587,333.308,0.942,94.358,4.553,2.544
20080412,6.812,4.98,1.818,8.121,3.171,198.331,281.474,3.464,95.224,0.095,2.853
20080413,7.214,5.084,1.74,8.735,2.633,198.396,287.833,2.726,95.608,5.091,2.603
20080414,6.894,5.15,0.96,8.14,1.881,130.87,312.472,2.092,95.472,6.571,2.352
20080415,4.892,4.213,0.702,5.337,1.182,128.647,303.18,2.193,96.081,2.911,3.05
20080416,3.919,2.42,0.837,4.902,1.466,198.685,273.765,2.614,96.187,0.116,2.24
20080417,3.371,0.765,2.127,5.079,3.76,225.634,261.506,2.844,95.33,0.017,1.606
20080418,4.577,3.133,1.456,5.523,1.941,152.525,296.763,2.006,94.735,0.158,3.524
20080419,4.789,4.361,0.624,5.069,0.888,101.217,316.911,1.67,94.597,1.989,4.054
20080420,6.258,5.626,1.24,6.672,1.616,76.421,329.494,1.977,95.198,0.277,3.281
20080421,9.076,7.56,2.761,10.069,2.97,195.12,306.912,3.828,94.943,0.0,5.012
20080422,8.668,8.394,0.825,8.847,1.493,102.141,321.618,3.131,95.187,3.4,4.058
20080423,8.884,6.132,2.058,10.688,3.87,202.33,291.302,4.757,96.217,0.005,1.615
20080424,10.175,7.76,2.322,11.757,3.331,196.203,310.53,4.043,96.561,4.362,1.576
20080425,8.774,7.583,0.801,9.555,1.974,206.521,304.76,2.784,96.848,2.713,3.281
20080426,10.032,7.139,3.206,11.927,4.089,194.991,302.824,4.801,97.14,0.009,1.367
20080427,11.87,8.565,2.781,14.035,4.432,256.481,295.309,6.341,96.546,0.0,1.951
20080428,12.696,9.549,1.836,14.757,3.763,219.357,319.652,4.953,95.275,6.19,2.39
20080429,10.119,8.836,1.901,10.96,1.566,170.648,316.731,2.781,94.888,2.251,1.978
20080430,10.516,6.943,2.945,12.476,4.388,248.149,298.42,4.817,94.782,3.163,2.755
20080501,9.693,7.602,0.771,10.84,2.528,239.723,290.043,4.092,95.605,1.136,2.877
20080502,8.215,5.256,1.232,9.838,2.38,206.434,297.548,2.757,96.496,4.619,1.999
20080503,8.74,5.327,3.118,10.611,4.925,237.702,292.782,4.211,97.011,0.065,1.299
20080504,9.782,6.249,2.626,11.72,4.143,259.974,280.457,5.334,96.928,0.016,2.383
20080505,10.684,7.735,2.843,12.301,4.054,160.121,312.477,4.008,97.029,0.149,2.374
20080506,12.818,9.638,1.71,14.562,3.926,256.903,302.14,5.22,96.972,0.007,2.36
20080507,12.923,9.226,2.39,14.95,4.164,255.286,299.12,6.663,96.664,0.0,1.81
20080508,14.274,10.746,2.223,16.208,4.525,286.448,296.119,8.215,96.368,0.0,1.451
20080509,14.331,10.487,3.232,16.439,4.763,297.486,292.742,8.046,96.251,0.0,2.719
20080510,14.557,11.036,2.658,16.488,4.363,298.025,291.282,8.277,96.416,0.0,2.928
20080511,14.377,10.744,2.6,16.37,4.244,298.051,292.898,8.28,96.449,0.0,3.098
20080512,14.94,10.768,2.674,17.227,4.537,265.866,305.134,8.572,96.284,0.0,2.338
20080513,15.055,12.124,1.708,16.662,3.451,254.176,315.689,6.794,96.112,0.436,2.69
20080514,14.073,11.025,1.938,15.744,4.262,290.783,298.957,6.464,95.898,0.051,2.095
20080515,13.652,11.521,1.79,14.821,2.678,238.815,321.754,4.327,95.43,2.639,1.382
20080516,13.992,11.696,1.139,15.251,2.349,173.754,335.834,3.096,95.189,7.913,1.918
20080517,13.322,11.367,0.857,14.394,2.744,166.782,338.342,2.686,94.99,6.135,2.545
20080518,9.584,9.157,0.855,9.818,0.716,104.336,341.736,2.5,95.355,0.435,2.067
20080519,9.208,7.755,1.108,9.935,1.748,165.624,322.936,2.917,95.702,3.994,1.805
20080520,9.842,7.528,1.479,10.893,2.75,205.037,310.293,4.804,95.996,0.34,2.656
20080521,10.579,8.046,1.293,11.731,2.937,223.372,312.64,5.56,96.078,0.002,2.522
20080522,11.512,8.528,2.251,12.869,3.459,214.602,319.905,5.518,96.045,0.004,2.016
20080523,12.117,10.022,0.747,13.07,2.019,177.84,329.395,3.945,95.939,2.266,1.298
20080524,13.027,10.011,3.223,14.398,3.815,232.11,313.596,5.71,95.761,0.38,2.607
20080525,14.484,12.949,2.055,15.181,3.464,151.545,336.629,5.505,95.877,0.673,3.148
20080526,15.639,13.765,1.492,16.491,2.622,205.09,338.159,4.193,95.705,0.0,1.467
20080527,14.909,13.945,0.74,15.347,2.467,232.109,343.694,3.594,95.885,0.191,4.25
20080528,17.945,15.209,2.484,19.189,4.348,232.346,348.146,6.087,95.699,2.738,3.75
20080529,19.435,17.075,2.795,20.508,4.245,259.168,353.869,7.689,95.632,0.0,3.522
20080530,20.279,17.001,1.826,21.768,4.331,302.202,342.227,8.259,95.394,0.0,2.242
20080531,17.977,15.69,1.051,19.016,2.613,211.272,355.303,4.144,95.69,7.086,1.685
20080601,19.341,16.527,1.611,20.62,3.363,235.032,361.911,6.769,95.973,0.733,1.103
20080602,20.214,16.569,2.779,21.871,4.058,278.353,345.457,7.318,95.721,0.204,2.157
20080603,18.16,16.08,0.794,19.105,1.996,204.045,355.857,4.535,95.596,9.413,2.147
20080604,16.546,15.516,0.561,17.015,1.718,104.52,366.571,2.569,95.795,10.681,2.116
20080605,16.644,14.234,1.045,17.74,2.812,285.676,320.925,7.178,95.828,0.0,3.104
20080606,15.72,12.637,1.832,17.121,3.328,235.052,322.575,7.302,95.796,0.004,2.905
20080607,16.682,12.896,2.212,18.402,3.844,254.394,332.68,7.268,95.846,0.351,1.637
20080608,18.015,14.712,2.884,19.516,4.027,281.581,323.155,9.238,96.255,0.024,2.17
20080609,18.492,14.652,2.802,20.237,4.62,296.468,322.454,10.034,96.495,0.012,1.408
20080610,18.827,14.884,3.078,20.62,4.815,315.907,322.376,10.562,96.313,0.0,1.751
20080611,13.909,13.001,1.836,14.322,0.845,201.005,332.96,5.203,96.074,0.043,3.006
20080612,10.961,9.47,0.431,11.639,1.73,188.867,323.754,3.741,95.673,7.672,2.049
20080613,9.67,8.471,0.547,10.214,1.618,237.259,318.762,2.295,95.632,7.29,3.207
20080614,10.308,8.273,0.859,11.234,2.201,252.54,305.005,3.293,95.848,1.551,2.042
20080615,11.167,9.32,1.339,12.006,2.265,249.279,316.107,3.513,95.462,1.834,1.493
20080616,11.19,8.867,1.562,12.246,2.523,269.808,301.607,3.954,95.391,1.04,1.562
20080617,12.406,8.938,2.799,13.982,4.331,245.679,305.486,6.181,95.745,0.011,1.105
20080618,15.613,11.349,2.172,17.551,3.961,236.944,326.442,8.135,95.969,0.046,1.798
20080619,16.635,13.103,2.751,18.241,3.805,256.393,335.592,8.054,95.773,0.197,3.274
20080620,15.595,14.112,0.742,16.27,2.577,242.824,335.506,6.354,96.205,2.468,2.936
20080621,14.894,14.042,0.931,15.282,2.619,100.563,355.625,4.616,96.477,1.518,1.251
20080622,20.317,15.982,3.444,22.288,4.878,272.467,350.635,8.829,95.999,3.798,2.828
20080623,17.94,15.782,2.375,18.92,1.987,323.049,324.765,8.768,96.122,0.984,3.231
20080624,15.454,12.572,3.023,16.765,4.135,261.106,323.28,6.762,96.304,0.0,2.222
20080625,16.9,15.018,1.88,17.756,2.589,183.746,360.164,3.813,95.909,10.112,2.228
20080626,16.475,13.733,1.228,17.604,3.201,288.944,320.14,7.044,96.338,0.001,2.118
20080627,14.654,11.839,1.4,15.813,2.402,188.337,332.813,5.777,96.124,0.467,3.7
20080628,16.307,14.034,2.163,17.34,2.427,147.803,350.777,4.978,96.227,0.668,3.735
20080629,18.326,15.007,1.859,19.835,3.546,306.215,325.206,9.079,96.167,0.001,2.629
20080630,17.198,14.896,1.095,18.244,2.811,237.746,333.216,8.193,96.38,0.008,2.273
20080701,18.687,14.37,4.418,20.649,5.469,314.925,323.795,11.244,96.232,0.0,1.961
20080702,22.198,17.996,3.902,24.109,5.737,298.649,344.647,14.6,95.683,0.0,1.894
20080703,20.317,17.146,0.749,21.759,3.365,231.662,367.77,7.357,95.424,10.72,1.727
20080704,15.899,13.794,1.249,16.855,2.254,243.16,340.83,5.739,95.841,3.63,3.904
20080705,16.044,12.801,2.421,17.518,4.084,296.265,316.212,7.519,95.927,0.245,1.861
20080706,18.027,15.082,1.385,19.366,2.858,192.379,350.866,8.153,95.375,1.723,2.378
20080707,15.81,14.075,0.825,16.598,2.122,252.205,331.382,6.206,95.14,3.14,4.127
20080708,14.168,12.399,0.485,14.972,1.751,236.148,333.001,4.221,95.402,3.274,4.681
20080709,14.011,12.263,1.565,14.806,2.453,191.019,335.635,4.854,95.853,1.378,3.851
20080710,17.897,15.433,3.02,19.016,4.274,165.239,362.961,6.459,95.688,3.265,2.589
20080711,18.017,16.211,0.578,18.838,1.86,185.186,356.559,5.252,95.366,6.049,3.031
20080712,16.103,14.41,0.844,16.872,1.528,216.323,339.669,5.449,95.426,1.01,3.363
20080713,13.987,12.481,0.917,14.671,1.644,148.325,334.695,3.801,95.733,3.132,1.529
20080714,13.865,11.287,2.332,15.036,3.317,193.285,323.731,5.395,96.464,0.352,2.587
20080715,17.522,14.407,3.828,18.939,4.699,207.794,342.194,8.872,96.843,0.0,2.72
20080716,15.689,13.8,1.748,16.547,2.122,153.535,351.276,3.955,96.267,3.949,2.795
20080717,13.841,12.08,1.218,14.722,2.174,163.507,337.09,4.96,95.892,0.667,2.075
20080718,13.923,12.753,0.433,14.508,1.618,166.221,346.426,3.099,95.656,7.631,2.621
20080719,15.053,12.729,0.573,16.215,2.388,133.418,345.597,3.327,95.45,5.717,3.426
20080720,13.229,10.858,0.754,14.415,1.662,201.942,327.251,3.579,95.638,3.864,3.237
20080721,10.724,9.358,0.812,11.406,1.821,163.653,322.078,2.949,95.914,3.768,4.828
20080722,13.351,11.954,1.015,14.05,2.042,189.415,342.683,3.548,96.385,1.747,4.047
20080723,15.014,12.435,2.216,16.304,3.593,175.74,345.534,5.724,96.814,0.016,1.601
20080724,16.63,13.2,3.352,18.345,4.195,248.061,336.809,7.402,96.483,0.0,2.569
20080725,19.541,17.243,2.151,20.69,2.976,166.63,369.128,6.94,95.978,2.221,2.625
20080726,22.234,18.674,1.893,24.014,3.862,257.208,358.926,10.515,95.906,0.796,2.523
20080727,22.436,18.38,2.406,24.464,4.514,286.659,342.975,13.54,96.159,0.0,2.51
20080728,23.081,19.023,2.654,25.11,4.951,299.799,333.907,17.038,96.134,0.0,2.905
20080729,21.86,17.73,1.253,23.926,4.677,238.772,355.275,12.567,96.113,0.1,2.168
20080730,20.76,17.782,2.017,22.248,4.031,220.443,369.28,8.691,96.34,0.12,1.302
20080731,22.339,18.765,1.892,24.126,4.085,226.636,362.621,12.315,96.169,1.553,2.325
20080801,21.375,18.334,1.375,23.042,3.372,192.638,368.418,8.722,95.946,5.722,2.54
20080802,19.661,18.338,1.2,20.386,2.34,195.903,359.942,9.424,96.132,0.089,2.109
20080803,20.088,19.108,1.182,20.624,2.396,194.394,360.402,9.876,95.832,0.349,3.815
20080804,18.192,17.373,1.921,18.642,1.826,196.307,344.494,7.535,95.284,6.754,5.027
20080805,16.583,14.156,1.737,17.914,3.002,167.406,338.301,7.477,95.937,0.589,3.598
20080806,19.506,16.021,4.026,21.417,5.666,252.913,343.128,11.333,96.0,0.0,1.459
20080807,22.544,18.29,3.148,24.878,5.221,248.506,352.011,14.836,95.297,0.168,3.239
20080808,17.416,16.187,1.496,18.153,1.635,192.437,353.037,5.472,95.118,4.914,3.763
20080809,14.297,12.249,1.066,15.525,2.56,144.846,335.69,5.859,95.824,0.462,3.053
20080810,16.865,14.707,2.887,18.159,2.073,149.611,360.485,6.5,95.426,1.47,3.768
20080811,18.746,16.397,1.14,20.155,2.723,195.091,353.156,8.481,95.147,1.609,2.772
20080812,16.91,16.216,1.059,17.326,0.866,73.624,367.665,2.581,94.531,12.861,4.259
20080813,16.837,15.289,0.765,17.766,2.156,220.784,328.966,7.019,95.299,2.074,5.387
20080814,16.762,14.665,1.299,18.019,2.578,200.913,328.155,8.72,95.917,0.0,3.141
20080815,13.421,11.468,0.875,14.593,1.312,100.359,341.72,3.926,95.775,3.425,1.569
20080816,13.801,10.716,2.756,15.652,4.023,202.853,313.904,5.988,95.728,0.065,1.609
20080817,15.492,12.14,2.192,17.503,4.557,193.913,320.635,8.286,95.565,0.009,1.58
20080818,17.693,15.306,3.166,19.256,3.332,178.085,346.697,8.363,95.626,0.329,3.136
20080819,18.066,16.468,0.94,19.113,1.147,172.876,355.974,6.147,95.508,0.386,4.009
20080820,16.268,14.534,1.034,17.404,2.001,186.59,333.601,5.684,95.756,0.448,4.295
20080821,16.805,14.915,1.948,18.044,3.249,178.671,335.254,7.68,96.184,0.101,3.142
20080822,16.652,14.149,0.675,18.293,2.823,147.898,354.121,5.985,95.75,3.22,1.99
20080823,12.838,11.938,0.992,13.427,1.541,183.137,331.716,4.099,95.462,3.772,4.338
20080824,13.635,11.999,1.257,14.708,2.641,126.446,343.907,4.486,95.736,2.725,3.464
20080825,14.539,13.128,1.865,15.464,2.851,100.722,346.698,3.752,96.076,1.33,2.063
20080826,15.435,14.057,2.042,16.338,2.675,105.676,351.586,3.869,96.595,0.191,2.054
20080827,17.841,15.15,1.703,19.605,3.207,153.38,359.502,6.472,96.504,0.053,2.323
20080828,15.971,15.038,0.895,16.638,1.288,87.488,371.199,4.317,96.339,1.242,2.417
20080829,16.402,15.044,0.821,17.372,1.738,81.107,359.05,4.337,96.273,0.554,3.109
20080830,15.902,13.508,1.733,17.613,3.448,159.907,335.238,6.235,96.454,0.023,1.95
20080831,17.549,13.896,3.583,20.158,5.234,225.905,318.84,10.626,96.052,0.0,2.391
20080901,15.759,13.945,1.436,17.169,1.786,112.823,344.257,4.268,95.93,8.189,1.822
20080902,16.464,14.52,3.26,17.976,3.631,165.027,331.512,6.513,95.67,0.052,2.772
20080903,14.489,13.446,3.488,15.301,1.708,112.673,354.003,4.089,95.156,9.492,3.445
20080904,12.121,10.418,1.857,13.445,2.829,158.451,313.033,3.565,95.247,0.198,3.146
20080905,14.807,13.115,3.288,16.123,3.557,150.499,342.094,3.886,95.187,1.925,1.974
20080906,16.985,15.279,0.693,18.313,1.53,98.948,359.171,4.751,95.136,6.411,3.298
20080907,15.258,13.812,0.768,16.382,1.902,170.97,327.987,5.076,95.546,0.213,3.582
20080908,14.153,12.015,1.179,15.815,2.202,171.433,314.182,5.076,96.003,0.095,3.0
20080909,14.672,11.082,2.965,17.464,5.172,200.339,309.939,6.378,96.199,0.0,2.011
20080910,16.28,13.714,2.748,18.276,3.454,126.998,345.539,5.158,96.035,0.304,2.002
20080911,17.556,15.404,2.565,19.23,3.944,164.643,344.287,5.74,95.826,0.794,2.075
20080912,15.274,14.294,0.973,16.036,1.715,145.415,346.935,4.414,95.669,4.787,4.281
20080913,10.699,9.854,1.362,11.357,2.017,187.612,302.155,4.879,96.223,0.519,5.109
20080914,8.271,6.677,0.808,9.619,2.193,132.766,296.701,3.477,96.626,1.04,3.382
20080915,7.737,7.159,1.053,8.226,1.447,57.22,321.955,1.601,96.657,1.44,2.817
20080916,7.812,7.018,0.76,8.543,1.302,107.271,313.172,3.126,96.605,0.032,2.527
20080917,6.869,5.111,1.296,8.486,2.069,102.535,301.62,3.085,96.712,0.513,0.884
20080918,6.792,3.894,3.228,9.458,4.433,152.798,286.027,4.076,96.807,0.0,1.981
20080919,7.738,5.384,3.448,9.904,4.225,114.1,305.555,3.885,96.929,0.008,1.69
20080920,9.34,7.879,1.311,10.684,2.284,102.086,316.763,3.739,97.304,0.587,1.64
20080921,9.075,7.38,1.983,10.635,2.171,116.292,311.019,2.11,96.752,1.63,1.865
20080922,8.732,7.736,0.573,9.649,1.281,84.696,323.563,1.308,96.271,5.857,2.067
20080923,8.987,8.55,1.026,9.389,0.742,10.572,347.959,0.645,96.016,9.72,2.458
20080924,9.76,9.128,0.493,10.34,0.818,48.461,339.755,1.102,96.559,2.495,2.315
20080925,8.869,7.687,0.981,9.956,1.537,93.044,316.413,2.068,97.245,1.184,3.227
20080926,8.334,6.315,1.667,10.192,2.854,116.253,305.563,2.177,97.728,0.037,2.255
20080927,7.811,5.93,1.894,9.542,3.822,141.794,290.517,1.88,97.472,0.0,1.477
20080928,8.781,6.279,3.223,11.282,5.009,155.829,287.344,2.985,96.75,0.0,1.754
20080929,9.58,8.044,1.836,11.116,2.521,81.66,314.541,2.831,95.991,0.329,2.353
20080930,8.47,8.297,1.063,8.643,0.861,45.476,326.551,1.705,95.173,6.968,5.01
20081001,10.402,9.551,0.679,11.254,0.612,25.676,337.979,2.093,94.298,7.267,6.48
20081002,8.318,7.166,0.657,9.47,1.377,121.184,291.788,2.613,94.686,2.905,5.007
20081003,6.66,4.997,0.853,8.324,2.127,124.86,280.453,2.822,95.116,0.34,3.077
20081004,5.709,4.18,0.812,7.238,1.692,101.964,283.671,2.481,95.771,0.454,2.823
20081005,7.754,6.918,2.621,8.662,1.622,52.604,314.493,2.773,95.279,2.336,5.842
20081006,10.639,10.006,1.016,11.327,0.496,15.71,357.576,1.036,95.599,7.572,2.014
20081007,11.446,10.353,1.139,12.633,2.13,62.293,337.023,1.773,96.058,0.289,1.666
20081008,12.915,11.233,1.09,14.742,2.786,111.987,331.583,2.557,96.053,1.672,1.537
20081009,11.087,10.568,1.467,11.651,0.627,44.615,350.865,1.827,97.196,0.072,1.907
20081010,9.559,7.701,1.23,11.578,3.309,79.365,321.781,2.285,97.629,0.083,1.425
20081011,10.075,7.966,2.853,12.567,3.486,110.063,308.498,2.078,97.333,0.002,2.188
20081012,10.102,8.887,1.268,11.538,2.433,100.533,307.73,1.702,97.05,0.0,2.481
20081013,11.709,10.41,3.751,13.244,4.431,113.233,313.016,2.723,96.488,0.264,2.208
20081014,12.98,11.755,1.81,14.427,0.568,58.456,345.963,2.96,96.311,0.559,2.344
20081015,10.852,10.1,2.331,11.741,2.027,58.862,341.35,2.411,96.017,0.437,3.041
20081016,9.38,8.856,3.225,9.998,1.168,54.424,327.402,1.912,95.384,8.243,4.143
20081017,6.422,5.325,0.987,7.719,1.738,93.066,285.064,2.288,96.049,0.481,3.968
20081018,5.524,4.037,2.595,7.282,3.557,98.94,283.917,2.289,96.354,0.0,2.1
20081019,6.999,5.962,1.77,8.224,2.283,76.727,298.78,2.31,96.526,0.0,2.954
20081020,9.146,8.07,4.317,10.417,4.334,111.655,284.773,3.152,96.079,0.003,3.56
20081021,11.967,10.333,1.843,13.898,2.218,62.581,329.317,2.638,95.526,4.04,4.022
20081022,7.037,6.594,0.709,7.562,0.847,28.353,320.926,1.531,96.472,1.366,1.119
20081023,4.571,3.034,1.115,6.546,2.429,99.627,265.353,1.576,97.148,0.0,1.897
20081024,3.819,2.236,2.546,5.853,3.266,97.319,277.412,1.747,96.872,0.269,1.932
20081025,7.61,6.382,1.242,9.328,2.078,46.04,318.189,2.025,97.368,0.019,1.472
20081026,8.391,7.727,2.444,9.32,2.165,63.917,304.952,3.177,96.416,0.035,4.321
20081027,7.776,7.333,1.754,8.397,0.252,16.74,332.497,1.423,95.199,9.648,2.86
20081028,4.051,3.475,0.896,4.858,1.612,48.047,295.898,1.231,95.312,0.033,1.586
20081029,3.738,3.194,0.685,4.499,1.224,50.421,308.281,1.508,95.125,2.016,1.461
20081030,1.273,1.543,0.523,0.895,0.111,16.006,319.473,0.671,94.206,11.108,2.488
20081031,2.465,2.058,2.028,3.034,2.459,48.983,284.364,0.92,95.085,0.954,1.926
20081101,4.008,3.809,0.409,4.287,0.882,41.178,318.376,0.808,95.338,0.808,2.45
20081102,5.175,4.76,1.124,5.757,2.096,46.84,329.562,0.867,96.038,0.076,2.075
20081103,6.898,6.491,0.689,7.469,0.757,21.508,350.959,0.626,95.876,0.241,2.246
20081104,7.197,7.077,0.366,7.365,0.771,40.863,341.236,0.747,96.238,0.31,1.828
20081105,8.211,8.214,0.83,8.208,0.292,19.297,352.488,0.756,95.806,0.542,3.447
20081106,8.782,8.71,0.135,8.882,0.32,25.154,352.836,0.839,95.959,0.483,1.557
20081107,8.092,7.397,1.323,9.065,0.365,28.713,338.77,1.29,95.894,0.649,1.787
20081108,5.493,4.119,1.299,7.418,2.41,41.051,300.35,1.39,96.367,0.038,1.945
20081109,7.288,6.383,2.015,8.669,1.108,25.169,314.34,1.513,96.249,3.284,4.427
20081110,11.652,11.417,1.286,12.011,0.345,37.825,332.607,3.412,96.034,0.119,6.261
20081111,10.321,9.894,2.379,10.974,1.219,35.479,309.9,3.744,95.548,1.701,5.584
20081112,6.23,5.612,0.894,7.26,1.109,36.388,289.023,2.166,96.046,0.036,3.424
20081113,4.042,3.239,1.407,5.381,1.536,29.223,305.012,1.446,96.691,0.027,1.704
20081114,3.892,3.571,2.466,4.428,2.056,35.036,302.208,1.779,96.891,0.002,3.276
20081115,7.228,7.009,0.986,7.594,0.783,26.106,340.118,1.674,96.842,0.074,4.025
20081116,7.637,6.899,1.539,8.868,0.45,28.914,324.231,2.01,96.738,0.407,4.173
20081117,2.737,1.837,1.679,4.236,1.166,54.092,271.622,1.825,97.129,0.001,2.523
20081118,2.736,2.411,2.456,3.278,1.514,37.755,302.391,1.583,95.78,1.554,3.783
20081119,5.373,5.484,1.271,5.186,0.904,12.416,323.455,1.652,95.789,0.878,4.791
20081120,6.518,5.921,1.122,7.513,0.264,8.141,327.502,1.936,95.093,5.379,6.386
20081121,1.744,1.373,1.894,2.361,0.942,28.542,293.419,1.089,94.262,8.188,5.244
20081122,-1.035,-1.133,0.417,-0.872,0.389,34.367,271.649,1.056,94.382,1.015,5.366
20081123,-0.648,-1.063,0.46,0.043,0.621,28.672,276.286,1.397,94.453,0.783,4.366
20081124,-2.614,-3.585,2.518,-0.995,0.608,17.977,285.291,0.636,93.634,8.582,2.172
20081125,-3.29,-4.293,3.31,-1.618,0.851,44.732,257.942,0.627,95.27,0.343,2.523
20081126,-0.542,-0.903,3.074,0.06,1.683,26.362,285.787,0.833,96.52,0.308,3.109
20081127,2.295,2.152,0.344,2.556,0.562,13.352,311.717,1.355,96.257,0.527,3.478
20081128,0.112,-0.192,0.73,0.668,0.972,47.5,256.035,1.506,94.994,0.0,2.073
20081129,-0.362,-0.838,0.62,0.507,0.75,40.409,271.639,0.982,94.052,2.103,1.633
20081130,-0.419,-1.018,1.762,0.673,2.071,30.601,263.714,1.147,94.139,1.025,2.182
20081201,-0.307,-0.314,1.135,-0.294,0.692,17.911,278.859,1.047,94.138,0.805,2.321
20081202,1.986,1.762,0.491,2.396,0.445,24.605,303.72,1.241,94.796,0.593,4.02
20081203,0.056,0.079,0.583,0.015,0.278,14.233,294.256,1.016,94.373,8.62,4.232
20081204,0.293,0.172,2.598,0.514,2.106,19.894,291.387,1.092,94.09,2.692,3.784
20081205,3.806,3.652,0.434,4.088,0.676,17.903,318.843,1.125,93.55,1.809,3.136
20081206,2.695,2.836,0.501,2.436,0.814,13.407,316.845,0.829,94.785,5.519,2.367
20081207,2.798,2.572,0.496,3.212,0.272,22.615,300.386,1.016,96.449,1.065,2.854
20081208,1.433,1.069,0.983,2.098,0.475,31.501,280.912,1.204,96.729,0.005,3.212
20081209,-0.505,-0.695,0.744,-0.159,0.689,26.96,277.153,1.042,95.754,0.092,3.103
20081210,0.239,-0.028,0.349,0.726,0.327,17.517,300.727,0.925,95.54,0.703,1.76
20081211,-0.311,-0.486,0.207,0.008,0.193,17.774,298.572,0.764,95.507,1.848,1.302
20081212,-0.752,-0.878,0.444,-0.522,0.455,26.78,283.734,0.945,95.976,0.902,1.489
20081213,-1.119,-1.192,1.319,-0.986,0.629,27.218,280.445,0.734,95.31,0.061,2.799
20081214,0.476,0.268,0.864,0.854,1.29,36.396,255.393,0.893,94.932,0.0,2.781
20081215,0.89,0.758,0.613,1.13,0.4,26.07,295.697,0.727,95.685,0.113,2.129
20081216,0.877,0.842,0.303,0.94,0.196,16.974,312.608,0.679,95.849,0.623,1.534
20081217,-0.235,-0.092,0.435,-0.497,0.254,18.082,304.893,0.752,95.464,0.611,1.208
20081218,0.537,0.093,0.44,1.346,0.307,22.365,296.89,0.827,96.132,1.164,2.206
20081219,1.905,1.297,0.788,3.013,0.876,18.419,303.404,1.037,96.247,2.782,3.555
20081220,3.433,2.965,1.686,4.285,1.573,7.051,310.425,1.278,96.282,2.762,5.14
20081221,4.154,4.229,2.027,4.017,1.511,5.308,313.455,1.205,97.003,0.403,3.76
20081222,6.063,5.492,1.055,7.105,0.403,14.108,319.187,1.604,97.034,0.971,4.953
20081223,3.823,3.752,0.283,3.951,0.547,10.307,323.816,1.141,97.53,0.109,3.324
20081224,3.993,3.792,0.302,4.36,0.269,8.194,327.338,0.966,97.185,1.524,3.214
20081225,0.935,0.956,2.46,0.897,1.046,14.992,301.742,1.145,97.522,1.25,3.91
20081226,-3.989,-4.145,0.689,-3.706,0.843,29.427,260.403,0.954,98.155,0.06,4.389
20081227,-3.953,-4.18,0.588,-3.538,0.543,21.295,274.817,1.046,97.906,0.042,3.664
20081228,-4.561,-4.946,0.663,-3.86,0.903,42.512,237.36,0.893,97.514,0.01,3.932
20081229,-6.265,-6.678,0.728,-5.511,1.236,44.518,221.997,0.581,97.5,0.0,3.391
20081230,-7.223,-8.016,1.716,-5.778,2.965,45.709,222.281,0.704,97.442,0.0,1.706
20081231,-6.704,-7.777,1.548,-4.748,3.206,45.215,229.848,0.806,96.848,0.0,1.657
20090101,-5.797,-5.767,2.16,-5.852,1.172,20.439,277.46,0.574,96.865,0.327,1.86
20090102,-3.631,-4.222,1.483,-2.552,0.444,13.975,280.848,0.591,96.899,1.203,1.316
20090103,-6.99,-6.555,2.759,-7.782,2.714,43.934,238.27,0.887,96.819,0.018,1.843
20090104,-1.78,-1.942,0.285,-1.486,0.177,20.202,299.192,0.878,95.897,4.753,4.583
20090105,-4.371,-4.845,3.373,-3.508,0.608,32.939,263.814,0.768,96.062,1.991,3.365
20090106,-12.71,-13.077,1.297,-12.04,2.172,51.718,192.563,0.799,96.594,0.0,2.438
20090107,-11.599,-11.654,4.997,-11.498,4.28,20.266,244.15,0.554,96.298,0.303,2.088
20090108,-7.092,-7.243,1.674,-6.816,0.66,30.932,253.285,0.459,97.181,0.027,0.915
20090109,-10.045,-10.515,2.62,-9.189,3.296,50.941,221.227,0.699,97.197,0.0,0.823
20090110,-8.21,-9.541,1.78,-5.782,3.228,49.8,231.37,1.181,97.18,0.001,1.888
20090111,-8.585,-9.887,2.104,-6.211,4.024,52.068,219.949,1.09,97.313,0.0,2.124
20090112,-6.584,-7.473,3.216,-4.962,3.596,53.166,225.635,1.534,96.765,0.0,2.854
20090113,-1.952,-3.037,1.125,0.027,1.6,37.011,258.063,2.444,95.943,0.0,3.404
20090114,-3.923,-4.115,3.134,-3.601,2.561,30.954,277.396,0.992,95.764,0.576,1.877
20090115,-1.249,-2.17,1.59,0.286,1.276,26.02,291.366,0.855,96.388,0.185,1.179
20090116,-3.354,-4.045,1.599,-2.202,1.638,42.286,266.123,0.74,96.641,0.009,2.43
20090117,-0.4,-0.858,2.13,0.362,1.211,20.391,297.845,1.006,96.157,2.155,2.873
20090118,2.498,2.272,0.272,2.876,0.311,19.17,302.869,1.305,94.85,4.684,4.748
20090119,2.131,2.316,1.363,1.822,0.428,16.609,291.862,1.358,94.196,2.748,4.697
20090120,2.198,1.916,3.164,2.667,0.217,36.382,279.946,1.535,94.145,0.747,3.164
20090121,-1.142,-1.526,1.156,-0.502,1.705,42.077,270.589,0.83,95.03,0.042,1.48
20090122,0.109,-0.36,0.657,0.891,1.2,50.968,265.299,1.332,94.772,0.15,3.618
20090123,1.363,1.57,1.72,1.019,0.517,16.461,305.747,1.487,92.514,11.163,5.526
20090124,1.706,1.586,0.457,1.907,0.762,29.056,301.306,1.375,93.186,1.071,3.284
20090125,0.667,0.047,1.127,1.7,1.344,30.948,296.528,1.087,94.423,0.14,1.802
20090126,-2.171,-2.268,1.441,-2.01,1.195,40.654,274.038,0.595,94.723,0.08,2.255
20090127,-0.958,-1.032,0.233,-0.834,0.151,19.563,304.654,0.76,95.611,0.746,1.682
20090128,-1.86,-1.943,0.296,-1.721,0.499,38.301,287.155,0.893,96.222,0.155,2.243
20090129,-2.466,-2.54,0.368,-2.343,0.638,31.868,283.64,0.896,96.584,0.161,3.308
20090130,-3.114,-2.993,0.567,-3.314,0.517,43.022,281.205,0.882,96.793,0.08,3.347
20090131,-1.573,-1.919,0.308,-0.997,0.311,34.093,279.63,1.195,96.394,0.549,3.368
20090201,-3.68,-3.548,0.727,-3.881,0.848,42.422,262.14,0.918,95.557,1.539,4.854
20090202,-1.058,-1.429,1.349,-0.491,1.259,56.377,262.459,1.139,94.922,0.049,4.982
20090203,-0.397,-1.123,1.084,0.711,2.203,67.983,256.757,0.936,94.418,0.0,1.855
20090204,-1.286,-1.924,1.754,-0.393,2.139,60.759,285.777,0.71,94.249,1.471,0.943
20090205,0.687,-0.137,1.573,1.84,1.885,45.587,271.022,1.181,94.201,0.177,2.423
20090206,1.653,0.429,1.294,3.366,2.388,74.14,272.614,1.367,93.89,0.017,1.759
20090207,1.366,0.916,1.249,1.995,1.882,44.524,300.674,0.821,93.323,4.362,1.573
20090208,0.462,0.142,0.747,0.91,0.854,51.614,281.173,1.593,94.443,0.614,3.162
20090209,-0.409,-0.711,0.756,0.014,0.832,55.687,271.114,1.459,94.947,0.878,3.421
20090210,1.762,0.64,0.705,3.333,1.063,30.872,312.704,1.0,93.402,13.881,5.456
20090211,0.013,-0.258,0.226,0.392,0.536,76.062,280.354,1.229,95.05,5.986,4.846
20090212,-2.139,-2.375,0.9,-1.808,0.678,71.259,262.243,1.003,95.726,1.013,3.182
20090213,-1.009,-1.231,1.069,-0.698,1.042,58.971,283.678,0.852,95.946,2.691,2.721
20090214,-3.627,-3.543,1.708,-3.744,0.626,61.34,275.043,0.864,96.5,0.513,2.58
20090215,-4.214,-4.76,2.18,-3.449,1.875,68.553,279.086,0.967,96.811,1.338,2.889
20090216,-0.236,-0.628,1.182,0.312,0.733,33.062,310.607,0.714,96.131,4.465,3.219
20090217,-1.895,-1.975,3.245,-1.783,0.917,63.945,276.469,0.959,96.132,5.71,3.001
20090218,-4.964,-5.927,0.916,-3.725,1.793,83.487,239.908,1.226,96.915,0.015,1.254
20090219,-2.52,-3.579,2.553,-1.158,2.127,108.677,255.335,1.915,96.729,0.563,2.295
20090220,0.516,0.251,1.315,0.828,0.789,26.93,311.692,0.725,96.676,4.199,2.992
20090221,1.283,1.132,0.633,1.462,0.876,31.036,310.139,0.861,97.067,2.901,2.559
20090222,2.303,1.964,1.577,2.704,1.038,17.362,318.807,0.789,96.219,5.493,3.798
20090223,2.429,2.308,0.203,2.571,0.502,31.019,310.781,1.153,95.686,2.094,4.778
20090224,0.679,0.628,1.061,0.739,1.087,50.479,301.015,1.388,96.569,0.602,2.201
20090225,1.496,0.772,2.269,2.351,1.764,46.567,296.991,1.786,96.958,0.318,2.734
20090226,3.926,3.56,0.845,4.358,1.246,63.629,312.906,1.88,96.074,4.328,4.871
20090227,4.313,4.189,0.732,4.46,0.517,22.78,327.065,1.064,95.836,5.843,4.151
20090228,6.005,5.59,0.531,6.495,0.751,12.177,336.452,0.911,95.871,1.364,1.926
20090301,4.969,4.684,0.529,5.306,0.843,59.853,325.877,1.066,95.49,0.073,1.605
20090302,5.064,4.681,0.57,5.516,0.29,34.065,318.106,1.148,95.59,0.928,2.305
20090303,3.264,2.049,1.317,4.699,2.15,97.061,285.089,2.243,95.725,0.355,2.156
20090304,4.122,2.453,1.971,6.094,2.613,123.996,267.413,2.285,94.094,0.002,3.261
20090305,2.841,2.653,2.395,3.063,2.004,44.739,306.244,0.876,93.117,1.405,2.178
20090306,3.803,3.548,1.311,4.08,0.274,23.411,328.799,0.857,93.758,8.311,2.293
20090307,1.632,0.771,0.929,2.493,0.766,59.586,303.258,1.279,95.21,2.124,3.314
20090308,3.603,2.846,2.012,4.359,1.272,33.987,312.187,1.332,94.993,2.97,3.785
20090309,3.025,2.983,0.727,3.068,1.075,117.449,274.225,1.915,95.03,1.481,4.39
20090310,2.821,2.375,0.519,3.267,0.733,70.849,297.755,1.251,95.198,6.924,4.1
20090311,2.674,2.134,0.816,3.215,1.347,109.679,284.76,1.507,95.99,2.845,3.69
20090312,2.69,3.114,1.863,2.267,0.81,31.105,309.397,0.95,96.228,5.632,3.416
20090313,5.753,4.64,0.779,6.867,1.8,80.54,307.529,2.446,96.202,0.321,3.43
20090314,5.55,4.234,3.537,6.865,3.254,83.648,307.473,2.51,96.064,0.681,2.423
20090315,5.898,5.805,0.485,5.99,0.355,38.445,329.157,1.447,96.525,3.223,3.885
20090316,5.231,4.91,0.363,5.552,0.695,50.624,328.913,1.424,97.411,0.539,1.595
20090317,5.699,4.49,1.075,6.907,1.721,81.833,298.597,2.6,97.398,0.098,3.304
20090318,3.144,2.001,2.007,4.288,2.967,164.731,253.676,2.686,97.331,0.0,2.87
20090319,2.844,1.378,1.09,4.31,1.766,149.868,261.493,2.432,96.857,1.028,2.545
20090320,-0.034,-1.449,0.933,1.267,2.108,139.697,250.272,2.662,97.353,0.116,2.12
20090321,1.442,-0.148,2.674,2.905,3.922,183.585,242.803,3.372,97.04,0.0,1.445
20090322,3.614,3.128,2.682,4.062,2.364,74.898,297.994,2.608,96.426,0.854,4.537
20090323,4.956,3.929,1.555,5.901,0.568,62.554,318.255,1.87,95.114,9.476,6.534
20090324,1.047,-0.032,1.281,2.039,1.132,151.287,270.233,1.575,94.712,2.456,4.784
20090325,-0.418,-0.7,2.631,-0.18,1.158,69.65,282.904,1.064,94.591,7.021,3.238
20090326,3.956,3.249,1.01,4.554,1.486,89.476,315.234,1.442,94.734,2.897,4.343
20090327,5.331,4.693,0.986,5.871,0.46,138.041,300.81,2.113,94.344,2.948,4.48
20090328,4.481,3.267,0.897,5.509,1.221,88.334,285.66,1.879,94.267,4.232,3.935
20090329,4.402,3.185,1.048,5.432,1.132,147.325,282.743,2.295,95.16,1.234,2.44
20090330,3.415,1.342,1.997,5.168,2.949,122.08,284.114,2.473,96.299,0.084,1.461
20090331,4.463,1.417,2.622,7.04,4.343,208.439,256.856,3.064,96.651,0.0,1.846
20090401,6.474,3.65,3.992,8.865,4.155,219.9,256.396,4.177,96.406,0.0,3.461
20090402,9.382,7.56,2.893,10.799,4.3,215.053,275.666,4.737,96.351,0.0,4.264
20090403,11.884,8.923,3.993,14.186,5.977,217.014,290.001,5.984,96.076,0.0,1.96
20090404,11.883,9.463,2.441,13.765,3.666,181.475,307.256,4.083,96.2,2.669,2.283
20090405,9.893,8.693,1.122,10.826,2.058,111.003,322.616,3.028,96.577,0.172,1.745
20090406,10.448,7.921,2.769,12.413,4.259,189.128,299.624,3.382,96.048,1.298,2.141
20090407,12.827,9.679,3.143,15.275,5.185,207.944,301.01,5.945,95.487,1.273,2.052
20090408,11.431,9.937,1.729,12.593,2.237,160.498,311.401,4.818,95.742,0.061,2.849
20090409,12.175,10.411,1.527,13.548,2.78,141.667,323.106,4.792,96.006,0.97,1.773
20090410,13.401,10.905,3.947,15.343,4.938,209.016,302.583,5.674,95.562,0.021,2.705
20090411,14.277,11.996,2.951,16.052,4.617,223.42,302.065,6.155,95.344,0.0,2.618
20090412,13.209,10.388,2.079,15.223,4.439,241.932,291.266,5.978,95.471,0.0,2.385
20090413,11.817,8.564,3.265,14.141,5.277,233.918,290.486,5.342,95.333,0.0,1.883
20090414,13.084,10.069,2.575,15.237,4.733,235.536,298.766,6.303,95.344,0.044,1.497
20090415,13.658,10.36,3.275,16.014,4.783,237.359,298.686,7.242,95.472,0.101,2.448
20090416,13.381,10.92,3.093,14.993,4.53,234.341,304.059,7.093,95.168,0.923,3.321
20090417,8.394,9.039,1.045,7.971,0.229,52.695,337.547,2.039,94.863,14.016,1.535
20090418,6.709,6.987,0.749,6.527,0.902,63.933,331.509,1.398,95.626,2.486,2.965
20090419,9.243,7.768,1.299,10.21,2.656,159.763,317.333,2.542,96.562,0.12,2.773
20090420,9.838,6.729,2.387,11.875,4.457,262.723,275.456,5.088,96.714,0.0,2.535
20090421,10.371,7.252,2.581,12.415,4.611,266.861,273.074,6.328,96.639,0.0,2.242
20090422,8.114,6.432,1.097,9.217,2.787,232.696,284.553,3.998,96.398,0.685,2.868
20090423,6.83,5.481,0.835,7.714,1.827,143.341,309.383,2.201,96.552,3.305,2.729
20090424,9.764,7.02,4.76,11.561,5.133,235.386,289.554,5.012,96.513,0.032,3.101
20090425,12.838,9.444,2.558,15.061,4.551,243.769,296.58,7.098,95.848,0.0,3.135
20090426,13.071,9.493,2.772,15.415,4.675,234.025,302.24,6.428,95.321,0.0,2.395
20090427,12.881,10.593,1.512,14.38,2.52,185.472,321.352,5.302,94.874,1.525,2.459
20090428,10.658,9.118,0.855,11.667,1.723,147.028,329.59,2.392,94.712,2.082,1.945
20090429,8.287,8.007,0.291,8.47,0.559,44.552,340.33,1.103,95.301,17.769,2.376
20090430,10.815,9.167,0.917,11.895,2.228,159.841,338.578,2.043,96.041,8.079,1.574
20090501,11.627,8.873,2.146,13.137,4.211,254.801,314.941,2.909,96.487,0.421,1.703
20090502,13.042,10.364,2.997,14.51,3.504,225.605,314.365,3.944,96.873,0.547,1.966
20090503,11.945,8.607,1.48,13.776,3.93,217.31,313.903,4.238,96.615,2.375,2.26
20090504,7.323,5.893,1.639,8.108,1.829,202.598,298.713,3.576,96.65,0.514,3.078
20090505,7.146,5.747,2.949,7.913,1.933,60.196,323.253,2.22,96.315,2.213,3.747
20090506,9.844,9.468,0.53,10.05,0.262,43.973,348.53,1.795,95.879,4.165,4.939
20090507,12.944,10.231,1.685,14.432,3.408,189.914,327.491,5.096,96.063,0.03,3.006
20090508,12.508,9.192,2.003,14.326,3.191,191.613,324.044,3.488,95.795,4.273,3.062
20090509,10.961,8.844,3.889,12.121,4.501,217.154,310.412,3.945,96.263,4.669,1.748
20090510,13.332,11.457,0.566,14.36,2.668,252.422,321.402,5.208,96.261,0.472,1.765
20090511,10.471,10.088,0.745,10.681,0.543,50.398,343.119,1.873,96.215,15.018,2.492
20090512,10.024,8.757,0.938,10.72,2.195,275.104,293.337,4.087,96.545,0.004,3.82
20090513,10.977,9.439,2.269,11.82,3.079,211.051,317.064,4.97,96.267,0.007,3.897
20090514,11.948,10.225,1.659,12.892,3.205,249.798,312.325,5.765,95.59,0.506,3.781
20090515,12.475,11.35,1.619,13.092,2.424,128.658,350.298,2.71,95.272,11.332,2.779
20090516,11.429,9.707,1.292,12.374,1.762,213.084,315.444,4.028,95.797,1.923,3.012
20090517,14.138,10.332,4.261,16.225,5.207,270.024,321.281,5.282,95.87,4.066,2.571
20090518,14.319,11.887,1.467,15.653,2.135,236.192,323.049,5.174,96.258,1.217,2.245
20090519,14.443,11.027,2.939,16.315,4.219,239.816,314.109,7.665,96.538,0.007,1.287
20090520,15.663,12.719,2.082,17.134,3.744,243.289,328.723,6.118,96.442,1.537,1.023
20090521,15.352,12.754,1.855,16.534,3.352,208.48,339.454,3.771,95.77,2.496,1.995
20090522,13.301,11.312,1.717,14.205,1.748,205.858,325.895,4.959,95.873,1.355,2.368
20090523,12.501,9.891,3.299,13.688,3.787,242.677,307.46,5.383,96.4,0.477,1.588
20090524,17.343,13.747,1.782,18.978,4.309,305.086,322.211,7.893,96.226,1.032,1.987
20090525,17.269,14.365,3.037,18.588,4.624,302.085,327.179,6.839,96.234,0.0,2.155
20090526,18.506,14.353,1.127,20.394,2.91,244.86,347.012,7.233,95.602,1.993,3.802
20090527,11.931,11.089,1.326,12.314,2.538,207.833,317.57,5.811,96.615,0.389,4.094
20090528,11.602,9.62,1.076,12.503,1.673,162.307,321.09,4.181,96.787,2.135,4.474
20090529,10.738,7.795,2.408,12.076,3.786,244.008,294.346,5.402,97.233,0.226,4.109
20090530,11.397,9.312,3.28,12.345,3.184,159.97,329.525,3.705,96.911,1.718,2.868
20090531,13.77,12.175,1.085,14.495,2.37,172.351,345.763,3.777,96.678,1.46,3.068
20090601,15.178,12.153,1.689,16.552,2.95,234.492,339.383,4.002,96.372,1.922,2.243
20090602,15.85,12.582,2.108,17.336,3.867,293.295,310.264,7.588,96.043,0.057,3.394
20090603,10.003,9.336,1.015,10.306,1.633,180.089,307.014,5.187,95.817,0.069,4.923
20090604,8.272,7.353,1.052,8.689,1.828,174.436,315.466,4.129,95.666,0.758,4.015
20090605,8.276,6.415,0.747,9.122,2.103,211.852,303.037,3.729,95.409,1.135,2.342
20090606,7.48,6.404,1.819,7.97,1.552,89.293,324.845,1.865,94.687,7.149,3.654
20090607,11.037,9.608,1.465,11.686,2.464,152.096,338.772,2.789,94.733,2.467,3.037
20090608,12.799,10.656,1.901,13.773,2.763,202.985,317.114,5.403,95.326,0.031,3.2
20090609,13.885,11.982,1.126,14.75,2.057,215.729,333.637,4.074,95.412,3.218,2.885
20090610,13.745,12.022,0.479,14.528,1.615,220.516,327.334,3.569,95.75,1.387,3.292
20090611,11.891,10.833,1.376,12.371,1.006,149.061,339.985,2.574,95.47,11.802,4.821
20090612,10.559,8.785,0.751,11.366,1.685,227.729,310.655,3.845,96.182,1.431,4.451
20090613,11.785,8.18,2.579,13.423,4.686,331.261,277.748,6.208,96.445,0.0,3.077
20090614,14.412,10.317,4.153,16.274,5.151,263.118,320.022,6.258,96.286,0.401,1.656
20090615,14.66,12.274,0.987,15.744,2.076,144.203,363.455,2.535,95.979,19.662,2.034
20090616,12.357,10.723,0.864,13.099,1.659,216.252,331.401,2.339,96.362,5.055,2.246
20090617,13.628,10.819,2.963,14.905,4.129,279.748,311.548,4.977,96.676,0.001,1.293
20090618,16.1,13.111,1.976,17.459,2.66,177.157,341.376,5.128,96.064,1.11,2.677
20090619,14.299,12.524,1.454,15.106,1.149,188.255,335.218,5.216,96.061,0.358,2.906
20090620,11.197,8.898,0.993,12.242,2.395,266.45,301.796,3.327,96.378,2.39,2.564
20090621,10.474,8.67,0.526,11.294,2.003,183.958,322.541,2.426,96.383,5.72,1.413
20090622,11.47,9.482,1.722,12.288,2.588,220.315,320.43,2.791,96.655,4.326,2.967
20090623,14.543,12.298,2.464,15.563,3.18,239.327,319.784,6.595,96.689,0.161,4.47
20090624,16.189,13.879,2.738,17.239,3.594,255.225,331.115,7.063,96.256,0.003,3.708
20090625,15.066,14.076,0.639,15.517,1.497,102.412,371.847,2.805,95.786,1.35,2.721
20090626,17.134,15.564,1.439,17.847,1.973,141.557,374.179,3.058,95.689,4.381,2.374
20090627,16.508,16.023,0.215,16.707,0.856,77.835,384.461,2.265,95.893,3.713,2.837
20090628,16.905,15.393,0.567,17.528,1.709,112.358,379.432,3.506,96.042,2.827,1.555
20090629,18.238,14.876,2.298,19.766,4.062,192.843,360.26,6.522,96.221,0.189,1.207
20090630,19.894,16.733,2.575,21.332,3.885,261.518,348.406,8.488,96.385,0.026,1.269
20090701,20.1,17.49,1.384,21.286,3.207,244.531,353.197,6.155,96.463,3.251,1.369
20090702,20.303,17.046,1.676,21.783,3.299,241.758,363.493,5.912,96.258,1.905,1.725
20090703,20.748,17.611,3.173,22.174,3.884,263.685,362.438,8.115,95.818,0.11,1.447
20090704,19.933,17.67,1.165,20.961,2.684,218.388,363.521,7.123,95.657,2.062,2.605
20090705,19.076,16.17,2.46,20.397,3.911,296.014,329.719,9.376,95.534,0.0,1.711
20090706,16.858,15.431,0.838,17.507,2.137,194.088,343.724,5.309,95.314,3.729,1.624
20090707,15.258,13.353,0.673,16.124,1.533,212.191,334.444,3.983,95.145,1.056,2.783
20090708,13.347,12.128,0.737,13.901,1.483,183.804,338.228,2.841,95.133,8.883,4.387
20090709,13.33,11.959,0.633,13.954,1.733,237.855,319.798,4.996,95.637,3.364,3.565
20090710,11.438,10.456,0.556,11.884,1.438,183.482,330.066,2.414,95.635,9.379,4.443
20090711,11.98,10.755,0.49,12.537,1.708,177.943,336.848,2.318,95.889,6.347,2.872
20090712,14.95,13.054,3.074,15.812,2.955,167.542,347.452,3.413,95.682,1.388,2.633
20090713,17.807,15.555,1.716,18.83,3.439,228.287,338.714,6.391,95.712,0.511,2.145
20090714,19.087,17.122,1.42,19.98,2.609,186.232,366.349,5.039,95.72,3.169,2.183
20090715,19.711,17.383,0.851,20.77,2.214,183.36,364.585,6.113,96.169,1.229,2.947
20090716,19.47,15.869,1.751,21.106,3.994,243.919,341.355,10.026,96.518,0.001,1.557
20090717,18.402,15.779,1.625,19.594,2.744,224.703,355.222,6.193,95.587,4.498,2.841
20090718,14.394,13.38,0.411,14.902,1.126,140.855,349.758,3.409,95.403,13.825,3.885
20090719,13.755,12.265,0.663,14.5,1.741,183.352,328.798,3.363,95.826,4.208,3.545
20090720,14.541,12.288,1.001,15.668,2.192,225.308,330.097,4.294,96.041,2.06,3.607
20090721,17.998,15.035,4.055,19.48,4.562,239.782,344.282,7.328,95.871,0.41,2.131
20090722,20.103,18.233,1.233,21.038,2.631,226.821,362.555,6.929,95.381,1.952,2.805
20090723,19.374,17.645,1.916,20.238,1.415,194.37,364.656,6.023,95.073,1.962,3.497
20090724,15.869,14.047,1.113,16.78,1.671,204.125,342.839,4.09,95.734,3.203,3.002
20090725,14.261,12.584,0.57,15.1,1.557,198.38,336.256,3.456,96.298,5.427,3.818
20090726,15.404,12.398,1.956,16.907,3.757,233.787,319.005,6.592,96.55,0.0,2.033
20090727,19.14,15.153,3.656,21.134,4.803,298.066,331.632,10.641,95.854,0.066,2.617
20090728,16.907,15.247,1.453,17.738,2.716,179.429,344.809,7.675,96.373,0.259,2.358
20090729,18.059,14.754,2.571,19.711,4.882,271.251,329.65,9.504,96.312,0.0,1.748
20090730,17.503,14.653,0.521,18.929,1.852,223.637,332.779,8.657,96.169,0.185,3.421
20090731,14.243,11.854,1.702,15.437,3.122,237.583,311.211,6.626,96.698,0.115,1.213
20090801,17.246,12.985,3.441,19.377,5.098,243.145,331.577,8.604,95.988,0.0,1.9
20090802,18.398,15.362,1.546,20.062,3.273,224.447,352.829,6.438,95.513,1.878,2.43
20090803,15.482,13.984,1.081,16.304,2.442,233.807,340.58,5.378,96.018,0.036,2.418
20090804,15.628,12.366,2.87,17.417,4.437,216.584,330.78,7.4,96.45,0.003,1.47
20090805,17.403,13.949,2.712,19.296,4.9,260.128,324.731,9.621,96.609,0.0,1.51
20090806,19.013,15.158,3.445,21.126,4.942,261.709,332.609,10.175,96.521,0.0,2.321
20090807,20.851,17.588,2.675,22.641,4.516,255.13,345.668,11.774,96.297,0.0,2.392
20090808,19.821,16.984,1.198,21.377,3.72,207.442,360.373,8.65,96.191,0.141,1.393
20090809,18.983,17.157,1.729,20.078,2.753,171.436,365.381,6.636,96.175,0.796,1.124
20090810,18.346,16.307,0.415,19.57,2.248,164.384,358.665,5.506,95.933,9.495,1.353
20090811,16.968,16.016,1.171,17.54,1.887,140.647,354.957,3.792,96.092,2.176,2.401
20090812,16.46,15.234,0.594,17.196,1.737,106.124,361.842,3.725,96.143,8.452,3.092
20090813,15.748,13.976,0.836,16.811,2.158,148.103,347.346,4.75,95.977,0.112,2.358
20090814,15.178,12.48,1.588,16.796,3.295,185.19,329.131,6.127,96.236,0.047,1.3
20090815,17.623,13.302,3.643,20.216,5.483,259.968,326.16,8.708,96.164,0.0,2.12
20090816,20.683,16.288,3.298,23.32,5.157,247.915,341.363,10.867,95.936,0.623,2.657
20090817,19.75,17.1,1.795,21.339,3.824,190.531,354.738,7.833,95.822,2.137,2.41
20090818,17.053,14.844,1.522,18.378,3.371,211.404,325.679,7.646,96.443,0.006,2.037
20090819,19.146,15.388,4.513,21.608,6.018,254.854,328.445,11.036,96.597,0.0,2.092
20090820,23.736,19.996,4.238,26.186,5.416,250.594,353.003,14.986,96.346,0.0,2.403
20090821,17.144,17.101,3.55,17.171,0.841,128.671,358.483,3.543,96.396,2.92,2.018
20090822,14.786,12.339,1.86,16.39,3.167,202.358,320.079,5.786,96.737,0.012,1.417
20090823,15.759,12.97,2.713,17.586,4.835,230.571,312.532,8.303,96.684,0.0,2.277
20090824,17.712,14.07,3.038,20.097,5.113,248.587,315.848,9.675,95.762,0.0,2.972
20090825,18.165,15.409,2.799,19.97,3.495,173.46,357.043,5.8,95.56,3.576,1.825
20090826,17.968,16.58,1.037,18.877,2.545,165.156,357.705,5.873,96.031,0.423,1.605
20090827,19.052,15.534,3.003,21.356,4.777,182.738,351.753,8.274,96.076,0.035,2.21
20090828,18.98,16.532,0.854,20.584,2.352,152.391,355.528,8.539,95.699,0.688,3.558
20090829,13.277,11.44,1.391,14.59,1.742,175.52,312.446,6.099,96.198,0.588,3.387
20090830,12.536,9.513,2.764,14.695,3.628,154.477,316.275,5.85,96.444,0.013,2.628
20090831,15.374,11.083,4.033,18.439,5.597,225.768,311.476,8.814,96.288,0.0,2.01
20090901,19.883,15.301,3.28,23.156,5.466,216.988,344.035,11.405,95.716,2.43,3.184
20090902,17.056,15.825,0.921,18.013,2.191,138.627,347.164,6.595,95.846,0.14,2.194
20090903,15.178,14.015,0.602,16.082,1.149,148.729,336.027,5.01,94.873,8.712,4.647
20090904,12.771,11.359,0.934,13.868,1.879,119.207,326.882,4.267,95.094,6.524,4.312
20090905,11.468,10.216,0.622,12.441,1.309,114.368,329.668,2.54,96.037,5.085,5.175
20090906,11.354,9.699,1.558,12.641,2.504,112.572,323.266,2.964,96.75,0.212,2.89
20090907,14.119,11.629,3.752,16.055,4.599,199.032,317.129,5.523,96.698,0.0,1.594
20090908,16.05,12.46,2.927,18.842,5.489,208.615,312.973,7.553,96.77,0.0,1.881
20090909,16.789,13.964,2.981,18.986,5.058,202.691,317.289,7.82,96.76,0.0,1.495
20090910,15.498,14.646,0.454,16.161,1.183,122.549,357.097,3.413,97.135,0.088,2.774
20090911,13.861,12.647,0.925,14.804,2.325,129.148,340.37,5.579,97.29,0.018,2.778
20090912,12.903,11.161,1.357,14.259,2.666,138.73,330.65,5.472,96.87,0.005,1.982
20090913,10.46,9.325,0.306,11.343,1.078,72.358,330.26,1.955,96.224,3.833,3.11
20090914,10.67,10.249,1.193,10.997,0.753,84.723,341.157,1.214,96.158,12.252,3.132
20090915,12.885,13.196,0.798,12.622,0.811,53.796,362.66,1.163,96.134,14.939,3.636
20090916,14.893,14.609,0.926,15.133,1.374,76.613,365.794,2.295,95.993,0.623,3.563
20090917,13.353,12.041,1.137,14.56,2.246,131.931,329.477,3.979,96.163,0.0,3.084
20090918,12.857,10.8,2.668,14.749,3.968,139.714,325.043,3.865,96.348,0.0,2.543
20090919,14.549,12.096,3.042,16.806,4.536,168.226,330.901,4.907,96.103,0.0,2.093
20090920,16.332,14.477,2.077,18.038,3.618,120.623,350.874,4.905,96.227,0.519,1.198
20090921,14.659,13.59,1.037,15.643,1.751,85.274,346.95,2.692,96.756,0.347,1.387
20090922,14.187,12.417,2.15,15.816,4.38,157.473,321.071,4.071,96.85,0.006,1.724
20090923,14.497,13.028,2.424,15.849,3.018,123.517,333.118,4.278,96.804,0.055,2.638
20090924,13.01,12.092,1.965,13.855,0.863,57.504,347.065,2.768,96.685,0.393,1.366
20090925,10.634,8.853,1.378,12.273,2.718,108.893,324.46,3.111,96.934,0.012,1.023
20090926,11.356,8.758,1.875,13.747,3.833,126.752,317.91,3.908,97.033,0.004,1.767
20090927,11.82,9.073,3.138,14.349,4.948,162.944,296.831,4.41,96.913,0.0,1.118
20090928,11.31,9.754,3.39,12.865,3.696,112.428,320.543,3.217,96.61,0.011,2.647
20090929,13.125,12.568,0.3,13.681,0.912,24.223,365.447,2.737,96.16,0.783,4.079
20090930,11.466,11.852,0.91,11.079,1.189,35.671,353.61,1.593,96.066,3.068,1.865
20091001,11.082,10.284,1.762,11.88,0.751,64.989,338.422,2.298,95.634,2.403,3.615
20091002,7.821,7.062,0.727,8.579,1.35,74.938,321.53,2.174,95.93,1.957,3.421
20091003,9.772,9.207,2.746,10.336,2.387,86.921,313.227,3.248,95.571,0.0,5.009
20091004,10.871,10.255,1.628,11.488,0.265,43.31,326.28,3.678,95.345,1.56,5.172
20091005,8.594,7.753,2.257,9.434,2.791,71.674,318.779,1.924,95.977,4.142,1.852
20091006,13.711,12.922,2.496,14.569,1.105,54.035,365.652,1.887,95.621,13.234,3.108
20091007,17.718,16.857,0.632,18.654,1.459,91.194,362.164,3.748,95.605,2.817,4.239
20091008,13.027,12.962,4.02,13.098,2.115,45.798,348.875,2.571,95.66,3.052,3.691
20091009,7.25,6.002,1.032,8.607,2.238,123.449,289.892,2.493,96.5,0.0,2.32
20091010,8.778,7.821,2.765,9.819,1.99,42.656,327.731,1.361,95.697,5.644,2.439
20091011,9.897,9.654,0.58,10.161,0.986,56.293,336.621,1.792,95.473,6.669,4.452
20091012,6.428,6.092,1.221,6.825,0.269,71.458,302.676,1.752,95.691,3.619,4.403
20091013,4.562,3.543,1.179,5.765,1.092,105.54,274.419,2.167,96.718,0.882,3.314
20091014,1.692,0.799,0.95,2.748,1.757,72.162,272.916,2.016,97.0,0.352,3.485
20091015,1.701,1.488,1.742,1.952,1.436,49.536,300.335,1.612,96.718,1.655,3.623
20091016,4.035,2.933,1.776,5.337,2.365,40.409,309.142,1.415,95.935,9.377,4.796
20091017,4.331,4.113,0.364,4.589,0.448,44.845,321.325,1.025,96.15,6.775,3.6
20091018,3.473,2.454,1.263,4.677,1.121,81.847,284.722,1.064,96.444,0.898,2.338
20091019,1.683,-0.485,1.848,4.246,3.75,100.48,260.256,1.713,96.286,0.0,1.518
20091020,1.938,0.1,1.813,4.111,3.305,114.226,249.195,1.816,95.702,0.0,2.815
20091021,2.319,1.031,2.114,3.841,3.128,102.153,259.521,1.495,95.346,0.0,3.465
20091022,2.986,2.679,1.734,3.349,1.655,39.535,304.488,1.024,94.948,4.186,2.333
20091023,6.561,5.99,1.66,7.235,1.776,35.155,331.909,1.087,95.544,0.271,1.051
20091024,7.066,6.781,0.981,7.432,1.162,55.969,326.601,1.109,96.038,0.357,2.376
20091025,9.629,8.407,0.793,11.201,1.247,29.59,332.47,2.164,95.855,0.214,2.845
20091026,9.006,8.667,1.149,9.482,1.089,53.126,324.258,1.924,96.004,1.454,3.953
20091027,9.39,8.973,0.678,9.974,0.451,36.344,341.301,1.458,96.486,0.43,2.564
20091028,7.731,7.047,1.146,8.688,2.311,58.181,317.547,1.515,96.414,0.012,1.339
20091029,7.815,7.284,1.864,8.558,1.525,25.38,333.272,1.031,96.538,0.184,1.348
20091030,5.839,5.36,2.204,6.51,0.731,37.723,320.372,1.029,97.149,0.102,2.558
20091031,1.825,1.087,0.931,2.857,2.046,79.07,267.815,1.02,97.005,0.0,1.885
20091101,3.515,2.594,2.8,4.805,2.644,78.806,283.947,1.363,96.015,2.513,2.69
20091102,6.98,6.447,1.024,7.727,0.845,32.417,334.506,1.261,94.632,8.222,2.403
20091103,5.96,5.443,0.98,6.684,0.483,43.903,313.705,1.495,94.27,4.703,2.793
20091104,5.938,5.374,0.152,6.727,0.742,37.163,316.677,1.379,93.314,8.28,3.828
20091105,6.305,5.898,0.342,6.875,0.741,48.405,302.05,1.719,94.14,1.593,4.324
20091106,6.753,6.201,0.424,7.526,0.912,37.647,312.761,1.936,95.05,0.262,3.195
20091107,4.899,4.637,0.705,5.266,1.225,49.107,284.757,1.654,94.621,0.181,3.403
20091108,4.621,4.08,0.869,5.378,1.676,50.561,300.4,1.33,94.999,0.181,2.24
20091109,3.556,3.538,0.416,3.58,0.346,6.23,328.466,0.792,95.26,8.913,2.61
20091110,3.863,3.673,0.277,4.153,0.25,15.898,324.701,0.975,95.264,1.091,2.4
20091111,4.968,4.474,0.574,5.721,0.705,28.699,318.987,1.371,95.23,0.688,3.067
20091112,4.2,4.245,0.678,4.132,0.952,32.169,307.453,1.23,95.348,0.725,3.094
20091113,8.563,8.115,2.247,9.308,1.479,24.89,321.367,1.755,95.608,0.293,3.678
20091114,9.209,9.002,0.859,9.554,0.995,31.553,303.541,2.021,95.475,0.795,3.832
20091115,8.632,8.26,0.624,9.252,1.121,41.901,300.245,2.19,95.699,2.064,3.67
20091116,7.186,7.409,3.074,6.814,1.594,17.802,320.797,1.099,95.452,4.601,2.775
20091117,9.262,8.993,1.651,9.71,0.553,7.383,333.777,1.546,95.542,7.189,2.57
20091118,7.761,7.679,0.931,7.897,0.829,36.408,305.855,2.498,96.11,0.002,5.939
20091119,7.948,7.318,1.346,8.998,1.309,54.253,282.29,2.651,96.502,0.0,4.067
20091120,8.597,7.644,2.466,10.185,2.873,59.006,286.426,3.208,96.528,0.0,3.282
20091121,9.251,8.842,0.815,9.933,1.748,43.946,308.692,2.399,96.74,0.01,2.061
20091122,9.639,9.091,0.46,10.551,0.623,22.833,315.169,3.379,95.708,0.28,4.287
20091123,8.116,8.327,0.876,7.763,0.409,20.468,323.384,2.477,94.9,5.387,7.084
20091124,9.036,9.393,1.274,8.442,0.521,19.831,330.081,2.448,95.284,1.561,5.638
20091125,10.367,10.157,0.553,10.718,0.699,53.337,309.934,3.941,95.306,0.587,5.17
20091126,7.365,7.204,0.613,7.634,0.681,36.158,303.13,2.711,95.306,0.445,5.509
20091127,6.483,6.286,0.62,6.811,0.536,36.006,296.306,2.5,94.884,5.178,5.767
20091128,6.218,6.107,1.389,6.422,0.79,28.786,306.839,2.289,94.877,2.423,5.413
20091129,8.024,7.578,0.845,8.836,0.991,36.597,297.456,4.223,94.482,0.238,4.084
20091130,4.468,4.144,0.669,5.059,0.688,11.237,313.989,1.284,94.175,5.172,1.758
20091201,3.323,2.972,1.295,3.965,0.292,19.694,309.619,1.036,95.104,4.383,2.59
20091202,1.173,0.566,1.587,2.282,1.194,22.658,290.541,1.03,95.531,0.278,2.389
20091203,4.095,3.682,1.348,4.848,1.351,36.609,291.173,1.972,94.998,0.061,3.492
20091204,3.215,2.815,1.528,3.944,0.339,17.186,300.219,1.48,95.213,2.841,2.104
20091205,1.673,1.5,1.441,1.988,1.056,25.243,284.513,1.361,95.541,2.394,3.751
20091206,6.653,6.243,1.373,7.402,0.89,32.153,328.428,1.299,95.252,7.743,4.091
20091207,4.355,3.933,1.723,5.123,1.595,44.522,270.202,1.286,95.542,0.005,2.328
20091208,5.236,4.909,0.533,5.83,0.373,14.245,323.123,1.265,95.406,7.352,3.135
20091209,4.158,3.864,0.518,4.693,0.736,27.571,308.125,1.529,96.663,0.015,2.501
20091210,5.437,5.303,1.087,5.681,1.225,9.183,334.236,1.326,96.247,16.138,4.226
20091211,2.082,1.864,1.181,2.479,0.246,15.216,311.138,1.157,96.552,5.797,3.812
20091212,0.623,0.331,0.785,1.155,0.16,28.853,292.651,0.844,96.789,2.503,1.894
20091213,-2.378,-2.214,1.448,-2.676,0.125,24.648,263.844,0.951,96.588,1.077,3.171
20091214,-3.72,-3.771,0.45,-3.629,0.401,20.714,268.344,0.907,96.489,0.135,2.735
20091215,-2.357,-2.49,0.126,-2.115,0.31,28.657,266.666,0.991,96.181,0.334,2.839
20091216,-3.96,-4.299,1.02,-3.343,0.514,25.374,264.715,0.896,95.514,0.236,1.169
20091217,-6.642,-7.105,0.774,-5.799,1.159,31.428,238.47,0.614,95.222,0.053,1.105
20091218,-9.723,-10.087,3.818,-9.058,1.674,24.953,249.674,0.641,95.057,1.534,2.93
20091219,-15.29,-15.352,0.324,-15.178,0.89,37.746,207.507,0.551,95.0,0.048,2.375
20091220,-11.346,-11.338,4.131,-11.363,2.084,32.546,233.692,0.669,94.507,1.729,3.904
20091221,-3.77,-3.547,1.172,-4.176,0.671,40.955,250.521,1.054,94.416,0.691,3.747
20091222,1.615,0.711,1.777,3.264,1.815,14.113,307.379,1.017,93.389,4.06,3.926
20091223,-0.397,-0.648,0.914,0.062,0.646,33.321,278.344,0.902,94.124,2.905,1.804
20091224,-0.386,-0.518,0.876,-0.146,0.49,28.268,292.284,0.73,93.961,1.236,2.138
20091225,2.703,1.968,1.307,4.042,0.878,12.872,321.079,1.376,93.507,4.485,5.492
20091226,1.69,1.084,0.827,2.795,0.949,35.502,265.495,1.782,95.054,0.031,4.373
20091227,0.1,-0.133,1.009,0.525,1.179,38.579,255.692,1.505,94.816,0.78,3.549
20091228,1.292,0.96,0.922,1.897,0.218,13.737,296.904,1.194,94.775,0.993,3.283
20091229,-1.759,-1.847,0.98,-1.599,1.334,32.976,288.548,0.602,94.74,5.846,2.55
20091230,1.888,0.787,2.078,3.896,1.086,14.678,324.489,0.609,93.83,13.969,1.3
20091231,-0.719,-0.445,1.569,-1.217,0.398,6.056,314.73,0.627,93.842,9.899,2.135
20100101,-3.622,-3.529,0.319,-3.79,0.081,15.831,294.021,0.581,94.036,2.684,2.805
20100102,-5.093,-5.159,1.429,-4.971,0.514,32.715,272.201,0.582,95.548,2.188,2.615
20100103,-3.229,-3.839,1.201,-2.116,0.374,22.656,287.942,0.629,95.998,4.287,2.431
20100104,-7.846,-8.203,1.793,-7.196,0.31,29.94,263.622,0.451,95.893,0.144,1.131
20100105,-12.416,-13.465,1.008,-10.503,2.615,48.907,215.574,0.449,95.124,0.013,1.858
20100106,-13.218,-13.403,3.558,-12.882,3.44,40.595,229.313,0.413,94.686,0.04,0.612
20100107,-7.964,-8.916,1.017,-6.228,0.907,37.119,256.037,0.468,95.267,0.762,1.035
20100108,-9.19,-9.431,2.863,-8.749,1.163,28.042,270.004,0.451,95.962,1.741,3.309
20100109,-4.81,-5.074,0.546,-4.329,0.122,20.239,285.866,0.645,95.545,5.756,5.671
20100110,-4.579,-4.686,0.159,-4.384,0.197,17.719,290.763,0.571,95.581,4.804,2.713
20100111,-6.19,-6.349,1.377,-5.899,0.21,27.965,271.936,0.568,95.904,1.035,1.488
20100112,-7.453,-7.952,0.734,-6.541,0.47,42.692,248.609,0.47,95.937,0.06,2.667
20100113,-8.416,-8.516,1.645,-8.235,1.296,45.448,245.553,0.512,95.333,0.058,3.479
20100114,-4.011,-4.435,1.371,-3.306,0.79,44.096,274.243,0.745,95.413,0.651,1.955
20100115,-4.021,-4.657,0.93,-2.961,1.475,39.54,263.878,0.681,96.436,0.021,1.216
20100116,-4.409,-4.462,0.592,-4.32,0.739,54.971,250.651,0.731,96.431,0.028,2.447
20100117,0.016,-0.306,2.047,0.552,0.708,14.418,315.024,0.799,95.589,5.802,3.183
20100118,1.605,1.372,0.31,1.993,0.411,23.247,309.522,0.924,96.604,1.479,2.794
20100119,1.127,0.97,0.188,1.388,0.534,17.225,312.592,0.681,96.455,2.936,1.514
20100120,0.061,-0.078,0.431,0.292,0.376,22.716,306.493,0.605,96.069,0.271,2.382
20100121,-4.305,-4.13,1.545,-4.595,0.183,26.957,284.475,0.66,96.573,0.134,2.406
20100122,-5.633,-5.552,0.464,-5.767,0.341,44.326,255.805,0.715,96.955,0.015,2.463
20100123,-5.706,-5.762,0.32,-5.613,0.477,57.144,229.584,0.606,96.822,0.0,2.408
20100124,-5.747,-5.73,0.526,-5.776,0.5,26.657,277.268,0.869,96.747,0.12,2.812
20100125,-5.626,-5.862,0.306,-5.232,0.51,44.913,265.719,0.934,97.057,0.965,2.469
20100126,-8.98,-9.28,1.888,-8.48,0.836,61.446,220.678,0.785,97.833,0.036,2.299
20100127,-8.64,-8.942,3.668,-8.136,2.473,37.123,257.362,1.117,96.792,2.711,2.83
20100128,-0.699,-1.22,1.242,0.17,0.324,45.694,281.38,1.131,94.46,3.784,5.304
20100129,-0.297,-0.436,0.284,-0.065,0.325,25.153,298.872,1.056,93.204,7.149,4.431
20100130,-3.074,-3.405,1.651,-2.522,0.394,53.685,264.334,1.043,93.432,0.643,3.149
20100131,-4.216,-4.774,1.747,-3.286,1.626,57.369,252.694,0.901,94.567,0.352,3.5
20100201,-2.294,-2.396,0.444,-2.138,0.716,42.214,278.537,1.095,95.049,0.935,3.841
20100202,-2.373,-2.597,2.805,-2.032,1.894,44.671,284.213,1.054,95.146,5.24,5.544
20100203,-0.652,-1.148,1.865,0.043,0.735,60.058,271.512,1.215,95.014,4.891,4.011
20100204,-0.15,-1.561,2.461,1.826,1.271,34.569,288.173,0.859,95.777,1.013,2.463
20100205,-0.856,-1.405,0.424,-0.088,1.291,54.578,266.725,0.877,95.363,0.0,2.048
20100206,-0.884,-0.999,0.614,-0.722,0.75,25.757,296.401,0.836,95.62,0.154,1.424
20100207,-3.164,-3.122,2.478,-3.223,0.544,61.784,277.527,0.843,96.322,0.056,2.427
20100208,-6.663,-6.797,0.544,-6.475,0.166,48.451,266.925,0.797,95.658,0.042,3.066
20100209,-7.012,-7.07,0.179,-6.93,0.249,58.062,257.725,0.827,94.984,0.112,2.221
20100210,-6.501,-6.911,0.429,-5.927,0.364,50.319,259.964,0.928,95.047,1.197,1.733
20100211,-5.034,-5.258,1.625,-4.722,0.855,36.077,283.862,0.852,95.301,4.218,4.176
20100212,-3.473,-3.55,0.62,-3.365,0.214,42.414,292.351,0.803,95.618,2.905,3.47
20100213,-4.944,-5.187,0.358,-4.605,0.626,50.348,278.183,0.938,95.798,0.696,1.834
20100214,-6.214,-6.631,1.107,-5.63,1.685,65.929,260.592,0.796,95.635,0.119,1.436
20100215,-6.615,-7.63,2.497,-5.194,2.507,77.468,245.269,0.955,95.252,0.056,2.102
20100216,-6.372,-7.578,1.616,-4.685,2.591,100.27,227.692,1.14,94.8,0.004,1.893
20100217,-5.463,-6.672,5.514,-3.769,4.758,106.377,248.381,1.455,94.162,0.531,2.316
20100218,1.076,0.436,0.879,1.899,1.352,43.483,296.453,1.434,94.112,0.249,2.685
20100219,1.666,0.985,0.873,2.542,0.858,50.285,288.635,1.167,93.88,1.457,2.364
20100220,0.154,-0.498,0.816,0.925,1.095,83.525,265.655,1.795,94.162,0.145,3.44
20100221,-0.819,-1.565,0.545,0.063,1.362,60.807,268.917,1.274,94.441,2.593,2.309
20100222,2.026,1.682,2.403,2.432,1.212,74.042,283.037,1.422,93.829,1.189,4.134
20100223,4.048,3.322,3.025,4.906,0.831,16.959,325.401,1.165,93.804,8.956,3.778
20100224,2.748,1.164,1.799,4.619,2.128,48.806,309.754,0.969,94.438,1.618,2.166
20100225,5.676,4.672,0.85,6.862,1.376,78.014,293.293,2.237,94.299,1.092,3.837
20100226,5.841,4.729,0.954,7.154,1.406,66.151,312.035,1.844,93.774,4.209,4.022
20100227,4.315,3.448,1.286,5.341,2.14,89.903,272.982,2.713,94.662,1.239,4.411
20100228,6.469,5.638,1.847,7.452,2.992,71.717,311.287,3.72,93.452,3.542,5.821
20100301,3.284,3.088,1.458,3.515,0.645,83.545,284.958,2.422,94.866,2.258,5.557
20100302,1.076,0.288,0.715,2.007,1.659,90.349,265.545,2.144,96.178,0.156,3.018
20100303,0.492,-0.842,0.917,2.069,1.7,113.091,255.238,2.147,96.442,0.032,2.676
20100304,-2.037,-2.985,1.015,-0.916,1.522,98.346,249.046,1.542,96.08,0.2,2.371
20100305,-2.9,-3.183,1.729,-2.567,2.055,118.267,246.248,2.011,96.358,2.522,3.513
20100306,-3.284,-3.231,1.187,-3.342,0.319,113.293,255.104,1.133,96.085,3.61,4.136
20100307,-4.307,-5.378,1.193,-3.235,2.366,151.106,216.345,1.684,97.333,0.016,2.593
20100308,-3.872,-5.044,1.202,-2.699,1.738,101.6,248.061,1.622,96.908,0.269,1.544
20100309,-4.206,-5.25,1.754,-3.162,2.656,156.908,217.956,1.886,96.899,0.0,3.356
20100310,-2.027,-3.368,1.98,-0.685,2.726,159.229,227.52,2.372,96.721,0.0,4.321
20100311,-2.752,-3.433,0.571,-2.07,1.682,142.155,241.979,1.385,96.063,0.107,2.767
20100312,0.838,-0.181,2.004,1.857,1.76,83.501,292.421,1.682,95.952,0.767,3.599
20100313,2.133,2.071,0.603,2.195,0.819,65.466,304.133,1.727,96.251,1.707,5.144
20100314,2.858,2.25,0.685,3.467,1.112,92.245,302.465,1.568,96.104,5.224,5.542
20100315,1.513,1.276,1.924,1.75,1.454,85.133,289.094,1.535,96.196,5.071,4.62
20100316,2.348,2.495,0.542,2.201,1.346,83.133,306.672,1.733,96.531,1.009,3.445
20100317,5.383,3.88,1.748,6.885,2.9,112.324,281.604,3.136,96.795,0.027,2.747
20100318,7.48,4.957,3.459,10.004,4.897,161.44,276.052,5.059,96.594,0.0,2.198
20100319,10.726,9.215,2.207,12.237,2.666,127.307,301.971,5.572,96.122,0.0,3.233
20100320,11.23,11.001,0.882,11.44,1.787,58.883,337.504,2.726,95.547,4.26,4.079
20100321,9.853,9.141,2.176,10.508,0.723,56.264,336.872,1.859,95.645,4.314,3.854
20100322,6.447,5.843,2.087,7.003,2.482,71.724,311.545,1.731,96.526,0.057,1.423
20100323,6.612,4.672,2.367,8.396,2.982,118.266,290.589,2.593,96.319,0.045,1.895
20100324,8.341,5.869,3.384,10.614,5.187,167.655,279.836,3.991,95.89,0.0,2.225
20100325,10.886,7.705,3.943,13.577,5.497,185.514,286.656,5.874,95.364,0.001,2.023
20100326,10.364,6.86,1.35,13.329,3.503,107.833,319.925,4.178,95.024,8.088,3.111
20100327,6.768,5.574,0.389,7.779,1.24,133.189,294.026,2.279,95.021,1.973,3.474
20100328,6.764,5.729,0.987,7.64,1.634,110.5,298.512,2.456,95.261,3.018,3.809
20100329,7.808,6.695,0.619,8.75,0.833,51.698,326.685,1.565,94.97,6.31,2.828
20100330,10.185,7.931,2.557,12.092,3.13,145.594,314.89,2.978,94.232,9.908,2.459
20100331,6.565,5.735,1.397,7.266,2.078,152.556,286.929,3.292,94.546,0.867,4.42
20100401,3.878,2.482,0.888,5.059,1.581,183.563,261.623,3.195,95.346,0.568,4.291
20100402,3.73,1.356,3.139,5.575,4.04,209.472,248.803,3.649,95.93,0.011,2.251
20100403,6.662,5.099,2.26,7.877,2.599,134.936,302.395,3.459,95.517,3.394,2.842
20100404,7.339,5.825,0.471,8.517,1.283,154.689,301.929,2.593,95.464,2.363,3.505
20100405,6.322,5.468,0.486,6.987,1.666,140.854,300.433,3.376,96.699,0.496,2.902
20100406,7.96,5.837,2.33,9.611,4.103,207.133,276.405,4.922,96.833,0.0,1.77
20100407,9.257,6.159,3.149,11.666,4.899,231.15,269.722,6.06,96.39,0.0,2.387
20100408,9.181,6.484,2.945,11.279,4.293,211.751,294.96,4.459,96.637,0.223,2.353
20100409,7.392,6.553,1.463,8.045,2.35,149.941,298.798,3.319,97.284,0.208,2.473
20100410,5.022,4.388,0.807,5.515,1.534,129.566,288.037,2.659,97.105,0.171,2.845
20100411,3.937,3.779,0.474,4.059,1.002,162.137,295.021,1.654,96.704,3.25,3.148
20100412,5.032,5.08,1.202,4.997,1.868,86.938,319.744,1.462,96.283,4.508,4.011
20100413,7.709,6.112,1.682,8.85,3.136,198.878,287.22,3.292,96.042,0.315,3.434
20100414,6.292,4.971,1.198,7.235,2.098,199.862,289.534,2.598,95.959,6.32,2.54
20100415,6.405,5.732,1.533,6.885,1.964,111.652,318.892,2.552,96.083,1.824,2.188
20100416,5.355,4.335,1.103,6.022,1.922,192.079,282.768,2.892,96.41,0.002,2.649
20100417,6.016,3.271,4.086,7.815,5.561,259.583,255.836,4.88,96.487,0.0,1.162
20100418,10.248,6.898,5.381,12.443,5.718,261.311,269.429,7.231,95.791,0.0,1.517
20100419,8.085,5.94,1.568,9.491,3.381,210.067,282.541,3.871,95.786,0.196,1.821
20100420,8.108,5.269,2.63,9.967,4.604,209.598,290.221,5.232,95.761,0.534,2.826
20100421,4.161,3.223,1.298,4.775,1.047,231.607,266.099,3.33,95.925,0.985,3.9
20100422,4.334,1.927,2.85,5.911,3.938,233.903,259.85,4.085,96.041,0.004,1.751
20100423,6.464,3.189,4.254,8.61,5.222,270.382,259.168,5.177,95.967,0.0,1.708
20100424,9.4,5.889,4.651,11.7,5.439,268.92,273.963,6.419,96.407,0.0,2.147
20100425,12.877,9.56,3.861,15.051,5.626,270.252,288.036,8.063,96.647,0.0,2.334
20100426,11.289,9.894,0.991,12.203,1.913,181.602,313.051,3.92,96.57,3.142,3.088
20100427,10.681,9.154,0.767,11.681,2.085,154.169,319.044,3.925,96.983,0.277,2.382
20100428,11.813,8.752,3.71,13.818,5.237,273.222,288.82,6.702,96.865,0.0,1.303
20100429,15.465,11.503,3.736,18.061,4.741,224.99,320.05,9.273,95.89,0.0,2.268
20100430,15.626,13.474,1.498,17.037,1.241,198.742,327.937,7.384,95.313,1.868,3.824
20100501,11.006,9.284,1.041,11.95,1.926,155.298,319.939,3.773,95.457,0.563,1.696
20100502,9.021,7.95,1.153,9.609,1.328,146.436,317.814,2.156,95.433,3.972,2.128
20100503,9.009,7.359,0.872,9.914,1.639,177.459,314.661,2.543,95.444,1.015,1.883
20100504,6.905,5.365,1.156,7.75,0.736,169.241,315.622,2.463,96.137,1.436,3.052
20100505,5.213,3.842,3.185,5.965,3.567,278.98,267.476,3.853,96.009,2.352,3.908
20100506,4.912,4.85,0.578,4.946,0.482,24.01,328.497,1.137,94.805,19.518,4.224
20100507,5.384,4.933,0.821,5.631,0.957,71.819,325.879,1.091,94.945,2.259,1.506
20100508,7.794,6.228,2.274,8.653,2.559,157.97,308.898,3.164,95.384,0.172,1.736
20100509,9.024,7.213,1.236,10.017,2.737,196.383,306.015,2.894,95.3,1.661,0.841
20100510,7.639,7.042,0.56,7.966,0.804,94.713,330.759,1.278,95.22,0.978,2.06
20100511,7.835,7.371,1.201,8.09,1.06,68.228,338.171,1.537,95.211,3.82,3.386
20100512,8.306,7.604,0.844,8.69,0.321,134.657,337.204,2.079,95.103,1.554,3.002
20100513,6.216,5.73,0.495,6.482,0.774,105.954,326.217,1.899,95.492,0.134,1.788
20100514,6.591,6.01,0.407,6.91,0.856,83.997,329.205,1.964,95.479,1.616,1.901
20100515,5.468,5.452,0.304,5.477,0.731,158.08,311.873,1.651,95.416,1.971,3.265
20100516,8.692,6.723,1.388,9.771,2.392,201.719,307.688,4.123,95.69,0.004,4.063
20100517,9.045,6.354,2.272,10.52,3.156,198.64,297.866,3.647,96.307,1.061,2.578
20100518,7.87,7.254,1.047,8.208,1.832,182.939,310.078,3.323,96.712,0.298,3.832
20100519,7.124,7.509,1.571,6.914,1.558,51.621,339.937,1.402,96.569,8.863,4.348
20100520,8.503,8.694,0.606,8.407,0.96,54.425,352.717,1.456,96.97,3.239,2.958
20100521,12.097,9.527,1.591,13.264,3.554,227.922,324.425,5.321,97.062,0.001,2.023
20100522,12.52,10.46,2.579,13.456,3.691,273.266,310.421,3.624,96.798,0.424,2.315
20100523,15.324,13.249,1.648,16.267,3.201,223.609,341.739,4.869,96.466,0.361,2.206
20100524,16.084,13.154,1.158,17.416,3.183,248.628,323.56,5.819,95.662,0.304,3.201
20100525,12.718,10.707,0.857,13.631,2.217,237.707,315.47,4.954,95.54,0.001,2.551
20100526,9.846,9.368,0.82,10.064,1.337,174.558,332.395,2.906,95.299,6.181,2.302
20100527,11.086,10.474,0.961,11.363,2.164,137.2,342.852,2.958,95.262,0.791,1.915
20100528,11.898,9.885,0.691,12.814,1.571,178.003,325.744,3.064,95.667,6.983,1.826
20100529,12.177,9.278,3.572,13.495,4.093,236.15,309.693,5.285,96.158,0.322,1.516
20100530,12.136,10.27,1.599,12.983,1.647,157.297,338.089,2.72,95.138,14.026,3.423
20100531,8.651,8.071,1.387,8.915,1.218,82.09,335.493,1.712,95.406,0.94,4.301
20100601,11.198,9.93,1.178,11.774,1.743,69.004,347.358,2.918,95.716,1.41,3.431
20100602,11.743,11.457,2.001,11.873,2.56,68.682,348.39,3.011,95.885,4.074,3.905
20100603,14.983,12.015,1.251,16.332,3.203,315.092,308.139,7.314,96.202,0.0,3.696
20100604,14.55,11.731,2.453,15.831,4.236,319.701,293.929,6.73,96.405,0.0,1.793
20100605,17.299,13.709,3.568,18.931,5.212,319.945,310.603,8.791,96.365,0.0,0.889
20100606,19.102,14.829,3.169,21.045,4.908,275.74,342.776,9.089,95.721,1.55,1.722
20100607,16.103,14.635,1.584,16.77,1.161,239.197,337.63,4.804,95.515,2.263,3.479
20100608,16.807,13.445,3.273,18.335,4.411,249.075,339.315,6.65,95.338,0.866,1.774
20100609,19.776,16.433,2.426,21.296,3.716,277.855,354.175,7.446,95.219,6.219,1.881
20100610,20.172,17.782,2.084,21.259,3.658,280.17,359.651,6.444,95.171,5.731,1.609
20100611,19.446,17.541,0.93,20.312,2.114,274.929,346.955,7.09,95.178,0.746,3.559
20100612,13.828,12.786,2.12,14.302,1.632,77.652,355.602,2.608,95.513,3.127,1.953
20100613,11.523,10.062,1.282,12.188,2.721,243.857,315.95,4.074,95.97,0.0,1.776
20100614,12.675,10.932,1.576,13.467,2.272,140.624,343.17,4.231,95.978,0.032,1.622
20100615,12.975,10.068,1.069,14.296,2.537,202.462,325.327,4.345,96.438,0.168,2.306
20100616,12.79,9.93,2.785,14.09,3.799,326.109,286.907,6.231,96.513,0.0,3.738
20100617,14.513,11.354,2.467,15.949,3.701,327.788,293.509,7.205,96.175,0.0,3.514
20100618,13.859,10.988,0.974,15.163,2.891,263.735,320.533,5.165,95.518,0.226,3.298
20100619,10.13,8.926,0.654,10.678,1.617,228.017,313.529,4.199,95.16,1.118,3.372
20100620,10.325,8.44,1.361,11.181,2.258,147.426,321.558,3.957,95.604,0.289,2.206
20100621,10.346,8.331,1.121,11.262,1.783,149.286,333.908,3.646,96.297,0.575,2.186
20100622,12.204,8.133,3.926,13.88,4.213,215.881,321.007,5.387,96.641,0.468,1.357
20100623,14.84,11.91,3.356,16.172,4.38,193.987,335.593,7.151,96.597,0.007,0.99
20100624,17.621,14.739,3.068,18.931,4.51,288.556,328.39,9.063,96.251,0.0,1.249
20100625,17.381,14.239,1.669,18.81,3.289,251.416,340.712,6.742,95.991,0.837,1.907
20100626,16.05,12.404,2.347,17.707,4.227,295.494,314.283,7.808,96.187,0.0,1.473
20100627,17.42,12.968,2.958,19.253,4.502,316.793,317.41,8.635,96.418,0.0,2.105
20100628,19.442,14.577,2.669,21.446,4.961,309.425,329.473,10.636,96.344,0.0,1.396
20100629,20.801,17.19,2.034,22.442,3.985,255.114,348.685,10.998,96.251,0.5,1.356
20100630,19.752,16.839,2.775,21.077,3.66,269.081,343.79,9.163,96.333,0.092,1.373
20100701,20.656,17.076,2.325,22.284,4.169,246.853,352.173,10.545,96.157,0.005,1.367
20100702,22.835,18.841,2.717,24.651,4.771,297.591,353.0,14.008,96.119,0.0,1.802
20100703,23.999,20.049,2.157,25.794,4.821,297.214,360.542,15.099,96.123,0.188,1.547
20100704,20.57,19.354,1.206,21.122,2.225,215.529,373.025,6.613,96.273,0.249,2.388
20100705,19.906,17.266,0.827,21.105,2.441,255.397,358.836,7.824,96.216,0.277,2.295
20100706,15.381,13.997,1.678,16.01,1.693,204.867,339.64,6.239,96.534,0.432,3.341
20100707,16.471,12.882,4.342,18.102,5.031,266.255,322.759,9.41,96.647,0.0,1.247
20100708,20.85,16.719,2.98,22.727,5.071,315.718,334.073,13.481,96.495,0.0,1.373
20100709,23.519,18.817,3.563,25.657,5.363,315.598,350.431,16.086,96.376,0.003,1.653
20100710,25.598,21.497,1.984,27.462,4.643,297.223,371.712,17.611,96.306,0.033,1.313
20100711,25.632,22.952,1.764,26.851,3.048,281.974,379.019,15.024,96.105,0.139,1.442
20100712,24.893,20.848,1.2,26.731,4.074,270.575,374.719,13.97,95.801,0.48,1.715
20100713,20.932,18.567,1.477,22.007,3.042,219.965,362.332,8.45,95.667,3.817,1.497
20100714,23.403,18.974,2.63,25.416,5.075,278.652,361.591,14.345,95.455,0.719,2.01
20100715,19.65,17.249,1.195,20.742,2.489,285.971,342.809,8.478,95.828,0.0,3.342
20100716,21.687,16.965,3.984,23.834,5.683,275.853,355.947,13.017,96.052,0.0,2.053
20100717,18.496,17.237,0.788,19.068,1.657,211.57,359.603,6.447,96.298,2.879,2.647
20100718,16.863,14.303,1.08,18.143,3.072,272.506,323.504,8.846,96.975,0.0,1.82
20100719,18.074,14.203,2.49,20.009,4.345,302.171,318.851,11.261,96.78,0.0,1.455
20100720,19.604,15.767,3.249,21.522,4.438,306.708,325.469,12.278,96.104,0.0,2.356
20100721,23.141,18.532,3.359,25.445,5.331,276.504,353.239,15.398,95.419,0.001,2.224
20100722,20.58,18.739,1.282,21.501,2.393,222.836,376.137,7.487,95.773,4.429,2.171
20100723,17.053,16.397,0.666,17.381,0.586,145.369,361.823,2.059,96.014,4.004,1.766
20100724,15.509,13.813,1.492,16.357,1.404,191.505,343.495,5.788,96.117,0.864,4.045
20100725,14.455,11.55,2.609,15.907,4.431,262.111,316.687,8.326,95.958,0.0,2.906
20100726,15.22,13.53,0.49,16.065,1.945,172.603,348.226,4.172,95.683,10.926,1.214
20100727,15.901,13.626,1.293,17.039,2.599,199.543,348.909,3.871,95.985,0.583,1.749
20100728,15.124,12.997,1.377,16.188,2.146,133.376,344.489,2.773,95.854,5.727,2.23
20100729,14.293,12.557,0.461,15.161,1.845,215.86,334.593,3.905,95.45,1.67,2.547
20100730,15.357,12.911,1.464,16.581,2.789,195.162,335.62,5.891,95.852,0.475,2.148
20100731,17.199,13.353,3.763,19.122,4.724,211.89,336.473,9.296,96.056,0.0,2.096
20100801,19.908,16.695,2.187,21.514,3.821,224.168,354.479,9.846,95.874,2.151,2.34
20100802,18.453,16.861,0.958,19.326,2.094,150.656,363.32,6.532,95.853,1.253,1.57
20100803,15.305,14.263,1.095,15.877,1.233,176.074,346.287,3.829,95.812,2.231,2.363
20100804,15.799,13.23,3.078,17.208,3.987,184.384,337.297,6.289,95.514,0.169,2.316
20100805,14.838,13.732,0.549,15.444,1.244,117.086,355.238,2.719,95.271,13.086,1.777
20100806,14.366,14.114,0.698,14.504,1.241,99.549,359.194,3.05,95.957,0.843,3.159
20100807,17.266,15.076,2.475,18.467,3.49,172.088,351.615,7.692,96.142,1.562,2.192
20100808,15.885,13.92,1.539,16.963,2.376,150.924,351.66,4.211,95.952,8.008,1.961
20100809,16.119,14.453,0.731,17.119,1.841,171.188,358.896,4.128,96.093,1.388,2.248
20100810,18.303,15.048,2.631,20.256,4.229,209.166,343.016,9.169,95.981,0.009,1.69
20100811,17.618,16.214,0.772,18.461,2.067,125.313,355.365,5.294,95.813,3.574,2.231
20100812,15.979,15.234,0.671,16.426,1.248,66.29,362.676,1.571,95.715,25.67,1.202
20100813,15.889,13.999,1.433,17.022,3.007,208.668,338.136,4.77,96.076,0.743,1.518
20100814,15.865,13.43,1.249,17.326,2.803,254.26,324.581,4.594,96.102,0.011,1.664
20100815,14.323,13.762,0.451,14.659,0.636,39.753,366.149,1.231,95.593,8.646,2.575
20100816,14.064,13.369,0.306,14.481,1.09,118.603,355.813,2.913,95.412,1.469,2.957
20100817,13.206,12.331,0.616,13.731,1.187,58.713,362.753,1.647,95.151,19.65,4.061
20100818,14.567,13.264,1.334,15.349,1.702,115.72,358.041,2.929,95.209,1.272,4.187
20100819,15.114,12.824,0.983,16.614,2.697,177.133,336.927,5.517,95.937,0.443,2.627
20100820,16.441,12.929,3.613,18.742,5.107,252.011,320.659,7.768,96.516,0.0,1.55
20100821,19.852,16.014,4.093,22.367,5.104,233.466,346.655,8.856,96.63,0.0,2.156
20100822,20.082,16.733,1.064,22.277,3.659,198.108,359.411,6.405,96.079,5.34,2.132
20100823,17.914,16.41,1.023,18.9,1.677,152.925,357.185,2.815,95.092,5.758,3.402
20100824,16.511,15.138,1.296,17.41,1.388,214.104,333.555,6.206,95.246,0.082,4.289
20100825,14.478,12.96,1.047,15.473,2.341,137.527,337.686,5.948,95.945,0.121,4.059
20100826,16.568,15.287,2.339,17.407,2.544,121.75,368.811,3.73,95.444,6.664,3.578
20100827,16.635,15.172,2.2,17.594,0.825,76.636,372.766,2.487,94.749,19.203,4.361
20100828,11.84,10.533,0.815,12.697,1.427,175.345,324.747,3.463,95.755,0.68,3.828
20100829,10.765,9.362,0.797,11.767,1.705,128.863,329.28,2.206,95.562,11.515,4.096
20100830,8.821,8.684,1.274,8.919,1.097,103.488,332.32,1.831,95.221,7.671,3.642
20100831,11.741,10.291,0.769,12.776,2.412,162.604,325.85,3.868,96.315,0.909,3.872
20100901,11.613,10.381,0.787,12.493,1.558,129.059,326.982,2.239,96.308,0.696,2.742
20100902,11.958,10.96,1.007,12.734,1.69,94.659,338.862,2.461,96.261,0.591,2.225
20100903,12.267,10.636,0.572,13.535,2.148,143.606,327.348,3.105,96.372,0.344,1.256
20100904,11.352,9.665,1.413,12.664,1.574,156.268,315.845,3.499,96.383,2.636,1.164
20100905,9.6,7.249,2.655,11.428,3.789,175.974,297.537,2.861,96.639,0.714,2.512
20100906,10.47,8.22,2.001,12.221,3.387,203.13,286.063,4.011,96.372,0.0,3.549
20100907,11.377,10.006,3.104,12.443,3.181,149.237,322.354,4.618,95.482,0.129,4.064
20100908,13.241,12.379,0.811,13.911,1.722,81.359,356.064,2.971,95.154,6.3,3.069
20100909,12.791,12.43,0.598,13.071,0.742,69.585,347.13,1.497,95.667,2.811,2.704
20100910,13.716,12.042,0.918,15.018,1.906,135.542,333.577,2.94,96.426,0.806,2.531
20100911,13.888,11.235,2.552,15.951,3.815,114.418,342.647,3.628,96.458,0.002,1.615
20100912,14.702,11.934,2.546,16.855,4.017,141.848,337.249,4.41,96.308,1.815,1.706
20100913,12.754,11.897,0.715,13.42,1.381,108.191,344.975,3.004,96.692,5.575,3.009
20100914,12.822,12.648,2.382,12.956,1.686,43.365,355.994,2.564,96.182,4.987,4.715
20100915,13.45,13.224,1.263,13.641,1.417,130.207,334.681,4.88,95.315,1.771,5.188
20100916,11.619,10.943,0.639,12.19,2.009,125.66,322.639,3.887,95.271,3.644,4.496
20100917,10.513,9.533,0.776,11.414,1.389,147.555,315.086,3.082,95.539,2.203,3.565
20100918,8.635,7.229,0.891,9.929,1.649,110.017,304.476,2.872,96.04,0.45,2.71
20100919,9.004,7.222,2.821,10.643,3.111,124.588,304.045,3.505,96.128,0.04,2.579
20100920,11.725,10.309,2.027,13.028,3.071,140.539,305.015,4.481,96.052,0.0,2.936
20100921,12.391,9.946,1.561,14.64,3.399,112.628,323.212,3.593,96.426,0.086,1.895
20100922,12.899,9.848,2.465,15.706,4.781,174.675,302.483,4.057,96.525,0.0,1.955
20100923,13.844,10.946,3.503,16.51,5.154,173.337,306.708,4.883,95.781,0.0,2.003
20100924,14.99,13.29,0.907,16.554,2.058,101.8,344.493,3.724,94.749,1.435,2.562
20100925,9.673,9.694,1.931,9.653,0.751,22.084,345.174,1.193,94.807,10.401,2.808
20100926,8.072,7.009,0.657,9.05,1.786,78.84,309.708,2.312,95.169,0.058,2.378
20100927,7.864,7.851,0.048,7.876,0.243,12.211,339.159,1.251,95.281,27.136,4.185
20100928,9.187,8.406,0.463,9.906,0.415,36.114,347.19,1.089,95.77,3.008,2.229
20100929,7.411,6.618,0.637,8.205,1.311,67.504,323.257,1.444,96.296,1.612,1.383
20100930,7.935,7.046,1.399,8.823,1.874,83.624,325.292,2.15,96.14,0.021,2.283
20101001,8.926,8.386,1.115,9.467,1.454,38.556,347.637,2.016,95.865,0.088,2.078
20101002,10.307,9.988,1.122,10.625,1.159,24.359,342.278,1.197,95.837,2.829,2.638
20101003,13.613,11.616,1.432,15.61,2.853,132.83,322.506,3.138,95.562,1.134,3.064
20101004,11.221,9.507,1.614,12.935,3.204,141.155,303.973,2.548,95.085,0.0,2.76
20101005,11.744,10.228,3.418,13.26,3.992,96.958,329.576,2.356,95.227,0.001,1.798
20101006,13.492,12.159,1.271,14.94,2.323,102.559,337.268,2.628,95.819,0.0,2.175
20101007,12.646,11.695,1.301,13.679,2.203,87.537,340.575,1.778,96.481,0.124,1.494
20101008,11.602,10.37,1.235,12.941,1.951,128.983,300.566,2.773,96.527,0.0,2.63
20101009,9.511,7.469,1.974,11.732,3.796,129.539,278.871,3.77,96.413,0.0,3.265
20101010,7.123,5.338,1.76,9.063,3.862,138.561,262.916,3.048,96.03,0.0,3.131
20101011,6.276,4.118,1.848,8.621,3.839,136.581,258.549,3.229,96.031,0.0,2.615
20101012,3.922,3.363,0.591,4.582,1.822,88.842,302.055,1.171,96.105,0.012,2.445
20101013,4.32,2.903,1.347,5.993,2.048,99.19,290.531,1.819,96.057,0.019,2.811
20101014,4.478,3.772,3.898,5.312,3.582,83.272,309.849,1.513,95.897,0.053,1.846
20101015,8.129,7.635,0.556,8.713,1.003,53.583,337.262,1.219,95.615,5.555,2.331
20101016,5.659,5.251,1.888,6.141,0.955,20.661,333.639,0.903,95.39,10.853,2.496
20101017,4.261,3.415,1.037,5.261,0.854,54.947,303.549,1.129,96.316,0.122,3.183
20101018,1.695,0.804,1.375,2.749,2.261,110.996,259.686,1.01,96.328,0.0,1.411
20101019,4.432,4.007,0.807,4.933,0.726,26.873,310.813,1.145,95.104,4.515,4.131
20101020,4.676,3.958,1.252,5.524,0.551,53.658,301.116,1.403,95.077,2.207,3.919
20101021,3.523,2.709,1.019,4.485,1.571,68.416,278.158,2.229,96.322,0.805,4.868
20101022,3.327,2.287,1.313,4.557,2.219,75.977,278.011,2.009,96.276,0.001,4.008
20101023,4.073,3.566,3.094,4.672,3.063,97.722,276.369,2.299,95.408,0.698,3.525
20101024,6.001,5.237,1.797,6.982,0.491,76.065,292.476,2.461,95.073,0.474,4.791
20101025,2.959,1.659,1.163,4.629,2.34,72.015,267.331,1.657,96.308,0.066,2.983
20101026,4.113,3.152,1.39,5.458,2.127,68.514,289.234,1.918,96.976,0.112,2.764
20101027,5.548,5.029,2.277,6.273,1.106,13.62,319.539,3.14,96.722,0.393,3.302
20101028,7.485,6.527,0.816,8.827,1.752,59.549,304.134,3.272,96.334,0.0,3.339
20101029,7.517,6.551,2.707,8.87,3.592,87.588,284.781,2.67,95.762,0.002,2.709
20101030,9.509,8.829,1.607,10.461,2.08,52.685,298.029,3.812,95.012,0.008,3.106
20101031,7.073,5.786,0.893,8.875,2.333,74.405,294.386,2.137,94.863,0.122,1.743
20101101,6.757,5.535,1.433,8.467,2.878,65.25,306.435,1.647,95.251,0.005,1.382
20101102,6.82,6.801,0.814,6.847,0.826,36.617,331.11,1.578,95.777,0.046,2.903
20101103,10.123,9.919,1.156,10.408,0.803,16.744,345.935,2.255,95.716,1.01,5.452
20101104,13.457,12.967,1.513,14.143,0.61,21.375,357.075,3.322,96.124,0.377,6.479
20101105,12.179,12.202,0.825,12.146,0.313,11.83,349.466,3.483,96.273,0.348,6.017
20101106,8.755,8.72,2.757,8.805,1.497,14.631,331.824,1.753,95.579,7.374,4.24
20101107,3.649,3.549,1.444,3.789,0.594,14.648,319.812,0.985,94.811,6.522,2.819
20101108,1.714,1.282,0.478,2.319,0.953,24.374,300.45,0.807,93.32,1.234,3.036
20101109,3.388,2.797,1.391,4.214,1.707,39.198,296.041,1.042,92.658,1.6,2.303
20101110,5.262,4.315,1.512,6.708,1.564,41.315,299.093,1.428,93.431,2.894,2.824
20101111,3.88,3.583,0.828,4.333,0.544,48.711,305.838,1.856,94.637,4.388,5.539
20101112,8.098,7.617,0.966,8.831,0.787,50.485,313.14,2.424,93.791,7.493,6.615
20101113,11.553,11.21,0.555,12.125,0.325,6.943,359.597,2.074,94.128,9.166,6.577
20101114,13.063,12.528,0.791,13.956,1.463,64.084,321.486,4.299,94.512,0.515,4.678
20101115,8.155,8.167,2.87,8.135,0.476,21.062,321.577,2.474,95.582,8.519,2.537
20101116,3.904,3.709,0.298,4.229,0.151,24.528,317.773,1.155,96.246,4.469,3.392
20101117,2.463,2.424,0.224,2.528,0.252,20.918,316.099,0.876,95.667,0.182,2.641
20101118,3.093,2.998,0.74,3.251,0.458,8.828,323.028,0.678,95.335,4.543,1.314
20101119,4.194,3.656,1.275,5.091,0.733,33.326,302.565,1.249,95.829,0.242,2.06
20101120,4.008,3.287,0.779,5.208,0.97,35.965,292.543,1.147,95.918,0.002,1.576
20101121,1.642,1.799,0.718,1.381,1.033,43.935,292.28,0.9,95.377,0.165,3.362
20101122,1.33,1.368,0.535,1.267,0.375,6.35,321.006,0.672,94.468,15.985,3.531
20101123,1.557,1.499,0.414,1.654,0.588,26.366,303.296,0.986,94.356,4.971,4.825
20101124,0.436,-0.01,0.963,1.178,0.371,39.853,282.503,0.936,94.692,2.941,3.286
20101125,-0.417,-1.193,0.765,0.877,0.615,36.047,275.197,0.957,94.672,2.02,1.409
20101126,-2.015,-2.387,0.782,-1.395,0.315,34.76,275.833,0.822,94.651,0.829,1.198
20101127,-4.221,-4.771,0.668,-3.305,1.25,39.379,257.954,0.753,94.912,0.292,0.894
20101128,-4.659,-5.025,1.135,-3.991,0.695,41.368,259.782,0.475,94.988,0.067,2.395
20101129,-3.469,-3.78,0.254,-2.902,0.181,17.461,291.653,0.616,94.978,8.309,3.165
20101130,-5.488,-5.73,1.548,-5.048,0.202,25.656,272.584,0.584,95.672,0.889,3.798
20101201,-10.713,-10.471,0.744,-11.154,0.362,26.741,263.603,0.514,95.069,4.479,5.863
20101202,-11.973,-12.385,0.949,-11.221,1.123,40.937,238.368,0.451,95.018,1.07,2.097
20101203,-11.131,-11.566,1.577,-10.337,1.554,46.386,234.283,0.438,95.341,0.023,1.637
20101204,-6.367,-6.705,2.25,-5.752,0.733,35.88,259.436,0.764,95.92,0.071,4.031
20101205,-2.194,-2.345,0.94,-1.92,0.335,21.351,287.639,1.235,94.906,3.953,5.148
20101206,-3.807,-4.264,1.7,-2.973,0.479,31.592,277.817,0.687,94.565,0.026,1.602
20101207,-3.576,-3.877,0.599,-3.028,0.217,17.835,296.776,0.54,94.72,1.64,2.745
20101208,-3.352,-3.473,0.411,-3.131,0.368,8.651,301.428,0.5,94.752,10.528,2.488
20101209,-2.002,-2.485,1.484,-1.122,0.331,35.989,279.748,0.793,95.817,1.689,4.958
20101210,-1.822,-1.405,0.907,-2.583,1.24,36.837,269.482,0.835,96.684,2.013,3.724
20101211,2.444,2.127,1.23,3.023,0.282,10.095,323.139,0.998,95.672,8.405,6.284
20101212,0.313,-0.032,2.314,0.942,0.441,10.448,300.214,1.038,95.524,4.077,4.34
20101213,-5.137,-5.291,0.84,-4.856,0.801,35.907,248.213,1.089,96.357,2.088,2.8
20101214,-5.095,-5.514,0.947,-4.333,0.804,18.136,275.907,0.806,96.606,0.78,3.33
20101215,-6.18,-6.248,0.408,-6.057,0.426,19.704,276.97,0.855,96.54,3.059,3.729
20101216,-5.819,-5.461,0.976,-6.473,0.826,26.359,272.196,0.771,95.153,4.405,4.21
20101217,-4.872,-5.311,1.727,-4.069,0.371,35.043,265.846,0.691,93.784,3.018,2.311
20101218,-8.153,-9.067,1.629,-6.488,1.711,29.355,243.579,0.564,94.331,0.692,2.22
20101219,-4.853,-5.511,3.888,-3.653,0.826,26.683,276.593,0.64,94.016,7.261,3.193
20101220,-3.973,-3.987,3.78,-3.946,0.364,22.938,267.106,0.84,94.452,2.367,3.34
20101221,-5.524,-6.136,3.749,-4.407,1.425,19.411,286.689,0.475,94.956,2.557,1.38
20101222,-1.144,-1.284,0.536,-0.889,0.39,18.255,311.198,0.489,94.779,3.787,2.254
20101223,-0.253,-0.584,0.273,0.349,0.539,21.395,309.678,0.606,94.365,7.025,1.718
20101224,-2.532,-2.843,1.625,-1.966,0.401,11.09,299.256,0.682,94.627,4.298,3.91
20101225,-7.887,-8.256,2.698,-7.214,0.701,18.811,270.7,0.55,95.98,2.609,3.805
20101226,-8.112,-8.509,2.976,-7.388,1.018,23.479,273.55,0.517,96.578,1.249,2.331
20101227,-3.258,-3.573,1.219,-2.685,0.892,26.574,281.369,0.689,96.382,1.083,3.17
20101228,-5.872,-6.212,1.475,-5.252,0.707,37.124,259.433,0.581,96.449,0.016,2.28
20101229,-10.151,-10.51,0.704,-9.496,1.16,44.882,224.602,0.453,96.72,0.006,1.719
20101230,-8.773,-8.973,3.918,-8.409,4.52,40.586,245.233,0.434,96.699,0.014,1.45
20101231,-1.702,-1.956,1.04,-1.238,0.37,14.06,305.472,0.615,96.541,1.281,2.834
20110101,-0.008,-0.314,0.807,0.549,0.457,12.424,303.598,0.873,96.046,1.245,4.118
20110102,-0.573,-0.707,0.263,-0.327,0.242,28.408,278.695,1.005,96.165,0.579,3.628
20110103,-1.615,-1.868,1.177,-1.156,0.265,29.621,280.627,0.933,96.388,0.305,2.553
20110104,-4.184,-4.578,1.11,-3.467,0.813,25.894,273.304,0.744,96.135,0.043,2.059
20110105,-8.14,-8.196,1.493,-8.037,1.836,44.647,229.991,0.708,95.597,0.004,2.796
20110106,1.15,0.739,3.665,1.898,1.527,11.528,319.92,0.909,94.476,5.284,5.37
20110107,4.676,5.321,0.698,3.498,0.72,7.15,334.863,0.805,95.081,2.003,3.234
20110108,7.8,7.391,1.026,8.545,0.91,39.912,303.175,1.55,95.138,0.107,4.614
20110109,4.297,4.346,3.398,4.21,2.025,11.383,304.787,1.323,95.4,3.773,3.205
20110110,-1.519,-2.01,1.128,-0.625,1.693,48.139,238.63,0.951,96.394,0.007,1.554
20110111,0.094,-0.305,2.226,0.821,0.689,36.39,281.066,0.925,95.429,0.132,3.194
20110112,2.962,3.107,0.418,2.696,0.33,20.341,316.292,1.214,95.685,4.222,4.106
20110113,7.128,7.129,2.344,7.127,1.024,4.938,343.196,0.937,95.37,12.16,3.725
20110114,9.708,9.441,0.522,10.195,0.28,8.654,347.191,1.878,95.577,2.897,5.156
20110115,7.155,7.125,0.518,7.205,0.608,18.647,326.12,2.034,96.317,2.016,4.593
20110116,5.775,5.254,1.072,6.643,1.459,39.84,283.917,1.845,96.771,0.003,3.285
20110117,2.504,2.182,1.368,3.039,1.79,45.441,274.324,1.003,96.66,0.049,2.66
20110118,5.202,4.699,0.592,6.04,0.745,13.762,324.238,1.418,96.529,1.783,3.155
20110119,1.308,1.137,0.837,1.594,0.385,36.504,294.52,0.9,96.826,2.148,2.682
20110120,-0.58,-0.791,0.717,-0.229,0.352,32.162,282.859,0.985,96.956,0.909,2.4
20110121,-2.15,-2.129,0.144,-2.186,0.11,29.139,282.638,1.218,97.439,0.216,1.89
20110122,-1.816,-2.112,0.515,-1.322,0.86,40.455,268.751,1.086,97.216,0.232,1.096
20110123,-0.355,-0.418,0.849,-0.25,0.709,18.152,306.893,0.726,96.71,0.69,2.199
20110124,0.692,0.642,0.158,0.774,0.396,26.282,307.075,0.892,96.42,0.773,2.917
20110125,1.151,0.999,0.214,1.404,0.253,28.768,302.697,1.034,95.241,5.27,4.455
20110126,-0.225,-0.14,0.523,-0.366,0.381,36.48,290.174,1.062,95.203,0.769,2.169
20110127,-2.571,-2.539,1.006,-2.625,0.35,33.156,274.325,1.086,96.173,0.833,3.211
20110128,-3.506,-3.962,0.762,-2.746,0.975,37.688,253.192,0.931,96.634,0.017,3.956
20110129,-4.776,-5.536,1.179,-3.511,2.161,72.244,218.148,0.886,96.315,0.0,2.274
20110130,-5.97,-6.474,1.513,-5.13,1.333,61.372,237.158,0.595,96.327,0.005,2.284
20110131,-5.654,-5.867,1.075,-5.3,1.286,69.056,237.958,0.709,96.613,0.01,0.987
20110201,-5.425,-5.981,1.34,-4.575,1.877,75.363,225.641,0.915,96.733,0.013,2.437
20110202,-2.124,-2.711,0.955,-1.23,0.841,62.435,271.028,0.918,96.994,0.681,3.383
20110203,-0.237,-0.329,1.252,-0.107,0.741,20.027,304.288,0.999,96.752,1.174,4.375
20110204,3.179,2.996,2.895,3.436,1.337,27.975,313.831,1.516,96.307,0.575,6.655
20110205,7.745,7.511,0.375,8.073,0.467,31.649,326.036,3.053,96.181,0.147,7.462
20110206,7.409,6.801,1.448,8.261,0.552,37.579,310.647,2.658,96.491,0.16,5.736
20110207,4.846,4.695,1.184,5.056,2.064,83.376,262.533,2.952,96.248,0.0,4.541
20110208,4.31,3.386,3.066,5.603,0.811,74.938,275.788,2.891,96.348,0.055,3.413
20110209,-0.212,-1.823,1.59,2.045,3.389,91.551,240.787,1.688,96.661,0.0,1.396
20110210,1.192,0.183,2.878,2.604,2.236,79.62,272.626,1.433,96.131,1.74,3.4
20110211,6.429,5.533,1.287,7.684,0.454,22.814,332.126,1.405,95.432,7.439,4.395
20110212,-0.795,-0.26,1.113,-1.545,0.122,29.731,302.217,0.957,96.071,6.707,3.549
20110213,0.738,0.583,0.828,0.956,0.588,18.463,320.399,0.553,95.561,4.086,1.469
20110214,1.726,1.363,0.924,2.236,1.339,55.328,298.862,0.963,95.31,0.274,2.835
20110215,1.207,0.927,0.323,1.598,0.845,65.84,293.297,1.16,94.695,1.922,2.815
20110216,1.673,0.567,0.983,3.22,1.862,93.656,268.752,1.261,94.587,0.003,2.166
20110217,-1.751,-1.58,0.39,-1.99,0.211,59.496,282.279,0.912,94.881,0.019,3.002
20110218,-2.032,-2.161,0.184,-1.867,0.229,29.765,300.521,0.813,95.735,0.207,2.047
20110219,-2.809,-3.028,0.576,-2.528,0.208,53.542,280.424,0.9,96.132,0.239,2.95
20110220,-5.645,-5.833,1.228,-5.423,0.288,86.887,247.907,1.009,96.227,0.011,4.633
20110221,-8.057,-8.745,0.811,-7.245,1.436,107.418,215.639,0.922,96.268,0.001,3.907
20110222,-8.87,-9.753,1.675,-7.826,2.563,115.563,206.958,0.938,96.277,0.0,3.013
20110223,-7.574,-9.029,3.754,-5.856,4.095,124.045,215.35,1.462,96.818,0.0,1.799
20110224,-1.476,-2.816,2.612,0.108,3.063,104.969,266.126,2.587,96.824,0.0,1.997
20110225,-0.076,-1.525,1.75,1.635,3.516,112.326,256.376,2.82,97.147,0.0,1.847
20110226,0.515,-1.197,1.912,2.537,3.539,129.768,239.831,3.716,96.212,0.058,2.41
20110227,1.722,1.123,1.48,2.43,1.597,44.493,309.223,1.215,95.544,4.535,2.049
20110228,2.429,1.405,1.169,3.64,2.624,72.684,298.422,1.86,96.664,0.011,1.636
20110301,0.485,-0.707,1.38,1.894,2.285,126.817,247.711,1.65,97.467,0.0,2.947
20110302,-0.359,-1.425,1.781,0.9,3.031,135.859,231.227,2.361,97.585,0.0,4.216
20110303,-0.993,-2.047,1.667,0.253,2.86,138.502,233.376,2.569,97.339,0.0,3.226
20110304,0.412,-1.12,2.982,2.223,3.847,141.252,242.142,2.456,97.266,0.0,1.939
20110305,-0.378,-1.508,1.752,0.956,2.765,117.422,249.852,1.512,96.752,0.004,2.185
20110306,-0.349,-1.767,1.065,1.192,2.154,101.776,256.472,2.38,97.031,0.02,2.265
20110307,-1.195,-2.935,2.376,0.545,3.842,154.189,220.22,3.181,97.63,0.0,2.461
20110308,1.237,-0.9,3.484,3.373,4.723,156.652,230.05,4.166,96.854,0.0,2.524
20110309,5.686,3.607,2.372,7.765,3.106,129.035,279.431,3.595,95.938,1.62,3.907
20110310,5.698,5.104,1.738,6.292,1.925,88.855,304.011,3.143,95.725,0.284,4.587
20110311,6.312,5.658,1.308,6.967,0.701,86.699,308.288,2.86,95.811,2.786,4.357
20110312,5.057,2.613,3.138,7.502,4.668,140.973,270.717,3.337,95.513,0.0,2.287
20110313,8.403,6.671,2.099,10.136,3.099,131.948,301.755,4.146,95.084,0.101,1.495
20110314,8.498,7.612,1.342,9.384,1.836,84.707,317.035,2.172,95.819,1.23,1.349
20110315,8.718,7.518,0.603,9.918,1.824,109.367,308.623,2.115,96.167,0.206,3.645
20110316,4.074,4.764,0.906,3.385,0.376,57.723,334.643,0.969,95.582,0.03,4.768
20110317,4.082,4.129,1.544,4.034,0.556,15.448,333.947,0.692,95.042,2.734,3.189
20110318,3.582,3.413,0.462,3.751,0.231,52.67,316.695,1.217,96.188,0.318,3.362
20110319,2.896,1.486,1.413,4.306,2.298,148.604,268.989,2.503,97.227,0.037,2.188
20110320,2.017,-0.007,3.079,3.879,3.927,129.265,259.985,2.765,97.589,0.022,1.347
20110321,4.514,2.366,3.836,6.491,4.765,182.336,253.101,4.052,97.714,0.0,1.039
20110322,5.706,3.03,3.209,8.168,5.735,187.011,259.908,4.394,97.828,0.0,1.544
20110323,6.504,3.954,2.308,8.85,3.961,170.346,272.23,3.619,97.998,0.0,1.816
20110324,6.54,3.8,4.081,9.06,5.018,188.547,267.632,3.728,97.616,0.0,1.851
20110325,7.27,5.287,2.589,8.949,4.221,135.36,297.212,3.491,96.274,0.0,1.612
20110326,3.722,3.342,1.289,4.042,0.717,89.699,290.718,2.268,95.875,1.006,2.234
20110327,3.469,1.175,2.416,5.409,4.135,153.813,272.24,3.009,95.807,0.002,1.519
20110328,4.325,1.419,2.218,6.784,3.989,197.382,261.63,3.847,95.699,0.0,1.656
20110329,6.47,3.923,3.986,8.626,5.652,207.507,256.37,4.9,95.895,0.0,0.992
20110330,8.418,5.699,4.75,10.718,5.624,201.683,278.838,5.433,95.841,0.4,1.845
20110331,9.637,9.346,1.514,9.883,0.875,48.855,330.64,2.219,95.956,1.681,4.083
20110401,12.343,11.294,0.874,13.231,1.638,88.56,348.13,3.645,96.422,0.928,3.716
20110402,13.083,10.495,2.854,15.095,4.902,198.369,310.035,5.131,96.195,0.0,2.108
20110403,13.658,11.186,1.768,15.58,3.968,187.551,320.838,5.196,95.599,2.068,2.016
20110404,8.805,8.712,1.589,8.877,1.55,119.899,322.498,2.118,96.186,9.99,3.046
20110405,8.579,7.755,3.255,9.22,3.154,161.545,302.739,4.379,96.78,0.0,3.301
20110406,12.181,11.169,2.515,12.969,3.165,117.05,339.063,3.67,96.927,0.035,3.589
20110407,13.465,10.789,1.31,15.546,2.415,190.364,316.781,5.107,96.566,0.072,4.313
20110408,9.642,8.466,3.195,10.557,3.88,221.318,293.167,4.922,96.502,0.001,4.492
20110409,8.348,7.0,1.508,9.397,3.221,224.03,271.673,4.351,96.551,0.0,3.375
20110410,9.469,7.195,5.273,11.237,5.509,234.77,275.789,5.639,96.736,0.0,1.14
20110411,12.026,8.899,4.421,14.458,5.195,203.569,294.243,7.165,96.344,0.0,2.348
20110412,7.558,7.612,3.074,7.52,0.574,161.184,291.183,3.511,96.044,5.045,4.904
20110413,6.0,4.392,1.356,7.149,2.334,148.068,287.549,4.229,96.107,0.394,5.744
20110414,5.443,3.401,1.489,6.901,2.953,183.402,277.325,3.87,96.164,0.0,2.321
20110415,5.651,3.928,2.475,6.882,3.384,192.407,274.971,3.314,96.428,0.696,1.651
20110416,8.261,7.034,1.42,9.065,2.795,164.067,293.739,4.779,96.605,0.047,0.737
20110417,9.903,8.175,1.755,11.035,2.819,154.665,315.3,6.384,96.787,0.021,1.133
20110418,9.288,6.022,3.532,11.428,5.0,198.129,299.077,6.157,96.557,0.0,2.437
20110419,11.553,8.24,3.411,13.723,5.381,257.995,283.676,7.414,96.171,0.0,2.188
20110420,12.698,8.883,3.405,15.198,5.549,260.716,289.902,7.854,96.078,0.0,1.734
20110421,13.784,10.34,3.015,16.041,5.112,214.196,308.287,7.786,96.029,0.0,1.814
20110422,14.914,11.78,3.183,16.967,5.095,256.434,303.111,9.417,95.719,0.0,2.59
20110423,15.197,12.156,3.503,17.19,4.949,260.937,301.32,9.381,95.676,0.0,3.081
20110424,13.894,11.175,1.478,15.676,3.694,272.252,287.402,9.031,96.109,0.0,3.042
20110425,11.469,8.087,2.652,13.685,4.329,218.086,299.666,6.611,96.394,0.002,2.679
20110426,9.931,7.6,2.225,11.458,3.383,189.726,311.657,3.018,96.227,5.78,2.04
20110427,10.262,8.881,1.429,11.166,1.955,146.726,328.34,2.03,96.059,4.576,1.996
20110428,11.864,9.855,1.172,13.18,2.807,196.754,322.638,3.015,95.828,7.513,2.421
20110429,13.314,11.152,2.367,14.731,3.773,243.868,306.174,5.936,95.665,0.409,3.812
20110430,12.053,9.914,1.553,13.455,3.408,277.527,288.065,6.445,95.531,0.0,4.938
20110501,8.891,6.343,1.429,10.289,3.484,287.675,268.928,5.972,95.597,0.0,3.761
20110502,5.213,4.293,1.024,5.718,1.523,161.259,294.773,2.66,95.519,0.225,3.699
20110503,5.15,3.868,1.41,5.853,2.696,253.42,277.398,3.859,95.784,0.431,2.947
20110504,4.573,1.607,2.913,6.2,3.555,236.686,274.67,2.789,96.28,1.333,2.122
20110505,7.18,4.221,2.989,8.803,4.859,291.523,265.145,4.718,96.731,0.0,1.06
20110506,11.488,7.652,4.823,13.592,5.672,288.131,283.978,7.923,96.606,0.0,2.077
20110507,14.461,10.247,4.007,16.772,5.809,289.943,292.758,10.107,96.55,0.0,2.749
20110508,14.629,11.72,3.188,16.225,4.749,296.881,292.486,8.944,96.654,0.0,3.613
20110509,15.616,12.44,2.199,17.358,4.6,301.043,291.423,10.396,96.901,0.0,3.009
20110510,16.318,13.045,3.814,18.113,5.024,260.311,309.155,10.824,96.872,0.0,1.266
20110511,16.047,13.295,1.211,17.556,2.948,229.621,332.027,7.058,96.48,1.891,1.941
20110512,13.638,11.271,1.287,14.937,2.709,166.051,330.729,4.955,96.027,3.827,2.054
20110513,11.215,8.488,1.724,12.711,3.329,185.461,306.337,5.114,96.42,0.16,2.049
20110514,11.614,8.213,1.418,13.479,4.039,220.664,310.256,5.626,95.866,0.457,2.363
20110515,8.645,6.568,1.193,9.784,2.343,260.158,290.704,3.607,96.268,1.077,2.938
20110516,9.424,8.422,2.255,9.974,1.858,76.023,332.184,2.431,96.491,2.198,4.034
20110517,12.301,10.719,0.507,13.168,1.548,131.303,339.655,3.056,96.346,1.096,3.431
20110518,14.617,10.818,2.458,16.701,5.263,265.112,315.006,7.036,96.126,0.0,1.949
20110519,15.407,12.175,1.457,17.18,4.038,235.524,324.705,5.918,96.027,2.416,1.342
20110520,16.035,13.374,1.686,17.366,3.395,259.607,331.723,5.088,96.201,2.508,1.765
20110521,15.976,13.876,1.228,16.931,2.98,214.872,342.176,4.768,96.431,2.375,1.618
20110522,16.601,12.843,1.025,18.309,3.882,242.406,332.644,6.418,96.13,3.3,2.7
20110523,13.507,10.118,2.205,15.047,4.144,300.196,296.917,7.413,96.733,0.0,2.267
20110524,13.344,9.495,1.243,15.094,2.897,288.867,298.879,7.412,96.562,0.036,3.451
20110525,11.329,7.698,3.455,12.98,4.72,314.48,279.714,7.788,96.978,0.0,1.47
20110526,15.564,10.873,3.394,17.697,5.298,274.641,314.067,9.118,95.677,0.812,3.841
20110527,12.311,10.875,1.382,12.963,1.198,212.836,311.931,5.967,95.73,0.463,3.931
20110528,11.893,9.702,3.033,12.888,3.542,196.853,313.825,5.967,96.022,0.183,2.622
20110529,15.982,13.135,1.995,17.276,3.689,222.81,334.039,8.838,95.884,0.0,3.377
20110530,19.172,14.164,3.894,21.449,5.941,313.59,322.87,12.693,95.846,0.0,2.309
20110531,15.797,12.432,1.311,17.326,3.294,221.976,344.546,5.636,95.65,6.138,2.708
20110601,11.248,10.36,1.075,11.652,2.475,187.547,328.931,4.448,96.853,0.278,3.756
20110602,13.956,11.11,2.144,15.249,3.969,321.509,296.981,8.83,97.408,0.0,2.957
20110603,16.636,13.702,3.175,17.97,4.226,311.23,315.226,9.161,97.223,0.0,3.392
20110604,19.783,16.71,2.901,21.18,4.404,296.486,335.803,10.617,96.312,0.0,3.124
20110605,20.268,16.569,0.862,21.95,4.101,273.806,351.418,9.657,95.324,1.633,2.171
20110606,17.716,15.753,0.804,18.608,2.625,195.206,355.594,4.687,94.93,4.421,1.819
20110607,18.051,15.639,1.152,19.148,2.916,249.734,350.713,4.995,94.992,8.661,1.464
20110608,14.253,13.643,2.227,14.53,1.177,123.767,356.286,2.601,94.935,12.065,2.89
20110609,13.379,10.346,1.54,14.758,3.232,272.796,309.235,6.825,95.77,0.0,2.735
20110610,13.152,10.266,1.488,14.463,2.83,225.192,325.963,5.099,95.964,1.961,1.285
20110611,12.974,11.257,1.625,13.754,2.099,229.358,320.58,3.804,96.002,2.01,1.604
20110612,14.358,11.916,2.337,15.469,3.654,241.377,318.302,7.164,96.213,0.247,1.338
20110613,15.288,13.018,2.068,16.319,2.828,189.43,342.131,6.455,96.038,0.17,1.903
20110614,16.578,13.948,1.088,17.773,2.376,198.847,345.238,5.142,96.127,1.443,2.055
20110615,17.347,14.849,1.847,18.482,3.44,216.491,345.781,6.568,96.14,0.003,1.526
20110616,17.256,14.015,0.787,18.729,3.146,209.217,346.369,5.639,95.726,2.975,3.067
20110617,14.63,12.895,2.04,15.419,3.416,245.563,327.214,6.675,95.724,2.727,3.164
20110618,13.636,11.394,1.212,14.655,1.131,206.841,332.573,3.92,94.986,5.54,4.721
20110619,11.401,10.12,0.692,11.983,1.262,208.596,324.866,3.116,95.29,5.3,5.434
20110620,12.747,11.327,0.919,13.393,2.006,177.107,339.953,3.825,95.807,1.116,3.92
20110621,15.945,13.836,2.008,16.904,2.563,159.296,355.237,3.339,95.783,4.969,3.078
20110622,16.607,14.046,0.941,17.662,2.511,177.126,350.052,3.799,95.703,11.512,3.121
20110623,13.882,11.214,0.515,15.096,2.416,229.113,319.592,4.191,95.93,4.084,3.571
20110624,11.935,10.009,0.47,12.811,1.759,259.706,310.14,3.475,96.349,1.713,3.616
20110625,11.309,10.062,1.412,11.875,1.85,165.427,327.265,2.84,96.7,1.99,2.984
20110626,16.36,14.256,2.229,17.316,2.845,141.571,362.37,3.747,96.678,2.821,2.529
20110627,19.192,15.405,3.269,20.751,4.749,319.185,328.918,8.366,96.564,0.0,2.355
20110628,21.002,16.921,1.952,22.682,4.366,319.817,332.534,11.191,96.24,0.0,2.428
20110629,19.451,15.547,1.124,21.225,4.067,271.431,355.366,7.584,95.955,7.856,2.351
20110630,12.767,12.226,1.253,13.013,2.273,125.401,346.287,3.946,96.319,10.104,4.028
20110701,11.443,9.516,0.607,12.319,1.66,248.465,315.319,3.428,96.36,1.474,2.894
20110702,10.726,9.666,1.103,11.207,1.498,130.07,330.126,3.077,95.878,1.04,4.318
20110703,10.686,10.544,1.265,10.75,1.102,56.973,357.145,1.701,95.587,4.508,5.194
20110704,12.998,12.295,1.135,13.317,1.72,88.205,362.803,2.149,95.915,0.1,2.831
20110705,16.225,13.798,1.78,17.328,3.702,243.043,342.056,5.417,95.867,0.025,1.184
20110706,19.032,14.997,2.069,20.866,4.292,269.307,343.467,8.198,95.408,0.549,2.385
20110707,18.006,14.817,1.808,19.456,3.926,194.769,351.016,7.49,95.509,4.104,2.106
20110708,16.74,14.538,0.66,17.741,2.841,211.575,340.31,6.306,95.611,2.873,3.274
20110709,19.134,15.123,3.113,20.957,4.299,255.114,348.69,9.78,95.939,0.127,2.616
20110710,17.767,15.37,0.82,18.856,2.838,223.5,354.794,6.238,96.214,11.01,1.139
20110711,17.527,15.212,1.591,18.58,3.195,251.005,331.892,7.449,96.306,0.799,1.481
20110712,18.614,15.237,3.245,20.15,4.62,284.092,338.017,9.424,95.975,0.639,2.898
20110713,17.474,15.366,1.059,18.432,1.893,160.195,367.989,3.694,95.232,11.727,2.382
20110714,13.894,12.879,0.759,14.356,1.823,176.346,342.01,5.159,95.666,0.638,5.247
20110715,13.455,12.202,1.201,14.024,1.67,107.225,345.194,4.495,96.013,0.264,4.366
20110716,16.405,13.034,3.928,17.937,4.96,266.296,322.951,8.866,95.551,0.0,2.571
20110717,15.638,14.498,1.927,16.156,1.362,117.287,358.01,4.431,94.638,5.551,4.192
20110718,13.793,11.596,0.426,14.892,1.92,242.097,316.975,3.94,94.863,1.836,4.328
20110719,15.567,12.588,3.373,17.057,4.095,266.093,323.144,7.07,95.014,0.219,1.901
20110720,17.061,14.895,0.734,18.143,2.44,191.933,345.151,6.886,94.987,0.09,3.598
20110721,15.805,14.488,0.6,16.464,1.516,170.99,351.82,4.087,95.237,1.431,2.825
20110722,13.008,12.326,0.808,13.349,1.353,146.353,332.834,4.668,95.244,0.033,4.803
20110723,12.185,10.546,0.937,13.004,1.952,176.927,319.698,4.739,95.24,0.73,4.503
20110724,10.969,9.979,0.683,11.464,1.205,140.651,323.977,3.155,95.246,2.645,4.641
20110725,12.196,10.781,0.86,12.903,2.093,85.83,339.525,3.369,95.41,0.607,2.254
20110726,15.119,11.78,4.167,16.788,4.036,222.906,326.871,6.657,95.684,0.204,1.587
20110727,17.167,13.837,1.581,18.832,3.64,246.02,332.765,7.716,96.108,0.535,1.553
20110728,17.475,14.108,2.099,19.159,3.642,253.686,325.561,8.089,96.173,0.099,2.039
20110729,15.586,14.318,0.616,16.221,1.879,202.754,340.601,5.638,96.1,0.028,3.447
20110730,12.439,12.656,0.196,12.331,0.476,55.356,359.52,2.322,95.862,4.224,4.68
20110731,12.904,12.379,0.799,13.167,1.659,111.286,357.591,3.48,95.936,0.027,3.14
20110801,14.953,13.469,1.591,15.695,2.422,85.017,366.513,3.532,96.11,0.344,1.346
20110802,17.575,14.729,3.209,19.136,4.436,197.368,348.183,6.385,96.26,0.106,2.522
20110803,19.63,16.474,2.052,21.361,4.001,239.631,351.535,7.767,96.03,1.249,2.154
20110804,19.638,17.714,1.598,20.693,3.064,193.587,362.637,7.62,95.871,0.338,2.27
20110805,19.017,17.173,1.061,20.028,2.575,169.386,366.734,5.547,95.736,4.91,2.254
20110806,20.054,17.056,2.007,21.697,3.858,232.645,360.667,7.283,95.187,1.991,2.392
20110807,16.634,15.725,1.929,17.133,1.698,177.689,348.037,5.433,95.012,3.958,3.342
20110808,13.891,12.578,0.365,14.611,1.31,194.976,322.468,4.488,95.086,4.696,4.592
20110809,13.012,11.835,0.342,13.718,1.033,177.286,330.036,4.093,95.842,3.119,5.176
20110810,13.13,11.946,2.08,13.84,2.61,155.839,332.037,5.861,96.513,0.536,4.425
20110811,17.529,15.415,2.224,18.797,3.358,235.014,337.341,9.477,95.766,1.325,4.746
20110812,16.333,15.371,0.435,16.91,1.49,137.229,351.545,4.449,95.477,3.278,3.174
20110813,16.728,15.694,0.859,17.349,1.649,110.286,366.677,3.739,95.461,3.026,1.977
20110814,17.656,15.549,0.524,18.92,1.909,126.635,365.188,3.256,95.24,10.064,2.636
20110815,16.097,14.156,1.013,17.262,2.683,149.759,349.072,5.358,95.837,0.16,1.895
20110816,14.924,12.99,1.694,16.085,2.511,129.799,337.697,4.386,96.271,0.231,0.753
20110817,18.406,15.281,3.541,20.282,4.363,204.328,339.581,9.034,96.116,0.022,1.259
20110818,20.558,17.275,2.423,22.527,4.747,221.439,352.887,9.635,95.877,0.67,1.621
20110819,17.365,15.95,2.257,18.293,0.649,169.263,350.506,4.793,95.924,4.78,3.384
20110820,15.947,12.723,4.449,18.06,5.184,253.274,315.001,7.782,96.535,0.0,1.633
20110821,18.036,16.07,4.73,19.324,4.359,160.936,348.317,5.461,96.194,1.415,2.248
20110822,20.021,18.2,1.053,21.214,1.992,181.187,362.507,6.334,96.214,1.143,1.558
20110823,21.582,18.966,3.023,23.295,4.601,227.656,362.466,9.928,95.958,0.0,2.602
20110824,21.132,18.089,1.588,23.125,3.924,211.255,366.809,7.948,95.923,5.799,1.733
20110825,19.295,17.335,2.563,20.58,3.734,176.032,365.625,5.721,95.946,0.097,1.566
20110826,22.035,18.301,0.876,24.481,4.677,216.745,366.321,8.069,95.243,4.684,2.489
20110827,13.739,13.976,1.673,13.583,0.736,71.4,349.06,3.009,95.659,3.681,4.058
20110828,13.473,11.885,1.193,14.514,2.125,149.778,324.07,4.898,96.136,0.049,3.664
20110829,12.82,11.109,0.668,14.043,1.703,162.152,318.676,4.951,95.886,0.277,3.617
20110830,11.264,9.542,1.116,12.493,2.191,127.843,319.546,4.153,95.931,0.554,2.744
20110831,12.335,9.483,1.965,14.372,3.57,162.961,322.485,5.023,95.861,0.099,1.402
20110901,12.91,9.655,1.667,15.235,3.667,167.399,317.513,4.786,95.898,0.002,1.282
20110902,15.472,12.437,4.834,17.833,5.911,220.858,319.126,6.592,95.838,0.0,1.575
20110903,19.035,15.618,3.446,21.692,5.069,196.941,341.701,8.265,95.778,0.104,1.638
20110904,19.771,17.382,2.035,21.629,3.479,123.904,369.659,6.164,95.514,3.018,1.645
20110905,16.499,15.493,2.153,17.282,0.701,131.226,346.98,4.738,95.791,3.685,3.647
20110906,15.088,13.542,2.486,16.29,2.947,175.853,323.825,6.912,96.164,0.076,5.017
20110907,13.951,13.502,0.894,14.3,1.143,151.225,337.461,4.887,95.418,4.345,5.603
20110908,11.813,11.918,0.471,11.731,0.601,49.857,350.747,2.257,95.304,10.521,4.925
20110909,15.005,14.014,2.544,15.776,2.251,75.473,370.965,2.83,95.626,1.181,2.982
20110910,19.596,18.066,1.738,20.787,2.736,105.499,378.601,4.88,95.685,0.6,2.01
20110911,18.863,16.669,1.391,20.57,2.862,147.152,355.486,4.904,95.531,8.134,2.601
20110912,16.177,15.491,2.316,16.711,2.706,178.871,337.851,5.163,95.644,0.184,5.178
20110913,16.838,15.521,1.631,17.862,1.03,112.935,352.258,5.752,95.615,0.064,4.535
20110914,13.214,11.977,0.99,14.176,1.83,150.89,312.239,5.662,96.02,0.001,4.071
20110915,11.839,9.517,1.408,13.803,2.802,124.578,315.439,4.449,96.364,0.28,2.888
20110916,12.346,10.809,2.619,13.647,3.984,161.963,308.347,4.546,96.245,0.001,1.897
20110917,15.638,13.525,1.829,17.582,2.027,118.865,346.928,4.578,95.562,1.405,2.591
20110918,11.922,11.691,1.624,12.135,0.421,61.115,335.265,2.334,95.0,2.722,2.841
20110919,10.644,9.104,1.13,12.062,1.986,108.572,314.15,2.986,95.671,0.116,2.309
20110920,10.741,8.033,2.65,13.232,4.144,164.366,300.818,3.656,96.633,0.0,2.256
20110921,11.541,8.824,2.912,14.041,4.193,166.861,305.506,4.258,96.43,0.0,2.311
20110922,12.989,11.159,0.979,14.673,1.378,102.224,332.266,4.42,96.225,0.157,2.89
20110923,11.405,9.374,1.401,13.274,2.801,127.781,313.669,4.384,96.293,0.009,1.435
20110924,11.472,8.589,2.758,14.125,4.918,169.157,297.106,4.76,96.19,0.0,1.759
20110925,13.483,10.574,3.935,16.159,5.298,159.071,308.863,5.027,96.345,0.0,1.308
20110926,15.373,12.26,2.987,18.238,5.417,161.077,323.393,5.567,96.751,0.0,1.678
20110927,15.581,13.553,0.977,17.446,2.773,125.271,337.677,3.311,97.225,0.972,1.219
20110928,14.457,12.512,1.432,16.247,3.007,131.309,331.184,3.259,97.42,0.05,2.011
20110929,14.306,11.913,3.021,16.699,5.033,150.176,311.519,4.986,97.282,0.0,1.69
20110930,15.401,12.27,3.602,18.532,5.885,155.655,310.76,7.132,97.155,0.0,1.958
20111001,15.8,12.616,2.205,18.984,5.164,152.833,313.382,7.329,97.042,0.0,1.528
20111002,16.614,14.289,2.907,18.939,5.458,151.145,314.127,7.872,96.864,0.0,1.021
20111003,15.193,12.797,3.299,17.589,5.38,148.165,313.768,6.123,96.557,0.0,1.843
20111004,16.61,14.706,1.528,18.515,3.121,135.352,330.178,6.496,96.347,0.075,3.531
20111005,15.161,14.762,0.738,15.561,1.133,59.703,358.409,4.372,96.322,0.979,3.605
20111006,12.91,11.227,2.796,14.738,1.566,82.882,329.701,3.706,95.432,4.896,5.403
20111007,7.573,7.073,0.896,8.116,1.063,104.071,296.946,2.105,95.273,1.809,4.373
20111008,6.109,5.457,1.124,6.818,1.105,86.143,305.375,1.732,95.54,4.122,4.708
20111009,5.791,5.065,2.161,6.58,2.44,128.55,286.293,2.168,96.279,3.704,3.17
20111010,12.291,11.236,3.897,13.439,2.201,27.117,364.655,2.216,95.768,0.735,5.216
20111011,13.511,13.188,0.74,13.862,0.188,23.957,366.829,2.582,95.832,3.375,6.102
20111012,8.697,8.521,1.255,8.905,0.462,26.445,338.856,1.381,96.183,9.981,2.374
20111013,6.773,5.225,1.336,8.603,1.917,69.71,302.872,2.008,97.053,0.024,1.988
20111014,3.272,1.929,1.608,4.858,3.206,96.146,278.944,1.627,97.634,0.0,1.972
20111015,3.82,1.986,2.536,5.988,4.178,127.307,254.62,2.462,97.443,0.0,2.344
20111016,5.739,3.367,3.149,8.543,4.922,122.481,267.464,3.331,96.987,0.0,2.109
20111017,5.556,3.998,1.932,7.398,3.277,93.653,286.115,2.113,96.532,0.0,2.465
20111018,8.414,6.078,0.744,11.175,2.301,87.127,304.16,2.34,95.538,3.616,4.771
20111019,6.028,5.036,0.731,7.201,1.239,77.855,297.557,1.831,95.785,1.497,3.909
20111020,4.373,3.3,1.228,5.64,1.3,84.397,281.244,2.091,96.599,0.492,2.92
20111021,2.447,0.585,2.032,4.649,3.143,106.772,257.773,1.723,97.071,0.0,1.671
20111022,2.401,0.606,2.298,4.522,4.223,111.396,253.084,2.025,96.797,0.0,1.927
20111023,2.944,1.042,3.007,5.192,4.575,109.383,253.262,2.209,96.333,0.0,2.305
20111024,6.473,4.644,3.362,8.824,3.631,90.084,279.176,2.744,95.746,0.001,4.539
20111025,7.314,6.361,0.996,8.54,1.686,72.603,293.925,2.482,95.255,0.0,4.621
20111026,7.388,5.546,1.771,9.966,1.911,80.359,291.57,2.468,95.728,1.677,2.309
20111027,6.546,5.243,3.61,8.37,3.5,90.714,289.542,1.569,96.156,0.001,2.132
20111028,9.22,7.918,1.924,11.042,3.414,89.905,292.07,2.439,96.658,0.007,1.88
20111029,9.144,8.28,2.886,10.355,3.744,77.832,312.5,1.986,96.862,0.136,1.347
20111030,10.351,9.772,0.87,11.162,1.426,63.492,325.016,1.895,96.592,0.259,1.734
20111031,10.566,9.491,0.995,12.07,2.21,52.079,334.596,1.862,96.417,0.005,1.692
20111101,7.608,7.133,0.619,8.274,1.594,70.983,308.088,1.261,96.069,0.001,2.157
20111102,7.893,7.018,0.655,9.119,1.902,67.89,309.973,1.559,95.928,0.004,2.33
20111103,8.927,7.414,1.151,11.044,2.36,71.283,306.348,3.005,95.308,0.0,2.622
20111104,7.837,6.534,1.596,9.661,2.897,67.707,299.543,2.618,95.116,0.001,1.931
20111105,6.684,5.493,1.057,8.353,2.74,65.783,300.053,1.881,95.253,0.0,1.835
20111106,7.017,5.652,1.902,8.929,4.105,76.844,304.402,1.785,95.735,0.004,1.484
20111107,5.908,5.737,0.847,6.148,1.007,49.239,315.894,0.953,96.165,0.012,2.68
20111108,3.654,2.964,1.113,4.62,2.14,74.88,276.569,0.883,96.282,0.0,1.712
20111109,2.949,1.959,0.773,4.335,2.749,58.395,295.255,0.725,96.51,0.011,1.125
20111110,3.198,2.866,0.461,3.704,0.402,27.154,330.129,0.564,96.712,0.195,2.898
20111111,1.07,0.875,0.867,1.367,1.123,72.525,261.031,1.002,96.964,0.014,3.775
20111112,0.023,-1.263,1.015,1.987,2.265,72.426,248.765,1.227,97.426,0.0,1.908
20111113,0.557,-0.999,1.731,3.15,3.68,71.736,252.395,1.251,97.575,0.0,1.555
20111114,1.535,0.227,2.531,3.715,4.045,65.92,252.317,1.862,97.009,0.002,1.209
20111115,-1.799,-2.183,0.763,-1.158,1.705,57.47,270.402,0.62,96.686,0.08,2.447
20111116,-2.187,-2.596,0.639,-1.507,1.205,53.933,269.727,0.571,96.648,0.014,2.541
20111117,-0.48,-0.821,1.998,0.088,1.368,63.996,272.517,0.858,96.572,0.012,2.105
20111118,4.173,3.632,2.085,5.076,1.633,23.681,319.433,1.037,96.687,0.281,1.254
20111119,4.912,4.004,1.077,6.424,1.998,41.418,285.23,1.512,96.534,0.0,1.561
20111120,2.407,1.719,1.273,3.552,2.015,37.86,294.4,1.182,96.494,0.003,1.491
20111121,2.747,1.584,1.236,4.685,3.304,56.76,275.736,1.358,96.206,0.0,1.396
20111122,1.663,0.815,2.095,3.077,3.381,55.734,265.928,1.189,96.288,0.0,1.308
20111123,1.887,0.366,1.481,4.422,3.56,58.034,259.974,1.359,96.917,0.0,1.538
20111124,1.76,0.785,0.945,3.384,1.955,39.385,287.719,1.125,97.416,0.004,1.853
20111125,1.31,0.735,1.166,2.27,1.344,54.034,280.067,1.376,96.899,0.027,3.636
20111126,4.953,4.85,1.106,5.124,0.589,27.455,318.6,1.717,96.951,0.326,4.696
20111127,5.817,6.037,0.833,5.451,0.918,34.24,306.326,2.152,96.252,0.767,5.777
20111128,2.999,2.047,1.68,4.735,2.163,52.092,263.043,1.697,96.958,0.001,2.15
20111129,0.732,0.333,2.255,1.46,1.478,46.354,255.347,1.048,96.315,0.002,3.457
20111130,4.378,3.161,2.464,6.599,0.839,45.329,280.91,1.695,96.714,0.041,3.158
20111201,4.685,4.261,4.134,5.458,1.722,17.278,317.805,1.344,96.093,1.832,4.333
20111202,6.658,6.039,3.059,7.787,1.998,18.28,301.029,1.958,95.402,2.725,4.367
20111203,3.701,3.641,2.168,3.812,0.959,18.244,306.456,1.327,95.115,3.719,5.591
20111204,5.977,5.715,0.455,6.453,0.317,16.853,317.92,1.932,94.377,7.018,4.672
20111205,2.48,2.495,1.13,2.453,0.652,36.702,284.878,1.594,94.357,7.399,4.961
20111206,1.505,1.124,0.42,2.198,0.788,38.275,264.992,1.446,94.863,0.924,4.695
20111207,2.443,2.144,0.953,2.989,0.72,15.116,295.994,1.42,94.614,7.605,5.807
20111208,3.776,3.852,0.864,3.637,0.488,30.323,296.06,2.14,95.74,0.737,6.23
20111209,4.326,4.251,2.26,4.464,0.389,38.134,284.036,2.494,95.054,4.786,5.749
20111210,1.515,1.164,0.413,2.156,0.991,34.78,270.815,1.833,95.573,0.654,3.827
20111211,-0.643,-0.941,0.92,-0.1,1.84,40.371,250.548,1.372,95.88,0.0,2.365
20111212,3.287,2.445,1.097,4.822,0.839,12.436,297.713,1.394,95.129,1.731,4.331
20111213,4.131,4.063,1.233,4.256,1.07,12.599,306.784,1.738,94.696,5.559,6.108
20111214,4.852,4.237,0.586,5.973,1.047,18.769,288.124,1.872,94.535,3.625,5.7
20111215,3.504,3.315,0.415,3.847,0.673,32.132,280.633,1.925,94.829,1.063,5.096
20111216,2.917,2.516,1.023,3.647,2.128,6.076,312.453,1.315,92.727,20.081,6.26
20111217,1.88,1.842,0.384,1.948,0.403,29.718,287.468,1.248,94.107,1.022,5.165
20111218,0.888,0.834,0.332,0.987,0.338,23.471,285.569,1.348,95.022,1.476,3.989
20111219,-0.085,-0.007,0.36,-0.227,0.5,22.665,281.524,1.379,95.826,0.191,3.481
20111220,-0.177,0.085,0.827,-0.655,0.287,14.705,295.577,1.194,95.231,3.504,4.138
20111221,2.148,2.031,0.312,2.36,0.424,23.466,295.483,1.062,95.753,2.133,3.737
20111222,3.051,3.431,1.41,2.358,0.445,6.255,326.602,0.683,96.316,3.62,2.418
20111223,6.4,6.1,0.369,6.948,0.339,9.144,337.085,0.954,96.26,0.991,3.01
20111224,3.474,3.806,1.564,2.867,0.752,11.941,309.38,1.291,96.1,4.804,5.035
20111225,3.189,3.176,1.268,3.215,0.615,8.528,322.283,1.129,97.212,0.572,4.38
20111226,6.22,6.085,0.627,6.467,0.372,7.725,336.372,1.169,97.624,0.29,3.945
20111227,6.514,6.158,0.693,7.165,0.214,16.145,328.516,1.377,97.702,0.143,2.386
20111228,4.349,4.2,0.984,4.62,0.302,24.874,309.893,1.371,96.78,0.177,3.634
20111229,3.373,3.155,0.535,3.771,0.307,30.068,296.927,1.928,95.922,3.711,5.593
20111230,1.597,1.526,0.418,1.727,0.592,24.836,288.962,1.064,95.139,5.461,5.105
20111231,1.664,1.907,0.736,1.219,0.635,19.621,308.627,0.975,95.553,2.323,2.89
20120101,8.286,7.891,2.452,9.007,1.107,3.656,348.343,1.219,95.47,3.22,4.354
20120102,7.509,7.61,2.976,7.324,0.934,7.988,327.975,1.652,95.212,7.401,4.253
20120103,4.433,4.592,2.525,4.141,1.265,26.239,298.04,1.954,95.554,2.133,6.711
20120104,4.025,4.092,0.819,3.904,0.382,33.348,278.767,2.334,95.339,1.399,6.006
20120105,3.179,3.131,0.659,3.265,0.333,15.978,306.827,1.454,93.497,17.49,7.716
20120106,2.285,1.978,0.294,2.844,0.492,34.58,277.915,1.251,95.242,3.246,5.203
20120107,2.724,2.479,0.797,3.172,1.197,13.132,308.595,1.24,95.656,4.366,5.228
20120108,3.003,3.025,0.471,2.963,0.551,28.068,300.491,1.203,95.946,3.718,4.43
20120109,3.286,3.518,1.445,2.863,0.519,7.804,322.907,0.997,96.691,3.949,3.595
20120110,4.309,4.347,0.715,4.239,0.926,21.714,314.581,1.609,97.247,0.386,3.58
20120111,5.529,5.218,1.076,6.097,0.767,12.662,327.655,1.783,97.299,0.464,3.487
20120112,5.655,5.148,1.171,6.579,0.376,23.568,317.945,1.635,96.417,4.371,5.577
20120113,1.894,2.05,0.313,1.609,0.434,36.681,275.61,1.56,96.309,2.039,5.946
20120114,1.123,0.785,0.708,1.738,0.731,37.595,264.868,1.574,96.623,0.268,3.892
20120115,-1.758,-2.051,0.746,-1.27,0.996,35.097,261.574,0.936,96.768,0.006,1.878
20120116,-2.804,-3.257,0.391,-2.048,1.425,46.799,252.584,0.801,96.928,0.008,0.91
20120117,-1.666,-2.504,0.734,-0.27,1.282,42.09,260.564,1.376,97.067,0.023,1.803
20120118,-1.16,-1.957,2.782,0.168,2.56,54.435,258.392,1.702,96.934,1.863,3.441
20120119,2.82,2.49,1.017,3.369,1.316,5.029,319.351,0.94,95.795,13.2,4.716
20120120,1.431,1.287,0.476,1.671,0.52,35.183,288.064,1.298,95.414,2.875,4.427
20120121,2.119,2.544,1.866,1.411,1.656,7.704,311.001,1.211,95.007,9.394,5.138
20120122,3.36,3.499,0.554,3.129,0.229,30.854,300.821,1.665,94.704,5.884,6.659
20120123,2.298,2.018,0.641,2.764,0.697,44.784,282.345,1.289,95.501,2.129,4.266
20120124,1.05,0.734,0.236,1.576,0.533,41.355,281.404,1.078,96.082,1.14,2.7
20120125,-0.407,-0.727,0.82,0.126,0.71,38.455,280.609,0.84,96.553,0.106,1.397
20120126,-2.022,-2.638,0.763,-0.994,1.78,61.677,247.781,1.179,96.407,0.006,3.068
20120127,-1.555,-1.791,0.378,-1.162,0.517,33.768,286.293,1.123,96.574,1.686,1.725
20120128,-1.51,-1.712,0.818,-1.174,0.112,29.285,294.464,0.702,96.981,0.98,1.69
20120129,-4.564,-4.563,0.822,-4.567,0.363,26.122,279.44,0.753,97.045,0.257,3.262
20120130,-5.695,-6.149,0.617,-4.939,1.252,58.256,243.172,1.085,96.928,0.01,3.672
20120131,-8.664,-9.179,1.001,-7.805,1.687,75.675,209.196,0.979,96.874,0.0,4.678
20120201,-10.496,-11.08,0.698,-9.604,1.606,77.863,198.261,1.05,97.23,0.0,5.058
20120202,-12.66,-13.222,0.926,-11.801,1.896,80.616,189.049,0.912,97.421,0.0,3.993
20120203,-12.015,-13.354,2.334,-10.141,2.768,63.506,211.057,0.759,97.55,0.278,1.449
20120204,-11.884,-12.837,1.65,-10.548,1.972,62.079,213.354,0.766,97.811,0.152,1.379
20120205,-13.25,-14.392,1.804,-11.652,2.87,85.994,190.825,0.773,97.536,0.001,1.793
20120206,-14.815,-15.844,1.256,-13.373,2.487,88.438,181.995,0.718,97.628,0.0,1.785
20120207,-13.971,-14.434,4.223,-13.324,2.549,48.959,230.426,0.7,97.793,0.35,2.977
20120208,-9.528,-10.138,1.166,-8.673,0.959,73.21,231.172,0.841,97.898,0.128,3.403
20120209,-8.454,-9.484,3.721,-7.012,1.945,39.655,253.161,0.688,97.487,1.207,2.737
20120210,-10.934,-10.965,2.073,-10.89,0.919,78.598,225.37,0.721,97.951,0.199,3.044
20120211,-11.545,-12.581,1.414,-10.094,1.462,70.546,228.096,0.723,97.596,0.084,2.57
20120212,-9.439,-9.834,4.567,-8.887,3.793,92.514,231.061,1.078,97.16,0.071,1.387
20120213,-3.319,-3.615,0.75,-2.904,0.821,37.1,290.586,0.845,96.269,1.248,1.997
20120214,-0.708,-0.814,1.138,-0.561,0.635,44.206,301.438,0.942,95.588,1.877,3.073
20120215,1.285,1.007,0.46,1.675,0.661,70.377,281.743,1.354,94.854,4.93,6.037
20120216,0.715,0.484,1.417,1.038,1.538,68.25,286.406,1.4,96.278,1.006,3.598
20120217,3.418,2.991,0.427,4.016,0.667,30.494,320.019,1.197,96.236,3.122,3.996
20120218,3.708,3.417,0.926,4.082,0.568,22.529,325.851,1.096,95.841,1.015,4.018
20120219,2.091,2.181,1.681,1.976,0.837,87.313,284.222,1.68,95.732,3.252,4.287
20120220,-0.467,-1.126,0.518,0.311,1.494,91.89,250.058,1.807,97.333,0.031,2.414
20120221,0.955,0.621,2.196,1.351,1.549,46.41,287.946,1.998,97.162,0.052,4.035
20120222,4.163,3.253,1.24,5.238,2.439,101.582,280.94,2.649,96.995,0.004,3.428
20120223,4.967,4.912,1.417,5.033,1.342,24.418,331.865,1.771,96.314,0.746,4.923
20120224,7.201,6.801,0.857,7.674,0.84,22.817,342.472,1.239,96.488,0.547,5.068
20120225,4.473,4.256,1.34,4.731,1.991,75.096,299.167,2.071,96.451,0.087,3.909
20120226,2.814,2.207,0.885,3.531,0.775,57.397,298.72,1.624,96.487,1.908,2.962
20120227,2.234,1.906,1.873,2.623,1.901,48.995,299.283,1.536,96.709,0.778,2.661
20120228,5.849,5.539,1.804,6.214,1.406,25.012,335.781,1.283,96.413,0.21,3.734
20120229,8.454,8.145,0.563,8.818,0.753,27.113,346.297,0.952,96.674,0.202,2.437
20120301,8.166,7.558,0.37,8.883,1.096,46.141,343.686,1.154,96.801,0.127,1.344
20120302,6.329,5.559,0.849,7.239,1.411,71.446,327.194,1.455,96.938,0.056,1.195
20120303,4.815,4.33,1.579,5.388,2.379,87.226,317.785,1.534,96.73,0.121,2.481
20120304,6.347,5.659,0.807,7.16,1.55,46.876,325.252,1.939,96.391,0.176,1.392
20120305,3.156,2.746,1.51,3.601,0.676,58.364,292.415,2.023,96.097,0.656,2.648
20120306,2.079,0.182,1.599,3.976,2.938,112.534,263.267,2.286,96.804,0.004,1.834
20120307,2.248,0.574,3.467,3.921,3.748,113.266,283.081,2.602,96.416,2.811,2.634
20120308,2.889,1.588,0.528,4.191,1.029,116.465,286.83,1.481,96.493,4.602,3.684
20120309,2.902,1.618,2.599,4.187,3.146,137.619,272.519,2.369,97.76,0.002,2.31
20120310,6.158,5.489,1.77,6.827,1.571,40.214,326.638,2.34,97.488,0.233,3.202
20120311,6.279,6.378,0.448,6.18,0.561,41.194,331.468,1.824,97.27,0.555,3.899
20120312,6.231,6.256,0.434,6.206,0.841,44.734,332.427,1.462,97.154,0.356,3.819
20120313,5.323,5.362,0.313,5.285,0.508,53.305,327.527,1.694,97.35,0.261,2.923
20120314,4.656,4.623,0.494,4.689,0.382,85.636,316.514,2.11,97.331,0.117,1.742
20120315,6.011,4.444,1.818,7.578,4.05,166.769,270.496,3.344,97.107,0.015,1.634
20120316,9.089,5.208,4.727,12.971,6.259,173.646,268.579,5.98,96.497,0.0,2.693
20120317,9.979,7.248,3.799,12.71,4.271,170.812,283.643,5.578,95.992,0.002,2.518
20120318,7.445,6.169,1.293,8.722,2.18,101.336,300.879,2.491,95.853,4.391,2.84
20120319,4.285,2.907,1.189,5.552,2.777,173.865,262.172,3.265,96.999,0.007,2.451
20120320,4.983,2.565,3.664,7.208,4.662,178.251,263.122,3.999,97.625,0.0,2.412
20120321,7.485,5.098,2.903,9.681,4.537,162.425,288.64,3.54,97.74,0.0,1.674
20120322,7.817,5.991,2.793,9.497,3.902,133.144,302.994,2.428,97.491,0.008,2.349
20120323,8.245,6.128,2.986,10.193,4.83,164.122,294.093,3.342,97.046,0.0,1.955
20120324,9.928,7.616,2.887,11.884,4.774,186.742,284.774,4.414,96.952,0.0,1.301
20120325,9.306,6.494,2.783,11.685,5.115,195.652,272.383,5.569,97.247,0.0,2.196
20120326,8.465,6.419,2.437,10.197,4.202,193.836,273.66,4.56,97.58,0.0,1.719
20120327,9.192,6.663,3.546,11.332,4.67,192.976,280.791,4.404,97.42,0.0,2.545
20120328,10.755,8.693,2.854,12.499,4.466,204.24,273.281,6.294,97.034,0.0,3.084
20120329,7.184,7.176,1.246,7.19,0.718,96.127,307.238,3.245,96.175,1.315,5.477
20120330,6.432,6.166,0.931,6.657,0.492,66.758,329.515,1.733,95.748,3.049,5.526
20120331,4.541,3.752,2.438,5.209,1.045,75.997,302.161,2.47,95.34,2.268,5.465
20120401,2.774,1.497,3.319,3.768,3.474,186.857,261.993,3.323,95.819,0.0,3.508
20120402,5.467,4.751,1.122,6.024,1.583,84.209,318.518,2.804,95.317,0.199,2.943
20120403,8.105,5.816,3.05,9.885,4.456,163.595,299.354,4.299,94.79,0.274,1.597
20120404,6.888,5.701,1.162,7.811,0.814,121.152,324.918,1.724,95.069,8.48,2.425
20120405,3.237,3.004,0.48,3.419,0.412,77.724,317.273,1.267,95.907,0.425,3.451
20120406,2.06,1.806,0.608,2.259,0.898,84.539,308.513,1.632,95.447,0.104,1.654
20120407,1.709,0.779,1.029,2.432,0.9,179.715,282.592,2.292,94.881,3.343,3.744
20120408,0.666,-0.921,2.03,1.9,2.574,185.121,259.022,3.197,95.562,0.604,2.007
20120409,3.132,2.354,3.582,3.736,1.339,90.561,305.908,2.134,94.952,1.666,4.348
20120410,10.469,9.106,2.42,11.529,2.795,154.846,323.179,4.451,94.214,0.658,4.124
20120411,8.183,7.77,1.234,8.477,1.09,115.104,317.935,3.143,94.277,0.769,2.192
20120412,6.669,4.963,0.805,7.888,2.375,205.522,287.605,2.754,94.577,4.079,1.583
20120413,5.548,3.725,0.928,6.85,2.186,167.548,289.093,2.834,94.806,0.243,2.016
20120414,5.539,2.536,2.952,7.684,3.88,187.18,278.33,3.833,94.833,0.06,2.185
20120415,6.465,4.477,2.308,7.768,3.008,160.887,295.794,3.784,95.142,0.029,3.438
20120416,4.212,3.277,1.672,4.825,1.535,209.248,277.383,3.153,95.932,0.041,3.842
20120417,3.553,1.036,3.601,5.202,4.41,211.573,258.504,4.077,95.438,0.0,2.41
20120418,6.103,4.313,1.101,7.276,2.664,156.241,290.775,3.854,94.19,0.611,2.697
20120419,8.482,5.556,2.616,10.4,4.054,245.421,278.148,4.944,93.78,1.796,2.354
20120420,7.757,5.63,1.39,9.151,2.8,215.06,281.917,3.499,94.085,1.033,2.039
20120421,6.592,4.974,0.987,7.651,2.082,189.784,285.412,2.449,94.499,3.862,3.265
20120422,6.527,4.717,0.611,7.713,2.019,200.828,288.786,2.859,94.945,0.935,3.577
20120423,6.928,5.105,1.534,8.123,2.261,214.477,291.097,3.126,94.815,0.594,2.988
20120424,8.108,6.603,1.18,9.094,1.924,147.482,310.846,3.295,94.213,2.632,2.657
20120425,9.646,8.874,2.568,10.152,2.683,168.649,316.231,4.674,94.696,0.668,4.074
20120426,11.81,10.99,1.005,12.347,1.027,120.873,328.002,5.406,95.138,0.692,4.467
20120427,13.893,11.764,2.583,15.288,3.752,221.102,330.881,6.374,95.954,0.897,2.432
20120428,18.614,15.401,4.419,20.72,5.903,268.672,322.123,10.996,95.778,0.0,2.532
20120429,17.386,14.518,1.205,19.264,3.294,217.916,327.231,9.092,95.184,0.0,2.605
20120430,16.321,13.644,2.028,17.789,3.52,262.092,317.334,8.129,95.991,0.0,2.777
20120501,15.449,13.517,1.699,16.508,4.364,223.385,330.748,6.124,95.916,0.065,2.175
20120502,15.928,12.992,1.573,17.538,4.217,253.828,332.493,4.82,95.712,9.454,2.265
20120503,12.917,11.778,1.986,13.542,1.544,235.807,323.112,3.736,95.516,0.0,2.803
20120504,12.475,9.149,2.937,14.299,3.989,223.234,310.841,5.707,94.957,0.061,2.649
20120505,8.785,7.952,1.6,9.241,1.579,92.786,332.212,1.28,94.847,13.983,1.829
20120506,6.074,5.942,0.526,6.147,0.661,61.716,335.849,1.079,95.42,4.201,2.505
20120507,8.035,6.768,0.782,8.729,1.41,136.368,325.735,1.529,96.008,2.506,1.507
20120508,11.568,8.61,4.121,13.19,4.973,206.097,314.002,4.743,95.877,0.339,2.258
20120509,14.385,12.648,1.927,15.337,2.226,160.64,337.086,3.727,95.855,2.235,3.149
20120510,17.921,15.908,3.726,19.026,3.904,210.812,340.26,6.342,96.297,0.011,3.221
20120511,19.056,15.691,2.684,20.901,2.88,245.36,356.275,7.171,96.362,6.733,3.696
20120512,8.488,7.817,2.458,8.856,1.122,233.269,303.507,3.889,97.215,0.054,3.675
20120513,5.922,4.418,2.038,6.747,2.616,189.247,297.136,3.601,97.259,0.004,1.668
20120514,8.312,5.08,3.683,10.085,4.272,288.021,281.18,5.024,96.287,0.0,1.98
20120515,7.617,5.378,0.525,8.845,2.112,236.001,291.061,3.077,95.302,4.118,2.83
20120516,6.163,4.688,0.735,6.971,1.343,244.509,289.563,2.444,96.075,2.178,3.906
20120517,6.592,4.077,3.122,7.972,3.941,228.299,281.698,4.488,96.44,0.0,2.171
20120518,10.305,8.358,3.005,11.373,3.167,184.92,314.704,5.855,95.674,1.795,2.892
20120519,14.657,12.237,3.099,15.866,4.059,265.338,320.739,5.279,95.625,0.612,1.673
20120520,17.538,14.785,3.274,18.789,4.464,293.882,323.184,8.594,95.128,0.023,2.304
20120521,18.317,16.165,2.624,19.295,3.747,255.782,340.856,8.399,94.556,0.026,3.009
20120522,19.647,16.805,2.103,20.939,4.137,288.496,333.164,9.452,95.154,0.229,2.502
20120523,20.124,16.762,1.902,21.652,3.981,267.628,344.441,9.426,96.273,0.049,2.295
20120524,17.921,15.408,1.127,19.064,2.797,303.003,319.144,8.219,96.907,0.0,3.402
20120525,14.57,11.928,1.46,15.771,3.751,315.838,291.759,9.055,96.91,0.0,3.149
20120526,14.951,11.518,2.397,16.512,4.212,314.778,299.197,8.702,96.61,0.0,2.391
20120527,16.079,13.721,1.835,17.151,2.924,182.27,339.286,8.703,96.298,0.095,1.555
20120528,16.568,13.486,2.473,17.968,4.247,216.7,332.816,8.033,95.807,0.14,2.011
20120529,15.519,12.788,0.943,16.76,2.408,285.489,317.88,6.445,95.711,0.066,3.141
20120530,13.696,10.938,2.159,14.95,3.371,218.796,321.497,5.872,96.047,0.231,2.324
20120531,13.867,11.052,1.521,15.146,2.394,188.861,343.313,3.45,95.936,9.965,2.923
20120601,10.925,10.345,1.164,11.189,0.6,157.268,340.18,2.542,95.827,2.073,4.346
20120602,9.884,8.267,0.9,10.619,2.319,217.0,310.44,4.439,95.886,0.008,2.359
20120603,8.348,7.838,1.385,8.58,1.234,57.862,343.761,1.279,95.251,11.096,1.386
20120604,10.217,9.175,1.538,10.691,2.545,115.014,347.468,2.044,95.322,4.642,2.088
20120605,8.383,6.794,0.795,9.105,1.973,166.251,323.597,3.315,95.962,1.716,3.293
20120606,10.019,8.181,3.368,10.855,3.022,139.638,323.456,2.553,95.368,1.879,2.696
20120607,14.638,12.446,3.415,15.634,3.139,192.236,339.44,3.449,95.06,5.053,2.167
20120608,16.855,14.884,1.514,17.751,1.546,229.969,332.726,6.647,95.136,0.143,3.899
20120609,13.768,11.36,0.984,14.863,2.066,266.377,309.887,6.675,95.673,0.248,3.713
20120610,13.199,11.092,2.986,14.156,2.898,213.92,319.031,6.538,95.517,0.051,1.416
20120611,13.101,11.189,0.953,13.97,2.405,216.263,322.284,4.216,94.887,3.255,1.445
20120612,13.596,11.645,1.511,14.483,2.525,208.874,327.419,3.82,94.761,0.611,2.023
20120613,12.238,11.74,0.612,12.465,0.952,152.294,348.627,3.007,95.587,0.203,2.402
20120614,10.865,9.71,0.725,11.39,1.268,145.609,334.625,1.918,96.227,10.856,1.178
20120615,13.816,10.992,4.2,15.1,4.272,185.133,330.928,3.575,96.071,0.735,2.406
20120616,15.634,13.917,0.643,16.414,1.135,161.001,358.616,3.946,96.013,4.891,3.239
20120617,15.326,12.418,1.128,16.648,3.293,292.699,314.212,6.505,96.447,0.025,2.99
20120618,18.369,13.282,2.658,20.681,5.14,271.986,338.765,8.232,96.015,1.786,3.265
20120619,16.115,14.13,1.503,17.017,2.629,202.896,344.747,4.428,96.313,16.15,2.136
20120620,15.304,14.939,0.418,15.47,0.801,79.876,376.444,1.616,95.822,12.234,2.106
20120621,13.986,14.146,0.358,13.913,1.123,60.871,375.116,1.338,95.624,2.235,2.491
20120622,15.819,13.424,0.916,16.908,1.511,268.432,331.896,6.166,96.108,0.777,3.57
20120623,14.647,11.494,1.548,16.08,3.09,241.274,316.951,5.901,96.587,0.142,2.549
20120624,14.177,11.177,1.15,15.541,3.334,223.276,333.186,4.718,95.882,5.128,4.258
20120625,12.589,11.332,0.675,13.161,1.623,218.557,325.821,3.163,95.769,3.28,4.801
20120626,12.192,10.131,1.001,13.041,2.239,149.687,335.084,4.005,96.366,0.068,3.464
20120627,14.543,10.959,4.263,16.018,4.055,202.064,339.744,3.634,96.198,3.228,2.728
20120628,19.436,17.088,2.692,20.504,3.703,246.371,361.644,6.419,95.708,0.075,1.758
20120629,21.475,18.812,1.697,22.686,3.141,235.446,366.539,7.536,95.442,2.273,1.962
20120630,20.63,18.375,1.836,21.655,3.437,249.535,367.906,7.397,95.706,8.14,1.249
20120701,16.623,15.389,1.307,17.184,0.609,160.843,357.834,2.823,95.956,7.404,2.395
20120702,13.541,12.689,1.473,13.927,1.474,120.544,342.404,2.463,96.389,13.939,2.009
20120703,16.447,14.469,1.363,17.346,2.793,194.565,358.084,4.209,96.171,0.287,0.945
20120704,18.666,16.112,2.642,19.827,3.715,231.449,349.692,6.181,95.908,0.696,2.059
20120705,18.567,16.98,0.666,19.289,1.858,182.021,371.731,3.543,95.605,3.019,2.284
20120706,18.825,16.482,1.133,19.891,2.248,232.177,369.251,4.78,95.55,4.618,1.936
20120707,17.424,15.188,1.41,18.44,2.322,227.356,344.936,4.983,95.741,0.595,1.342
20120708,17.163,14.954,1.495,18.167,2.173,234.457,340.56,4.914,95.412,1.539,3.071
20120709,16.735,14.629,0.875,17.693,2.47,213.599,340.529,6.378,95.62,0.205,3.721
20120710,16.998,14.274,0.848,18.236,2.666,263.199,335.093,6.273,95.692,0.182,1.849
20120711,14.45,12.646,0.801,15.27,1.748,220.827,332.302,3.649,95.645,1.484,3.039
20120712,12.224,10.438,0.977,13.036,1.344,233.74,316.84,3.83,95.714,2.167,4.283
20120713,12.973,11.684,2.732,13.559,2.087,107.015,344.875,2.43,95.225,10.398,3.506
20120714,14.015,13.204,0.414,14.384,0.975,155.012,347.519,3.133,94.89,10.473,3.722
20120715,13.6,12.132,0.282,14.267,1.424,183.29,335.253,3.245,95.638,10.627,3.144
20120716,13.118,11.825,0.357,13.705,1.76,233.179,332.115,3.372,96.476,5.059,4.047
20120717,14.452,13.112,1.313,15.122,1.666,124.085,358.798,2.563,96.25,10.245,4.548
20120718,17.218,15.198,2.027,18.228,2.92,176.649,356.319,5.591,95.882,1.269,4.296
20120719,15.764,14.129,0.819,16.581,1.255,204.471,338.514,5.202,95.244,0.998,4.71
20120720,13.659,12.011,0.547,14.483,1.759,200.545,332.08,3.315,95.81,2.996,2.608
20120721,12.056,10.341,0.629,12.914,1.484,193.808,320.492,3.989,96.354,0.04,2.354
20120722,12.526,10.241,2.579,13.669,3.133,172.091,321.207,5.021,97.036,0.081,1.511
20120723,15.554,11.972,3.205,17.345,5.092,305.521,305.001,8.011,97.054,0.0,1.842
20120724,18.819,14.714,4.273,20.871,5.177,301.707,326.101,10.305,96.364,0.0,2.798
20120725,22.031,17.774,3.105,24.159,5.068,273.784,359.183,10.78,95.881,0.282,1.357
20120726,22.207,18.691,1.328,23.965,3.754,272.411,353.522,10.732,96.057,0.06,1.869
20120727,22.647,18.368,2.437,24.786,4.963,262.933,361.63,11.237,95.739,0.576,2.059
20120728,18.642,17.201,0.573,19.363,1.169,202.733,363.844,3.587,95.293,11.404,2.093
20120729,16.491,14.597,2.005,17.437,1.521,197.121,343.399,4.759,95.576,4.492,2.455
20120730,13.508,10.511,1.402,15.006,2.855,200.897,318.356,4.998,96.054,1.241,2.925
20120731,14.81,11.972,2.932,16.229,3.591,213.761,333.84,6.422,96.22,0.001,1.666
20120801,18.664,15.4,3.491,20.454,4.755,288.026,331.789,9.059,96.0,0.0,2.161
20120802,20.171,16.922,1.277,21.952,2.529,220.462,354.271,8.702,95.695,0.586,2.647
20120803,18.098,16.073,1.776,19.209,2.703,214.09,345.882,6.595,95.995,1.464,1.38
20120804,18.221,15.258,2.08,19.847,3.936,239.365,333.966,8.652,95.855,0.048,1.473
20120805,17.533,16.055,1.604,18.344,3.352,129.563,359.354,5.495,95.495,3.933,1.221
20120806,17.354,16.066,0.681,18.061,1.217,204.797,352.528,5.158,95.536,8.626,3.481
20120807,15.414,13.76,0.689,16.32,1.838,202.482,331.286,5.905,96.283,0.512,3.961
20120808,15.319,13.081,1.263,16.662,2.505,199.681,331.214,5.818,96.646,0.497,2.653
20120809,15.16,12.749,1.631,16.606,2.748,144.913,342.079,4.904,96.724,0.985,1.739
20120810,13.982,12.552,1.019,14.841,1.769,160.649,340.284,5.099,96.84,0.012,2.084
20120811,13.988,11.692,0.956,15.365,2.581,146.312,339.851,5.028,96.626,0.476,1.652
20120812,14.344,10.849,3.105,16.44,4.08,205.602,320.42,6.528,96.202,0.069,2.763
20120813,15.876,12.941,2.202,17.636,3.989,237.07,320.834,8.838,96.022,0.013,3.079
20120814,17.334,14.131,2.82,19.256,4.49,250.079,325.136,10.339,95.958,0.0,2.336
20120815,18.71,15.704,2.804,20.514,4.493,255.361,331.606,11.124,95.826,0.0,2.984
20120816,16.719,15.499,1.541,17.45,2.72,107.28,354.373,5.926,96.12,14.29,2.159
20120817,17.567,14.045,2.686,19.681,4.101,218.595,337.718,7.396,96.497,0.189,1.646
20120818,20.254,16.81,3.386,22.511,5.173,251.733,338.496,11.053,96.499,0.0,1.944
20120819,23.468,19.094,4.174,26.333,5.729,254.976,348.086,14.63,96.327,0.0,2.433
20120820,23.717,20.136,1.95,26.063,4.2,227.295,371.382,12.108,96.216,0.827,2.373
20120821,21.712,18.995,1.332,23.492,3.774,169.335,374.601,7.974,96.116,9.706,1.276
20120822,18.732,16.652,1.657,20.095,1.829,200.142,342.031,7.602,95.93,1.052,2.657
20120823,15.833,12.7,2.352,17.885,4.383,241.964,313.397,8.197,95.947,0.035,1.59
20120824,15.621,14.75,1.547,16.191,2.965,136.714,361.42,3.805,95.223,7.58,1.838
20120825,17.772,16.316,0.957,18.725,2.388,183.346,346.398,5.336,95.224,3.636,3.426
20120826,14.945,14.399,0.793,15.303,0.775,150.675,337.329,3.967,95.547,3.271,4.808
20120827,14.651,12.661,0.974,15.955,2.77,144.854,335.902,4.923,96.402,0.262,2.428
20120828,16.107,13.069,3.616,18.278,4.117,180.29,334.209,6.502,96.113,0.075,2.316
20120829,18.445,15.315,2.804,20.681,4.265,187.697,347.973,7.044,96.195,0.527,1.854
20120830,16.313,14.708,0.549,17.459,1.552,110.37,354.592,3.254,95.974,4.282,1.897
20120831,13.751,12.45,0.633,14.681,1.754,144.58,336.93,2.991,96.104,3.195,1.652
20120901,12.941,11.297,1.168,14.22,2.069,115.759,343.574,3.974,96.761,0.31,2.427
20120902,13.638,11.494,3.518,15.306,4.311,182.784,323.214,5.028,96.829,0.0,1.272
20120903,14.918,12.165,2.124,17.059,4.167,180.959,330.592,5.543,96.725,0.0,1.556
20120904,15.593,13.13,2.837,17.509,4.558,189.384,326.141,5.754,96.552,0.001,1.034
20120905,13.765,12.306,0.906,14.899,1.617,85.898,342.508,3.37,96.433,0.244,2.132
20120906,12.144,10.13,1.814,13.71,1.791,122.779,324.954,4.662,96.871,0.071,2.283
20120907,13.718,11.034,5.006,15.805,4.775,183.95,316.244,6.332,96.657,0.0,2.844
20120908,17.583,15.284,1.456,19.371,3.289,151.618,344.822,6.575,96.473,0.09,1.973
20120909,18.092,14.447,3.491,20.927,5.543,201.551,329.248,8.401,96.1,0.0,2.234
20120910,19.286,15.577,2.349,22.171,5.2,188.967,329.416,11.372,95.896,0.0,2.365
20120911,16.253,13.592,0.993,18.323,2.837,149.699,347.908,4.756,95.642,8.236,2.833
20120912,10.41,9.606,1.606,11.036,0.952,104.235,327.028,2.294,95.631,1.155,2.15
20120913,9.401,7.298,2.469,11.036,3.907,127.603,302.133,3.486,95.928,0.061,1.399
20120914,11.976,10.26,2.9,13.427,3.167,160.15,320.398,4.036,95.674,0.783,4.394
20120915,12.138,10.836,1.233,13.239,1.851,97.388,334.316,3.396,95.977,0.536,3.041
20120916,12.266,9.323,2.627,14.974,4.285,174.742,307.959,4.433,96.008,0.0,2.106
20120917,13.517,10.905,3.04,15.919,4.069,150.348,328.149,4.59,95.749,0.0,1.919
20120918,14.076,11.333,1.746,16.599,3.462,142.986,339.624,4.606,95.541,2.104,2.71
20120919,9.29,7.913,1.459,10.557,2.048,148.634,293.145,3.331,96.048,1.055,3.106
20120920,7.902,5.741,1.925,9.89,3.389,128.54,292.951,3.286,96.576,0.01,2.335
20120921,9.345,7.181,3.434,11.336,4.085,143.353,304.051,4.225,96.062,0.738,2.068
20120922,9.529,7.942,1.989,10.988,1.232,141.597,298.47,3.145,95.722,3.019,3.087
20120923,8.407,6.902,3.244,9.792,3.556,133.788,299.577,3.794,95.946,0.0,2.174
20120924,12.513,11.087,2.22,13.825,2.751,72.085,337.537,3.556,94.529,2.49,3.704
20120925,12.335,10.536,0.553,13.99,2.119,107.228,323.178,3.813,94.639,2.705,4.108
20120926,12.853,11.264,1.285,14.315,2.603,95.334,341.116,3.338,94.652,9.344,2.566
20120927,11.162,10.574,0.574,11.702,1.326,111.141,322.898,2.45,95.13,5.864,4.224
20120928,11.353,10.043,0.921,12.663,2.012,102.665,321.356,3.574,96.007,0.19,3.067
20120929,10.294,8.13,1.361,12.459,2.402,113.985,308.761,3.403,95.973,0.143,2.776
20120930,8.626,6.849,2.891,10.403,4.034,147.056,279.322,3.726,96.45,0.0,1.468
20121001,9.3,7.208,2.891,11.392,4.775,149.186,287.305,3.78,96.111,0.0,1.71
20121002,11.362,9.829,2.828,12.894,3.74,142.354,301.644,3.908,96.014,0.0,2.557
20121003,13.106,12.138,1.318,14.074,1.652,101.632,329.315,4.464,95.698,0.564,4.152
20121004,10.569,9.781,2.441,11.358,1.744,39.402,325.899,2.241,95.313,11.321,4.934
20121005,10.904,9.799,3.773,12.105,3.116,46.611,335.255,2.437,95.55,6.323,5.2
20121006,11.668,9.811,2.497,13.686,2.572,58.766,340.244,2.194,95.495,6.255,4.094
20121007,7.834,6.723,0.741,9.04,1.613,93.704,305.684,2.65,96.07,0.146,3.0
20121008,6.488,5.17,1.482,7.92,3.047,116.882,286.658,2.533,96.227,0.0,1.95
20121009,6.296,4.502,1.531,8.247,2.114,88.601,297.162,2.505,95.585,0.0,2.456
20121010,4.99,3.28,1.881,6.849,2.785,85.096,293.082,2.119,95.854,0.033,1.815
20121011,5.452,3.69,1.897,7.536,3.868,125.689,272.191,2.467,95.713,0.0,2.025
20121012,6.551,5.778,3.096,7.465,2.087,23.537,315.673,1.435,95.25,9.587,3.198
20121013,7.906,6.828,1.364,9.18,2.783,86.885,291.452,2.786,95.442,1.013,3.607
20121014,7.409,6.779,0.644,8.154,1.396,81.722,311.74,2.357,94.627,2.938,3.412
20121015,7.104,6.904,1.268,7.341,0.765,37.715,316.321,1.657,94.759,2.028,3.52
20121016,7.072,6.3,2.06,7.983,2.466,103.863,287.289,2.578,95.401,0.012,3.879
20121017,9.522,8.729,3.055,10.459,3.358,88.11,302.568,3.239,95.603,0.002,3.264
20121018,12.376,10.796,1.335,14.244,2.983,105.434,304.134,4.267,95.693,0.0,2.689
20121019,14.047,11.845,2.621,16.649,3.896,110.435,305.941,5.491,95.864,0.0,2.274
20121020,13.247,11.003,3.501,15.9,4.982,106.044,311.908,4.222,96.166,0.0,1.518
20121021,12.961,11.07,2.112,15.196,4.04,105.834,308.987,3.045,96.223,0.0,1.673
20121022,9.59,9.024,0.715,10.259,1.399,79.654,324.664,1.187,96.601,0.04,2.194
20121023,8.519,8.289,0.514,8.815,0.411,57.894,342.033,1.197,96.808,0.132,2.162
20121024,7.475,7.381,0.351,7.595,0.584,50.545,342.697,1.123,96.388,0.127,0.754
20121025,7.738,7.386,0.63,8.23,0.644,29.326,343.01,1.391,95.772,0.359,2.483
20121026,2.938,2.695,2.115,3.277,0.46,47.12,303.718,2.113,95.336,3.753,2.994
20121027,0.26,-0.084,0.6,0.741,1.292,52.49,280.955,1.703,94.696,2.603,4.326
20121028,-0.001,-1.103,1.45,1.542,1.9,70.085,265.538,1.611,95.704,0.031,2.096
20121029,-0.786,-1.763,3.002,0.581,2.653,95.872,254.011,1.678,95.695,0.185,2.879
20121030,2.83,2.603,1.528,3.147,1.063,21.561,317.474,1.007,94.806,4.209,3.538
20121031,5.06,3.798,0.858,6.825,2.1,67.07,290.148,1.835,94.585,0.006,2.64
20121101,5.354,4.926,2.544,5.953,1.917,56.572,299.547,1.868,93.512,0.715,3.079
20121102,5.999,5.607,0.599,6.547,1.233,64.566,294.59,2.515,94.229,5.247,4.633
20121103,5.926,6.127,1.031,5.645,0.793,28.178,307.731,1.593,94.563,6.599,4.15
20121104,6.071,6.004,1.249,6.165,1.03,41.268,306.161,1.381,94.621,2.846,3.199
20121105,5.862,5.448,1.017,6.441,0.695,48.474,296.661,1.9,94.501,0.626,3.815
20121106,3.786,3.487,0.945,4.204,0.927,40.548,301.746,1.552,95.697,1.927,3.821
20121107,6.83,6.247,1.586,7.645,1.058,10.565,337.202,1.515,96.29,2.745,5.188
20121108,6.864,6.731,0.159,7.05,0.376,21.566,331.062,2.358,96.182,0.211,4.672
20121109,6.242,5.538,0.784,7.318,0.805,33.719,313.17,2.119,95.959,0.038,2.676
20121110,6.376,6.177,1.426,6.68,0.723,33.252,325.049,1.641,94.949,5.865,2.892
20121111,8.008,7.474,1.761,8.822,0.556,24.928,326.319,1.48,95.397,0.346,2.049
20121112,3.685,2.894,1.238,5.002,1.436,43.903,286.368,1.344,96.725,0.021,1.894
20121113,-0.055,-1.553,1.231,2.444,3.116,64.617,263.117,0.921,97.404,0.0,1.756
20121114,-1.22,-2.369,1.127,0.694,2.557,63.923,257.013,0.745,97.248,0.001,1.404
20121115,-1.028,-1.477,0.609,-0.28,1.285,51.39,272.69,0.562,96.681,0.005,0.813
20121116,-0.493,-0.641,0.923,-0.247,0.921,38.344,288.544,0.869,96.243,0.019,1.328
20121117,1.317,0.836,1.516,2.117,2.15,60.978,276.788,1.222,95.651,0.043,2.31
20121118,4.941,4.791,1.467,5.191,0.895,14.027,336.934,1.033,95.624,0.891,1.741
20121119,5.393,5.042,1.156,5.979,0.961,23.81,321.106,0.852,96.156,0.094,1.759
20121120,2.165,2.021,1.286,2.405,1.238,32.124,305.291,0.691,96.289,0.03,1.389
20121121,3.149,2.904,0.524,3.558,1.472,57.573,276.9,1.144,96.042,0.021,2.719
20121122,4.823,3.833,1.364,6.474,1.436,56.372,271.018,1.55,96.52,0.002,2.777
20121123,3.842,3.612,2.028,4.227,1.195,25.483,309.157,1.097,96.263,0.546,2.888
20121124,6.044,5.734,0.39,6.561,0.574,20.414,324.783,1.116,96.154,1.727,1.778
20121125,7.779,6.417,1.129,10.049,1.19,23.004,304.907,3.117,95.565,0.059,4.605
20121126,5.286,5.299,2.488,5.266,2.257,29.123,299.062,1.528,95.268,1.268,2.791
20121127,6.706,6.616,0.578,6.87,0.653,35.635,300.525,1.568,94.945,0.431,1.822
20121128,5.195,4.993,0.476,5.563,0.328,17.564,325.623,1.083,94.737,5.099,2.062
20121129,1.841,1.903,1.042,1.729,0.222,15.409,309.206,1.131,94.308,3.259,4.366
20121130,-0.371,-0.825,1.379,0.457,0.463,29.455,270.635,1.262,95.055,0.793,2.595
20121201,-1.609,-2.097,1.324,-0.718,0.807,31.243,264.3,1.079,95.53,0.028,2.774
20121202,-0.639,-0.657,0.688,-0.606,0.511,25.501,287.608,1.022,95.186,2.958,3.449
20121203,-0.72,-0.887,0.604,-0.414,1.146,27.42,289.642,1.171,95.39,2.325,3.594
20121204,1.378,1.019,0.685,2.032,0.694,26.663,295.147,1.2,94.148,2.022,4.623
20121205,-0.7,-0.84,0.875,-0.445,0.603,33.861,268.135,1.202,94.453,0.897,2.325
20121206,-2.438,-2.332,1.031,-2.631,0.553,36.231,251.067,1.339,95.272,0.498,4.028
20121207,-4.189,-4.788,0.591,-3.098,0.784,36.638,240.354,1.033,95.216,0.011,3.052
20121208,-6.636,-7.047,1.952,-5.885,2.567,32.483,226.945,0.811,96.138,0.0,1.349
20121209,-3.21,-2.907,2.647,-3.764,1.09,11.33,280.293,0.937,95.62,7.502,4.867
20121210,0.15,0.037,0.916,0.354,0.313,19.718,298.111,0.871,94.866,5.083,4.585
20121211,-3.839,-4.008,1.524,-3.53,0.361,32.512,265.592,0.765,96.243,1.224,3.125
20121212,-4.163,-4.253,0.42,-3.998,0.424,19.74,278.818,0.63,96.222,4.886,3.09
20121213,-6.814,-7.296,2.409,-5.936,1.835,34.159,254.843,0.78,95.625,0.226,2.207
20121214,-0.888,-1.14,2.204,-0.43,0.956,41.252,294.57,1.128,94.845,5.205,3.41
20121215,4.144,3.739,0.944,4.883,0.625,19.336,324.068,1.094,94.542,2.726,3.881
20121216,4.756,4.364,0.365,5.47,0.437,21.305,310.677,1.18,94.918,3.417,3.315
20121217,4.059,3.894,0.582,4.361,0.95,11.855,320.24,0.999,94.941,1.483,1.828
20121218,3.567,3.399,0.504,3.872,0.465,17.635,317.288,0.895,95.542,1.354,1.616
20121219,2.124,1.93,0.523,2.48,0.659,19.343,307.77,0.783,96.52,0.214,0.984
20121220,0.732,0.671,0.769,0.842,0.253,30.804,291.113,0.819,96.154,0.036,3.287
20121221,-1.337,-1.289,0.541,-1.425,0.099,10.119,307.023,0.646,95.578,4.81,2.696
20121222,1.019,0.402,2.016,2.143,1.054,12.101,321.637,0.626,95.845,6.306,1.916
20121223,6.429,5.648,3.756,7.854,1.939,2.734,343.045,0.967,95.013,20.681,4.032
20121224,8.443,8.351,0.884,8.612,1.196,15.904,322.203,1.53,95.106,5.183,3.235
20121225,8.328,7.876,1.216,9.152,1.075,17.378,299.617,2.969,94.595,2.178,5.547
20121226,5.484,5.573,0.952,5.323,0.277,14.969,305.767,1.783,95.094,2.871,5.269
20121227,5.91,5.621,0.575,6.437,0.525,29.113,312.516,1.843,94.804,8.802,4.775
20121228,1.552,2.35,1.726,0.098,1.459,37.938,279.579,1.333,96.573,0.281,2.679
20121229,5.701,5.204,0.626,6.608,0.765,15.873,313.201,1.624,96.12,0.06,4.159
20121230,5.601,5.484,0.858,5.814,0.244,34.826,287.936,2.491,95.761,1.178,5.434
20121231,5.934,5.655,0.427,6.443,0.5,19.752,313.729,2.314,95.786,0.154,5.701
20130101,4.557,4.328,0.667,4.974,0.489,18.743,306.052,1.876,94.975,2.107,4.768
20130102,3.235,2.91,0.754,3.828,0.58,24.183,301.357,1.636,96.314,0.277,3.922
20130103,5.176,5.094,2.171,5.324,1.137,5.326,334.793,1.136,97.01,0.965,5.19
20130104,7.773,7.574,0.406,8.137,0.401,5.889,344.674,1.221,97.286,0.513,4.733
20130105,6.224,6.228,0.625,6.216,0.109,3.334,337.714,0.961,97.159,2.403,4.303
20130106,5.604,5.654,0.681,5.512,0.437,8.906,334.949,1.013,96.924,0.741,3.991
20130107,4.954,4.941,0.405,4.977,0.711,13.894,325.866,1.329,96.963,0.392,2.096
20130108,4.569,4.615,0.155,4.486,0.142,3.919,330.27,1.008,96.656,1.31,2.706
20130109,4.14,3.919,0.767,4.542,0.221,10.346,328.45,0.935,96.184,3.995,3.131
20130110,2.314,2.119,1.338,2.668,0.307,30.034,306.762,1.232,95.373,3.606,4.025
20130111,-2.347,-2.362,0.308,-2.32,0.51,28.112,268.861,1.276,95.713,0.265,2.502
20130112,-4.17,-4.579,0.985,-3.423,1.291,39.455,249.128,0.973,96.052,0.06,1.469
20130113,-5.022,-5.613,0.865,-3.945,1.004,32.381,261.937,0.671,96.019,0.536,2.366
20130114,-5.703,-6.042,0.887,-5.139,1.221,39.319,248.269,0.637,95.601,0.71,1.646
20130115,-7.438,-7.828,2.365,-6.787,2.079,51.991,225.548,0.611,95.117,0.058,2.341
20130116,-4.76,-4.963,0.376,-4.422,0.344,24.389,280.909,0.557,95.144,1.773,2.363
20130117,-3.975,-4.452,0.951,-3.18,0.814,26.013,284.095,0.642,95.662,1.873,2.884
20130118,-5.211,-5.185,1.352,-5.255,0.28,33.377,267.227,0.608,95.401,0.317,3.197
20130119,-8.104,-8.07,0.413,-8.161,0.114,43.717,253.899,0.537,94.497,0.172,3.981
20130120,-7.661,-7.709,1.484,-7.581,0.999,24.849,274.197,0.473,94.206,1.097,4.249
20130121,-6.871,-6.95,0.279,-6.739,0.248,28.501,281.91,0.456,94.344,10.083,2.93
20130122,-7.925,-7.723,0.333,-8.262,0.058,48.337,263.511,0.528,94.866,0.148,2.387
20130123,-8.092,-8.347,1.212,-7.666,0.197,42.369,262.469,0.585,95.174,0.184,1.663
20130124,-7.59,-7.996,2.533,-6.913,1.707,44.347,264.608,0.558,95.55,0.261,1.391
20130125,-7.55,-7.624,1.684,-7.426,0.586,43.397,261.846,0.56,96.136,0.165,2.065
20130126,-8.665,-8.825,3.665,-8.4,3.378,69.822,231.66,0.659,95.575,0.044,2.771
20130127,-1.221,-1.634,2.389,-0.533,1.378,26.193,296.67,1.053,95.025,1.793,4.148
20130128,1.71,1.544,0.33,1.985,0.246,45.275,300.074,1.242,95.511,0.182,3.644
20130129,4.498,4.304,2.099,4.822,0.686,12.82,330.897,1.229,95.255,3.356,5.953
20130130,8.374,7.464,1.101,9.891,0.597,8.164,329.048,1.753,95.045,6.741,6.557
20130131,4.855,4.694,0.361,5.124,0.642,44.665,284.61,2.432,95.404,3.165,6.591
20130201,3.61,3.514,0.704,3.758,0.4,28.83,306.012,1.411,94.575,7.339,3.934
20130202,0.779,0.454,0.959,1.274,0.554,43.592,287.775,1.149,94.333,2.004,3.751
20130203,0.867,0.566,0.452,1.328,0.506,49.943,292.587,1.61,95.518,5.44,4.687
20130204,2.977,2.407,1.371,3.774,1.474,15.94,310.092,1.182,95.025,6.896,4.825
20130205,1.713,1.438,1.868,2.098,0.844,48.951,276.098,1.664,94.368,4.68,4.398
20130206,-0.715,-1.218,0.565,-0.011,0.888,43.593,258.194,1.137,94.249,0.59,1.928
20130207,-1.149,-1.794,1.205,-0.245,0.381,62.128,265.247,1.095,94.983,1.499,2.752
20130208,-2.138,-2.326,0.386,-1.875,0.252,55.96,260.828,1.021,95.431,0.936,1.799
20130209,-2.789,-3.109,0.37,-2.341,0.825,50.691,261.463,1.082,95.943,0.762,1.867
20130210,-3.856,-4.604,1.138,-2.81,1.525,79.644,227.262,1.252,95.687,0.04,2.411
20130211,-4.86,-5.316,2.055,-4.222,2.032,87.524,229.362,1.191,95.024,0.011,4.544
20130212,-3.01,-3.281,0.43,-2.63,0.629,55.852,252.28,1.446,95.445,0.305,3.166
20130213,-3.295,-3.766,0.713,-2.634,1.023,59.379,255.638,1.307,96.487,0.295,1.56
20130214,-3.862,-4.596,1.942,-2.834,2.264,95.181,231.815,1.19,96.436,0.0,2.464
20130215,-1.43,-1.834,1.72,-0.864,1.44,57.001,282.198,1.185,96.038,0.706,1.293
20130216,1.104,0.644,0.483,1.749,0.81,49.057,311.409,0.808,96.5,0.994,1.279
20130217,0.492,0.24,0.43,0.845,0.379,48.538,303.582,0.922,96.633,0.647,1.427
20130218,-0.283,-0.572,0.459,0.088,0.625,55.415,286.656,1.391,96.385,0.022,0.991
20130219,-0.668,-0.945,0.422,-0.312,0.502,26.573,296.515,1.057,95.815,4.319,3.303
20130220,-2.578,-2.806,0.545,-2.31,0.38,66.844,265.927,1.152,96.389,1.329,3.018
20130221,-4.102,-4.458,0.343,-3.682,0.584,71.278,256.289,1.035,96.368,1.429,3.453
20130222,-5.389,-5.782,0.287,-4.924,0.46,76.301,253.089,0.959,95.911,1.132,4.304
20130223,-5.267,-5.033,0.84,-5.544,0.365,46.757,285.0,0.605,95.514,5.773,4.018
20130224,-1.924,-1.979,1.244,-1.86,0.711,51.886,299.594,0.638,95.565,2.695,2.309
20130225,-0.315,-0.356,0.361,-0.266,0.099,38.44,309.975,0.612,96.208,3.743,2.868
20130226,0.107,-0.04,0.698,0.281,0.183,33.041,312.751,0.633,97.116,0.493,2.354
20130227,-1.241,-1.161,0.271,-1.337,0.107,53.808,303.857,0.828,97.293,0.532,2.435
20130228,0.005,-0.254,0.547,0.31,0.687,79.666,291.558,1.057,96.919,0.066,1.171
20130301,0.323,0.012,0.52,0.69,0.356,64.204,291.747,1.353,96.564,0.121,2.389
20130302,-0.081,-1.491,1.562,1.585,2.894,136.092,242.284,1.779,96.589,0.004,1.594
20130303,0.124,-0.639,0.881,1.025,1.297,66.617,285.454,1.446,96.447,0.255,2.434
20130304,1.337,-0.331,2.582,3.308,3.834,140.092,249.596,2.289,96.38,0.002,1.94
20130305,3.182,0.803,2.886,5.992,4.403,147.362,245.884,3.286,95.571,0.0,1.859
20130306,4.948,2.656,3.261,7.439,5.337,147.202,254.666,3.744,94.903,0.0,1.571
20130307,4.245,3.467,1.471,5.023,1.383,65.751,302.002,2.032,94.615,1.148,2.629
20130308,2.667,2.315,1.766,3.019,0.768,73.505,320.415,0.697,94.732,0.285,3.856
20130309,0.147,0.099,1.135,0.194,1.148,21.363,316.112,0.644,94.609,2.791,2.666
20130310,1.756,0.313,3.72,3.199,1.662,46.198,315.604,0.764,94.285,6.106,2.697
20130311,-5.469,-5.525,0.328,-5.413,0.414,76.322,282.465,0.849,94.813,0.703,3.152
20130312,-5.917,-6.123,0.244,-5.712,0.538,55.664,283.351,0.715,94.682,6.071,3.825
20130313,-6.904,-7.451,1.786,-6.358,2.056,133.877,246.417,0.997,94.763,0.384,1.674
20130314,-5.308,-6.386,1.079,-4.231,2.204,155.399,239.614,1.031,95.231,0.662,1.9
20130315,-5.063,-5.949,1.61,-4.176,2.484,142.533,237.444,1.675,95.743,0.156,1.865
20130316,-1.338,-3.249,3.511,0.574,3.184,175.087,239.061,2.597,95.719,0.0,3.124
20130317,0.784,0.274,1.175,1.293,1.575,86.741,281.098,2.87,94.777,1.286,3.675
20130318,1.331,0.185,0.519,2.476,1.391,69.338,307.42,1.33,93.968,2.298,2.225
20130319,0.422,-0.378,0.848,1.222,1.645,105.675,298.115,1.301,94.124,1.555,2.303
20130320,-0.699,-0.832,0.453,-0.577,0.474,71.196,295.983,0.9,94.732,5.805,2.142
20130321,-1.276,-1.47,0.608,-1.097,0.833,101.978,290.107,1.002,95.849,1.655,2.258
20130322,-3.422,-3.264,0.916,-3.567,1.036,97.917,273.788,0.92,96.209,0.155,3.48
20130323,-6.128,-6.201,1.412,-6.061,0.63,140.543,249.226,1.265,96.234,0.109,6.106
20130324,-6.455,-7.389,2.525,-5.595,2.968,189.441,217.113,1.947,96.126,0.0,6.139
20130325,-4.837,-5.899,1.449,-3.938,2.345,190.637,229.926,1.881,95.847,0.005,5.978
20130326,-3.876,-5.055,1.716,-2.879,2.525,191.756,224.532,2.25,95.632,0.0,4.874
20130327,-3.242,-4.293,1.538,-2.353,2.254,147.837,247.921,2.105,95.523,0.017,3.898
20130328,-2.107,-2.898,1.734,-1.437,1.622,111.388,268.954,1.296,95.245,1.583,2.93
20130329,-1.26,-1.712,0.377,-0.878,0.586,127.986,285.273,1.1,94.946,6.425,2.129
20130330,-1.115,-1.832,0.646,-0.509,1.147,107.479,271.147,1.443,95.003,0.407,1.738
20130331,-2.069,-2.996,0.615,-1.285,1.083,137.447,256.033,1.277,95.332,1.068,2.413
20130401,-1.188,-2.545,1.251,-0.04,2.585,155.999,262.729,2.268,95.392,0.164,2.21
20130402,-1.327,-2.042,1.154,-0.771,1.473,123.693,265.761,1.943,95.575,0.093,3.725
20130403,-1.114,-1.534,0.267,-0.788,0.673,97.91,280.276,1.905,95.891,0.432,4.174
20130404,-0.56,-0.95,0.859,-0.258,1.066,99.31,295.88,1.624,95.598,0.209,3.267
20130405,-0.116,-0.256,0.268,-0.006,0.437,72.932,303.825,1.297,95.343,0.376,2.501
20130406,0.387,-0.132,0.607,0.792,0.601,84.729,295.555,1.284,96.018,1.511,1.616
20130407,0.681,-1.806,1.948,2.616,3.304,178.631,257.447,2.488,96.27,0.029,1.232
20130408,2.002,0.221,3.643,3.387,3.614,181.207,265.807,3.332,95.266,0.09,2.689
20130409,4.665,3.392,1.378,5.656,2.765,152.926,297.468,2.655,94.688,2.481,1.748
20130410,5.488,4.025,2.056,6.626,2.379,117.413,310.698,1.599,94.874,2.478,2.373
20130411,8.748,7.064,2.745,10.058,3.297,104.798,321.068,2.19,94.597,4.886,3.344
20130412,8.905,8.335,0.462,9.312,1.738,149.237,312.325,2.618,94.673,9.397,3.45
20130413,8.174,6.675,1.039,9.244,1.588,162.562,299.5,2.892,95.888,2.51,3.938
20130414,11.254,8.728,3.499,13.058,3.903,145.575,316.774,4.518,96.701,0.04,2.301
20130415,15.652,12.074,2.527,18.207,4.409,241.041,307.375,8.022,96.345,0.001,2.18
20130416,14.337,12.902,1.838,15.278,3.314,186.691,325.121,5.308,96.269,0.316,1.666
20130417,14.342,12.801,1.388,15.351,2.982,115.433,328.897,5.918,96.465,0.0,1.963
20130418,15.566,12.717,1.211,17.433,2.243,206.09,312.384,8.156,95.909,0.005,3.591
20130419,9.593,8.095,0.74,10.575,1.42,165.71,302.201,5.819,96.5,0.002,2.442
20130420,6.255,5.547,0.951,6.718,2.661,200.199,291.308,3.814,97.031,0.006,3.303
20130421,8.775,7.144,2.868,9.844,3.626,157.341,316.324,4.225,96.255,0.064,2.831
20130422,9.448,8.553,1.257,10.035,1.473,107.094,327.274,4.129,95.936,0.082,1.63
20130423,10.488,8.255,2.825,11.951,2.995,161.312,317.37,4.903,96.297,0.032,3.058
20130424,12.578,10.368,3.79,14.027,4.706,231.764,309.251,6.019,96.797,0.0,1.973
20130425,15.009,12.131,2.689,16.894,4.128,236.439,314.544,6.604,96.605,0.01,1.564
20130426,13.529,10.106,1.471,15.772,3.599,190.707,330.182,5.263,95.364,7.504,3.012
20130427,4.698,4.897,0.485,4.567,0.433,38.624,329.724,1.042,95.181,12.949,3.33
20130428,6.158,5.679,1.904,6.471,2.228,173.16,320.736,2.533,95.834,3.562,1.856
20130429,9.035,7.509,0.659,10.034,2.336,175.126,311.773,4.274,95.996,0.254,2.909
20130430,7.955,6.621,0.751,8.829,1.701,114.188,312.05,3.179,96.518,0.917,1.679
20130501,8.68,7.974,2.241,9.066,1.855,135.283,331.659,2.718,96.587,0.325,2.858
20130502,10.095,9.787,0.488,10.264,0.741,105.443,346.881,2.406,96.319,0.533,2.064
20130503,10.705,9.454,0.747,11.391,2.104,170.05,329.875,3.996,96.081,0.07,2.329
20130504,10.615,8.238,2.219,11.918,3.104,145.743,320.506,3.602,96.1,0.35,1.213
20130505,12.525,9.642,2.905,14.106,4.765,264.934,300.162,4.984,96.595,0.055,1.562
20130506,13.764,10.568,3.458,15.517,4.43,247.497,307.013,5.993,96.352,0.114,2.815
20130507,12.848,11.918,0.705,13.357,1.137,112.034,348.461,1.593,95.919,3.473,2.138
20130508,14.656,11.966,2.025,16.132,3.703,231.573,326.448,4.751,95.706,0.522,2.08
20130509,14.848,12.96,0.542,15.883,1.692,205.736,336.166,4.626,95.681,2.843,2.613
20130510,12.767,11.355,0.839,13.542,1.498,179.995,327.47,4.35,95.748,0.458,2.676
20130511,10.662,8.846,0.693,11.658,1.434,226.907,308.286,3.269,95.851,1.271,2.071
20130512,7.734,6.725,1.111,8.287,1.117,175.258,300.766,2.179,95.745,5.137,3.031
20130513,8.256,7.232,2.446,8.818,1.928,50.868,321.853,1.819,95.815,1.459,3.65
20130514,10.567,9.15,0.689,11.344,1.441,176.499,319.579,2.455,95.415,2.184,2.704
20130515,14.11,10.288,3.603,16.207,4.308,246.775,316.759,5.328,94.716,4.24,2.34
20130516,15.111,13.183,2.084,16.168,3.059,206.513,336.26,4.104,94.329,0.397,2.313
20130517,14.965,12.631,1.377,16.244,2.614,177.732,352.234,3.44,94.341,12.098,1.952
20130518,10.383,9.608,1.085,10.808,1.854,94.127,339.241,2.026,95.161,18.68,2.984
20130519,11.613,9.354,3.487,12.852,4.17,243.579,326.675,2.996,95.198,0.276,2.429
20130520,10.712,10.062,0.888,11.037,1.728,155.546,332.829,3.014,95.283,4.005,4.283
20130521,10.309,8.815,1.279,10.989,2.064,195.05,314.694,2.747,95.379,2.536,2.547
20130522,7.595,7.834,1.678,7.487,0.757,78.762,326.587,1.858,95.179,12.068,4.243
20130523,5.512,4.043,0.758,6.179,2.05,183.352,306.303,1.989,95.154,12.195,2.186
20130524,5.976,4.646,0.719,6.581,1.942,168.204,312.103,2.544,95.432,1.098,2.044
20130525,7.193,5.0,0.879,8.19,2.493,205.215,315.778,2.872,95.487,4.847,3.27
20130526,7.075,6.588,1.551,7.296,1.293,25.739,342.178,1.019,94.966,26.73,5.531
20130527,7.473,7.544,0.588,7.441,0.882,28.545,344.796,0.898,95.172,7.87,2.791
20130528,11.49,9.012,2.179,12.617,3.947,235.323,320.615,3.92,94.895,0.074,0.68
20130529,10.421,9.29,0.803,10.936,1.248,139.755,325.916,2.018,94.472,6.633,2.111
20130530,9.814,9.128,1.865,10.126,1.888,130.741,332.934,2.402,95.01,2.092,2.819
20130531,12.596,12.575,1.097,12.606,1.574,77.631,363.599,1.908,94.696,14.025,5.121
20130601,11.029,11.529,2.004,10.802,0.641,72.747,365.853,0.891,95.41,5.304,4.683
20130602,9.128,8.45,0.61,9.436,1.986,188.856,329.645,3.359,96.21,0.251,5.588
20130603,9.924,8.087,1.835,10.759,3.35,230.823,310.574,4.046,96.664,0.138,4.114
20130604,11.543,9.558,2.984,12.446,4.165,180.22,326.269,3.393,96.445,0.564,2.46
20130605,13.43,10.635,1.196,14.701,2.963,300.293,302.907,6.016,96.354,0.001,2.459
20130606,14.056,9.83,3.84,15.977,4.706,273.255,309.475,6.349,96.447,0.009,2.174
20130607,16.398,13.099,2.679,17.897,3.899,231.806,331.214,6.464,96.416,0.809,1.824
20130608,16.916,13.957,1.222,18.261,3.302,247.64,331.875,6.075,96.042,3.029,1.825
20130609,14.334,12.674,1.26,15.088,1.953,186.747,342.306,2.93,95.457,3.795,2.073
20130610,13.783,12.31,0.804,14.452,1.895,188.143,339.041,3.882,95.479,0.268,2.241
20130611,13.712,10.695,2.832,15.083,3.634,214.09,322.218,5.32,96.01,0.229,1.449
20130612,15.799,12.547,3.821,17.277,4.004,216.116,337.008,5.789,96.248,1.083,2.079
20130613,18.591,15.067,1.719,20.193,2.667,206.642,359.61,6.254,95.926,3.234,3.6
20130614,12.963,10.836,0.895,13.93,2.236,192.988,333.254,4.166,96.27,4.054,2.766
20130615,14.36,11.294,3.148,15.754,3.741,230.488,323.472,5.237,95.829,0.31,3.143
20130616,15.047,12.76,1.848,16.086,3.281,271.491,321.139,6.507,96.002,0.767,2.462
20130617,17.572,14.619,3.635,18.914,4.078,292.546,337.703,6.695,95.986,0.362,2.913
20130618,22.16,18.635,3.673,23.763,4.69,311.414,357.091,8.762,95.971,0.639,1.35
20130619,24.733,21.595,2.381,26.159,4.118,282.571,365.716,10.014,95.805,0.445,2.564
20130620,21.724,19.176,1.505,22.882,2.952,281.068,369.259,5.344,95.551,6.803,1.667
20130621,17.31,16.348,0.989,17.747,1.928,225.95,354.996,5.405,95.69,12.904,4.421
20130622,16.522,14.393,1.799,17.398,2.708,201.478,342.853,5.827,95.901,0.15,3.446
20130623,15.264,13.982,0.943,15.847,1.149,236.385,331.613,5.273,95.689,0.529,4.124
20130624,13.301,11.992,0.758,13.895,1.613,223.365,326.682,3.758,96.181,2.967,2.908
20130625,11.209,10.429,0.603,11.563,0.647,146.304,338.768,2.452,96.613,1.428,3.666
20130626,9.967,9.3,0.644,10.27,1.6,157.712,325.171,3.595,96.815,0.575,4.171
20130627,10.798,9.216,1.034,11.449,1.765,259.411,312.09,2.568,96.56,2.802,2.145
20130628,11.661,9.923,2.07,12.377,2.316,220.731,323.825,3.543,96.308,0.635,2.799
20130629,12.18,10.873,1.325,12.773,0.918,56.92,350.966,2.432,96.059,2.878,3.714
20130630,11.397,9.913,2.936,12.071,3.048,144.984,333.143,4.16,96.527,0.244,2.75
20130701,16.711,13.407,1.642,18.212,3.619,277.676,338.007,6.597,96.093,0.973,2.819
20130702,16.504,13.685,1.931,17.785,3.515,251.803,335.85,5.987,95.884,9.812,1.838
20130703,16.406,14.777,1.089,17.146,1.681,160.189,353.114,3.628,95.518,5.269,2.692
20130704,17.263,15.559,0.925,18.037,2.188,179.127,362.384,4.379,96.354,0.743,1.992
20130705,17.5,15.425,0.924,18.443,1.873,205.506,355.172,4.423,97.049,0.964,1.788
20130706,17.414,13.938,1.886,18.993,3.681,254.562,334.685,5.952,97.286,0.559,1.835
20130707,17.205,13.501,2.311,18.888,4.272,319.217,315.024,7.416,97.334,0.0,2.273
20130708,18.002,14.412,2.624,19.634,4.26,318.46,320.456,7.893,97.288,0.0,2.188
20130709,19.358,16.427,3.063,20.69,4.597,287.708,333.846,9.084,96.81,0.0,1.692
20130710,16.038,13.504,0.952,17.189,2.514,268.518,336.925,5.158,96.288,0.002,3.039
20130711,13.92,11.791,1.452,14.888,2.501,178.578,336.172,4.772,96.336,0.612,2.827
20130712,14.419,11.822,1.762,15.6,3.67,242.914,323.909,5.312,96.475,0.013,1.951
20130713,15.106,11.468,2.413,16.759,4.35,214.962,328.329,6.018,96.5,0.032,1.618
20130714,14.527,11.921,1.969,15.712,3.101,180.866,339.606,3.97,96.561,0.069,2.361
20130715,15.954,13.612,2.3,17.018,4.024,272.671,324.04,6.738,96.587,0.0,1.722
20130716,18.024,14.645,2.233,19.56,4.619,302.629,322.883,9.395,96.667,0.0,0.827
20130717,18.555,14.796,2.656,20.264,4.846,282.961,333.886,8.84,96.671,0.0,1.855
20130718,19.431,15.589,1.734,21.351,3.962,290.47,335.631,9.024,96.705,0.012,2.121
20130719,18.881,15.295,1.772,20.674,3.688,293.925,329.143,8.401,96.567,0.0,2.349
20130720,17.259,14.4,1.752,18.688,3.46,181.78,347.909,6.065,96.499,0.076,1.759
20130721,19.609,15.199,3.055,21.814,4.921,309.041,326.033,10.992,96.505,0.0,2.2
20130722,21.386,16.172,3.064,23.993,5.481,299.856,339.14,12.94,96.168,0.0,1.479
20130723,22.049,17.399,1.608,24.374,4.579,276.906,347.903,14.67,95.853,0.005,1.37
20130724,19.297,16.101,1.186,20.895,3.937,186.914,360.704,7.534,95.854,3.06,1.708
20130725,20.162,17.471,1.642,21.507,3.61,239.782,362.06,6.984,96.02,0.098,1.064
20130726,22.019,18.386,2.659,23.836,4.229,246.329,365.511,10.065,95.914,0.041,1.193
20130727,24.26,20.478,2.748,26.151,4.73,251.603,369.278,13.053,95.482,0.717,1.866
20130728,22.424,19.928,1.264,23.673,2.036,169.171,376.872,8.736,95.555,19.276,2.721
20130729,18.229,17.15,1.267,18.769,1.886,110.351,366.717,3.688,95.87,5.086,2.561
20130730,17.304,15.206,1.169,18.352,2.636,224.063,341.811,4.982,96.13,1.162,3.349
20130731,17.913,16.089,0.928,18.825,1.338,152.423,364.66,5.138,96.137,1.081,3.699
20130801,20.566,16.127,3.813,22.785,5.452,284.31,342.242,9.833,96.164,0.0,1.731
20130802,23.879,18.964,3.566,26.574,5.873,287.142,350.078,15.179,95.866,0.0,1.979
20130803,22.212,18.727,1.532,24.123,2.919,239.504,363.22,9.894,96.091,0.891,2.361
20130804,20.283,17.65,0.937,21.727,2.767,210.854,358.26,7.272,96.445,2.705,1.537
20130805,20.654,17.464,3.53,22.404,4.77,248.983,351.923,9.084,96.193,0.052,2.248
20130806,21.372,17.295,1.143,23.607,3.647,239.579,368.872,8.985,95.87,14.056,1.738
20130807,18.225,16.689,2.174,19.068,3.104,169.864,366.015,3.876,95.682,9.604,2.197
20130808,17.645,16.902,1.923,18.053,0.863,173.166,360.913,4.118,95.96,1.173,2.481
20130809,16.085,13.827,1.262,17.44,2.776,167.509,344.871,5.762,96.383,0.011,1.261
20130810,16.805,13.673,1.711,18.684,3.026,206.528,338.575,6.592,96.249,1.986,2.635
20130811,14.426,12.787,1.168,15.41,2.743,144.655,328.685,6.703,96.219,0.3,2.881
20130812,15.217,12.186,0.94,17.037,2.886,178.287,336.562,5.364,95.931,7.138,2.309
20130813,12.889,10.728,0.546,14.185,2.022,229.849,318.865,3.417,96.078,0.61,3.07
20130814,12.809,9.979,1.574,14.508,3.28,195.713,313.995,5.182,96.571,0.044,2.767
20130815,15.085,11.777,3.45,17.071,4.72,184.628,332.255,7.32,96.601,0.012,1.945
20130816,18.108,13.822,3.234,20.679,4.942,260.183,325.27,10.95,96.284,0.0,1.785
20130817,18.351,14.605,2.612,20.599,4.057,210.213,339.428,8.894,95.936,0.047,1.502
20130818,18.271,16.192,0.506,19.518,1.649,114.549,361.135,6.653,95.815,3.014,3.277
20130819,16.339,14.733,1.159,17.392,1.538,144.9,355.809,4.55,95.933,1.944,3.293
20130820,14.531,12.62,0.965,15.784,2.359,179.571,344.332,4.572,96.965,1.251,2.644
20130821,14.819,12.454,2.129,16.369,3.855,156.791,335.725,5.891,96.918,0.1,1.171
20130822,16.197,13.206,3.026,18.157,4.628,199.407,332.882,7.927,96.444,0.0,1.688
20130823,16.107,14.33,1.392,17.271,2.892,142.906,340.653,6.233,96.267,0.764,2.601
20130824,17.323,14.984,2.684,18.856,4.084,214.655,333.679,7.828,95.824,0.017,3.532
20130825,16.851,15.302,1.168,17.866,2.669,151.139,344.981,7.352,95.595,0.386,3.437
20130826,15.344,14.166,1.027,16.117,2.084,133.882,340.012,6.878,95.942,0.284,4.073
20130827,14.583,12.528,1.795,15.929,3.258,157.21,337.358,6.318,95.968,0.069,2.682
20130828,14.971,12.249,1.73,16.754,3.654,170.37,329.961,5.978,96.198,0.579,1.824
20130829,16.089,12.941,3.472,18.337,4.794,189.82,329.769,8.222,96.509,0.05,0.783
20130830,16.499,13.374,3.216,18.732,4.658,168.203,335.332,8.155,96.353,0.07,1.57
20130831,15.955,13.869,0.848,17.445,2.394,128.881,348.06,5.397,96.325,1.966,2.652
20130901,12.503,11.253,1.754,13.396,2.349,111.816,332.642,5.267,96.752,0.217,3.144
20130902,13.886,13.863,2.205,13.903,1.592,44.519,359.929,4.229,96.545,0.054,4.56
20130903,16.652,15.652,1.254,17.429,1.965,98.083,368.87,4.46,96.899,0.176,3.109
20130904,17.468,14.822,2.428,19.526,4.131,118.955,357.386,5.735,96.762,0.071,1.342
20130905,19.235,16.372,2.966,21.462,5.044,210.991,335.583,8.341,96.158,0.0,2.526
20130906,20.133,16.613,3.171,22.871,5.265,215.393,325.863,12.171,95.677,0.0,2.262
20130907,19.503,16.602,2.816,21.76,4.031,195.765,346.969,8.766,96.03,0.06,1.572
20130908,15.89,14.253,1.195,17.163,1.404,129.622,351.023,3.835,96.09,4.27,2.464
20130909,11.709,10.914,0.723,12.328,1.38,105.169,335.1,2.595,96.033,9.166,2.553
20130910,11.006,10.254,0.491,11.592,0.703,142.384,322.139,2.872,95.597,3.312,3.985
20130911,9.95,9.564,0.427,10.25,0.985,48.245,338.964,1.373,95.436,13.864,3.37
20130912,10.691,10.044,0.918,11.194,1.151,100.737,335.019,1.631,95.775,2.174,2.119
20130913,12.262,10.902,0.662,13.319,1.792,96.457,334.066,2.032,96.223,2.484,2.085
20130914,12.722,11.648,2.551,13.557,2.219,71.942,347.532,1.787,95.786,0.347,2.765
20130915,12.752,12.363,0.346,13.081,1.611,84.924,348.479,3.506,95.406,0.611,2.195
20130916,10.975,9.782,1.911,11.984,1.074,72.047,329.85,2.687,94.614,3.061,3.736
20130917,8.152,6.683,2.006,9.504,2.362,132.451,296.595,2.991,94.722,1.652,3.746
20130918,9.368,8.3,0.503,10.35,1.023,67.494,334.968,2.12,94.269,5.783,3.294
20130919,9.968,8.993,1.085,10.865,1.666,110.589,323.267,3.025,95.402,1.213,3.389
20130920,11.184,10.435,0.91,11.873,1.28,89.822,339.839,2.209,95.772,2.111,3.529
20130921,11.493,10.32,0.639,12.572,1.428,80.12,340.09,2.736,96.791,0.434,2.21
20130922,12.215,11.011,2.648,13.322,2.525,114.228,341.688,2.849,96.958,0.024,2.487
20130923,13.56,13.202,0.618,13.889,1.097,65.616,359.603,2.808,96.661,0.222,3.261
20130924,13.737,12.701,0.69,14.69,1.637,77.804,359.805,3.154,96.062,0.373,1.966
20130925,12.82,12.057,1.406,13.521,2.137,75.614,352.388,2.455,95.582,0.474,1.563
20130926,11.451,10.21,2.693,12.592,1.138,83.87,344.272,2.498,95.718,1.382,3.192
20130927,6.484,4.237,1.236,8.55,3.248,123.465,298.701,2.552,96.174,0.009,1.951
20130928,7.197,4.814,3.778,9.58,4.809,162.532,275.009,3.376,95.911,0.0,2.826
20130929,8.394,6.695,1.821,10.093,3.317,160.645,272.127,3.558,95.734,0.0,4.936
20130930,7.218,5.684,1.865,8.752,3.396,157.821,270.419,3.046,95.604,0.0,4.528
20131001,6.25,4.868,1.603,7.631,3.438,154.708,272.671,3.055,95.892,0.0,3.589
20131002,6.209,4.13,2.231,8.287,4.009,157.425,259.287,3.889,96.512,0.0,3.893
20131003,6.28,4.099,2.857,8.462,4.63,158.753,253.463,4.589,96.635,0.0,3.798
20131004,8.287,6.852,3.694,9.721,3.736,112.998,307.626,4.607,96.342,0.001,2.817
20131005,9.307,9.124,0.264,9.49,0.323,28.401,351.481,1.819,96.103,23.65,0.887
20131006,11.136,10.709,0.791,11.6,0.385,19.238,360.407,0.769,96.701,1.943,1.276
20131007,12.281,11.597,0.522,13.024,1.251,43.595,357.697,1.574,96.963,0.272,1.315
20131008,11.838,11.286,0.379,12.437,1.06,83.469,346.155,2.522,96.787,0.035,0.86
20131009,11.91,11.113,0.896,12.776,1.545,70.413,341.95,2.517,96.07,1.961,2.863
20131010,7.295,7.702,1.91,6.852,1.111,44.99,319.823,2.006,95.16,4.93,1.981
20131011,5.515,5.098,0.728,5.969,0.347,12.859,327.545,0.875,95.735,15.334,1.451
20131012,4.694,4.541,1.272,4.875,1.333,62.091,304.416,0.697,96.096,1.384,1.604
20131013,5.351,4.539,0.988,6.31,1.329,70.032,300.844,1.569,96.22,0.006,2.595
20131014,6.818,5.764,2.873,8.064,2.938,82.661,306.121,1.576,96.059,0.55,2.444
20131015,8.864,8.122,1.302,9.74,0.708,79.466,312.884,1.612,95.267,7.86,2.899
20131016,7.368,7.141,0.627,7.636,0.724,30.906,332.587,1.1,95.581,0.053,2.409
20131017,10.07,9.146,1.608,11.161,1.433,59.075,326.346,2.344,95.535,1.321,5.163
20131018,8.478,7.437,1.279,9.708,0.954,60.765,317.003,2.032,96.153,0.599,3.126
20131019,9.195,8.251,4.557,10.31,4.14,109.621,298.791,2.526,95.84,0.117,3.339
20131020,13.942,13.521,0.178,14.44,0.817,34.504,352.298,2.179,95.776,2.749,3.543
20131021,13.449,12.701,0.698,14.333,1.23,72.396,329.699,2.666,95.899,1.867,3.48
20131022,14.767,13.243,2.341,16.57,3.314,100.778,318.577,4.579,95.522,0.0,3.082
20131023,14.749,14.164,0.478,15.44,0.9,60.705,336.054,3.761,95.246,1.098,4.414
20131024,11.961,10.832,1.974,13.412,1.109,64.322,326.515,2.025,96.072,0.457,2.283
20131025,10.98,10.215,2.876,11.965,2.098,37.146,331.438,1.977,95.981,0.751,2.896
20131026,15.144,14.751,1.353,15.694,1.525,55.444,352.162,3.214,95.715,6.174,4.013
20131027,13.426,12.803,1.831,14.298,0.869,67.993,335.19,3.166,95.141,10.713,5.823
20131028,13.235,11.892,0.944,15.115,1.289,56.993,326.871,4.308,94.659,0.95,6.961
20131029,9.547,8.951,1.059,10.382,0.64,71.247,292.106,3.681,95.547,0.056,4.931
20131030,6.599,5.378,1.872,8.308,1.332,70.023,287.313,2.852,96.497,0.11,3.263
20131031,4.155,2.568,2.909,6.376,4.062,90.866,261.014,2.233,96.716,0.0,2.31
20131101,6.938,6.563,0.683,7.463,0.762,35.06,319.935,2.113,96.028,1.438,3.392
20131102,9.699,9.181,2.484,10.423,1.23,9.308,351.397,1.34,94.822,8.084,4.282
20131103,8.148,8.199,1.869,8.078,0.442,55.841,308.524,2.339,94.644,5.437,5.111
20131104,7.22,6.504,1.783,8.223,1.653,19.692,324.12,2.0,93.672,5.384,6.094
20131105,5.062,4.399,0.842,5.989,0.521,53.649,309.386,1.726,94.09,4.177,4.083
20131106,6.513,6.245,1.588,6.89,0.756,56.357,316.946,1.649,94.39,7.591,4.548
20131107,11.738,11.191,0.6,12.502,0.287,9.785,358.085,1.92,94.992,8.92,5.232
20131108,8.721,8.839,1.018,8.557,0.916,38.674,335.249,1.324,95.236,17.375,1.825
20131109,7.558,7.367,2.256,7.824,0.402,58.688,297.346,2.65,95.19,1.237,5.017
20131110,4.659,4.425,1.069,5.018,0.346,35.841,302.15,1.67,95.058,2.383,3.524
20131111,4.136,3.194,1.448,5.574,1.159,40.934,301.264,1.626,96.988,0.056,2.424
20131112,2.795,1.97,2.999,4.054,2.715,59.533,285.577,1.902,96.899,0.858,2.256
20131113,4.29,3.409,1.547,5.758,1.178,35.929,316.584,1.325,97.144,1.018,2.087
20131114,0.759,0.243,1.204,1.618,1.602,37.7,289.701,0.907,96.447,0.027,1.411
20131115,0.872,0.297,0.714,1.829,1.386,48.298,286.004,1.021,96.891,0.043,1.459
20131116,0.466,0.156,0.894,0.981,1.51,52.059,279.262,0.96,97.234,0.051,0.898
20131117,0.847,0.574,2.133,1.303,1.766,32.844,297.731,0.695,96.705,0.061,1.62
20131118,3.527,3.347,1.171,3.827,0.667,27.255,320.328,1.153,95.538,0.128,2.249
20131119,4.098,3.965,0.316,4.319,0.338,18.502,324.764,1.067,94.978,4.233,1.58
20131120,1.626,1.082,1.855,2.532,0.317,14.391,302.634,0.797,94.716,11.897,2.788
20131121,-0.494,-0.888,1.566,0.164,0.489,20.916,300.494,0.587,94.582,3.415,3.212
20131122,1.463,1.539,0.637,1.336,0.345,10.003,318.398,0.752,95.135,2.217,3.236
20131123,3.619,3.507,0.859,3.807,0.477,7.955,328.735,0.782,95.852,0.712,2.427
20131124,1.828,1.51,1.494,2.357,0.842,18.189,290.748,1.162,96.244,0.335,2.81
20131125,-1.581,-2.158,1.008,-0.618,1.934,48.503,238.928,1.091,96.927,0.298,2.386
20131126,-2.007,-2.499,1.196,-1.189,1.362,34.289,255.582,0.861,97.385,0.057,2.183
20131127,-2.579,-2.787,2.655,-2.233,1.741,28.952,283.107,0.764,97.402,0.047,2.235
20131128,2.175,1.88,1.493,2.713,0.72,9.291,323.857,0.818,97.102,0.657,3.22
20131129,2.855,2.908,0.378,2.76,0.1,14.211,318.66,1.1,96.241,2.444,4.104
20131130,2.641,2.334,0.441,3.202,0.359,12.176,308.473,1.011,95.929,2.745,3.552
20131201,3.469,3.279,1.103,3.815,0.902,19.519,316.076,0.963,96.937,0.198,2.842
20131202,2.598,1.918,1.901,3.837,1.181,27.828,286.737,1.174,97.517,0.014,1.525
20131203,-0.872,-1.596,0.672,0.448,2.224,43.862,250.159,1.076,97.13,0.001,1.449
20131204,0.154,0.15,1.949,0.161,0.787,18.42,294.212,0.845,96.625,1.388,3.582
20131205,1.467,1.448,0.617,1.501,0.495,28.538,294.57,1.308,95.941,5.22,5.926
20131206,0.048,-0.103,0.252,0.324,0.409,39.253,254.945,1.639,95.574,1.637,7.497
20131207,0.791,0.731,1.009,0.899,0.463,23.462,286.741,1.319,96.461,0.713,4.484
20131208,4.228,4.17,1.105,4.335,0.677,14.899,323.551,1.311,96.554,1.225,4.57
20131209,6.146,6.156,0.251,6.129,0.252,3.543,333.159,1.477,96.828,0.885,4.736
20131210,6.306,6.198,0.257,6.502,0.406,15.05,333.25,0.973,97.646,0.004,1.307
20131211,4.566,4.532,0.994,4.629,0.327,18.218,327.804,0.697,97.614,0.085,1.507
20131212,1.948,1.493,0.661,2.776,1.204,35.086,291.492,0.832,97.231,0.042,1.983
20131213,0.065,-0.411,0.628,0.934,1.056,41.093,263.135,0.863,96.755,0.008,2.538
20131214,0.689,0.82,1.58,0.45,0.548,15.549,301.853,0.822,96.806,0.385,3.417
20131215,2.698,2.477,0.644,3.1,0.551,10.959,302.211,1.436,97.097,0.065,4.107
20131216,4.489,3.831,1.401,5.688,2.05,43.443,258.79,3.413,96.952,0.0,3.97
20131217,3.562,2.501,1.463,5.497,1.541,40.026,258.732,2.87,96.786,0.0,2.699
20131218,2.827,2.156,2.143,4.049,1.328,29.525,288.052,2.006,96.33,0.0,3.012
20131219,4.226,3.909,1.435,4.803,1.018,10.368,302.253,1.68,95.297,1.063,4.243
20131220,3.288,2.603,0.756,4.535,0.368,15.92,289.409,1.122,96.456,0.122,3.067
20131221,2.017,1.81,0.801,2.393,0.672,30.203,269.921,1.786,96.922,0.0,4.992
20131222,6.317,6.052,1.518,6.801,0.926,10.224,322.101,1.85,96.008,2.771,5.907
20131223,6.277,6.372,0.92,6.102,0.985,26.914,310.733,2.052,95.788,3.567,4.668
20131224,9.335,8.885,1.637,10.155,1.319,26.464,297.38,5.463,94.38,0.233,6.419
20131225,7.106,6.994,1.462,7.31,0.22,17.495,320.603,2.507,93.735,6.597,3.109
20131226,4.211,4.167,0.668,4.292,0.565,7.798,317.57,0.756,94.027,6.133,2.043
20131227,4.575,4.574,1.045,4.576,1.315,34.967,291.147,2.425,94.728,0.008,4.847
20131228,6.695,6.659,0.462,6.761,0.857,23.808,316.909,2.214,94.573,3.408,4.263
20131229,3.719,3.354,1.318,4.385,0.647,27.289,302.436,1.283,95.751,4.936,3.828
20131230,0.995,0.496,0.434,1.905,1.002,26.112,263.37,1.269,96.76,0.003,3.148
20131231,0.675,0.157,0.636,1.619,1.263,44.322,249.215,1.414,96.164,0.0,2.675
20140101,1.509,1.111,1.197,2.233,1.185,26.703,282.948,1.567,95.498,0.286,3.477
20140102,4.537,4.364,1.771,4.854,1.177,13.98,312.008,1.8,94.857,1.419,4.37
20140103,5.54,5.435,1.796,5.73,1.347,23.592,293.796,1.63,95.183,1.343,4.378
20140104,4.797,4.542,0.873,5.262,0.823,26.529,285.051,1.847,95.021,0.17,3.013
20140105,4.301,3.736,1.251,5.331,0.219,19.72,299.622,1.43,94.949,1.161,2.756
20140106,4.482,4.193,2.484,5.009,1.208,20.449,299.469,1.802,95.395,4.116,4.864
20140107,8.139,7.842,0.81,8.682,1.266,41.483,297.801,2.239,95.731,4.165,4.297
20140108,8.118,7.472,1.056,9.296,0.36,33.155,307.52,2.082,96.042,0.772,4.104
20140109,7.701,6.95,1.292,9.072,0.758,32.184,307.184,2.0,95.276,2.437,5.198
20140110,3.859,3.556,0.644,4.409,0.794,31.268,289.231,1.979,95.74,0.579,4.638
20140111,2.395,2.269,1.2,2.625,1.621,33.475,279.551,1.315,95.882,2.437,4.1
20140112,0.52,-0.232,1.665,1.891,1.051,42.293,256.835,1.367,96.471,0.011,3.055
20140113,0.946,0.513,2.166,1.736,1.159,21.928,290.729,0.95,95.632,0.415,2.664
20140114,1.888,1.898,0.155,1.871,0.402,17.118,323.323,0.665,95.148,0.113,0.888
20140115,2.102,1.666,0.28,2.827,0.476,31.516,299.957,1.273,95.293,0.53,2.283
20140116,3.723,3.502,1.643,4.09,0.79,25.194,317.564,1.022,94.755,4.212,3.235
20140117,5.149,4.702,1.066,5.894,0.811,36.42,283.77,1.622,94.698,0.119,2.809
20140118,1.884,1.479,0.71,2.559,1.46,41.019,264.667,0.908,94.849,0.0,2.388
20140119,1.844,1.422,0.667,2.547,0.193,19.886,319.102,0.556,94.582,0.114,3.388
20140120,-1.117,-1.022,0.596,-1.275,0.045,12.213,311.99,0.526,94.776,0.787,2.409
20140121,-1.005,-1.116,0.452,-0.819,0.288,10.355,306.802,0.551,95.328,2.702,0.789
20140122,-1.065,-1.301,0.81,-0.672,0.27,17.415,303.454,0.538,95.654,0.41,1.747
20140123,-2.901,-2.772,0.435,-3.115,0.284,13.155,305.58,0.642,95.794,2.193,2.55
20140124,-3.231,-3.45,1.382,-2.866,0.216,27.475,297.172,0.562,95.754,1.938,2.119
20140125,-7.828,-7.567,1.023,-8.263,0.54,57.311,252.844,0.452,96.151,0.136,2.751
20140126,-6.758,-5.875,1.891,-8.23,0.681,25.378,293.034,0.404,94.944,7.069,2.131
20140127,0.221,-0.59,0.798,1.574,0.52,57.844,278.506,1.065,94.027,4.588,2.921
20140128,-1.436,-1.688,0.235,-1.014,0.998,49.185,265.348,0.822,94.532,0.311,2.249
20140129,-4.752,-4.207,1.277,-5.659,0.179,35.54,279.753,0.381,94.752,0.092,3.177
20140130,-4.172,-4.811,0.988,-3.108,2.064,72.312,243.377,0.781,95.176,0.004,2.475
20140131,-3.869,-4.668,1.276,-2.536,2.784,74.888,250.505,0.849,95.186,0.022,1.835
20140201,0.852,0.092,2.717,2.01,1.242,42.116,281.808,1.371,94.774,0.288,3.373
20140202,2.249,1.586,0.772,3.263,0.913,49.607,291.26,1.148,95.6,0.423,1.923
20140203,-0.123,-0.484,0.876,0.384,1.32,55.907,273.291,0.732,95.693,0.002,2.057
20140204,0.785,-0.17,0.683,2.123,1.206,33.688,279.935,1.142,95.368,0.636,1.967
20140205,0.065,-0.302,2.196,0.579,2.074,63.259,268.772,1.101,94.637,0.029,2.902
20140206,4.813,4.148,1.028,5.743,1.266,60.639,294.301,2.301,94.835,0.215,4.156
20140207,7.133,5.922,0.807,8.828,1.458,60.378,297.962,4.023,94.107,0.031,6.088
20140208,4.359,3.652,1.208,5.349,1.655,61.154,289.852,2.365,94.185,2.074,4.527
20140209,4.159,3.588,1.019,4.958,0.72,79.802,277.437,2.508,93.993,0.079,5.155
20140210,2.15,1.452,1.602,3.126,2.334,66.108,269.843,2.041,94.169,0.935,2.691
20140211,3.331,2.775,0.49,4.109,0.857,64.472,290.975,2.048,94.539,0.778,4.17
20140212,3.149,2.502,0.39,4.055,1.212,71.118,272.309,2.343,94.995,0.486,3.991
20140213,3.724,2.963,0.299,4.789,0.991,46.65,299.805,1.785,94.097,6.447,4.727
20140214,3.741,3.394,1.155,4.226,1.386,72.12,293.364,2.349,94.92,0.78,4.364
20140215,7.361,6.255,0.635,8.91,1.008,58.304,306.382,3.473,94.455,0.401,5.55
20140216,4.951,4.378,1.158,5.753,0.627,69.019,288.917,2.025,95.165,1.902,4.891
20140217,3.298,2.16,1.72,4.891,2.822,76.447,272.256,1.858,95.78,0.003,2.3
20140218,1.902,0.914,2.432,3.172,2.041,82.998,272.002,1.463,95.856,0.0,2.237
20140219,4.969,4.109,0.8,6.074,1.206,59.596,294.059,1.925,95.554,0.783,2.715
20140220,5.432,4.49,1.753,6.546,2.015,71.684,288.204,2.375,95.509,0.0,2.996
20140221,5.744,4.698,1.803,6.981,0.963,71.829,301.944,2.09,95.026,2.095,3.923
20140222,3.207,2.261,1.44,4.325,1.972,87.284,264.594,1.858,95.749,0.177,3.4
20140223,2.939,1.162,1.236,5.039,1.968,76.539,272.908,2.067,96.437,0.013,2.6
20140224,4.207,2.096,2.735,6.702,4.074,126.297,247.041,3.427,96.074,0.0,2.569
20140225,5.242,3.389,2.892,7.432,3.927,117.973,265.32,3.616,95.64,0.0,2.579
20140226,6.164,4.92,1.513,7.635,2.726,81.334,298.665,2.651,95.87,2.939,1.519
20140227,5.374,4.598,0.895,6.292,1.128,75.248,293.698,1.472,95.883,1.564,1.771
20140228,3.374,2.527,0.861,4.375,1.313,78.208,287.297,1.71,94.86,1.595,2.28
20140301,3.961,2.37,2.53,5.841,3.479,116.174,279.146,2.165,94.569,0.263,1.552
20140302,2.882,1.53,1.294,4.479,2.656,89.944,281.497,1.929,94.663,0.017,1.605
20140303,3.482,1.795,2.708,5.476,3.061,109.897,278.326,2.189,93.916,0.002,2.335
20140304,3.812,2.866,2.24,4.93,3.42,94.559,277.595,2.273,94.641,0.0,0.773
20140305,3.899,2.445,1.874,5.616,2.786,114.364,281.661,1.871,95.984,0.412,1.919
20140306,2.362,0.957,1.502,3.89,3.066,95.372,282.156,1.309,97.12,0.0,1.029
20140307,3.823,2.265,3.927,5.381,5.084,146.098,263.86,2.418,96.921,0.0,1.366
20140308,6.378,4.519,1.542,8.236,3.066,123.374,285.155,2.475,97.423,0.0,1.933
20140309,7.317,4.014,2.973,10.62,5.655,156.37,259.865,4.327,97.354,0.0,2.141
20140310,7.833,5.137,3.796,10.528,5.669,155.876,264.763,5.6,96.855,0.0,1.764
20140311,6.173,3.981,2.748,8.365,4.051,158.664,264.288,3.27,97.238,0.0,2.524
20140312,5.539,3.711,2.362,7.367,4.468,155.196,264.052,3.244,97.502,0.0,2.229
20140313,6.735,3.382,2.94,10.089,5.657,163.878,264.635,4.952,97.071,0.0,1.753
20140314,6.272,3.819,3.885,8.725,5.344,168.394,259.343,4.408,96.707,0.0,1.889
20140315,6.666,6.812,0.616,6.521,0.536,109.468,301.032,3.255,95.884,1.99,5.773
20140316,7.872,7.231,1.272,8.514,0.722,33.056,339.136,1.726,95.744,2.073,6.442
20140317,8.297,7.744,0.439,8.85,0.726,58.335,331.385,3.03,96.065,0.654,4.395
20140318,8.114,7.394,0.747,8.834,1.538,74.429,328.556,2.937,95.76,1.506,3.644
20140319,8.41,7.909,1.564,8.91,1.794,78.214,311.275,3.129,96.153,2.131,5.542
20140320,11.497,10.093,3.382,12.79,4.622,180.98,275.162,6.725,96.074,0.0,3.51
20140321,12.205,9.924,2.487,14.303,2.09,149.813,302.913,6.648,95.241,0.07,5.142
20140322,6.914,5.683,0.818,8.046,0.802,86.586,309.228,2.151,94.854,3.696,3.241
20140323,4.464,3.217,0.945,5.612,1.792,107.736,285.696,2.494,94.926,0.249,2.406
20140324,2.977,1.445,1.126,4.386,1.866,138.221,281.855,2.057,95.399,1.811,2.193
20140325,2.027,0.224,1.344,3.553,2.446,161.251,262.888,1.683,95.397,1.808,1.367
20140326,3.446,1.95,2.656,4.712,3.721,184.215,254.189,2.672,95.686,0.409,2.447
20140327,5.989,4.475,2.402,7.271,3.312,173.472,271.734,3.358,95.804,0.219,4.45
20140328,5.101,4.126,1.447,5.926,2.434,139.579,286.576,2.084,96.231,0.088,3.424
20140329,7.834,5.501,3.017,9.808,4.754,204.256,274.834,3.33,96.469,0.0,2.391
20140330,9.383,6.636,3.297,11.708,5.528,193.811,290.335,4.141,96.042,0.0,1.404
20140331,9.718,7.857,2.247,11.292,4.146,201.426,290.06,3.911,95.793,0.0,1.561
20140401,11.051,8.519,3.135,13.195,4.489,179.151,303.017,5.157,95.602,0.039,1.303
20140402,12.305,9.625,3.354,14.389,5.363,197.459,294.437,6.752,95.232,0.03,1.661
20140403,13.348,10.612,2.983,15.477,5.09,199.535,305.377,6.943,94.919,0.257,1.578
20140404,11.523,10.393,1.477,12.402,2.698,196.993,308.633,3.281,95.248,0.155,2.402
20140405,10.048,9.099,2.022,10.786,2.784,195.163,316.804,2.263,95.716,2.309,1.348
20140406,11.796,10.472,1.377,12.826,3.418,142.467,337.994,4.093,96.118,0.279,2.107
20140407,13.936,12.009,2.3,15.435,3.253,139.97,331.197,5.394,95.946,0.106,2.084
20140408,10.247,9.569,4.238,10.773,1.578,170.251,300.396,4.472,95.684,1.708,4.964
20140409,6.642,5.673,1.964,7.396,1.744,164.526,299.801,3.061,96.421,2.63,4.971
20140410,8.289,7.748,0.731,8.709,1.084,58.29,340.577,1.522,96.36,2.56,2.94
20140411,9.496,8.167,1.141,10.529,2.15,135.513,330.382,2.517,96.17,3.995,1.03
20140412,9.522,8.171,2.217,10.487,3.095,147.767,323.514,3.116,96.006,0.832,1.385
20140413,9.419,8.083,0.866,10.374,1.916,130.481,314.046,4.252,95.981,0.611,3.285
20140414,5.796,4.724,2.063,6.562,1.2,166.231,295.627,2.597,95.67,5.787,5.514
20140415,3.82,2.768,0.639,4.571,1.16,144.642,292.622,2.353,96.465,1.226,4.588
20140416,4.52,2.045,1.907,6.142,3.663,174.455,277.347,3.081,97.162,0.107,1.831
20140417,6.602,4.008,4.504,8.301,4.645,239.931,268.245,5.359,96.444,0.001,2.567
20140418,5.918,5.409,1.942,6.251,0.908,174.583,305.714,2.193,95.46,8.594,2.958
20140419,7.585,6.474,4.599,8.313,4.251,155.79,317.02,2.185,95.873,0.088,3.594
20140420,12.12,10.234,0.951,13.355,2.54,205.87,302.658,4.43,95.325,0.587,3.852
20140421,10.431,8.78,1.308,11.513,2.713,185.447,308.197,3.388,94.955,1.861,2.532
20140422,10.678,8.079,1.775,12.38,3.138,185.563,310.531,2.969,95.494,0.647,1.727
20140423,11.983,9.017,3.127,13.926,4.709,223.711,303.564,5.025,96.236,0.132,1.378
20140424,12.879,10.646,1.926,14.341,3.701,237.014,306.69,3.908,96.252,0.216,2.226
20140425,14.008,12.048,2.08,15.292,3.769,195.824,330.128,4.397,95.731,0.604,3.148
20140426,13.4,11.123,2.117,14.891,3.29,200.313,321.073,4.221,95.417,0.095,1.505
20140427,11.273,9.755,0.651,12.267,1.804,115.503,347.41,1.457,95.061,20.202,2.078
20140428,11.548,10.443,1.413,12.272,1.812,98.076,347.763,1.811,95.341,3.365,2.046
20140429,12.451,10.106,1.214,13.987,2.895,222.621,316.967,3.8,95.482,0.213,1.231
20140430,13.531,11.411,2.437,14.921,3.807,219.804,317.962,5.784,95.357,0.051,1.135
20140501,11.728,10.718,0.811,12.282,1.011,154.668,330.217,1.658,95.421,4.761,1.087
20140502,7.045,6.906,2.962,7.121,1.664,61.001,336.129,1.081,95.81,3.582,2.915
20140503,6.202,4.025,1.025,7.395,2.572,224.327,290.681,3.652,96.495,0.024,3.017
20140504,5.318,2.974,1.684,6.604,3.16,201.253,289.508,3.027,96.524,0.0,1.945
20140505,8.44,5.481,3.344,10.063,4.598,242.692,289.549,4.497,96.116,0.0,1.312
20140506,11.692,9.126,3.522,13.099,4.268,171.328,316.644,4.547,95.519,1.775,3.012
20140507,11.941,10.912,1.627,12.504,1.153,220.956,317.07,4.06,95.37,4.416,4.069
20140508,10.313,9.017,1.101,11.024,1.666,135.796,328.058,3.012,95.584,3.963,4.305
20140509,12.284,9.593,1.328,13.761,1.509,202.918,328.937,4.071,95.391,3.104,5.574
20140510,9.678,8.457,1.717,10.347,1.746,163.105,319.589,2.36,95.459,6.64,4.337
20140511,9.357,8.343,0.776,9.912,1.354,251.492,297.256,3.453,94.824,2.327,5.476
20140512,8.994,7.565,0.41,9.777,1.675,220.275,307.531,3.251,95.241,2.08,4.599
20140513,8.139,6.939,0.515,8.797,1.142,190.727,305.749,2.052,95.757,5.125,2.935
20140514,7.085,5.478,0.78,7.966,1.992,238.633,292.21,2.55,96.746,2.056,3.437
20140515,7.853,6.392,2.303,8.654,2.555,148.2,311.343,2.48,97.354,0.816,2.916
20140516,10.982,8.78,1.669,12.189,2.925,249.344,310.001,4.7,97.123,0.023,3.057
20140517,10.874,8.695,2.8,12.069,3.271,169.862,316.746,3.845,96.445,0.014,2.576
20140518,11.525,9.568,0.823,12.597,2.129,157.053,333.302,2.784,95.744,1.717,2.085
20140519,14.276,11.494,2.975,15.801,4.298,260.11,327.745,4.432,95.384,0.786,1.296
20140520,17.766,13.794,3.051,19.751,4.534,266.035,322.193,8.73,95.698,0.088,1.484
20140521,19.159,15.145,2.66,20.984,4.624,292.22,326.986,10.327,95.704,0.0,2.221
20140522,19.663,15.837,1.784,21.402,4.248,299.109,338.323,9.636,95.282,1.094,1.963
20140523,14.527,13.581,1.119,14.957,1.813,182.304,331.398,4.255,95.461,3.537,2.106
20140524,13.54,11.133,1.545,14.635,3.386,217.534,322.092,3.175,95.848,7.711,1.251
20140525,13.845,10.428,2.731,15.398,4.409,314.407,298.286,6.297,96.355,0.0,1.619
20140526,16.21,13.193,2.542,17.582,3.489,270.02,323.882,7.06,95.918,0.001,3.402
20140527,13.611,13.485,0.599,13.669,0.566,81.232,357.001,1.723,95.348,8.217,1.717
20140528,10.445,10.658,1.507,10.348,0.291,23.003,359.272,0.978,95.464,32.221,1.781
20140529,7.568,7.475,0.865,7.611,0.536,51.832,339.262,1.345,95.981,1.495,2.404
20140530,10.208,7.454,1.772,11.46,3.247,199.457,316.759,3.869,96.438,0.278,1.571
20140531,11.747,7.533,2.387,13.663,4.159,304.341,291.906,5.753,96.429,0.0,2.291
20140601,11.091,8.009,2.199,12.492,3.449,244.739,302.108,4.577,96.353,0.194,1.572
20140602,12.941,10.479,2.239,14.06,2.99,207.467,324.369,5.332,96.222,0.481,1.616
20140603,13.829,10.309,1.968,15.429,4.063,257.212,314.188,6.423,95.862,0.087,0.974
20140604,14.79,11.689,2.077,16.199,3.735,255.672,327.125,5.353,95.301,5.329,1.915
20140605,12.787,11.326,1.658,13.452,1.923,236.917,322.258,5.015,95.647,2.023,3.835
20140606,14.997,10.115,3.926,17.216,5.429,324.224,301.61,8.501,96.113,0.0,1.54
20140607,19.84,15.227,5.147,21.937,5.425,308.858,329.997,11.51,96.037,0.0,1.573
20140608,23.292,19.46,2.339,25.034,5.129,304.031,346.964,13.157,96.201,0.664,1.932
20140609,22.046,18.904,2.932,23.474,4.262,299.894,352.299,8.269,96.23,0.5,2.244
20140610,21.775,19.037,1.467,23.019,3.69,297.349,356.311,8.114,96.263,4.815,1.977
20140611,18.532,17.97,1.827,18.788,1.104,226.457,367.63,3.699,96.654,3.109,2.086
20140612,16.052,13.28,1.29,17.312,2.506,282.822,318.242,5.957,96.871,0.004,1.811
20140613,14.021,11.15,2.015,15.326,3.052,219.904,323.25,5.033,96.405,0.115,2.833
20140614,12.363,10.989,0.755,12.988,1.572,203.797,326.919,3.796,96.205,1.604,2.764
20140615,12.756,9.81,1.79,14.095,3.024,200.969,322.524,4.312,96.449,0.575,1.854
20140616,12.452,10.747,0.934,13.228,2.174,229.452,331.483,3.552,96.34,0.069,2.716
20140617,13.857,11.756,1.409,14.812,2.92,159.878,345.28,4.545,96.337,1.393,1.956
20140618,14.436,11.155,2.236,15.927,3.585,256.48,319.796,5.273,96.345,0.296,2.013
20140619,12.343,11.195,0.491,12.865,1.219,148.321,343.642,3.076,96.094,0.258,3.529
20140620,11.864,10.857,0.774,12.323,1.745,169.808,334.298,3.535,95.951,0.879,3.907
20140621,12.15,10.607,0.893,12.852,1.834,161.037,332.277,3.882,96.094,0.613,3.227
20140622,13.189,10.518,0.755,14.288,1.917,192.916,331.479,4.747,96.212,0.52,2.898
20140623,12.06,9.75,1.548,13.11,2.892,207.713,318.53,4.559,96.425,0.001,2.133
20140624,12.908,9.884,2.276,14.282,3.281,238.747,322.268,4.241,96.047,3.085,1.933
20140625,11.104,9.747,1.256,11.72,1.247,225.592,322.79,2.706,95.711,5.92,2.684
20140626,11.405,8.065,2.09,12.923,3.141,188.873,321.516,3.315,95.955,3.054,1.557
20140627,15.092,10.919,4.005,16.81,5.187,262.065,324.909,7.414,95.898,0.314,1.398
20140628,15.346,13.463,1.369,16.121,2.57,173.643,352.458,3.433,95.535,8.032,2.311
20140629,13.504,12.9,1.464,13.778,0.454,108.208,352.125,2.385,95.148,4.836,2.625
20140630,12.428,10.348,0.708,13.373,1.519,221.433,325.897,3.041,95.747,3.734,2.616
20140701,12.616,9.341,1.606,14.105,3.436,269.283,301.034,5.3,96.17,0.359,1.673
20140702,13.516,10.459,3.06,14.905,3.865,275.92,305.34,6.191,96.435,0.0,1.875
20140703,16.893,12.543,3.283,18.87,5.582,318.923,310.814,9.519,96.572,0.0,1.735
20140704,19.775,15.096,4.045,21.902,5.498,320.371,331.319,11.882,95.767,0.201,1.797
20140705,19.964,18.398,0.516,20.676,2.396,248.697,357.642,7.94,95.26,2.555,3.105
20140706,21.518,18.475,1.922,22.901,3.621,242.762,361.633,9.622,95.492,0.725,2.659
20140707,17.75,17.172,0.494,18.013,1.958,209.66,357.698,5.778,95.923,4.146,2.211
20140708,16.275,16.044,0.443,16.381,1.061,69.067,381.836,1.572,95.166,14.129,2.224
20140709,12.574,13.408,0.885,12.195,1.039,45.866,365.405,1.33,94.851,25.656,3.073
20140710,16.003,13.924,1.71,16.948,3.477,137.339,365.255,2.735,95.229,11.028,2.347
20140711,17.557,14.464,1.587,18.963,3.173,249.709,351.512,4.392,95.583,7.376,1.587
20140712,15.661,13.663,1.56,16.57,3.187,272.084,322.467,6.171,95.594,0.004,1.785
20140713,14.735,12.917,1.929,15.562,2.286,186.732,336.33,3.158,95.297,7.315,2.187
20140714,17.444,15.372,0.913,18.386,2.249,177.356,360.742,4.09,95.597,1.79,2.662
20140715,18.284,15.274,2.07,19.652,3.662,222.086,348.817,7.606,96.327,0.066,1.917
20140716,18.31,15.363,2.02,19.65,3.351,211.511,351.516,5.867,96.532,0.888,0.949
20140717,20.203,16.641,2.26,21.823,4.432,287.194,340.621,9.906,96.523,0.036,1.062
20140718,21.346,16.873,3.53,23.583,4.829,286.164,342.322,12.106,96.32,0.0,1.948
20140719,23.134,18.79,2.851,25.305,4.773,308.456,343.862,14.572,95.92,0.0,2.146
20140720,23.365,19.92,2.568,25.088,3.856,257.797,366.085,12.053,95.476,0.563,1.617
20140721,19.769,19.367,0.741,19.969,1.477,138.782,380.203,3.259,95.485,19.484,1.724
20140722,20.656,18.628,1.223,21.67,3.166,246.112,355.594,7.456,95.95,0.773,3.02
20140723,20.424,17.421,1.389,21.926,3.204,254.814,341.053,9.459,96.149,0.212,2.516
20140724,17.325,14.823,0.593,18.576,2.481,249.487,339.312,6.174,95.942,4.314,3.17
20140725,16.656,14.929,0.946,17.519,2.239,161.29,362.368,3.679,95.781,1.457,1.497
20140726,18.276,15.571,1.888,19.628,3.62,238.413,357.855,4.398,95.742,1.233,1.579
20140727,19.694,16.743,1.212,21.169,3.291,245.565,358.769,6.233,95.864,2.598,1.404
20140728,19.95,17.129,2.09,21.361,3.556,194.325,361.507,6.099,95.647,2.33,1.85
20140729,18.712,17.076,0.585,19.53,1.824,166.021,373.898,3.236,95.317,15.79,1.802
20140730,17.388,17.009,0.447,17.578,0.573,57.459,381.227,1.632,95.387,14.898,2.723
20140731,17.525,14.531,1.169,19.022,3.168,238.034,332.514,6.429,95.874,0.102,1.726
20140801,18.688,15.428,2.342,20.318,3.683,230.079,345.661,8.525,95.68,0.0,1.946
20140802,20.533,17.904,2.922,21.974,3.896,214.959,359.137,8.3,95.316,0.231,1.678
20140803,18.535,16.964,0.502,19.396,1.743,178.289,366.191,3.291,95.496,9.118,1.168
20140804,17.374,15.271,0.707,18.527,2.16,170.586,357.777,3.028,95.868,6.373,1.265
20140805,15.369,13.959,0.783,16.142,1.58,144.584,350.867,2.778,96.179,3.911,2.064
20140806,16.255,13.397,2.604,17.823,3.947,223.207,332.168,6.043,96.124,0.043,1.339
20140807,16.991,14.906,0.953,18.135,2.602,162.505,354.069,4.978,95.875,2.262,1.499
20140808,18.368,15.992,2.482,19.671,4.115,240.597,341.885,6.839,95.795,0.897,1.642
20140809,18.742,15.973,1.454,20.404,1.39,223.502,339.741,7.583,95.496,0.261,3.46
20140810,18.27,15.733,3.15,19.792,3.652,161.345,362.848,5.306,95.395,2.956,3.23
20140811,16.197,14.839,2.136,17.012,2.072,244.685,324.96,6.58,95.555,0.05,3.63
20140812,14.84,12.019,1.046,16.532,2.814,244.617,313.506,6.408,95.588,0.709,3.61
20140813,14.559,11.829,1.578,16.197,2.946,137.957,342.191,4.58,95.077,8.305,1.832
20140814,14.306,12.521,0.58,15.377,2.019,209.46,323.386,4.046,95.417,0.802,3.394
20140815,12.806,11.506,0.42,13.586,1.358,132.21,337.457,2.361,95.574,7.991,2.226
20140816,13.406,11.97,0.682,14.268,1.592,177.838,337.034,3.203,95.985,2.061,3.294
20140817,14.371,13.034,1.793,15.174,2.011,171.096,335.463,5.47,95.581,0.069,5.029
20140818,13.774,12.797,0.945,14.36,1.307,186.164,326.705,4.899,95.083,2.45,4.988
20140819,12.144,10.164,0.755,13.442,2.448,181.134,316.287,3.872,95.459,0.873,3.761
20140820,10.89,8.563,1.329,12.414,2.907,199.587,300.963,4.123,95.888,0.245,2.871
20140821,11.328,8.586,1.95,13.125,3.443,195.977,307.444,4.53,95.966,0.74,2.138
20140822,12.835,10.458,2.647,14.393,3.491,179.577,314.764,6.36,95.737,0.025,2.883
20140823,12.145,10.817,0.798,13.015,1.405,181.498,318.592,3.692,95.665,3.165,2.264
20140824,10.51,8.731,0.898,11.675,2.224,202.58,298.804,3.306,96.055,0.798,2.802
20140825,10.976,9.12,2.955,12.192,3.208,155.066,323.067,2.743,95.857,4.79,1.94
20140826,11.543,10.978,0.292,11.914,0.949,35.174,354.407,1.337,95.135,20.959,1.446
20140827,13.046,10.881,1.732,14.465,3.537,196.399,318.537,4.897,95.858,0.197,1.204
20140828,14.352,11.739,3.746,16.065,5.007,180.697,329.485,5.22,96.091,0.015,1.648
20140829,16.412,14.8,0.682,17.562,1.947,138.168,354.644,4.472,95.938,1.055,2.013
20140830,15.092,13.607,1.202,16.152,1.944,142.169,345.869,3.583,96.051,6.622,2.679
20140831,13.416,12.433,1.547,14.119,1.087,138.065,340.468,2.55,95.756,6.876,2.23
20140901,12.619,11.367,1.351,13.514,1.784,106.194,345.0,2.363,96.188,1.029,2.597
20140902,13.348,12.562,0.781,13.959,1.362,50.63,363.05,1.18,96.434,7.787,2.294
20140903,12.945,12.125,2.275,13.583,2.487,87.616,349.417,2.726,96.648,0.175,3.622
20140904,14.834,13.821,1.774,15.622,2.695,127.527,349.577,2.72,96.367,0.233,3.336
20140905,17.534,15.504,3.031,19.113,4.134,182.709,351.353,4.331,95.911,1.12,1.458
20140906,17.592,15.99,1.168,18.838,2.954,158.922,351.881,3.095,95.684,5.356,0.692
20140907,16.023,14.264,1.331,17.392,2.491,121.554,362.755,2.617,95.788,1.023,1.32
20140908,15.087,13.084,1.292,16.646,2.972,115.807,344.225,3.427,96.051,0.25,1.17
20140909,12.831,11.386,1.558,13.954,2.371,155.424,327.811,3.653,96.221,0.003,1.974
20140910,12.603,11.777,0.546,13.245,1.066,86.9,350.726,3.275,96.136,1.516,2.128
20140911,11.932,11.231,0.191,12.477,0.696,121.658,342.202,1.586,96.047,5.634,2.309
20140912,13.091,12.74,1.995,13.365,1.468,35.879,362.867,1.998,96.168,4.337,4.197
20140913,14.164,14.045,0.307,14.257,0.615,35.089,374.638,1.635,96.457,0.693,2.891
20140914,15.086,14.215,0.437,15.763,1.407,84.966,371.517,2.75,96.338,0.962,2.201
20140915,16.103,15.155,0.707,16.904,1.143,104.011,364.635,2.404,96.145,0.971,2.191
20140916,16.286,14.68,1.952,17.644,3.373,170.706,337.31,3.732,96.052,0.155,2.257
20140917,15.75,13.82,1.716,17.525,3.243,161.337,330.499,4.187,95.84,0.004,2.254
20140918,14.907,12.986,2.708,16.675,3.381,127.665,334.838,2.947,95.699,1.286,1.534
20140919,16.256,14.909,1.176,17.495,2.249,125.455,349.634,2.618,95.688,5.731,1.436
20140920,15.976,14.425,0.555,17.402,1.751,115.423,352.246,2.564,95.772,1.509,2.03
20140921,13.466,12.599,1.48,14.265,0.61,50.455,348.108,1.71,95.755,5.231,2.624
20140922,9.577,9.612,0.325,9.544,0.728,117.81,314.528,2.292,95.903,2.55,4.75
20140923,9.484,8.227,0.999,10.64,1.89,95.824,319.772,3.25,96.283,0.038,2.256
20140924,8.83,7.454,2.414,10.097,2.831,116.242,310.016,2.692,95.706,0.177,2.277
20140925,11.445,10.586,1.089,12.235,1.497,95.305,335.797,2.878,96.011,0.847,3.468
20140926,12.696,12.22,1.022,13.134,1.473,38.692,363.918,2.471,96.553,0.099,3.515
20140927,13.437,11.958,1.535,14.798,1.73,91.11,338.672,3.342,97.055,0.115,1.629
20140928,12.245,9.762,3.372,14.529,4.642,154.127,303.26,3.246,96.869,0.0,1.781
20140929,15.258,12.981,2.512,17.534,4.225,144.971,327.835,4.281,96.677,0.015,2.313
20140930,15.675,14.654,0.94,16.696,1.397,99.857,347.734,3.196,96.775,0.072,1.847
20141001,14.173,13.135,1.625,15.211,3.074,112.84,334.106,3.193,96.968,0.092,0.651
20141002,13.377,11.801,1.573,14.953,3.541,126.169,321.304,2.884,97.158,0.032,1.15
20141003,12.38,10.372,1.852,14.389,3.707,144.808,305.954,2.817,96.933,0.0,1.796
20141004,11.184,9.056,1.857,13.312,3.902,146.998,292.383,2.841,96.309,0.0,2.146
20141005,9.521,7.328,2.333,11.714,3.959,114.204,307.694,2.685,96.053,0.0,1.735
20141006,9.879,7.779,2.047,12.162,3.242,101.472,325.591,2.543,95.725,0.088,2.12
20141007,11.558,10.467,1.507,12.743,1.45,42.551,339.702,1.965,95.068,3.557,4.385
20141008,12.652,12.511,2.188,12.806,1.536,67.785,334.379,2.08,95.302,1.682,3.684
20141009,15.794,14.978,0.518,16.681,1.186,53.476,360.353,3.042,95.201,5.897,3.933
20141010,13.355,12.489,1.089,14.297,1.963,76.818,332.11,2.716,95.88,0.285,1.931
20141011,13.01,12.278,0.481,13.806,1.522,50.777,348.952,1.585,95.76,13.642,1.05
20141012,11.962,11.338,1.248,12.699,2.205,99.29,322.903,2.067,95.793,1.484,2.053
20141013,13.561,12.236,0.996,15.127,1.866,90.724,335.55,2.057,95.223,0.522,2.237
20141014,12.655,11.433,0.92,14.099,1.892,87.946,326.455,2.115,95.268,1.18,2.1
20141015,11.275,10.039,0.857,12.734,1.799,111.99,309.636,2.717,95.143,0.058,2.085
20141016,11.772,10.749,1.612,12.982,1.468,51.845,341.577,1.679,95.067,6.909,2.537
20141017,11.976,10.927,0.841,13.215,1.297,73.37,326.651,1.636,95.696,0.979,2.316
20141018,11.466,10.363,2.259,12.77,2.958,79.135,319.0,1.854,96.504,0.0,2.245
20141019,14.419,13.476,2.773,15.533,3.024,109.108,320.789,2.924,96.125,1.336,3.74
20141020,12.627,12.079,1.702,13.276,1.099,79.546,319.942,3.578,95.899,0.515,4.069
20141021,9.735,8.966,1.06,10.644,0.911,62.895,324.363,2.239,95.045,3.187,4.626
20141022,6.319,6.655,0.853,5.922,0.502,17.343,332.059,1.439,95.332,15.049,6.322
20141023,7.838,6.784,0.732,9.083,1.527,41.635,324.033,2.517,96.458,0.045,2.837
20141024,7.491,5.977,0.685,9.438,2.278,70.305,310.249,1.899,96.495,0.011,1.787
20141025,8.225,7.645,1.677,8.97,1.3,25.141,330.366,1.571,96.333,1.375,2.149
20141026,10.459,9.753,0.683,11.448,1.229,43.897,338.319,1.802,96.833,0.68,1.866
20141027,8.452,7.251,1.435,10.133,1.889,85.87,298.293,1.742,96.876,0.0,1.89
20141028,4.849,3.992,0.812,6.049,2.132,93.594,273.084,1.327,96.389,0.0,1.937
20141029,5.306,4.435,1.498,6.526,1.984,82.705,290.539,1.618,96.1,0.682,2.077
20141030,8.738,8.421,1.83,9.183,1.444,22.04,349.225,1.208,96.656,0.515,1.313
20141031,11.214,10.487,0.782,12.232,1.417,47.552,337.257,1.714,96.772,0.014,2.238
20141101,10.758,9.391,1.317,12.673,3.328,84.146,302.607,2.394,96.497,0.0,2.032
20141102,10.497,9.71,2.315,11.599,2.256,73.403,314.211,2.155,95.937,0.002,3.142
20141103,12.19,11.691,0.582,12.889,1.178,68.684,317.189,3.219,94.96,0.963,4.683
20141104,9.473,8.993,0.969,10.145,0.721,45.387,321.43,2.49,94.142,0.963,2.588
20141105,7.656,7.324,0.615,8.121,0.143,17.483,333.773,0.971,94.491,2.66,1.67
20141106,6.387,5.641,0.875,7.431,0.608,53.019,308.869,1.516,95.432,0.054,1.722
20141107,4.546,4.371,1.449,4.79,1.405,71.799,292.399,1.402,95.298,0.188,2.891
20141108,6.713,5.32,1.412,8.662,1.315,38.299,295.251,1.863,95.607,0.043,2.966
20141109,4.354,3.215,1.239,5.949,2.535,65.581,284.293,1.151,95.418,0.0,1.935
20141110,5.434,4.732,2.07,6.505,2.223,45.493,302.432,1.074,95.516,0.146,1.821
20141111,5.933,5.628,1.009,6.399,1.441,55.235,307.132,0.816,95.35,0.007,2.197
20141112,6.862,6.75,0.74,7.033,1.026,47.147,321.673,0.789,94.89,0.035,1.219
20141113,7.845,7.477,0.75,8.458,0.52,21.813,340.691,0.994,95.599,0.14,1.099
20141114,8.27,7.514,0.75,9.531,1.127,43.665,318.21,1.44,95.464,0.003,2.664
20141115,7.528,6.887,1.034,8.598,1.305,29.627,324.448,1.207,94.84,0.354,2.072
20141116,6.98,6.858,0.353,7.182,0.377,6.913,328.158,0.9,94.495,3.876,2.851
20141117,5.799,5.418,0.978,6.435,2.251,53.841,291.814,1.196,95.079,0.017,2.337
20141118,6.005,5.824,0.639,6.306,0.123,9.998,342.165,0.693,95.219,5.265,3.959
20141119,4.553,4.559,0.157,4.544,0.21,8.576,331.287,0.709,96.157,1.496,1.58
20141120,4.45,4.315,0.306,4.677,0.117,12.819,331.673,0.943,96.903,0.099,1.105
20141121,3.287,2.831,0.591,4.046,0.76,21.895,307.428,0.999,96.712,0.26,2.446
20141122,2.176,1.596,1.222,3.142,2.064,48.633,271.051,1.017,96.454,0.0,1.813
20141123,5.063,4.144,2.484,6.595,2.886,54.821,282.509,1.732,96.4,0.001,2.519
20141124,5.022,4.051,1.891,6.639,0.3,20.104,303.595,1.446,96.526,1.881,2.65
20141125,0.803,0.515,1.448,1.282,2.064,34.57,289.141,0.581,96.854,0.001,1.751
20141126,0.765,0.631,0.59,0.989,1.213,44.25,270.924,0.852,96.218,0.049,3.48
20141127,0.374,-0.005,1.053,1.007,1.517,40.875,275.841,0.999,95.575,0.165,2.648
20141128,0.179,0.138,0.214,0.254,0.194,49.347,264.387,0.866,95.727,0.379,3.621
20141129,-0.12,-0.064,0.161,-0.223,0.122,41.604,269.805,0.69,95.994,0.001,3.204
20141130,-0.249,-0.361,0.255,-0.045,0.489,41.863,270.335,0.648,95.723,0.0,2.429
20141201,-2.08,-2.006,1.319,-2.216,0.335,30.97,289.853,0.892,95.56,0.01,4.35
20141202,-3.425,-3.644,0.367,-3.026,0.459,42.637,263.731,0.918,95.704,0.004,2.906
20141203,-3.369,-3.338,0.416,-3.425,0.205,17.287,297.551,0.574,96.21,0.853,2.551
20141204,-1.539,-1.559,1.148,-1.501,0.386,13.241,310.0,0.48,95.993,0.09,1.576
20141205,0.736,0.575,0.655,1.03,0.702,27.538,309.91,0.709,96.047,0.114,1.012
20141206,1.783,1.624,0.881,2.074,1.03,19.082,313.819,0.778,96.435,0.024,1.301
20141207,2.109,1.776,0.228,2.715,0.716,22.403,309.082,1.142,96.251,1.854,2.458
20141208,0.977,0.306,1.611,2.2,0.713,37.516,268.361,1.21,96.008,0.417,3.015
20141209,-0.972,-1.518,1.284,0.022,1.248,24.924,280.558,0.873,96.768,0.254,1.872
20141210,1.041,1.104,1.087,0.928,0.256,9.763,301.15,1.283,96.117,1.946,5.248
20141211,2.701,2.272,0.327,3.484,0.389,19.078,300.424,1.298,95.285,9.626,5.361
20141212,5.746,5.489,1.711,6.214,0.557,17.354,321.002,1.856,94.631,6.061,6.894
20141213,3.35,3.369,1.495,3.316,0.263,9.734,318.133,1.024,95.252,6.65,2.614
20141214,1.372,1.241,0.321,1.61,0.635,20.919,309.687,0.848,95.853,1.842,0.884
20141215,2.639,2.183,1.212,3.471,0.855,23.748,301.077,1.271,95.689,0.679,3.686
20141216,3.347,2.869,0.579,4.218,0.617,15.958,307.359,1.23,95.488,0.738,2.78
20141217,1.922,2.088,1.236,1.618,0.341,10.584,315.391,0.935,95.152,4.228,4.159
20141218,8.139,8.086,2.332,8.236,0.724,4.065,346.89,1.239,95.385,0.894,4.682
20141219,8.393,8.024,2.342,9.065,0.306,4.272,335.444,1.986,95.483,8.184,6.203
20141220,3.621,3.52,0.666,3.804,0.124,13.885,300.493,1.88,96.004,4.077,6.527
20141221,3.785,3.688,1.059,3.962,0.65,17.701,308.215,1.566,96.741,2.379,5.345
20141222,6.724,6.711,1.052,6.748,0.306,8.745,336.055,1.775,96.032,0.139,7.3
20141223,8.578,8.458,0.288,8.796,0.162,10.182,341.609,2.402,95.985,0.379,6.181
20141224,5.981,6.186,0.761,5.609,0.544,5.703,331.348,1.802,95.8,4.138,5.763
20141225,2.722,2.349,0.711,3.403,0.48,21.199,287.89,1.672,96.255,1.089,5.13
20141226,-1.009,-1.474,1.622,-0.161,0.512,32.061,267.97,1.051,96.806,0.265,2.249
20141227,-2.997,-3.488,0.68,-2.102,0.342,15.661,274.496,1.098,95.121,0.753,4.323
20141228,-5.615,-5.198,1.891,-6.374,1.716,43.439,235.555,1.038,96.286,0.023,4.135
20141229,-2.563,-3.178,0.477,-1.442,0.547,16.7,280.873,1.055,97.04,1.375,3.535
20141230,-0.564,-0.998,1.825,0.229,0.654,9.987,309.545,0.786,97.34,4.493,3.142
20141231,1.107,1.053,0.59,1.203,0.448,6.927,318.422,0.678,97.424,0.875,2.342
20150101,1.638,1.362,0.155,2.142,0.737,38.238,293.872,0.921,97.532,0.004,3.226
20150102,2.238,2.096,0.899,2.498,1.209,6.658,299.295,1.545,96.725,0.85,6.06
20150103,1.256,1.275,0.578,1.222,0.26,16.418,287.369,1.362,96.493,2.447,4.342
20150104,1.739,1.552,0.255,2.079,0.36,29.811,286.677,1.234,96.908,0.813,4.778
20150105,0.523,0.206,1.061,1.099,0.647,38.776,269.587,1.469,97.267,0.043,3.271
20150106,-0.572,-0.946,0.472,0.109,0.898,40.111,254.136,1.233,96.689,0.003,1.741
20150107,1.006,0.416,0.463,2.081,0.633,16.621,301.51,1.104,96.848,0.82,3.246
20150108,3.097,2.934,2.338,3.394,1.167,4.144,325.353,1.049,96.453,12.776,5.439
20150109,5.786,5.338,1.538,6.602,0.968,12.177,321.583,2.145,96.048,4.73,7.058
20150110,9.33,7.969,2.928,11.811,0.43,15.59,332.968,2.612,95.18,7.207,7.464
20150111,2.068,2.075,0.411,2.056,0.34,34.192,274.778,2.05,95.668,2.988,6.352
20150112,4.2,4.165,0.891,4.263,0.366,9.839,320.214,1.699,95.925,1.244,6.41
20150113,7.417,7.183,1.467,7.844,1.707,42.963,306.741,3.515,95.279,2.017,6.411
20150114,3.734,3.742,2.152,3.719,0.698,34.731,285.893,1.862,95.299,4.471,4.699
20150115,4.547,4.034,3.386,5.402,1.649,34.926,286.238,2.264,95.001,0.567,5.668
20150116,4.992,4.859,1.578,5.215,0.368,25.536,311.35,1.718,94.983,8.488,2.634
20150117,1.103,0.376,1.744,2.314,0.267,33.49,284.306,1.005,95.591,1.584,2.02
20150118,-1.382,-2.214,0.912,0.004,1.158,47.741,244.742,1.208,95.856,0.014,2.799
20150119,-1.726,-2.408,0.852,-0.59,1.05,40.242,262.449,0.88,95.511,0.076,1.371
20150120,-1.019,-1.339,0.766,-0.484,0.385,26.826,285.848,0.731,95.388,1.241,1.208
20150121,-2.885,-2.986,0.49,-2.716,0.838,39.127,270.432,0.716,95.66,0.029,2.414
20150122,-1.819,-1.999,0.75,-1.519,0.398,16.487,297.826,0.817,95.862,0.727,2.97
20150123,-1.542,-1.669,0.313,-1.332,0.223,20.614,298.771,0.989,96.543,0.78,1.87
20150124,-1.929,-2.078,1.406,-1.68,0.865,45.664,282.72,0.845,96.265,1.302,2.841
20150125,0.202,0.052,0.568,0.453,0.543,43.88,293.57,0.698,96.804,5.488,2.984
20150126,0.572,0.488,0.476,0.713,0.264,17.825,306.299,0.784,96.279,6.494,3.26
20150127,1.271,1.131,0.226,1.505,0.506,49.071,289.373,1.037,96.029,0.949,4.115
20150128,1.683,1.537,0.477,1.925,0.59,27.212,311.882,1.179,95.181,3.109,4.959
20150129,0.332,0.345,0.306,0.311,0.579,48.489,269.799,1.265,93.255,3.773,4.592
20150130,-0.137,-0.109,0.709,-0.184,0.259,40.954,285.43,0.925,91.955,7.832,3.488
20150131,-0.846,-1.494,0.694,0.234,0.796,52.3,267.834,1.105,92.568,1.382,3.332
20150201,-1.016,-1.431,0.642,-0.383,1.161,47.402,283.876,1.237,93.374,0.264,2.041
20150202,-0.18,-0.502,0.293,0.312,0.73,51.517,275.104,1.207,94.082,0.704,3.094
20150203,-0.438,-0.868,0.713,0.163,0.498,52.447,274.024,1.336,94.544,1.24,3.113
20150204,-2.659,-2.831,0.545,-2.417,0.793,49.655,270.47,1.214,95.462,0.341,1.72
20150205,-3.245,-3.587,0.312,-2.767,0.791,50.262,263.892,1.083,96.312,0.465,3.26
20150206,-4.12,-4.621,0.518,-3.418,0.608,59.652,257.742,0.991,96.902,0.255,4.583
20150207,-3.025,-3.352,3.883,-2.567,3.393,76.24,267.676,1.146,96.975,0.641,2.732
20150208,-0.046,-0.111,1.155,0.044,0.462,71.73,254.808,2.211,96.629,1.042,4.591
20150209,1.972,1.528,1.554,2.594,0.825,21.569,318.39,0.917,96.666,2.855,4.386
20150210,3.021,2.84,0.272,3.274,0.435,29.038,320.393,1.037,97.048,0.728,2.642
20150211,1.543,1.098,1.536,2.166,0.764,62.347,287.556,1.149,96.926,0.212,1.165
20150212,-1.135,-1.62,0.547,-0.457,1.289,94.641,242.974,0.762,96.525,0.0,1.852
20150213,-0.246,-1.52,1.439,1.537,2.585,97.94,245.117,1.252,96.105,0.0,2.058
20150214,0.296,-1.444,1.246,2.732,2.853,86.389,256.773,1.462,95.546,0.0,1.554
20150215,-1.125,-1.272,2.122,-0.92,1.767,95.503,256.248,0.96,95.771,0.011,2.389
20150216,0.268,-0.738,1.431,1.677,2.685,102.66,253.855,1.14,96.242,0.005,1.873
20150217,-0.252,-0.401,1.587,-0.045,1.149,72.847,279.746,0.932,97.235,0.127,1.682
20150218,1.583,0.725,1.001,2.685,0.863,63.764,290.562,1.298,98.044,0.155,1.282
20150219,-0.294,-1.096,0.533,0.737,1.39,112.04,241.732,1.4,97.147,0.001,3.401
20150220,3.318,1.972,3.748,4.909,2.754,86.679,269.872,2.562,95.686,0.01,4.466
20150221,3.456,2.789,1.839,4.244,0.579,70.474,280.309,2.542,94.308,0.655,3.671
20150222,0.85,-0.251,0.468,2.152,1.772,73.106,275.463,1.777,95.14,0.053,1.893
20150223,0.767,0.706,0.859,0.839,0.259,30.038,298.199,1.215,94.334,4.108,4.34
20150224,2.575,2.102,0.632,3.133,1.154,79.076,278.769,1.766,94.929,0.016,3.991
20150225,2.269,0.728,0.94,4.091,2.037,110.804,259.293,2.117,96.031,0.182,2.249
20150226,2.9,1.346,2.335,4.736,2.792,95.455,274.588,2.614,96.159,0.028,2.517
20150227,2.157,1.394,0.47,3.059,1.308,66.18,288.919,1.828,95.595,3.483,2.445
20150228,1.304,0.309,0.896,2.48,2.251,110.886,260.453,1.939,96.137,0.029,2.319
20150301,3.327,2.891,2.221,3.843,2.042,33.977,298.459,1.707,94.9,2.418,4.717
20150302,4.01,3.356,1.585,4.783,1.356,123.856,271.654,2.88,94.701,2.888,5.102
20150303,2.782,1.834,1.864,3.901,2.442,102.416,272.296,2.391,95.907,3.97,5.241
20150304,1.704,1.07,0.813,2.452,1.481,106.298,263.213,1.659,96.459,0.892,4.202
20150305,2.285,1.738,0.747,2.931,1.529,83.168,288.32,1.8,97.511,0.754,3.452
20150306,2.558,2.019,1.456,3.144,2.018,85.73,284.388,1.789,97.721,0.129,2.063
20150307,4.482,2.917,2.796,6.047,3.832,134.347,262.79,3.306,97.402,0.0,2.576
20150308,7.656,5.459,2.72,9.853,4.603,140.404,274.98,5.11,96.847,0.0,2.278
20150309,6.512,5.055,1.517,7.969,3.086,98.961,293.899,2.682,96.866,0.001,1.706
20150310,4.49,3.329,2.139,5.65,2.894,48.006,299.39,1.065,96.864,0.704,1.88
20150311,3.297,2.612,1.627,3.982,2.34,105.433,283.954,2.273,97.128,0.009,2.721
20150312,2.192,1.323,1.114,3.062,2.062,125.328,279.204,1.672,97.274,0.059,2.03
20150313,1.039,0.646,0.404,1.433,1.045,64.418,298.535,1.501,96.88,0.628,2.761
20150314,1.485,1.334,0.775,1.637,0.407,64.402,308.897,1.014,96.853,2.941,2.355
20150315,2.638,2.387,0.499,2.89,0.647,77.908,303.165,0.963,96.901,2.205,4.045
20150316,5.266,3.782,2.695,6.749,3.277,150.712,269.747,2.514,96.796,0.0,3.592
20150317,6.915,5.108,3.19,8.722,4.336,157.778,274.874,3.169,96.844,0.0,2.353
20150318,6.696,4.114,2.588,9.278,4.506,173.737,269.471,3.698,96.785,0.0,2.013
20150319,5.716,3.469,2.022,7.962,4.397,177.926,259.925,3.582,96.848,0.0,1.624
20150320,4.588,3.134,3.003,5.925,4.292,186.124,247.603,4.011,96.602,0.0,0.941
20150321,1.113,0.234,1.949,1.921,1.705,74.327,287.432,1.13,95.909,1.801,2.202
20150322,-0.079,-0.118,1.51,-0.043,0.994,116.008,284.538,1.334,96.653,0.865,3.38
20150323,2.391,0.457,4.908,4.169,4.93,182.551,258.381,2.307,95.99,0.0,1.569
20150324,4.52,2.835,2.471,6.07,2.934,113.094,297.263,2.653,95.252,0.003,1.43
20150325,7.619,4.693,4.011,10.094,4.971,185.509,280.166,3.838,94.944,0.0,3.019
20150326,5.215,5.02,0.859,5.38,0.869,69.64,319.308,2.073,95.063,0.646,2.963
20150327,4.712,4.053,0.664,5.27,0.758,132.224,305.864,2.016,95.743,2.177,4.216
20150328,6.019,5.135,1.968,6.768,2.782,131.225,308.205,3.388,96.125,0.845,3.008
20150329,8.357,7.891,0.888,8.752,0.368,39.339,337.77,1.878,94.455,11.551,6.221
20150330,4.326,3.956,1.432,4.639,0.689,171.79,276.143,2.826,94.436,2.914,6.495
20150331,5.234,2.78,1.057,7.311,1.019,145.376,296.368,2.581,94.134,13.394,7.773
20150401,1.695,1.073,0.45,2.221,1.284,142.835,280.962,1.621,95.453,4.593,6.16
20150402,1.43,1.133,0.349,1.661,0.904,141.052,283.351,1.296,95.47,11.397,4.884
20150403,3.083,1.435,0.762,4.365,2.041,142.73,283.814,2.458,96.173,0.541,3.126
20150404,1.782,0.04,1.247,3.137,2.376,186.406,259.827,2.349,95.945,0.133,1.762
20150405,1.277,-0.961,3.364,3.017,4.29,203.501,254.175,2.711,96.546,0.401,2.162
20150406,3.004,0.848,1.564,4.681,2.48,176.613,265.188,3.147,97.022,0.073,2.681
20150407,4.851,2.73,3.653,6.501,4.644,227.263,263.71,3.986,97.614,0.0,2.202
20150408,6.842,5.999,1.463,7.497,2.47,113.054,326.014,2.548,97.423,0.043,2.422
20150409,9.333,7.335,2.608,10.887,3.945,168.316,324.553,3.752,97.077,0.034,1.445
20150410,11.476,8.131,3.508,14.077,5.481,210.31,295.637,6.045,96.481,0.0,1.91
20150411,11.205,8.623,1.838,13.213,2.755,180.623,303.779,5.223,96.259,2.065,3.865
20150412,8.533,6.938,3.716,9.672,4.409,236.756,269.112,5.738,97.031,0.0,2.615
20150413,7.909,7.36,2.616,8.301,1.395,160.635,294.687,4.875,97.03,0.021,3.729
20150414,8.983,6.117,6.169,11.029,5.788,206.258,288.161,5.325,96.872,0.0,2.925
20150415,14.757,11.425,2.01,17.136,4.274,251.423,292.162,8.586,96.064,0.043,3.061
20150416,10.199,8.608,1.547,11.241,2.775,198.01,301.922,4.687,95.772,0.002,2.265
20150417,5.759,4.249,1.018,6.749,1.828,199.892,278.314,3.574,95.948,0.067,2.423
20150418,5.05,3.032,2.414,6.372,3.163,175.988,277.468,3.876,96.701,0.006,2.009
20150419,6.817,3.531,4.207,8.971,4.725,252.384,266.128,4.939,96.551,0.0,1.612
20150420,9.182,5.997,3.478,11.268,5.071,261.931,272.434,5.755,96.852,0.0,2.181
20150421,10.974,7.296,3.666,13.384,5.741,266.883,270.817,7.691,97.064,0.0,2.788
20150422,5.768,4.89,0.9,6.343,1.772,163.362,289.741,2.482,96.827,1.461,2.355
20150423,8.378,6.179,4.133,9.818,5.084,256.376,277.78,4.482,96.208,0.0,0.772
20150424,11.184,8.035,3.735,13.247,5.278,268.059,284.133,6.932,95.727,0.0,2.558
20150425,11.449,9.197,2.12,12.925,2.814,140.853,319.996,4.815,95.308,1.387,2.989
20150426,12.373,10.442,1.347,13.639,2.32,159.024,325.884,3.128,95.117,4.488,2.357
20150427,8.788,7.945,2.071,9.341,1.809,82.016,337.465,1.228,94.82,13.795,2.861
20150428,5.997,4.272,1.254,7.127,2.592,183.889,297.356,3.307,95.706,3.941,3.052
20150429,6.788,4.034,5.133,8.592,4.692,240.025,277.579,4.856,96.195,0.0,1.862
20150430,8.149,5.891,0.577,9.628,2.345,213.049,307.043,3.308,95.636,9.864,3.186
20150501,6.886,4.874,1.064,7.99,2.836,212.552,286.552,3.394,95.204,0.089,1.851
20150502,8.196,5.197,2.451,9.84,4.154,196.88,301.107,5.013,95.489,0.043,1.521
20150503,10.322,8.918,3.958,11.091,3.209,114.365,334.99,2.324,95.126,5.579,2.834
20150504,15.394,13.371,0.666,16.503,2.619,218.544,329.917,5.326,95.26,0.394,2.836
20150505,16.611,13.368,1.371,18.39,2.456,211.686,344.344,5.972,94.92,1.005,4.121
20150506,12.17,9.037,0.922,13.888,2.638,255.512,302.821,5.841,95.651,0.244,3.585
20150507,10.166,7.9,0.959,11.408,2.191,247.14,291.567,4.724,96.097,0.46,3.708
20150508,11.952,9.087,3.795,13.523,4.299,228.771,317.46,6.054,96.003,0.193,1.582
20150509,13.5,10.755,1.197,15.006,2.561,181.592,318.582,5.289,96.042,1.363,3.512
20150510,11.459,9.445,1.133,12.564,2.411,275.204,296.385,5.163,96.811,0.01,3.447
20150511,13.699,10.337,3.968,15.543,5.036,224.614,308.934,6.991,96.761,0.0,2.419
20150512,16.25,11.58,1.28,18.811,4.44,199.544,336.654,7.27,96.087,6.685,3.67
20150513,11.902,9.253,2.465,13.355,3.822,272.634,295.849,6.077,96.119,0.0,2.252
20150514,9.511,8.023,1.037,10.327,2.687,297.372,285.106,4.368,95.651,0.004,1.861
20150515,10.376,6.913,2.759,12.275,4.286,298.269,281.421,5.231,95.881,0.0,1.927
20150516,9.278,6.722,3.428,10.68,3.473,153.574,317.248,3.77,96.444,0.544,2.977
20150517,9.518,7.372,1.834,10.695,3.086,195.435,304.412,4.83,96.641,0.112,3.18
20150518,12.974,10.027,4.004,14.59,4.619,237.855,315.314,7.07,95.513,0.02,2.562
20150519,11.757,10.04,1.731,12.698,1.93,202.221,312.122,6.454,95.107,0.451,3.313
20150520,9.131,7.245,1.45,10.073,2.288,202.944,305.717,4.317,95.713,1.532,1.937
20150521,8.874,6.409,2.148,9.994,2.983,244.62,287.139,4.565,96.632,0.027,2.35
20150522,11.515,8.789,3.499,12.754,4.864,207.141,314.72,6.36,96.803,0.008,1.199
20150523,13.348,11.643,0.559,14.123,2.159,166.899,332.023,5.29,96.343,0.357,1.778
20150524,13.008,11.593,2.016,13.651,2.942,146.847,339.339,4.391,96.229,0.389,1.147
20150525,11.989,10.181,0.809,12.811,1.766,201.732,321.159,3.533,95.779,0.708,2.226
20150526,8.675,7.147,0.925,9.37,1.511,172.249,310.934,3.377,96.106,0.985,2.923
20150527,8.696,6.941,0.967,9.494,1.814,147.648,319.073,3.688,96.523,0.439,2.793
20150528,10.927,7.358,2.924,12.549,3.601,208.125,316.649,4.51,95.895,1.207,3.498
20150529,11.726,9.658,1.708,12.666,3.193,202.051,324.636,4.071,95.483,0.821,2.57
20150530,9.203,7.438,2.278,10.005,1.531,269.036,301.487,3.778,95.654,2.688,3.534
20150531,12.399,9.262,6.851,13.825,5.319,247.587,317.954,6.702,95.816,0.014,3.453
20150601,11.736,12.54,2.616,11.371,1.046,56.885,351.16,2.759,95.898,4.444,2.331
20150602,15.658,13.57,4.515,16.608,4.273,269.902,328.056,7.459,95.82,0.003,4.945
20150603,16.217,13.898,2.419,17.272,1.408,180.27,339.68,7.246,96.378,0.13,3.81
20150604,14.676,11.813,2.373,15.977,4.179,278.077,309.458,7.48,97.039,0.0,2.063
20150605,19.671,15.035,4.622,21.778,6.481,321.276,325.174,11.893,96.493,0.0,2.131
20150606,20.063,16.739,0.869,21.574,2.555,257.675,356.284,8.407,96.488,0.17,2.602
20150607,15.79,13.933,1.003,16.635,2.825,278.545,326.823,7.25,97.037,0.0,1.897
20150608,12.749,11.469,1.142,13.331,2.383,208.329,322.905,6.131,96.971,0.0,3.246
20150609,12.163,10.953,1.025,12.714,2.112,187.436,328.015,6.078,96.955,0.007,3.305
20150610,13.79,11.473,2.565,14.843,3.237,215.627,334.636,6.133,96.885,0.003,2.903
20150611,15.261,13.137,1.136,16.226,2.251,178.15,344.69,7.192,96.454,0.035,2.327
20150612,18.251,14.716,3.196,19.859,5.133,279.327,340.377,8.274,95.699,0.23,1.53
20150613,18.523,15.202,1.137,20.032,2.595,193.723,349.8,5.979,95.371,4.807,2.114
20150614,16.266,13.243,1.283,17.641,3.277,278.491,321.29,7.181,95.491,0.0,2.131
20150615,12.681,11.077,0.999,13.41,1.875,194.643,321.934,4.753,96.081,0.025,2.19
20150616,10.497,7.574,1.441,11.826,2.856,215.673,304.997,5.062,96.574,0.0,2.185
20150617,12.665,10.217,4.629,13.778,4.691,305.345,307.301,7.292,96.571,0.195,1.478
20150618,14.22,12.722,1.207,14.901,2.085,135.73,355.076,4.657,95.807,6.297,3.219
20150619,10.597,9.417,0.343,11.133,1.595,230.731,327.707,3.292,95.95,2.871,3.669
20150620,10.581,9.48,0.936,11.081,1.621,238.143,323.155,3.298,96.14,1.682,3.175
20150621,11.764,10.396,2.295,12.386,2.206,148.459,338.871,3.356,95.981,1.936,2.599
20150622,11.408,10.661,0.953,11.715,0.933,100.129,338.715,1.954,95.303,8.188,3.132
20150623,10.138,9.435,0.591,10.457,1.653,214.077,328.204,2.132,95.378,7.273,3.697
20150624,11.757,10.586,0.784,12.29,2.453,127.579,347.762,3.395,96.399,0.511,2.891
20150625,14.712,10.806,3.141,16.488,4.48,197.754,332.588,6.354,96.6,0.071,1.677
20150626,17.248,14.233,3.788,18.619,3.954,203.792,352.602,7.518,96.334,0.133,2.027
20150627,16.465,15.336,1.238,16.931,1.191,124.756,352.858,4.283,96.022,14.683,2.896
20150628,15.391,13.084,2.537,16.34,3.446,273.818,320.015,6.636,96.5,0.0,1.527
20150629,18.624,15.401,1.434,20.089,3.765,217.18,349.972,8.706,96.431,0.398,1.988
20150630,18.711,15.4,2.361,20.216,4.229,305.864,331.256,9.212,96.543,0.0,1.402
20150701,20.275,16.752,3.337,21.876,4.638,321.657,330.278,11.914,96.53,0.0,2.745
20150702,23.106,19.294,3.573,24.838,5.22,320.103,345.908,13.897,96.566,0.0,2.526
20150703,23.874,20.753,2.546,25.293,4.227,272.673,370.759,12.166,96.701,0.0,1.535
20150704,26.718,22.307,3.955,28.723,5.259,296.784,374.464,18.386,96.412,0.137,1.597
20150705,25.167,21.144,1.278,26.995,3.578,290.432,382.425,12.324,96.068,0.682,1.558
20150706,18.825,16.753,1.146,19.766,3.174,311.622,333.767,8.168,96.346,0.05,2.944
20150707,21.09,15.999,3.384,23.404,6.009,275.314,352.082,12.571,95.637,0.022,2.273
20150708,15.943,15.45,1.606,16.167,1.34,248.345,340.708,5.825,95.39,2.298,5.127
20150709,12.82,11.72,1.238,13.32,1.437,228.751,323.519,4.856,96.055,2.455,4.74
20150710,12.438,10.381,3.016,13.373,3.836,258.488,303.74,6.001,96.594,0.0,2.832
20150711,16.701,12.736,4.527,18.503,5.471,274.986,324.804,9.03,96.12,0.157,1.324
20150712,16.178,13.957,1.183,17.188,2.595,181.819,346.784,5.27,96.076,4.523,2.629
20150713,14.619,13.804,1.053,14.99,1.126,88.974,362.881,2.29,96.022,6.266,3.609
20150714,17.251,16.028,1.03,17.808,1.852,111.865,372.614,3.487,95.921,1.8,3.733
20150715,18.554,16.894,1.973,19.309,3.2,170.2,365.39,6.663,96.272,0.415,1.875
20150716,20.587,18.329,1.503,21.613,3.245,229.121,363.401,8.69,96.2,0.334,1.925
20150717,22.934,19.429,4.092,24.527,5.613,280.532,358.898,12.887,95.88,0.925,2.277
20150718,21.052,18.739,1.036,22.208,2.436,218.772,363.758,9.177,95.951,0.538,2.199
20150719,17.563,15.457,0.853,18.616,2.052,157.375,360.725,4.037,95.512,6.015,3.435
20150720,17.907,15.812,3.459,18.955,3.106,147.444,359.701,4.831,95.802,0.768,2.688
20150721,21.625,19.172,1.246,22.851,2.674,211.774,374.557,6.643,95.831,0.966,2.924
20150722,22.231,18.98,1.01,23.857,3.356,241.408,377.443,8.697,95.797,2.107,1.444
20150723,18.033,16.181,0.639,18.959,1.859,211.824,353.366,7.08,95.98,1.172,2.06
20150724,19.439,17.002,3.172,20.658,4.081,191.062,360.37,8.454,95.626,0.182,2.94
20150725,17.217,15.568,2.973,18.042,2.269,222.793,349.932,6.088,94.99,0.259,6.267
20150726,14.244,12.26,1.656,15.237,3.127,230.664,331.612,7.192,95.645,0.124,3.388
20150727,14.321,13.011,1.473,14.976,1.595,174.826,347.878,3.108,94.808,6.578,4.002
20150728,14.55,13.564,0.563,15.043,1.769,169.161,333.418,6.014,95.044,0.364,5.088
20150729,13.547,11.965,0.566,14.338,1.604,219.928,314.597,6.346,95.249,0.32,4.688
20150730,13.037,10.656,1.133,14.227,2.542,227.842,309.937,5.757,95.764,0.89,3.991
20150731,12.45,9.501,1.373,13.925,3.46,238.669,303.773,6.093,96.224,0.0,2.06
20150801,16.141,12.715,4.174,17.854,4.99,261.827,326.976,8.915,95.986,0.011,2.314
20150802,18.81,15.499,2.773,20.626,5.204,293.03,322.892,11.493,96.288,0.0,1.581
20150803,21.651,17.35,3.743,24.009,5.865,273.279,343.296,14.775,96.148,0.0,2.162
20150804,20.88,16.12,0.686,23.49,4.808,216.151,361.827,10.602,95.831,2.178,2.892
20150805,18.351,16.137,2.134,19.565,4.012,258.519,344.043,10.072,96.25,0.007,1.45
20150806,23.817,19.914,5.338,25.958,6.62,272.225,354.476,18.612,96.001,0.0,1.69
20150807,25.625,21.847,3.275,27.697,4.904,263.253,370.58,19.342,96.008,0.065,1.89
20150808,21.947,19.491,0.91,23.293,2.868,245.074,366.231,9.273,96.272,0.671,2.528
20150809,20.875,19.015,2.332,21.99,3.659,220.601,365.885,9.067,96.36,0.003,2.9
20150810,23.378,20.408,2.728,25.16,4.665,249.232,369.932,12.5,95.931,0.492,2.66
20150811,21.284,19.406,1.646,22.411,3.438,208.212,368.342,8.453,96.077,0.0,2.864
20150812,21.31,18.62,2.07,22.924,3.736,221.215,365.887,9.303,96.439,0.087,2.523
20150813,22.509,20.412,3.966,23.768,4.677,238.926,368.279,10.549,96.107,0.0,3.881
20150814,23.224,21.129,1.173,24.482,2.902,235.107,371.854,10.775,95.36,1.691,2.003
20150815,20.716,19.107,0.767,21.681,2.568,206.015,365.384,8.72,95.305,0.403,2.199
20150816,17.247,16.661,0.628,17.598,0.917,82.191,374.648,2.621,95.456,15.937,1.897
20150817,14.041,14.138,1.057,13.982,0.375,40.205,378.008,0.89,95.442,27.598,2.837
20150818,13.507,12.938,0.331,13.849,0.628,50.657,363.212,2.01,95.825,1.128,2.2
20150819,14.624,12.879,1.879,15.767,2.951,132.171,350.578,4.229,96.361,0.057,1.4
20150820,14.778,13.699,1.01,15.485,1.648,114.754,344.477,2.567,96.737,0.196,1.124
20150821,15.861,13.149,1.522,17.637,4.379,217.318,328.974,6.197,96.833,0.008,1.394
20150822,16.252,12.84,3.238,18.487,4.729,232.733,316.359,8.862,96.454,0.0,2.412
20150823,16.889,14.911,2.751,18.186,3.949,237.827,321.869,8.976,95.607,0.882,3.46
20150824,18.083,15.658,1.211,19.673,2.717,172.081,358.655,5.229,95.073,6.218,3.37
20150825,14.474,13.76,0.847,14.942,1.27,104.996,340.841,4.749,95.761,0.288,4.648
20150826,17.887,15.248,2.52,19.615,4.003,210.438,337.905,8.953,95.981,0.0,3.164
20150827,18.998,16.858,0.918,20.4,1.988,139.099,360.95,7.916,95.548,3.14,2.549
20150828,14.771,14.271,0.93,15.099,1.928,59.953,370.701,2.603,96.12,6.683,1.032
20150829,16.83,14.332,3.584,18.614,4.329,178.307,351.311,4.756,96.635,0.0,1.251
20150830,22.153,18.927,4.014,24.458,5.427,217.171,362.93,9.087,96.228,0.0,1.462
20150831,23.723,20.547,1.513,25.992,4.736,218.844,359.649,12.409,95.68,0.0,1.656
20150901,17.137,15.79,2.747,18.099,2.701,116.156,358.616,4.052,95.486,15.77,2.607
20150902,13.454,11.812,1.276,14.732,2.519,156.243,329.723,4.216,96.014,0.077,1.859
20150903,12.759,10.959,0.676,14.158,2.089,170.047,321.662,3.793,95.779,1.213,1.081
20150904,11.614,9.757,1.5,13.059,2.325,170.906,307.013,4.169,95.773,0.182,3.017
20150905,11.211,9.571,0.401,12.487,1.582,132.93,325.662,2.824,95.692,2.89,4.67
20150906,10.117,9.135,0.93,10.881,1.553,98.505,326.309,2.876,96.18,1.366,5.478
20150907,11.425,10.047,1.024,12.497,1.927,99.02,337.057,2.425,96.578,3.659,3.427
20150908,11.716,9.944,1.502,13.095,2.147,109.909,330.918,3.059,96.733,0.368,1.873
20150909,11.515,9.754,0.99,12.885,2.338,141.559,321.414,3.823,96.7,0.261,2.558
20150910,10.661,8.814,1.629,12.097,2.847,143.628,313.044,3.215,96.653,0.469,3.03
20150911,10.942,9.445,1.954,12.107,3.011,150.364,317.606,2.618,96.269,0.131,2.739
20150912,13.72,11.774,5.079,15.234,5.463,173.292,326.069,4.684,95.95,1.353,1.814
20150913,16.762,15.543,0.774,17.71,1.912,112.003,360.008,3.622,95.497,4.46,1.894
20150914,14.16,12.827,0.943,15.197,1.539,93.848,336.456,2.649,94.892,3.149,3.197
20150915,11.929,10.623,1.396,13.033,2.236,118.509,309.434,3.743,95.171,1.212,3.998
20150916,13.456,12.973,2.998,13.866,1.708,58.097,353.156,2.672,94.563,5.094,3.582
20150917,14.434,13.547,1.289,15.25,1.295,71.542,349.575,2.947,94.731,8.14,4.406
20150918,12.389,10.846,1.122,13.809,2.415,133.121,314.554,2.679,95.949,0.345,2.681
20150919,11.768,10.134,0.987,13.271,1.805,114.991,318.42,2.532,96.392,2.077,2.3
20150920,11.171,10.56,0.329,11.733,1.132,123.245,333.357,2.32,96.546,1.799,3.045
20150921,11.937,10.266,0.66,13.474,2.098,102.902,334.999,3.015,95.977,0.117,2.244
20150922,11.318,10.314,0.411,12.243,1.101,81.169,332.471,2.308,94.907,6.06,3.126
20150923,10.452,9.766,0.657,11.082,1.455,93.319,321.099,2.32,95.256,0.741,2.768
20150924,11.609,10.121,0.888,12.977,1.75,100.654,333.164,3.147,96.171,0.03,2.799
20150925,11.414,9.846,1.512,12.857,2.164,77.158,337.146,3.358,96.456,0.269,1.881
20150926,10.004,8.19,0.906,11.673,2.111,110.987,306.658,2.578,96.891,0.31,1.812
20150927,8.844,6.447,1.458,11.05,3.119,105.335,311.551,3.048,97.428,0.044,1.801
20150928,8.327,5.819,2.104,10.635,3.57,121.739,304.553,3.084,97.836,0.001,1.769
20150929,8.613,7.198,1.858,10.028,2.956,97.335,308.812,2.907,97.84,0.002,3.111
20150930,8.593,6.883,1.805,10.303,3.338,151.013,284.635,3.709,97.696,0.0,3.091
20151001,7.517,5.424,2.011,9.611,3.841,159.373,269.21,3.789,97.375,0.0,2.725
20151002,7.848,5.232,4.244,10.463,5.568,158.918,271.065,4.082,96.81,0.0,2.503
20151003,10.449,8.153,3.336,12.745,4.983,143.081,304.515,3.771,95.958,0.08,1.709
20151004,10.793,8.734,2.537,12.852,3.993,121.85,314.868,2.708,95.981,0.003,1.742
20151005,11.866,10.257,1.418,13.475,2.705,104.899,329.347,3.026,95.863,0.023,2.072
20151006,13.399,12.522,1.903,14.354,2.295,55.466,356.144,2.301,95.129,7.523,2.454
20151007,14.389,13.501,0.492,15.354,1.224,63.393,353.455,2.41,95.514,1.966,1.904
20151008,12.501,12.001,0.453,13.045,0.81,58.116,351.649,2.165,96.195,2.587,2.33
20151009,10.917,10.21,1.081,11.684,0.696,32.332,356.896,0.886,96.377,2.34,1.856
20151010,6.372,5.747,1.616,7.051,1.409,128.401,285.062,2.427,96.355,0.001,3.249
20151011,2.781,1.49,1.237,4.185,2.724,137.247,248.328,2.819,96.239,0.0,4.288
20151012,1.883,0.84,2.217,3.117,3.279,132.876,251.293,2.238,96.247,0.0,3.219
20151013,1.105,0.972,0.821,1.263,1.004,67.765,294.778,1.235,96.084,1.066,3.391
20151014,0.913,0.937,0.285,0.884,0.407,38.295,313.925,0.848,96.069,7.062,2.208
20151015,3.428,2.884,1.716,4.071,1.161,8.796,329.476,0.642,95.829,11.114,1.35
20151016,5.24,5.051,0.439,5.464,0.417,11.88,334.941,0.701,95.961,1.486,1.564
20151017,5.815,5.682,0.498,5.973,0.597,38.475,330.762,1.025,96.117,4.64,0.892
20151018,5.851,5.577,0.503,6.175,1.072,55.618,311.387,1.376,96.179,0.271,0.884
20151019,4.551,4.303,1.769,4.845,1.269,30.271,321.886,0.664,96.329,2.558,1.503
20151020,6.843,6.577,0.412,7.157,0.789,15.951,337.092,0.856,96.406,3.017,2.114
20151021,6.929,6.108,0.826,7.899,1.549,58.71,315.887,1.7,96.294,0.129,1.715
20151022,7.542,7.138,2.034,8.018,1.099,16.193,335.765,1.23,95.888,0.566,3.374
20151023,8.491,7.352,1.825,9.837,1.666,82.874,308.625,2.308,96.593,0.029,2.145
20151024,5.484,4.337,2.381,6.959,2.714,91.038,285.994,1.31,96.266,0.0,2.017
20151025,8.092,7.175,0.971,9.27,1.066,40.443,331.401,0.959,96.606,0.052,1.722
20151026,7.584,6.722,0.824,8.792,1.357,50.716,324.263,0.988,96.613,0.001,2.641
20151027,6.42,5.194,1.586,8.135,3.004,90.833,290.74,1.243,96.156,0.0,1.854
20151028,5.636,5.037,1.643,6.476,1.733,60.101,311.36,0.928,95.69,0.017,1.566
20151029,7.418,6.88,2.474,8.171,2.353,40.459,328.815,0.863,96.14,0.154,1.389
20151030,8.503,7.514,0.916,9.887,0.966,49.481,333.925,1.215,97.017,0.118,1.843
20151031,7.108,5.935,1.261,8.75,2.764,88.395,288.606,1.69,97.178,0.001,2.473
20151101,7.9,6.453,2.614,9.927,4.439,90.629,272.612,3.424,97.323,0.0,1.566
20151102,5.716,3.793,1.473,8.408,4.635,92.395,257.129,2.65,97.077,0.0,1.374
20151103,4.32,2.589,2.984,6.742,5.299,90.342,255.315,2.434,96.504,0.0,1.45
20151104,7.1,5.187,4.101,9.778,3.844,78.313,300.043,2.42,96.4,0.205,2.159
20151105,9.818,8.392,1.671,11.815,3.502,74.572,308.673,2.503,96.467,0.012,1.961
20151106,11.74,11.061,1.686,12.69,1.799,45.516,340.86,2.522,96.467,0.659,2.876
20151107,14.618,13.961,1.401,15.538,1.183,37.192,362.357,2.094,96.613,1.929,3.968
20151108,12.27,12.195,2.149,12.374,1.241,58.744,319.484,3.087,96.923,0.099,3.047
20151109,13.189,12.61,0.489,14.0,0.538,34.884,336.813,3.757,96.394,0.894,5.174
20151110,12.886,12.764,0.367,13.072,0.329,25.192,359.095,3.753,96.469,0.142,5.395
20151111,11.162,10.492,2.116,12.186,0.58,50.022,322.581,2.745,96.63,0.898,3.705
20151112,9.92,9.146,0.835,11.102,1.256,30.682,332.908,2.811,96.802,0.104,2.881
20151113,9.062,8.587,0.965,9.853,1.067,39.116,318.501,2.086,96.46,3.418,4.09
20151114,5.739,5.51,0.663,6.119,0.876,41.682,298.078,2.152,96.57,4.141,5.1
20151115,9.613,9.038,2.465,10.571,1.491,11.794,349.475,1.607,95.435,12.8,6.658
20151116,9.448,9.452,0.941,9.441,0.401,50.593,327.464,2.261,95.735,0.451,4.549
20151117,10.736,10.58,1.67,10.997,1.161,21.078,350.558,1.785,95.286,6.23,5.675
20151118,11.164,11.159,1.374,11.171,0.283,31.142,327.41,4.398,95.422,1.599,7.326
20151119,9.595,9.087,1.554,10.441,0.453,33.248,326.037,2.823,95.406,13.369,6.017
20151120,5.673,5.322,1.503,6.259,0.489,21.346,308.86,1.703,94.79,1.985,3.734
20151121,2.279,1.707,0.785,3.231,0.803,41.938,269.786,1.539,94.032,0.62,2.944
20151122,0.071,-0.227,0.545,0.566,0.637,49.184,272.237,1.162,94.649,2.796,3.964
20151123,-0.44,-1.103,0.877,0.667,0.935,33.788,269.691,1.073,96.149,1.102,2.769
20151124,-0.106,-0.51,1.287,0.568,0.89,25.088,283.614,1.313,96.148,0.561,3.94
20151125,1.23,1.207,1.05,1.27,0.574,28.965,303.907,1.006,94.944,2.62,3.34
20151126,2.513,1.932,0.536,3.482,0.761,25.314,305.132,1.072,95.731,0.417,2.068
20151127,-0.344,-0.818,0.678,0.446,1.44,37.678,272.482,0.948,96.086,0.008,2.456
20151128,0.892,0.422,1.559,1.749,1.484,21.544,284.354,1.368,95.416,2.948,4.709
20151129,4.833,4.836,2.742,4.828,1.22,14.96,319.289,1.448,95.289,11.564,6.861
20151130,6.412,7.119,0.991,5.121,0.34,26.408,320.562,2.042,95.606,18.89,6.209
20151201,6.639,7.202,1.385,5.614,0.388,25.936,328.382,1.541,96.321,3.993,3.946
20151202,7.856,7.689,1.375,8.162,0.274,25.492,311.681,2.195,96.955,0.062,3.383
20151203,4.334,3.715,1.035,5.463,1.939,46.689,263.034,1.889,97.105,0.0,2.102
20151204,4.549,4.15,0.701,5.276,0.922,10.681,296.907,1.532,96.902,0.956,4.456
20151205,3.987,3.779,0.923,4.367,1.244,39.675,265.67,1.648,97.062,0.004,4.886
20151206,6.046,5.877,1.405,6.355,1.219,34.219,288.003,2.056,96.695,0.025,5.684
20151207,7.644,6.888,1.431,9.023,0.892,18.617,321.581,1.629,97.381,0.575,2.389
20151208,4.454,3.616,1.478,5.983,3.275,45.533,277.635,1.337,97.33,0.012,1.866
20151209,4.291,3.425,1.734,5.872,0.482,23.016,304.859,1.216,97.553,1.039,2.773
20151210,1.296,0.769,0.382,2.259,1.061,31.023,262.196,1.101,97.54,0.003,3.488
20151211,1.918,2.126,1.674,1.54,0.775,13.206,302.293,1.139,96.598,4.421,5.147
20151212,4.312,4.467,1.029,4.028,0.938,36.784,297.224,1.48,96.363,2.161,3.882
20151213,4.958,4.659,3.185,5.504,1.25,15.696,308.939,1.898,96.121,0.67,4.077
20151214,2.554,2.26,2.202,3.088,1.556,15.841,301.613,0.943,96.509,0.115,1.775
20151215,4.462,4.106,0.497,5.112,0.839,24.251,309.254,1.215,96.623,0.066,1.853
20151216,5.905,5.872,1.477,5.965,0.897,15.014,330.282,0.94,96.781,1.779,2.774
20151217,10.155,9.906,0.847,10.61,0.538,9.382,346.524,1.264,96.621,0.594,3.949
20151218,9.778,9.552,0.863,10.191,0.448,18.227,332.745,1.723,96.5,2.103,3.391
20151219,8.953,8.415,0.749,9.934,0.879,25.499,318.603,1.624,96.558,0.018,3.118
20151220,7.941,7.659,1.008,8.453,1.501,27.569,304.837,2.023,96.282,0.07,3.657
20151221,8.1,8.046,0.243,8.197,0.351,26.891,314.146,2.038,96.373,2.933,5.173
20151222,9.303,9.198,0.611,9.495,0.845,14.937,332.369,2.455,96.536,0.647,5.949
20151223,7.88,7.298,1.453,8.942,0.653,13.044,306.523,2.463,96.679,0.012,4.731
20151224,7.301,6.897,2.489,8.038,1.682,32.019,303.393,1.782,96.682,0.126,3.799
20151225,8.554,8.915,0.694,7.897,0.627,17.388,322.588,2.168,96.868,2.088,4.188
20151226,10.084,9.606,0.792,10.956,1.032,39.877,294.507,2.776,96.836,0.0,5.197
20151227,7.405,7.261,0.839,7.667,1.215,35.149,288.207,1.806,96.948,0.0,4.405
20151228,5.511,5.368,1.174,5.772,1.801,38.534,284.84,1.207,97.221,0.0,1.862
20151229,3.586,3.03,0.724,4.601,1.446,38.644,281.792,0.825,97.054,0.016,2.353
20151230,2.367,1.675,1.125,3.628,0.538,27.428,284.921,1.21,97.109,0.002,2.473
20151231,0.43,0.265,1.112,0.731,0.594,11.444,281.118,1.294,96.508,3.526,3.133
20160101,2.474,2.259,0.495,2.867,0.585,18.315,310.356,0.847,96.752,0.028,2.042
20160102,-0.657,-0.659,0.822,-0.655,0.595,18.335,293.148,0.706,95.974,1.074,3.683
20160103,-2.341,-2.428,0.264,-2.184,0.344,15.624,304.819,0.746,95.233,2.358,3.59
20160104,-3.517,-3.442,0.557,-3.654,0.643,14.544,301.888,0.625,93.746,6.057,2.581
20160105,-1.121,-1.625,0.818,-0.202,0.485,19.655,313.535,0.525,93.938,2.643,1.449
20160106,-3.654,-3.563,0.21,-3.818,0.286,10.857,306.761,0.596,94.415,1.109,1.717
20160107,-1.061,-1.268,2.357,-0.684,1.253,24.316,304.177,0.8,94.216,2.647,2.93
20160108,2.402,1.784,1.463,3.529,0.912,46.388,253.244,1.964,94.58,0.117,4.623
20160109,-0.67,-1.204,1.644,0.304,2.244,40.715,250.463,0.838,94.721,0.0,1.763
20160110,3.631,3.075,0.737,4.643,1.039,35.289,293.332,1.24,94.015,2.669,3.356
20160111,3.012,2.879,0.47,3.255,0.791,15.996,315.748,0.916,93.524,6.22,2.582
20160112,3.351,3.148,0.352,3.721,0.461,26.728,302.878,1.375,93.827,3.748,4.146
20160113,2.111,1.821,0.597,2.638,0.389,27.596,286.912,1.334,94.954,4.004,4.428
20160114,0.996,0.807,0.55,1.341,1.071,39.683,284.952,1.376,95.228,0.581,3.352
20160115,0.284,0.209,0.364,0.409,0.447,27.495,291.857,1.071,94.976,2.069,2.442
20160116,-0.978,-1.046,0.327,-0.863,0.249,32.295,286.88,1.225,95.968,3.379,2.884
20160117,-2.598,-2.611,1.069,-2.576,0.184,35.304,269.921,1.056,96.368,1.119,2.237
20160118,-6.672,-7.306,1.39,-5.614,1.171,51.851,241.568,0.724,96.356,0.168,1.216
20160119,-8.416,-8.726,2.344,-7.901,3.116,59.543,222.956,0.784,95.842,0.026,1.678
20160120,-3.237,-3.465,1.577,-2.858,0.927,33.361,279.746,0.921,95.864,1.817,3.225
20160121,-6.267,-6.725,2.309,-5.503,0.944,46.4,246.968,0.685,96.829,0.05,1.27
20160122,-9.899,-10.224,3.606,-9.357,4.208,63.654,224.443,0.622,97.07,0.001,2.347
20160123,0.455,-0.293,2.759,1.7,0.913,18.299,320.699,0.819,97.082,3.428,3.916
20160124,2.476,2.273,0.717,2.814,0.882,20.889,319.649,1.033,97.346,1.217,2.95
20160125,5.808,5.157,1.221,6.893,1.048,23.288,323.164,0.997,96.944,0.043,3.21
20160126,6.71,6.463,1.083,7.121,0.876,22.343,315.186,1.735,96.582,1.071,4.157
20160127,8.322,8.084,1.239,8.718,0.947,31.283,323.499,3.245,95.99,1.182,5.772
20160128,5.519,5.25,3.761,5.967,0.532,48.471,296.744,2.684,96.357,1.802,3.858
20160129,3.534,3.05,2.981,4.34,2.224,53.738,282.13,2.21,96.642,0.045,4.944
20160130,5.166,4.731,1.33,5.891,0.507,21.017,320.776,1.796,95.515,9.457,6.46
20160131,2.403,2.225,1.267,2.701,1.006,40.414,290.544,1.533,95.258,3.195,4.607
20160201,8.798,8.052,1.398,9.936,0.465,10.151,343.768,2.044,95.689,5.743,5.723
20160202,7.781,7.303,2.12,8.51,0.392,16.804,330.117,2.066,95.635,12.087,6.139
20160203,2.882,2.429,0.885,3.515,0.603,59.346,272.332,2.03,95.82,0.635,4.654
20160204,1.543,1.434,0.292,1.695,0.479,32.395,300.634,1.232,96.289,3.058,3.966
20160205,2.798,3.096,2.123,2.38,1.001,23.218,320.885,0.959,96.636,1.865,3.53
20160206,6.494,6.156,0.633,6.969,1.823,72.312,281.234,2.218,95.75,0.0,4.021
20160207,5.853,5.149,0.858,6.839,1.706,61.485,284.367,2.558,94.78,0.292,4.03
20160208,5.665,5.078,0.231,6.487,0.852,43.248,301.722,2.527,94.21,6.847,6.763
20160209,5.641,5.747,1.265,5.492,0.733,32.994,303.498,2.472,93.61,8.348,6.587
20160210,2.098,2.052,0.327,2.163,0.341,50.947,290.345,1.601,93.715,3.392,4.636
20160211,2.017,1.379,1.026,2.911,1.036,71.078,277.389,1.66,94.642,0.587,3.656
20160212,0.965,0.135,0.95,2.127,1.522,61.754,277.39,1.501,94.534,0.077,1.874
20160213,-0.057,-0.544,1.989,0.623,2.469,81.723,268.834,1.313,93.68,1.393,2.734
20160214,2.966,2.325,0.978,3.862,1.032,35.596,317.134,0.971,93.252,5.22,1.821
20160215,1.018,0.849,1.076,1.256,0.442,47.2,304.394,1.025,95.397,2.075,2.703
20160216,-2.413,-2.465,0.657,-2.341,0.51,71.158,268.942,1.475,97.543,0.03,2.351
20160217,-1.776,-2.135,0.768,-1.273,0.944,54.017,277.816,1.024,96.503,2.14,2.799
20160218,0.698,0.011,1.344,1.582,1.001,72.502,269.08,1.796,95.84,0.037,1.935
20160219,-0.514,-1.384,1.667,0.606,1.947,73.032,265.925,1.563,96.145,0.005,1.886
20160220,2.196,2.255,2.562,2.128,0.633,23.11,301.035,1.208,95.611,7.316,5.262
20160221,8.976,9.131,1.088,8.793,0.828,8.962,347.05,1.697,95.19,6.255,6.468
20160222,6.942,6.041,3.547,8.006,0.455,11.914,336.168,2.046,94.94,10.505,5.898
20160223,1.646,0.987,0.618,2.426,1.303,81.548,283.211,1.512,95.378,3.013,2.87
20160224,0.866,-0.138,1.604,2.052,0.89,95.908,271.494,1.573,95.86,1.31,2.767
20160225,-1.182,-2.069,1.451,-0.134,1.757,92.975,255.499,1.344,95.514,0.341,2.284
20160226,-0.221,-1.031,0.535,0.737,1.501,79.014,271.036,1.74,95.577,0.244,1.773
20160227,-0.574,-1.637,1.741,0.681,2.574,111.07,252.857,1.924,95.354,0.006,2.927
20160228,-0.285,-1.168,1.965,0.758,2.159,95.904,258.991,1.791,95.865,0.01,3.307
20160229,-0.181,-0.499,0.575,0.195,0.779,88.388,272.832,1.933,96.228,0.42,4.728
20160301,-0.767,-1.013,1.856,-0.477,2.125,88.094,285.725,1.612,95.995,1.538,2.803
20160302,2.582,1.533,0.4,3.823,0.799,31.307,304.641,1.405,94.498,2.917,4.132
20160303,2.026,1.041,0.955,3.19,1.259,89.959,278.285,2.094,94.503,0.245,2.689
20160304,2.233,1.547,2.187,3.045,2.103,83.426,290.902,2.153,94.502,0.335,3.172
20160305,3.596,3.183,0.64,4.045,1.177,43.085,314.367,1.526,93.941,8.122,2.152
20160306,1.736,1.198,0.627,2.274,0.612,99.357,289.633,1.182,94.229,3.66,1.888
20160307,0.636,-0.315,0.809,1.586,1.505,106.518,271.218,1.379,94.746,1.238,1.169
20160308,-0.346,-1.906,1.674,1.213,2.868,122.238,256.401,1.467,95.65,0.448,1.595
20160309,0.93,-0.724,1.929,2.583,2.815,145.56,243.841,2.214,95.508,0.0,2.964
20160310,1.253,0.814,2.029,1.693,1.907,77.693,300.778,1.327,96.076,0.91,2.24
20160311,2.644,2.264,0.532,3.023,0.677,64.757,310.664,1.478,96.912,0.385,2.165
20160312,1.084,0.865,0.487,1.304,0.225,54.965,305.208,1.497,97.242,0.627,2.547
20160313,0.764,0.172,0.68,1.356,0.356,83.894,299.667,1.494,97.575,0.075,3.408
20160314,1.403,0.384,1.955,2.422,2.876,150.217,265.026,2.437,97.468,0.118,2.801
20160315,2.164,1.2,1.183,3.128,1.605,59.828,296.778,1.662,96.839,2.232,2.674
20160316,2.282,1.678,1.045,2.887,1.636,98.059,280.759,2.152,97.134,0.267,4.349
20160317,4.118,2.378,3.793,5.859,4.345,176.208,250.473,3.184,96.965,0.0,1.931
20160318,3.201,1.445,2.505,4.957,2.712,162.991,276.22,2.085,96.281,0.061,2.438
20160319,3.557,3.123,0.57,3.956,0.993,62.932,313.012,1.917,96.264,0.36,1.613
20160320,3.757,3.69,0.925,3.82,1.098,63.648,316.058,1.935,96.023,0.521,3.498
20160321,4.696,4.252,0.553,5.105,1.09,93.707,314.758,2.012,95.867,1.807,3.775
20160322,4.385,3.971,0.472,4.767,1.132,111.168,306.619,1.944,95.527,1.974,3.098
20160323,4.563,3.909,0.841,5.165,1.331,80.044,306.125,1.806,95.288,1.484,2.316
20160324,4.379,3.604,1.849,5.034,2.424,153.548,282.401,3.005,95.631,0.273,2.078
20160325,4.837,4.384,0.307,5.22,0.646,57.797,319.984,1.435,95.568,5.879,3.081
20160326,6.902,5.626,0.902,7.983,2.128,108.47,305.754,2.333,96.051,0.041,2.661
20160327,6.528,5.341,0.941,7.532,1.503,98.575,287.261,2.601,95.415,0.446,3.84
20160328,6.328,4.811,1.593,7.611,2.174,105.977,287.027,2.687,94.868,0.765,4.224
20160329,6.033,4.963,0.702,6.939,1.84,171.499,285.981,2.867,95.066,5.141,4.822
20160330,6.689,5.369,1.073,7.807,1.023,102.023,309.069,2.201,95.363,5.166,3.287
20160331,4.464,4.0,1.483,4.856,0.635,34.07,323.941,1.16,95.569,12.736,2.757
20160401,3.894,2.287,0.768,5.145,2.116,174.042,284.775,2.156,96.234,4.911,2.346
20160402,7.055,4.574,3.853,8.986,4.808,207.072,279.39,3.4,96.177,0.001,2.029
20160403,12.404,10.64,4.701,13.776,4.684,205.461,307.614,5.768,95.602,0.0,1.767
20160404,13.251,11.679,0.908,14.474,3.345,175.602,321.423,4.969,95.202,2.031,1.838
20160405,11.393,9.659,0.992,12.742,2.647,138.199,330.518,3.345,95.112,4.721,2.328
20160406,9.759,8.965,1.556,10.376,2.145,165.487,304.888,4.229,95.34,0.16,4.212
20160407,7.28,6.31,1.87,8.035,1.513,172.235,291.484,3.868,95.282,1.399,3.301
20160408,5.592,3.254,2.565,7.41,3.579,177.147,274.875,3.843,95.487,0.0,1.689
20160409,6.27,4.22,2.966,7.864,4.188,183.475,283.175,4.024,95.323,0.0,1.703
20160410,7.363,4.944,1.43,9.244,2.88,179.191,290.72,3.816,95.645,0.0,2.635
20160411,6.295,4.876,2.678,7.31,2.629,139.973,305.654,2.487,95.798,0.028,2.873
20160412,8.866,6.264,1.846,10.725,3.592,153.223,302.478,3.245,95.429,0.666,1.739
20160413,8.671,6.896,1.555,9.939,2.381,158.573,311.401,2.747,95.161,3.676,1.566
20160414,9.003,7.492,1.671,10.082,2.552,191.718,294.366,3.966,95.461,0.718,2.525
20160415,8.785,7.054,1.327,9.92,2.52,143.03,309.201,2.91,94.927,6.166,3.181
20160416,9.671,8.717,0.618,10.296,0.966,151.868,309.115,3.003,94.67,1.71,3.961
20160417,6.107,5.338,1.887,6.611,1.088,171.539,300.365,2.591,95.327,4.213,2.185
20160418,5.594,3.04,3.355,7.268,3.947,210.007,272.04,4.019,96.265,0.001,2.196
20160419,7.245,5.691,1.196,8.264,1.899,158.959,291.648,4.02,96.649,0.915,3.568
20160420,5.824,3.427,1.66,7.394,3.512,229.648,274.547,3.705,97.148,0.004,2.1
20160421,8.503,5.474,3.946,10.488,5.389,268.193,268.719,5.4,96.695,0.0,1.281
20160422,7.266,5.159,2.275,8.647,3.494,254.867,276.198,4.378,96.096,0.0,1.622
20160423,4.129,3.56,1.703,4.502,0.962,115.99,293.161,2.88,95.477,1.021,2.73
20160424,1.888,0.229,0.705,2.975,1.449,217.558,268.984,2.124,95.42,1.663,3.227
20160425,2.4,0.781,1.584,3.461,2.081,220.215,280.492,2.079,95.076,6.982,4.053
20160426,2.658,1.744,0.334,3.257,1.489,236.222,277.196,1.824,94.322,5.28,4.378
20160427,2.521,2.037,0.249,2.837,1.049,159.913,290.076,1.687,94.774,4.992,5.363
20160428,3.59,1.854,0.859,4.728,1.977,239.046,278.415,2.308,95.669,2.243,2.99
20160429,5.282,1.938,2.996,7.473,3.872,210.125,275.833,3.855,96.007,0.351,3.048
20160430,7.897,4.486,3.305,9.767,4.305,212.673,296.061,4.519,96.029,0.188,1.949
20160501,9.409,6.891,1.227,10.79,3.602,234.983,296.103,4.273,96.482,0.215,3.628
20160502,10.217,6.349,2.322,12.338,4.638,282.89,280.961,5.569,96.59,0.0,1.842
20160503,7.681,5.629,1.133,8.807,2.205,170.967,299.716,2.777,96.311,2.443,2.886
20160504,7.129,5.303,2.728,8.131,3.456,245.665,276.614,4.196,97.051,0.308,2.363
20160505,9.802,6.843,3.617,11.425,4.655,247.301,287.182,5.043,96.855,0.0,2.465
20160506,14.403,10.645,3.675,16.464,5.019,287.61,295.562,7.927,96.117,0.0,3.128
20160507,15.379,11.987,3.018,17.239,4.499,296.858,293.937,9.147,95.819,0.0,3.415
20160508,15.085,12.558,2.343,16.47,3.731,292.69,295.692,8.17,95.94,0.0,4.27
20160509,15.413,12.776,2.526,16.859,3.817,291.144,301.565,7.398,95.993,0.0,4.17
20160510,15.717,13.066,2.397,17.171,3.828,268.395,313.918,7.492,95.611,0.11,3.458
20160511,15.385,12.948,1.967,16.722,3.356,280.679,308.556,6.86,95.163,0.0,3.491
20160512,15.549,13.034,1.819,16.928,3.143,251.318,310.55,7.516,94.582,0.033,4.14
20160513,14.134,11.461,1.005,15.6,2.899,255.095,313.27,6.055,94.554,0.469,2.764
20160514,7.393,6.873,2.056,7.678,1.144,236.844,287.779,3.936,95.23,0.168,4.301
20160515,5.477,4.13,0.724,6.216,1.489,243.829,290.208,2.572,95.887,1.808,4.469
20160516,6.277,4.713,1.336,7.135,2.13,262.375,279.921,3.573,96.092,0.965,3.239
20160517,8.684,7.515,2.14,9.326,2.467,166.397,314.633,3.973,95.987,1.041,3.448
20160518,11.741,9.353,1.553,13.051,2.874,180.089,323.628,5.803,95.542,0.272,2.379
20160519,11.626,10.197,1.907,12.34,2.339,162.992,330.624,3.834,95.45,3.763,1.687
20160520,13.056,10.72,2.932,14.118,3.537,182.736,329.273,5.573,96.141,0.007,2.564
20160521,15.503,13.048,1.231,16.62,3.149,199.668,335.231,6.391,96.087,0.079,2.264
20160522,18.246,13.881,2.524,20.231,4.735,281.837,331.857,9.655,95.428,0.867,2.763
20160523,13.944,12.844,0.78,14.443,1.166,176.792,347.724,3.636,95.385,4.248,2.47
20160524,9.876,10.638,1.089,9.53,0.432,45.22,353.673,1.102,95.614,21.104,3.86
20160525,11.126,10.338,1.483,11.484,1.794,158.382,348.515,2.67,95.861,0.099,1.45
20160526,13.791,11.499,1.295,14.833,2.786,163.798,343.108,4.861,96.005,1.091,0.93
20160527,13.164,11.339,1.535,13.993,2.409,145.155,332.952,3.217,95.996,1.563,1.8
20160528,15.77,13.867,1.981,16.635,3.192,232.964,342.689,4.281,95.747,0.143,2.099
20160529,16.514,15.458,1.551,16.994,2.321,123.19,366.958,2.968,95.133,16.031,2.1
20160530,16.647,15.003,0.883,17.395,1.416,194.101,355.754,3.601,94.843,6.344,2.197
20160531,15.888,13.353,1.64,17.04,2.779,202.198,341.417,5.059,95.445,0.028,1.377
20160601,15.213,13.757,0.65,15.874,1.236,85.406,362.195,1.78,95.519,10.665,1.635
20160602,14.924,12.995,1.077,15.802,1.743,185.927,355.023,2.113,95.478,4.529,1.331
20160603,15.641,13.402,2.225,16.658,2.861,156.251,352.472,3.003,95.532,6.042,1.813
20160604,17.205,14.814,2.268,18.292,2.974,230.25,343.627,4.883,95.681,0.828,1.646
20160605,18.178,14.958,2.222,19.642,3.504,288.811,334.928,6.288,96.022,0.849,1.412
20160606,18.686,15.595,1.318,20.091,3.597,287.434,336.076,6.967,96.414,0.205,1.651
20160607,17.777,13.783,1.644,19.592,4.059,317.996,319.855,8.383,96.562,0.0,1.831
20160608,16.921,14.106,1.44,18.2,2.632,263.622,331.176,6.072,96.23,1.111,1.951
20160609,12.801,11.401,1.085,13.438,2.106,146.262,336.768,3.493,96.11,0.438,2.322
20160610,14.102,10.911,2.283,15.553,3.62,310.235,307.646,6.578,95.693,0.015,2.05
20160611,14.242,12.548,1.183,15.012,2.316,184.172,334.484,4.804,95.539,0.369,1.275
20160612,14.212,12.438,1.113,15.019,1.981,148.735,344.381,2.597,95.264,8.738,1.247
20160613,14.064,12.436,0.382,14.804,1.531,140.406,345.788,2.166,94.706,8.955,1.607
20160614,14.377,12.541,0.854,15.211,2.038,214.434,338.272,3.116,94.492,3.7,2.368
20160615,13.469,11.976,0.566,14.148,1.592,205.582,329.182,2.885,94.552,9.019,2.201
20160616,13.392,11.493,1.99,14.256,2.448,215.339,326.364,3.162,94.805,1.427,1.316
20160617,13.849,12.276,0.816,14.565,1.495,202.092,335.292,3.102,95.003,2.487,3.08
20160618,13.651,11.399,0.959,14.675,1.93,235.854,323.233,3.265,95.903,3.672,3.086
20160619,12.847,11.125,0.587,13.63,1.286,202.822,328.673,3.087,96.546,1.886,2.432
20160620,14.685,12.126,2.88,15.848,4.105,296.19,317.439,5.972,96.421,2.458,2.499
20160621,16.975,15.068,1.983,17.841,2.711,184.723,361.106,5.253,96.353,2.083,2.89
20160622,19.908,17.569,2.225,20.971,3.142,193.984,372.332,6.999,96.704,0.517,1.739
20160623,23.06,18.692,2.943,25.045,5.025,318.488,348.598,11.464,96.477,0.0,2.373
20160624,22.879,18.679,1.141,24.788,4.033,297.763,361.648,9.712,96.121,0.525,1.53
20160625,18.664,15.554,1.969,20.078,2.394,184.457,383.361,4.005,95.719,4.897,2.268
20160626,15.1,12.466,0.577,16.184,2.724,222.899,333.872,5.827,96.123,0.104,2.84
20160627,14.922,12.822,2.225,15.786,2.831,226.695,330.274,5.351,96.248,0.182,3.156
20160628,15.852,14.617,0.836,16.413,2.138,189.048,349.309,5.571,96.135,0.413,1.746
20160629,17.338,14.568,0.689,18.597,2.322,273.208,335.154,6.825,95.664,1.713,3.335
20160630,16.657,14.468,2.078,17.652,2.617,203.003,350.234,5.213,95.79,0.768,2.55
20160701,19.06,16.811,1.781,20.083,2.599,235.722,347.653,7.55,95.878,0.633,3.455
20160702,14.786,14.294,3.242,15.009,1.298,130.305,343.578,4.092,95.839,4.303,3.142
20160703,12.524,9.603,1.216,13.852,2.523,268.613,309.447,4.146,96.368,3.707,2.739
20160704,14.718,11.256,3.419,16.291,4.117,207.569,329.284,5.974,96.451,0.359,1.318
20160705,16.64,13.433,1.34,18.098,2.645,222.728,342.094,5.633,95.892,1.708,3.618
20160706,13.928,11.987,1.039,14.81,2.451,208.291,326.035,6.136,96.234,0.494,4.455
20160707,14.972,12.167,3.373,16.247,4.294,287.556,316.808,7.368,96.475,0.0,1.611
20160708,17.914,14.859,1.928,19.302,3.592,217.496,344.074,8.176,96.042,1.153,2.871
20160709,17.722,15.335,1.449,18.807,2.919,211.667,347.263,7.437,96.229,0.196,3.077
20160710,21.051,17.729,3.588,22.561,4.603,270.177,354.897,9.799,95.81,0.0,2.395
20160711,21.629,19.114,1.087,22.773,2.049,238.531,361.92,10.332,95.442,0.061,3.282
20160712,17.894,15.803,0.801,18.845,2.115,203.809,348.154,8.228,95.67,0.003,2.334
20160713,15.34,13.785,0.561,16.047,1.837,200.587,343.05,5.092,95.688,3.879,1.651
20160714,13.131,12.161,0.547,13.572,1.56,157.284,340.745,4.501,96.029,1.458,4.008
20160715,13.22,11.672,1.055,13.923,2.275,158.28,341.067,4.983,96.661,0.449,3.763
20160716,15.776,13.218,4.273,16.939,3.96,183.16,346.609,6.287,96.764,0.006,2.504
20160717,18.636,16.847,0.683,19.531,1.83,196.514,355.429,4.873,96.465,4.344,2.573
20160718,18.545,15.272,2.143,20.182,3.894,252.611,335.203,8.579,96.512,0.001,2.384
20160719,20.323,15.933,3.334,22.518,4.708,297.15,337.975,10.887,96.534,0.0,1.447
20160720,22.593,18.249,3.409,24.765,5.03,303.856,344.174,13.848,96.122,0.0,2.025
20160721,19.266,18.101,0.787,19.849,0.76,114.009,371.639,4.603,95.901,10.808,1.961
20160722,20.513,17.141,2.205,22.2,3.653,265.069,362.743,7.647,96.035,0.553,1.684
20160723,19.256,17.662,0.927,20.052,2.056,184.813,363.577,7.305,96.194,0.281,1.906
20160724,20.769,17.967,2.332,22.17,3.298,255.931,355.765,9.14,96.265,0.001,1.132
20160725,21.158,18.599,0.759,22.438,2.712,201.532,367.528,7.139,96.229,0.858,1.272
20160726,19.941,17.802,0.666,21.011,2.325,225.7,360.637,6.078,96.354,0.641,1.325
20160727,18.924,16.879,0.788,19.947,2.668,214.884,361.099,5.45,96.068,4.25,1.475
20160728,18.012,15.733,1.604,19.152,2.514,200.233,356.612,5.758,96.005,2.987,2.099
20160729,17.825,15.917,0.921,18.779,2.211,203.624,350.893,4.561,95.752,1.04,2.807
20160730,18.215,15.911,1.174,19.367,2.751,178.292,354.751,6.461,95.718,0.739,2.299
20160731,16.614,13.958,0.793,17.942,2.077,169.906,353.856,5.104,95.717,1.0,2.115
20160801,15.007,12.782,1.35,16.227,2.68,227.737,330.901,5.812,96.224,0.851,2.621
20160802,14.318,13.677,1.413,14.67,1.501,86.156,362.928,2.624,96.005,2.736,2.605
20160803,16.744,16.05,1.012,17.124,0.995,33.172,381.989,1.932,95.721,7.607,3.926
20160804,17.023,15.555,0.886,17.828,0.992,122.394,363.45,3.191,95.644,3.733,2.499
20160805,15.558,13.869,1.05,16.484,2.259,157.799,347.091,3.826,96.083,4.815,2.44
20160806,15.928,13.875,1.551,17.054,2.64,216.168,331.544,5.378,96.82,0.494,2.525
20160807,17.827,15.145,3.176,19.298,4.569,265.249,328.454,8.329,96.937,0.0,2.414
20160808,19.007,16.243,0.469,20.665,2.396,233.638,350.401,8.452,96.289,0.241,3.457
20160809,14.64,13.326,1.059,15.428,1.876,192.933,334.333,6.269,96.342,0.402,2.511
20160810,11.147,9.771,1.124,11.972,1.359,206.25,312.934,4.281,96.361,1.393,2.549
20160811,11.083,8.599,3.603,12.574,3.539,164.196,320.024,5.279,96.57,0.121,3.141
20160812,14.261,13.328,2.626,14.82,2.266,37.197,367.789,1.804,96.564,2.058,3.232
20160813,19.228,16.124,1.444,21.09,3.497,257.353,335.945,7.71,96.563,0.001,3.288
20160814,16.635,13.952,1.465,18.246,2.859,166.8,344.966,6.015,96.637,0.37,1.809
20160815,15.703,13.014,1.068,17.315,2.679,165.268,343.782,6.164,96.673,0.332,1.837
20160816,15.067,11.559,2.472,17.172,3.995,198.539,326.437,7.203,96.262,0.0,1.842
20160817,13.582,10.739,1.629,15.287,3.627,251.389,301.738,6.043,95.937,0.0,1.912
20160818,15.502,12.162,4.204,17.691,5.118,259.471,304.646,8.947,95.493,0.0,1.026
20160819,17.188,14.293,4.395,19.084,5.177,207.004,341.64,7.269,95.527,1.585,1.348
20160820,17.455,15.794,1.207,18.544,1.979,136.219,360.65,4.237,95.75,5.566,2.696
20160821,14.7,13.099,0.782,15.748,1.857,193.203,327.01,3.639,96.201,3.001,3.637
20160822,16.003,14.659,1.634,16.883,1.97,148.432,352.716,4.809,96.898,0.12,3.285
20160823,18.987,15.859,2.827,21.037,4.396,231.486,338.425,8.318,97.052,0.0,1.825
20160824,21.289,17.818,3.268,23.564,5.243,240.843,343.313,11.042,96.818,0.0,1.964
20160825,22.645,18.767,3.312,25.186,5.878,246.216,331.867,15.723,96.384,0.0,2.226
20160826,23.673,20.072,4.128,26.032,5.787,242.444,340.904,16.84,96.176,0.0,1.832
20160827,23.963,20.588,2.997,26.175,5.751,231.447,356.206,15.357,96.264,0.0,1.497
20160828,23.306,19.234,1.683,26.215,4.606,216.372,362.139,14.23,95.87,3.838,2.452
20160829,17.528,15.828,1.088,18.742,1.519,169.419,342.019,5.815,96.236,1.55,2.861
20160830,15.149,12.058,2.053,17.356,4.114,234.346,303.202,7.696,96.879,0.0,1.385
20160831,17.368,13.552,4.089,20.093,5.537,233.561,317.544,11.498,96.566,0.0,1.592
20160901,18.878,15.924,1.906,21.176,3.66,165.793,354.095,10.186,96.507,0.016,1.965
20160902,17.959,15.229,2.908,20.083,4.623,215.694,332.347,8.933,96.428,0.0,1.74
20160903,19.227,17.003,1.939,20.957,3.664,185.95,345.212,9.783,96.138,0.014,2.192
20160904,16.395,15.384,0.748,17.181,1.335,101.127,351.346,4.164,95.641,8.405,3.589
20160905,14.867,14.076,1.029,15.483,1.779,118.287,350.423,3.295,96.14,1.622,4.006
20160906,15.735,13.266,1.596,17.655,3.492,166.368,331.407,5.237,96.992,0.0,1.428
20160907,16.728,13.646,4.32,19.126,5.526,206.059,323.906,7.209,96.588,0.0,2.133
20160908,19.314,16.143,2.957,21.78,5.041,206.679,336.946,8.59,95.81,0.0,2.145
20160909,18.781,16.665,1.487,20.426,3.259,149.686,360.25,6.735,96.134,0.043,1.631
20160910,19.861,16.819,3.205,22.226,5.206,171.907,351.262,9.727,96.105,0.0,1.528
20160911,19.826,16.577,2.001,22.353,4.445,187.113,346.164,9.951,96.19,0.002,1.337
20160912,21.933,18.413,3.837,24.67,5.881,184.578,350.045,14.33,96.246,0.001,2.017
20160913,22.64,19.266,3.176,25.264,5.535,188.874,348.592,15.206,96.057,0.0,2.148
20160914,21.242,18.695,3.015,23.398,5.064,171.709,349.082,12.872,95.943,0.0,2.565
20160915,20.467,18.309,2.266,22.292,4.465,191.488,332.041,12.759,95.735,0.0,3.769
20160916,17.764,16.352,1.063,19.063,2.291,117.22,352.563,6.865,95.72,1.149,1.818
20160917,14.515,14.511,0.233,14.518,0.521,39.11,362.476,2.116,95.722,26.357,3.205
20160918,14.435,13.567,0.678,15.233,1.59,129.576,344.374,3.851,95.833,0.258,3.366
20160919,12.088,11.738,0.544,12.411,1.002,32.642,357.666,2.652,96.149,0.773,2.184
20160920,12.22,10.85,0.624,13.48,1.72,121.325,338.175,4.305,96.294,0.012,1.475
20160921,12.249,10.489,2.707,13.868,3.912,105.915,325.419,5.126,96.383,0.034,0.801
20160922,12.691,10.561,2.298,14.651,4.072,122.335,331.868,4.72,96.543,0.227,0.85
20160923,13.599,11.065,2.106,15.93,3.906,137.072,327.514,5.465,96.744,0.0,1.653
20160924,13.64,10.704,2.593,16.341,4.475,152.87,311.9,5.181,96.854,0.001,1.493
20160925,13.781,10.547,3.06,16.756,5.121,167.986,305.31,6.173,96.416,0.0,2.061
20160926,14.162,12.944,1.594,15.282,1.977,87.846,346.958,3.617,96.588,0.638,1.862
20160927,14.545,12.696,1.915,16.245,3.237,99.088,337.166,4.076,96.897,0.507,1.05
20160928,15.001,13.76,2.655,16.241,2.751,114.514,330.927,4.995,96.813,0.0,4.114
20160929,17.468,16.276,2.146,18.659,3.261,138.394,333.14,7.243,96.141,0.0,4.69
20160930,13.875,12.878,1.986,14.872,0.632,52.536,347.434,3.967,95.831,0.504,2.582
20161001,11.45,10.876,2.001,12.024,1.748,34.19,348.812,1.077,95.468,14.824,2.408
20161002,11.331,10.476,0.562,12.186,1.313,105.859,315.095,3.115,95.643,2.535,3.397
20161003,9.808,9.23,0.376,10.387,0.722,78.917,330.245,1.537,96.525,7.406,3.224
20161004,10.121,8.912,0.911,11.33,1.208,82.354,318.694,3.074,97.418,0.488,3.659
20161005,6.577,5.886,1.407,7.327,1.98,101.398,298.345,2.284,97.378,0.594,3.815
20161006,7.861,7.631,1.059,8.11,1.198,23.972,344.377,1.491,96.447,2.986,3.744
20161007,8.435,7.805,0.468,9.12,0.969,46.917,330.333,1.418,96.29,1.069,2.169
20161008,6.955,6.407,0.628,7.551,1.211,83.057,315.108,1.315,96.513,4.601,2.096
20161009,5.939,5.217,1.097,6.724,1.982,82.435,300.685,1.724,96.704,0.419,1.503
20161010,6.083,5.117,0.765,7.133,1.893,101.477,291.026,1.531,96.654,1.039,0.802
20161011,5.837,5.45,1.807,6.295,1.751,78.1,310.594,1.239,96.322,2.699,1.217
20161012,5.678,5.743,0.524,5.602,0.62,37.535,328.749,1.048,96.314,1.441,3.256
20161013,5.741,5.25,0.236,6.321,0.58,46.562,318.592,1.106,96.181,1.115,4.192
20161014,6.818,6.059,1.44,7.715,2.173,106.873,299.701,1.908,95.525,0.0,4.252
20161015,8.94,7.974,2.619,10.082,2.79,53.843,334.863,1.72,95.665,0.001,2.284
20161016,10.323,8.653,1.463,12.296,3.561,101.067,306.565,2.481,96.532,0.057,1.533
20161017,9.799,8.597,2.307,11.218,2.913,87.439,319.098,1.732,96.572,1.724,1.806
20161018,10.298,9.502,0.668,11.238,1.85,75.387,324.968,1.773,96.388,1.969,1.964
20161019,7.046,7.185,1.177,6.881,0.768,44.385,321.867,1.469,95.721,10.668,3.84
20161020,5.021,4.504,0.613,5.632,0.564,49.729,313.145,1.055,95.624,4.102,1.826
20161021,4.124,3.821,0.858,4.483,0.526,47.388,312.254,0.806,95.667,7.619,2.081
20161022,4.639,4.161,0.672,5.203,0.937,41.416,319.113,0.937,95.668,3.202,1.456
20161023,4.298,3.367,1.054,5.494,2.029,51.528,311.208,0.906,95.78,0.103,1.705
20161024,5.399,5.235,1.028,5.611,0.616,21.978,335.899,0.565,95.811,12.823,1.801
20161025,7.864,7.118,0.818,8.909,1.11,26.78,346.592,0.774,96.431,2.815,1.316
20161026,7.028,6.582,0.713,7.652,1.289,30.599,331.381,1.525,97.111,0.222,0.96
20161027,7.567,6.884,1.612,8.523,1.646,25.622,327.613,1.408,97.429,0.072,2.342
20161028,9.46,9.091,1.42,9.976,0.874,25.059,348.772,1.763,97.41,0.427,3.808
20161029,8.232,7.898,1.237,8.701,1.043,51.242,325.602,2.182,97.472,0.244,2.868
20161030,7.4,7.064,1.301,7.871,1.275,39.493,327.254,1.544,97.32,0.045,1.87
20161031,8.314,7.441,0.962,9.536,1.67,38.978,335.898,1.592,97.148,0.024,1.043
20161101,6.911,6.077,2.272,8.078,2.596,76.436,307.714,1.78,96.337,0.664,2.373
20161102,5.3,4.907,0.864,5.85,0.896,58.945,297.851,1.551,95.895,1.767,4.345
20161103,3.954,3.42,1.122,4.703,1.732,44.192,293.135,1.184,96.343,0.99,2.12
20161104,3.892,3.52,1.015,4.413,1.324,42.987,293.414,1.649,95.803,0.459,2.446
20161105,5.473,4.945,0.443,6.211,0.599,18.438,321.012,1.318,94.582,7.16,2.544
20161106,3.804,3.327,0.691,4.471,0.757,62.51,290.198,1.445,94.403,0.804,3.021
20161107,1.994,1.97,0.478,2.028,0.558,31.138,309.663,0.788,94.922,5.87,1.807
20161108,0.543,0.172,1.22,1.064,0.297,38.372,283.052,0.847,95.133,1.815,2.251
20161109,0.456,-0.187,1.61,1.438,1.159,46.709,293.274,1.121,94.907,1.088,2.664
20161110,1.156,0.78,0.489,1.729,0.863,29.848,311.241,0.766,94.873,8.704,2.019
20161111,0.467,0.347,1.004,0.651,0.222,24.162,301.925,0.794,95.882,1.912,2.588
20161112,-1.646,-1.825,0.51,-1.349,0.886,30.269,284.135,1.036,96.804,0.114,1.884
20161113,-1.937,-2.784,0.903,-0.524,1.703,71.11,239.832,1.279,97.038,0.001,2.368
20161114,-1.778,-2.658,2.496,-0.312,3.186,69.897,245.152,1.659,97.485,0.0,1.886
20161115,0.879,1.196,1.242,0.35,0.526,5.286,321.159,1.089,96.825,2.395,4.243
20161116,5.856,5.877,2.46,5.82,1.422,5.527,342.018,0.815,96.013,5.659,3.905
20161117,8.521,8.423,0.482,8.685,0.493,16.568,339.164,1.697,95.099,3.11,5.236
20161118,7.609,7.326,1.955,8.081,1.032,19.413,308.233,2.087,94.498,7.191,6.002
20161119,4.342,3.88,0.61,5.11,0.478,31.872,285.074,1.524,95.175,0.895,3.435
20161120,6.868,7.006,4.135,6.64,2.817,38.684,296.082,3.492,94.839,0.005,5.26
20161121,9.25,8.966,0.897,9.723,1.187,27.449,319.621,4.126,94.953,0.177,2.934
20161122,9.243,8.746,1.058,10.071,1.11,34.918,316.153,2.744,95.514,0.414,1.577
20161123,6.802,5.744,1.857,8.566,2.72,54.064,290.016,1.664,96.144,0.0,1.112
20161124,5.214,4.605,0.649,6.229,0.295,17.354,324.591,0.909,96.471,0.192,3.371
20161125,1.588,1.225,1.576,2.191,0.637,45.212,280.383,1.244,96.545,0.037,3.689
20161126,-0.526,-0.679,0.66,-0.27,1.293,38.316,283.481,0.525,96.23,0.029,1.149
20161127,1.833,0.957,1.099,3.428,0.785,17.103,294.159,0.836,96.137,0.213,2.622
20161128,-2.307,-2.905,0.905,-1.216,1.597,45.29,237.018,1.206,97.077,0.006,1.822
20161129,-4.133,-5.057,1.473,-2.446,2.574,53.205,225.485,1.125,97.593,0.0,1.078
20161130,-1.718,-2.134,3.399,-0.96,2.014,36.713,270.257,1.987,97.198,0.13,3.34
20161201,3.256,3.181,1.206,3.392,0.49,9.727,322.485,1.029,96.491,0.93,5.296
20161202,2.481,1.715,3.793,3.88,0.645,39.126,280.47,1.627,96.282,1.635,3.634
20161203,-2.431,-3.274,1.468,-0.894,2.484,50.351,229.156,1.121,96.817,0.0,1.009
20161204,-4.308,-5.278,1.262,-2.538,2.765,50.192,228.119,0.791,97.113,0.0,1.525
20161205,-4.112,-5.304,1.024,-1.939,2.961,48.898,231.492,1.193,96.993,0.0,1.754
20161206,-4.577,-5.114,1.369,-3.598,1.24,40.203,252.015,0.552,97.349,0.004,1.31
20161207,-1.846,-2.107,3.056,-1.372,1.76,28.977,281.612,1.088,97.498,0.009,2.482
20161208,1.885,1.369,0.582,2.825,1.055,40.938,274.933,1.878,97.222,0.006,3.675
20161209,3.531,3.212,1.499,4.114,0.878,17.832,323.386,1.182,97.043,0.172,3.596
20161210,4.643,4.144,0.6,5.554,1.251,37.309,292.882,1.631,96.624,0.053,3.122
20161211,5.426,5.098,0.371,6.022,0.499,15.189,325.076,1.503,95.999,3.862,5.175
20161212,4.989,4.796,0.257,5.34,0.234,5.472,331.368,1.008,96.632,1.407,2.874
20161213,3.09,2.911,0.753,3.416,0.674,20.488,310.653,0.979,96.781,2.092,2.117
20161214,4.09,3.842,0.525,4.543,0.695,11.734,329.967,0.706,96.76,0.246,1.19
20161215,2.824,2.521,1.505,3.375,0.212,14.428,313.776,0.755,97.105,0.003,2.461
20161216,-1.132,-1.547,0.624,-0.377,0.885,43.104,242.474,1.08,97.31,0.008,2.011
20161217,-0.964,-1.282,2.026,-0.384,1.559,30.594,280.237,0.846,97.838,0.094,1.604
20161218,2.405,2.128,0.941,2.909,0.702,9.695,322.057,0.832,97.592,1.294,2.215
20161219,1.595,1.249,1.345,2.226,0.406,19.268,302.871,0.851,97.229,0.308,2.041
20161220,-2.458,-2.719,0.578,-1.983,0.681,39.725,251.177,0.521,96.826,0.001,2.03
20161221,-1.824,-2.249,0.873,-1.05,1.208,41.128,252.583,0.889,96.999,0.005,2.843
20161222,-0.464,-0.633,0.968,-0.157,1.013,23.829,289.287,0.881,97.186,2.861,3.298
20161223,0.665,0.329,0.578,1.278,0.888,25.835,300.265,0.79,97.473,0.074,2.93
20161224,3.939,3.545,1.016,4.656,0.679,16.436,312.433,1.489,96.679,4.639,5.308
20161225,6.375,6.36,0.965,6.403,0.577,5.404,335.069,1.371,96.532,2.055,5.449
20161226,5.999,5.461,2.176,6.98,1.231,6.697,312.572,1.859,96.76,1.594,5.587
20161227,4.163,3.979,1.224,4.497,0.725,26.424,302.829,2.098,97.689,0.072,5.715
20161228,3.725,3.647,0.691,3.869,0.255,12.907,319.034,1.422,98.337,0.542,3.306
20161229,1.103,0.694,1.233,1.848,1.476,28.634,281.932,1.043,98.259,0.043,1.268
20161230,-2.111,-3.169,1.046,-0.184,2.797,44.005,234.94,1.131,97.92,0.0,1.869
20161231,-2.537,-3.285,1.342,-1.175,2.112,44.093,231.571,1.33,97.375,0.0,2.099
20170101,-3.499,-3.745,0.555,-3.049,1.161,43.487,241.163,0.935,96.296,0.006,3.184
20170102,-1.468,-1.872,0.905,-0.732,0.72,22.048,291.85,0.774,96.155,2.534,3.457
20170103,0.181,-0.01,0.603,0.529,0.337,17.127,295.848,1.119,96.253,2.672,5.224
20170104,1.014,0.801,0.844,1.403,0.223,30.885,285.217,1.233,95.217,5.202,6.383
20170105,-5.009,-5.406,2.112,-4.287,0.422,39.998,239.252,1.021,96.878,0.488,3.074
20170106,-9.384,-10.126,1.166,-8.031,2.055,46.32,213.816,0.776,98.075,0.005,1.493
20170107,-6.888,-7.237,2.431,-6.251,0.84,23.541,274.21,1.138,97.336,1.533,3.301
20170108,-1.43,-1.729,1.054,-0.885,0.481,11.975,307.788,0.634,97.043,0.852,1.833
20170109,-0.953,-1.03,0.15,-0.811,0.15,18.919,293.467,1.109,96.737,0.247,1.98
20170110,-0.704,-0.733,0.424,-0.652,0.572,39.05,275.274,1.625,95.527,0.018,2.802
20170111,0.22,0.399,1.461,-0.107,0.8,17.405,297.113,1.322,95.068,3.303,4.698
20170112,2.103,1.94,0.415,2.399,0.3,24.97,299.471,1.678,94.897,3.865,4.885
20170113,0.401,0.46,1.156,0.294,0.252,18.421,287.524,1.193,93.718,11.943,5.706
20170114,0.145,-0.166,0.858,0.662,0.194,40.897,279.565,1.251,94.877,4.561,5.141
20170115,-1.885,-2.01,0.594,-1.676,0.322,40.046,266.613,1.002,95.921,0.722,3.428
20170116,-6.268,-7.04,1.595,-4.981,1.041,46.813,250.87,0.601,96.741,0.08,2.039
20170117,-4.855,-5.637,1.126,-3.552,0.299,34.21,268.715,0.784,97.657,0.432,1.688
20170118,-6.54,-7.275,1.152,-5.314,0.503,43.213,251.728,0.579,98.02,0.038,1.869
20170119,-6.414,-6.951,1.451,-5.518,1.969,56.971,231.124,0.826,97.898,0.0,1.389
20170120,-3.895,-4.889,1.919,-2.237,2.498,44.712,259.584,1.448,97.676,0.0,1.476
20170121,-3.687,-4.714,2.436,-1.975,2.992,48.623,264.856,0.993,97.326,0.006,1.993
20170122,-5.841,-6.469,1.746,-4.794,2.294,63.252,234.539,0.669,96.902,0.001,1.133
20170123,-9.341,-9.631,4.021,-8.859,3.601,43.303,260.213,0.481,96.735,0.099,1.203
20170124,-4.104,-4.262,0.764,-3.84,0.214,32.556,286.226,0.617,96.995,0.158,0.759
20170125,-2.853,-2.967,1.013,-2.664,0.928,44.505,264.245,0.879,97.276,0.05,1.947
20170126,-2.668,-3.177,0.908,-1.82,1.263,67.485,239.164,1.247,96.97,0.003,2.69
20170127,-3.372,-4.624,1.884,-1.284,3.276,70.581,236.164,1.621,96.493,0.0,1.801
20170128,-3.56,-4.195,1.494,-2.501,3.554,71.188,240.641,1.542,96.211,0.0,1.955
20170129,-0.822,-1.851,2.227,0.892,2.338,64.504,261.76,1.684,96.384,0.001,2.381
20170130,1.295,0.868,1.695,2.007,1.045,20.836,311.639,1.052,95.664,4.871,3.614
20170131,0.417,0.633,0.929,0.057,0.156,18.789,312.4,0.773,95.787,1.657,1.91
20170201,-0.176,-0.462,0.459,0.261,0.575,49.879,278.839,1.0,96.145,0.015,1.998
20170202,1.808,0.9,0.73,3.194,1.357,62.92,290.678,0.976,95.515,0.897,2.121
20170203,3.733,3.001,1.56,4.757,1.189,26.163,310.437,0.99,95.013,0.51,2.252
20170204,3.867,2.985,0.844,5.101,1.047,67.852,288.892,1.523,94.693,0.035,2.643
20170205,2.212,1.23,0.724,3.587,0.976,45.657,296.472,1.286,94.757,1.537,1.881
20170206,0.411,-0.204,0.547,1.273,0.589,21.913,307.905,0.746,95.922,0.297,1.61
20170207,-2.162,-2.154,0.301,-2.174,0.221,41.178,288.242,0.825,96.297,0.178,3.202
20170208,-3.352,-3.564,1.022,-3.055,0.25,70.26,253.899,0.953,96.735,0.013,3.364
20170209,-4.606,-4.895,0.769,-4.201,0.892,78.163,245.006,0.981,97.057,0.018,3.594
20170210,-3.815,-3.735,1.359,-3.928,0.932,41.427,283.289,0.968,96.589,0.12,3.466
20170211,-1.235,-1.78,0.958,-0.473,1.246,83.397,263.613,0.993,96.537,0.471,2.685
20170212,-1.659,-1.709,0.622,-1.59,0.592,81.02,257.004,0.967,97.101,0.003,3.306
20170213,-0.83,-1.73,1.398,0.43,2.861,100.073,237.328,1.61,97.457,0.0,3.855
20170214,-0.349,-1.932,2.411,1.868,4.145,104.182,236.028,2.027,97.439,0.0,2.719
20170215,1.262,-0.998,2.697,4.426,4.764,103.394,250.128,2.591,97.594,0.0,1.914
20170216,4.054,2.522,3.346,6.198,3.867,95.9,284.088,2.225,97.223,2.902,2.022
20170217,3.723,3.397,0.838,4.18,1.037,34.492,311.418,1.031,96.64,2.737,2.734
20170218,2.919,2.441,0.957,3.533,0.676,36.079,315.511,1.363,96.866,0.264,2.074
20170219,2.089,1.372,2.12,3.012,2.031,77.766,288.259,1.486,96.463,2.685,2.865
20170220,5.387,5.192,1.73,5.617,0.984,23.721,330.951,1.146,95.954,0.895,4.513
20170221,7.472,6.943,1.335,8.097,0.247,64.275,321.659,2.244,95.573,1.101,4.514
20170222,7.966,7.377,0.859,8.662,0.269,13.487,342.257,1.577,94.956,11.624,6.104
20170223,7.072,6.815,0.72,7.376,0.223,27.25,327.32,1.908,94.205,7.127,6.383
20170224,2.301,2.174,1.799,2.451,0.742,96.026,275.333,2.112,95.051,2.771,5.634
20170225,2.317,1.817,3.248,2.907,2.639,99.857,279.626,2.261,96.23,0.003,3.337
20170226,6.829,6.356,2.141,7.389,2.182,75.91,309.129,3.99,95.61,0.231,4.301
20170227,9.005,8.637,1.067,9.44,1.511,92.396,308.251,4.254,94.783,1.613,4.337
20170228,4.755,4.288,1.431,5.306,1.171,105.27,293.622,2.303,93.801,7.49,5.543
20170301,3.612,2.828,1.304,4.538,1.654,84.008,295.647,1.712,94.419,6.265,4.724
20170302,5.134,4.848,0.923,5.471,0.789,102.631,291.791,2.674,94.963,2.249,6.068
20170303,4.761,3.892,1.983,5.789,3.007,104.156,276.129,3.158,95.397,1.286,2.792
20170304,8.211,6.497,2.651,10.236,4.043,124.031,283.243,4.474,94.107,0.0,2.529
20170305,6.393,5.918,0.916,6.954,1.036,98.265,301.91,2.881,94.434,0.812,4.149
20170306,3.66,3.183,0.575,4.18,0.729,77.04,305.73,1.28,94.434,4.811,2.309
20170307,3.092,2.821,0.492,3.364,0.908,63.299,310.174,1.156,95.513,4.113,2.15
20170308,3.674,3.096,0.481,4.253,1.327,59.465,314.995,1.33,96.086,8.642,4.217
20170309,6.134,5.675,1.318,6.592,2.109,89.881,316.652,1.677,95.993,5.812,3.625
20170310,4.57,3.339,1.498,5.801,1.468,73.156,296.881,2.643,96.755,0.438,3.869
20170311,3.548,1.619,2.103,5.478,3.564,139.54,259.943,2.499,96.694,0.0,1.749
20170312,2.964,1.206,1.654,4.722,3.1,160.136,247.562,2.473,96.293,0.0,2.928
20170313,3.392,1.571,3.135,5.214,4.173,141.894,260.967,3.155,96.737,0.0,1.988
20170314,7.25,5.913,1.894,8.588,2.812,135.268,299.71,3.235,97.238,0.002,2.342
20170315,8.219,7.01,0.84,9.428,1.67,99.461,305.723,3.483,97.235,0.205,2.79
20170316,6.879,4.485,2.927,9.272,4.58,169.277,266.485,4.499,96.722,0.0,1.92
20170317,6.56,5.394,0.39,7.725,1.115,60.108,295.795,3.511,95.674,0.575,3.402
20170318,6.082,4.991,1.007,7.173,1.575,31.162,326.396,1.812,94.853,10.594,5.225
20170319,7.876,6.933,2.939,8.82,2.574,28.803,337.145,1.925,95.146,6.825,3.994
20170320,9.342,9.006,0.634,9.651,0.991,40.505,338.534,3.202,95.181,0.263,4.81
20170321,7.211,6.476,1.912,7.887,0.802,57.713,324.564,2.302,95.253,3.881,3.455
20170322,4.358,3.5,2.351,5.147,2.87,139.382,287.212,2.589,95.873,0.0,2.456
20170323,6.177,5.565,0.6,6.741,1.603,85.453,320.852,1.733,96.084,1.379,2.454
20170324,5.768,4.754,1.238,6.701,2.31,176.223,275.345,2.688,97.096,0.0,3.148
20170325,5.149,2.206,2.692,7.64,4.447,186.349,263.122,3.914,97.116,0.0,2.221
20170326,5.761,3.863,1.971,7.367,3.424,189.899,264.677,3.485,96.791,0.0,2.357
20170327,7.026,3.432,3.569,10.067,5.407,203.166,263.181,5.163,96.802,0.0,1.815
20170328,10.27,6.755,4.02,13.244,6.013,203.612,278.101,6.796,96.503,0.0,2.279
20170329,11.106,9.678,1.711,12.314,2.192,88.836,316.886,4.623,96.683,0.045,3.592
20170330,12.853,10.49,1.705,14.853,3.012,131.786,326.394,5.094,96.841,0.008,1.884
20170331,13.328,9.649,2.977,16.441,4.709,206.212,292.222,7.609,96.075,0.0,2.918
20170401,12.591,10.208,2.565,14.607,4.277,167.183,307.124,5.902,95.567,1.584,1.418
20170402,10.671,9.335,0.97,11.711,2.118,97.995,319.872,3.16,96.189,0.189,2.006
20170403,7.49,5.969,1.078,8.672,2.253,163.593,296.933,2.492,96.83,0.139,2.12
20170404,6.607,5.327,1.85,7.603,2.415,92.709,318.92,2.473,96.725,0.197,1.635
20170405,7.511,5.705,1.13,8.915,2.417,118.451,313.684,3.23,96.571,0.39,2.623
20170406,6.176,5.447,1.585,6.743,2.14,136.18,303.124,3.687,96.676,0.203,3.894
20170407,7.52,7.343,2.419,7.658,2.253,110.4,319.447,2.966,96.552,0.01,4.105
20170408,9.578,8.228,0.963,10.628,1.701,68.139,339.695,2.74,96.7,0.262,1.505
20170409,10.311,7.316,3.942,12.64,5.575,219.511,294.865,4.685,96.669,0.0,1.347
20170410,9.786,6.493,1.119,12.347,2.859,199.275,297.048,4.447,96.17,0.01,3.517
20170411,6.542,5.989,1.706,6.972,2.101,135.16,303.134,3.855,96.631,0.494,3.452
20170412,9.188,7.816,0.932,10.168,1.966,117.939,324.141,4.215,95.855,1.183,4.625
20170413,7.625,6.976,0.505,8.088,1.164,171.011,314.571,3.02,95.614,2.688,4.112
20170414,6.918,5.489,2.115,7.938,2.644,150.702,303.978,3.717,95.876,0.011,2.44
20170415,7.098,6.064,0.872,7.836,0.932,86.416,308.913,2.827,95.646,1.853,3.826
20170416,5.231,3.766,0.508,6.191,1.65,201.38,281.418,2.853,95.97,2.48,3.858
20170417,3.791,2.797,0.633,4.442,1.208,172.569,291.657,1.739,95.911,3.455,2.366
20170418,1.96,1.297,0.245,2.395,0.898,153.367,288.98,1.368,96.516,6.38,3.335
20170419,0.985,-0.283,1.061,1.815,1.995,198.136,261.257,2.234,97.45,1.146,3.154
20170420,2.162,0.294,3.472,3.387,3.833,259.192,246.557,3.314,97.642,0.0,1.433
20170421,6.993,5.678,3.84,7.855,2.851,113.94,311.922,3.986,97.022,0.083,3.311
20170422,6.147,6.024,1.81,6.227,0.808,187.081,300.086,3.091,96.428,1.524,4.473
20170423,4.309,3.225,1.101,5.019,1.624,184.051,288.133,2.951,96.511,0.845,4.044
20170424,6.381,3.391,4.535,8.339,4.893,214.718,285.312,4.48,95.848,0.0,2.846
20170425,5.533,4.548,1.362,6.178,0.919,170.771,300.034,3.329,95.022,1.171,3.247
20170426,4.279,2.159,1.303,5.667,2.485,214.942,282.033,3.531,95.471,0.341,1.023
20170427,4.522,2.594,2.876,5.785,2.915,248.397,262.921,3.351,95.758,0.86,1.39
20170428,5.426,3.264,2.382,6.842,3.324,230.974,275.549,4.103,95.689,0.227,1.625
20170429,5.882,4.243,1.021,6.955,1.913,166.752,289.289,3.654,96.044,0.711,2.328
20170430,7.726,4.83,4.228,9.624,4.423,249.24,271.757,5.297,95.873,0.003,4.044
20170501,8.895,7.02,2.076,9.924,3.428,183.639,305.038,4.018,95.516,1.383,2.703
20170502,6.968,7.005,1.212,6.947,0.615,59.078,323.145,1.389,95.718,11.977,2.893
20170503,9.37,7.645,2.341,10.317,3.141,206.109,316.115,2.893,96.271,1.106,2.866
20170504,7.799,7.876,0.814,7.756,0.277,65.4,344.15,1.263,96.094,0.623,2.764
20170505,7.546,7.152,0.638,7.762,1.004,58.756,340.134,1.406,96.244,0.126,1.443
20170506,10.147,8.215,2.293,11.206,3.08,156.368,328.074,2.556,95.769,0.303,2.889
20170507,12.002,10.308,1.786,12.931,2.722,179.718,332.359,3.225,95.645,2.006,1.477
20170508,7.579,7.839,2.212,7.437,0.25,134.145,319.718,2.05,96.001,0.791,3.447
20170509,5.585,4.223,1.363,6.333,2.081,187.948,300.411,3.426,96.16,2.04,1.816
20170510,7.898,4.213,3.783,9.919,5.121,245.056,283.86,5.252,95.334,0.0,1.98
20170511,12.069,8.64,5.746,13.95,6.099,264.139,299.4,6.23,94.73,0.021,2.236
20170512,13.368,11.376,0.828,14.461,1.848,177.996,329.52,3.445,94.754,2.602,1.391
20170513,13.701,10.729,2.218,15.331,3.574,246.511,322.952,3.89,95.515,2.282,1.684
20170514,13.404,11.284,1.256,14.566,2.414,186.834,333.812,3.557,96.418,3.321,1.515
20170515,13.559,11.357,1.817,14.767,2.79,228.51,316.53,5.507,97.145,0.195,1.626
20170516,15.644,12.189,4.7,17.538,4.555,197.753,341.173,7.356,97.196,0.001,1.459
20170517,19.281,16.369,1.725,20.877,3.445,279.378,341.57,9.234,96.539,0.0,2.169
20170518,19.167,16.22,1.477,20.783,3.181,270.129,338.138,7.757,95.665,1.416,2.128
20170519,14.276,12.26,2.373,15.381,2.618,123.226,357.863,2.457,95.483,43.439,2.628
20170520,11.839,9.919,1.345,12.8,2.837,208.426,317.668,4.16,96.43,0.085,2.953
20170521,12.669,9.167,2.184,14.261,3.702,210.796,325.389,5.739,96.944,0.001,1.25
20170522,13.156,9.282,2.379,14.917,3.93,216.585,328.83,5.712,96.438,0.0,2.089
20170523,16.072,12.265,3.057,17.803,4.217,233.483,336.675,7.379,96.099,0.152,2.864
20170524,12.562,11.486,0.856,13.051,2.063,199.855,329.025,5.311,96.53,0.047,3.426
20170525,13.683,11.873,1.568,14.506,2.67,192.328,341.701,4.671,96.607,0.082,2.426
20170526,15.936,12.646,2.441,17.431,4.516,298.613,316.601,6.124,96.558,0.0,1.547
20170527,18.254,14.509,2.825,19.957,4.33,314.011,318.434,8.664,96.496,0.0,2.309
20170528,20.525,16.704,3.803,22.262,4.543,273.093,338.698,10.786,96.285,0.001,1.89
20170529,21.992,18.795,2.621,23.445,4.352,276.205,358.847,10.061,95.843,0.084,1.643
20170530,19.102,16.751,0.994,20.17,2.22,252.134,353.485,4.864,95.771,6.056,2.398
20170531,16.101,14.076,1.09,17.021,2.401,200.996,342.603,5.541,96.391,0.586,2.8
20170601,15.549,12.351,2.966,17.002,4.099,292.069,313.379,7.342,96.529,0.003,1.511
20170602,17.218,13.574,3.727,18.875,4.809,228.829,345.921,7.808,96.177,0.154,1.029
20170603,17.655,15.533,0.808,18.62,2.395,199.146,356.76,4.623,95.736,5.57,1.42
20170604,14.881,13.696,1.536,15.419,1.815,158.27,350.667,4.049,95.693,13.707,3.189
20170605,13.591,10.98,1.823,14.778,2.696,199.175,327.178,3.653,95.821,0.54,1.12
20170606,13.149,10.612,0.876,14.303,2.55,198.987,320.81,3.431,94.96,7.363,3.719
20170607,11.129,9.694,0.96,11.781,1.903,256.757,311.341,3.758,95.624,2.577,5.397
20170608,14.304,11.728,2.34,15.474,3.49,194.635,335.76,5.883,96.144,0.0,3.269
20170609,15.046,10.988,0.973,16.89,3.418,222.844,329.064,5.51,95.791,1.582,2.92
20170610,15.072,12.214,4.214,16.371,4.081,255.942,326.401,6.77,96.396,0.004,1.885
20170611,18.738,15.073,4.397,20.404,4.888,304.407,338.753,8.787,96.182,1.103,2.109
20170612,17.501,16.515,2.568,17.949,1.023,244.394,340.699,7.795,95.833,0.327,3.736
20170613,13.887,11.807,1.318,14.832,1.888,166.775,332.39,5.08,96.215,0.503,3.037
20170614,15.088,11.57,3.225,16.687,4.389,306.032,313.998,6.511,96.309,0.0,1.24
20170615,18.338,14.234,3.562,20.204,4.912,294.49,339.087,8.597,95.984,2.324,1.733
20170616,15.319,14.411,1.165,15.731,0.8,199.592,337.277,4.644,96.148,1.353,4.123
20170617,13.417,12.173,1.412,13.983,2.235,148.096,347.215,3.845,96.746,0.62,3.589
20170618,17.689,14.659,2.282,19.066,3.492,222.376,352.149,6.432,96.866,0.921,1.33
20170619,20.203,16.29,3.958,21.981,5.054,322.269,331.553,10.477,96.519,0.0,1.336
20170620,21.548,17.937,1.801,23.19,4.345,266.317,354.306,10.463,96.11,0.003,1.839
20170621,19.27,16.504,2.587,20.528,4.228,314.721,333.7,8.323,96.17,0.0,1.467
20170622,21.124,15.965,1.794,23.248,5.187,261.281,359.895,9.495,95.695,6.175,2.03
20170623,18.74,17.22,1.077,19.43,2.387,193.972,362.53,6.765,95.785,0.16,3.918
20170624,17.643,15.867,1.402,18.45,2.719,276.544,341.002,7.321,95.879,0.001,3.481
20170625,17.151,15.126,0.658,18.071,1.653,172.397,352.985,5.439,95.627,0.454,3.423
20170626,16.395,14.395,1.232,17.219,1.378,189.84,354.607,5.113,95.659,1.924,3.031
20170627,15.748,13.94,2.722,16.492,3.078,181.478,355.739,4.706,95.477,0.144,2.613
20170628,16.939,15.176,0.729,17.666,2.036,186.422,350.308,3.451,94.509,4.252,2.531
20170629,15.025,14.062,0.656,15.463,1.215,117.381,350.928,2.003,94.239,6.213,2.551
20170630,15.361,13.687,0.607,16.121,1.945,209.046,342.835,4.651,94.84,1.236,4.297
20170701,13.956,13.266,0.259,14.241,0.874,105.93,356.669,2.469,95.263,5.625,3.821
20170702,14.501,13.163,0.557,15.109,1.582,130.974,344.568,3.086,96.089,0.53,3.447
20170703,15.947,13.848,2.655,16.901,3.579,296.744,326.646,7.074,96.431,0.012,2.488
20170704,16.692,14.823,1.082,17.541,2.402,208.656,344.737,6.409,96.373,0.912,2.462
20170705,17.652,14.35,2.169,19.152,3.591,245.819,345.593,6.876,96.229,0.605,1.539
20170706,19.51,16.093,2.662,21.063,4.396,300.919,348.618,8.306,96.214,0.148,1.057
20170707,21.197,18.179,1.715,22.568,3.885,236.478,361.298,9.528,95.891,1.61,2.982
20170708,20.172,17.895,0.993,21.207,2.778,269.222,348.87,8.475,96.01,0.001,2.172
20170709,19.925,17.857,1.577,20.865,3.162,227.255,367.181,7.088,95.779,0.465,1.856
20170710,18.008,16.56,0.592,18.666,1.664,171.899,366.004,3.151,95.284,7.289,2.141
20170711,17.716,15.707,0.895,18.629,1.843,245.166,346.133,5.643,95.547,0.544,2.81
20170712,14.621,12.945,1.482,15.382,1.075,99.447,356.187,2.352,95.483,8.846,3.778
20170713,12.687,10.482,1.675,13.689,2.898,248.593,321.6,5.066,96.471,0.0,2.477
20170714,14.069,11.0,1.548,15.464,3.216,218.763,335.032,5.553,96.027,2.739,2.143
20170715,13.503,11.755,0.97,14.297,2.337,181.013,337.023,4.02,96.456,1.303,2.721
20170716,15.541,12.941,3.848,16.723,3.524,93.79,356.212,5.105,96.674,0.005,2.168
20170717,16.961,15.069,0.862,17.822,1.629,114.795,366.281,3.634,96.535,0.731,1.82
20170718,18.242,15.222,3.061,19.752,4.124,259.605,342.226,7.934,96.407,0.005,2.453
20170719,21.418,17.219,2.361,23.518,5.092,282.871,357.669,10.556,95.786,0.084,2.293
20170720,18.918,16.768,1.101,19.993,2.19,206.637,364.688,4.058,95.523,4.849,2.382
20170721,19.309,16.833,1.484,20.546,3.322,223.754,350.59,8.156,95.815,0.171,1.377
20170722,19.245,17.416,1.328,20.16,3.116,186.268,363.076,5.912,95.735,11.355,1.614
20170723,17.195,15.139,1.256,18.224,1.48,208.622,347.58,6.372,95.77,8.688,3.476
20170724,13.074,12.044,0.667,13.589,0.927,56.531,356.65,2.005,95.295,22.452,2.02
20170725,12.428,12.421,0.357,12.432,0.681,32.764,365.878,1.084,94.899,36.588,4.075
20170726,13.537,12.999,1.285,13.805,1.835,65.142,358.729,2.185,95.044,13.942,4.394
20170727,15.322,12.925,1.887,16.521,2.458,124.807,355.93,2.777,95.27,6.167,2.572
20170728,15.936,13.88,0.883,16.965,2.331,205.059,341.433,5.702,95.615,0.542,2.972
20170729,18.972,16.436,2.066,20.24,2.906,185.223,360.809,7.533,95.823,0.092,3.174
20170730,21.778,18.386,1.271,23.474,3.301,238.39,361.318,10.16,95.514,0.379,3.517
20170731,20.29,17.54,0.738,21.665,2.793,219.952,360.86,7.849,95.895,1.028,2.455
20170801,19.727,17.498,1.156,20.841,2.89,210.512,371.951,5.486,95.966,7.157,1.801
20170802,19.806,17.588,1.285,21.023,2.916,206.322,364.036,6.628,96.188,0.508,1.86
20170803,20.125,18.174,1.574,21.194,2.951,171.987,366.75,6.421,95.706,1.1,3.405
20170804,18.948,17.1,0.842,19.961,1.819,188.553,356.541,7.563,95.704,0.049,3.052
20170805,16.288,14.058,0.812,17.511,2.337,103.302,353.795,4.148,95.877,3.173,2.381
20170806,14.823,12.601,1.319,16.041,2.892,197.096,329.999,5.961,96.559,0.088,1.876
20170807,16.192,12.631,3.014,18.144,4.689,244.054,326.831,8.178,96.389,0.0,1.63
20170808,17.323,14.614,3.373,18.808,4.482,214.539,338.264,6.873,95.636,0.233,2.526
20170809,17.509,15.6,1.037,18.655,2.731,253.196,332.803,7.749,96.004,0.654,2.51
20170810,14.388,13.692,0.322,14.806,0.948,55.731,367.495,2.866,96.233,20.367,1.996
20170811,12.748,12.19,0.865,13.083,0.51,37.287,368.698,1.12,95.84,18.528,3.056
20170812,12.76,12.233,1.663,13.077,1.98,112.062,359.03,2.3,95.979,4.401,3.843
20170813,15.467,14.294,0.616,16.171,1.999,123.057,356.489,3.672,96.349,3.239,1.634
20170814,16.468,13.737,3.407,18.107,4.167,225.417,333.366,5.898,96.525,0.046,2.507
20170815,19.634,16.604,1.805,21.453,3.69,234.181,352.722,7.766,96.164,0.5,2.198
20170816,18.226,16.563,0.79,19.224,2.175,194.844,361.851,5.689,96.44,2.961,1.76
20170817,18.786,16.263,2.252,20.3,3.085,184.906,360.122,5.873,96.175,2.037,2.496
20170818,17.914,15.856,0.881,19.149,1.979,106.553,359.925,4.037,95.797,7.958,2.698
20170819,14.297,13.096,0.884,15.084,1.949,214.806,316.881,4.436,96.105,0.421,3.689
20170820,12.974,11.167,1.233,14.158,2.046,203.816,315.404,3.812,96.526,0.332,3.134
20170821,12.978,10.575,1.281,14.553,2.883,169.272,322.129,4.507,96.663,0.121,2.463
20170822,12.809,9.549,2.049,14.945,3.984,181.99,319.422,4.756,96.513,0.003,1.584
20170823,14.117,10.798,3.921,16.291,5.107,251.952,307.639,5.929,96.226,0.0,1.659
20170824,16.173,13.667,2.073,17.815,3.04,147.841,351.043,5.134,96.015,2.253,2.239
20170825,16.245,13.473,2.85,18.061,4.189,214.704,340.037,5.761,96.245,0.527,1.389
20170826,17.857,15.932,2.093,19.118,3.65,156.644,364.752,3.595,96.014,11.338,1.761
20170827,17.043,15.163,1.272,18.276,2.015,202.668,333.083,5.16,96.178,0.001,2.124
20170828,15.808,13.238,1.529,17.491,3.961,233.663,316.06,5.977,96.385,0.0,1.195
20170829,17.946,14.023,3.557,20.748,5.138,231.37,328.018,7.776,96.037,0.0,1.619
20170830,20.767,17.631,3.601,23.007,4.129,200.905,356.68,8.392,95.5,4.878,2.773
20170831,16.473,16.249,3.29,16.632,1.397,85.4,359.089,3.753,95.815,1.759,3.26
20170901,12.36,10.588,0.653,13.625,2.339,142.431,321.125,3.681,96.387,0.079,1.288
20170902,11.158,9.079,0.923,12.774,2.773,181.347,311.651,2.867,96.25,4.061,1.432
20170903,11.201,9.216,2.999,12.744,3.695,177.794,316.261,3.736,96.084,0.35,0.939
20170904,12.629,10.098,2.66,14.598,4.501,183.096,304.307,5.229,96.065,0.087,1.593
20170905,14.116,12.08,4.956,15.7,4.889,139.648,337.148,3.977,96.234,0.158,1.754
20170906,15.44,14.238,2.225,16.375,1.117,130.327,344.94,4.146,95.818,1.752,3.986
20170907,12.32,11.106,0.544,13.264,1.524,134.911,327.299,3.49,95.868,0.831,3.585
20170908,13.912,13.237,1.186,14.437,1.219,84.707,350.015,4.67,95.156,0.644,4.703
20170909,13.964,13.45,0.76,14.364,0.996,99.078,344.963,4.268,94.431,1.207,4.415
20170910,12.564,10.955,0.773,13.816,2.199,114.122,327.361,3.995,94.899,0.037,2.662
20170911,12.115,11.108,0.614,12.898,1.463,76.955,321.097,3.772,94.529,2.127,4.507
20170912,11.678,10.302,0.472,12.748,1.261,135.894,315.664,3.321,95.035,1.11,4.171
20170913,12.188,10.882,1.456,13.204,2.337,100.355,329.038,3.354,94.747,5.202,6.215
20170914,10.11,9.713,1.111,10.419,0.689,100.761,331.34,2.061,94.703,10.647,5.344
20170915,10.594,9.277,1.133,11.709,1.492,133.646,321.534,2.753,95.557,1.402,3.41
20170916,9.018,7.473,2.474,10.325,3.296,159.856,290.085,3.123,95.584,0.124,1.848
20170917,9.04,7.198,1.452,10.735,2.492,153.466,297.322,2.484,95.723,2.029,1.038
20170918,8.204,6.148,2.325,10.096,3.179,150.681,293.605,2.304,95.866,0.326,1.844
20170919,9.345,7.695,1.524,10.863,2.361,113.024,307.851,2.503,96.064,0.073,1.894
20170920,9.648,8.368,1.152,10.826,1.465,132.047,312.433,1.861,96.38,1.001,2.02
20170921,10.342,8.589,2.061,11.955,3.222,129.51,324.674,2.71,96.487,0.004,0.856
20170922,10.784,9.083,1.554,12.348,3.616,92.736,332.864,2.874,96.444,0.337,0.875
20170923,12.286,11.049,1.257,13.423,2.494,65.582,348.597,2.941,96.614,1.308,1.375
20170924,12.211,11.711,0.718,12.67,1.437,65.993,346.951,2.162,96.584,0.404,1.154
20170925,11.829,11.092,0.388,12.507,0.942,80.303,347.317,1.499,96.521,2.955,1.342
20170926,11.963,10.924,0.857,12.918,1.76,109.216,337.902,1.828,96.639,2.747,2.053
20170927,11.329,10.067,1.139,12.491,2.307,95.588,330.444,1.597,96.778,0.225,1.716
20170928,12.397,11.281,2.573,13.513,3.01,75.867,336.505,1.701,96.808,0.063,1.609
20170929,14.133,12.438,1.862,15.829,2.983,135.457,329.692,2.394,96.61,1.686,1.686
20170930,14.233,12.7,1.371,15.767,2.471,120.431,341.98,2.497,96.096,7.905,2.311
20171001,10.636,9.241,1.34,12.032,1.985,144.382,306.783,2.739,96.436,0.162,1.857
20171002,10.968,10.619,2.658,11.316,1.242,28.17,341.423,1.776,95.887,2.985,4.188
20171003,10.703,9.93,0.869,11.476,1.291,99.343,327.124,2.342,96.019,9.091,3.722
20171004,9.878,9.47,1.104,10.286,1.404,73.559,324.206,3.098,96.359,0.142,4.735
20171005,9.849,9.095,0.659,10.604,1.169,33.433,329.584,2.449,95.299,5.401,6.288
20171006,8.639,8.338,0.579,8.965,0.798,69.476,316.511,2.171,95.84,1.178,5.338
20171007,8.623,8.429,0.427,8.834,0.426,38.16,341.398,2.014,96.009,4.979,5.162
20171008,9.036,7.969,1.037,10.195,0.496,56.977,326.635,1.735,95.769,4.074,3.591
20171009,8.148,7.234,1.94,9.141,1.938,67.547,317.372,2.072,96.2,0.483,2.661
20171010,10.857,10.74,1.036,10.984,0.724,45.276,344.431,1.595,95.955,5.398,3.933
20171011,12.382,12.063,0.282,12.729,0.701,55.811,351.432,2.916,96.05,0.144,4.453
20171012,12.233,11.111,1.047,13.559,0.659,72.458,329.201,3.951,96.256,0.03,4.619
20171013,11.618,10.405,1.936,13.051,2.595,53.024,336.962,2.511,96.85,0.294,2.822
20171014,14.185,12.362,1.56,16.339,2.826,104.93,327.365,3.311,97.02,0.0,2.484
20171015,13.522,11.622,2.364,15.768,4.551,119.922,305.402,3.682,96.903,0.0,2.096
20171016,14.055,12.301,2.081,16.129,3.58,116.06,309.495,3.823,96.766,0.0,2.256
20171017,13.317,11.267,1.202,15.74,3.599,115.521,307.423,3.771,96.513,0.0,1.817
20171018,11.182,9.096,1.45,13.648,3.856,111.046,298.402,2.599,95.947,0.0,1.551
20171019,11.056,9.201,2.942,13.248,4.693,110.915,298.914,3.209,95.78,0.0,1.995
20171020,11.892,10.385,0.817,13.673,1.518,63.519,318.236,3.472,95.715,1.455,3.078
20171021,10.573,10.06,2.126,11.179,1.836,55.257,323.036,2.125,95.81,3.18,2.815
20171022,8.651,8.479,0.933,8.854,0.427,57.87,308.873,2.01,95.682,2.235,4.253
20171023,8.325,8.137,0.908,8.547,0.901,33.775,333.773,1.898,96.083,0.759,3.561
20171024,10.148,9.98,1.606,10.365,1.03,18.869,348.555,1.549,96.595,0.687,3.332
20171025,13.332,12.57,0.539,14.312,1.096,56.891,355.003,2.855,96.481,0.161,3.861
20171026,11.663,11.243,0.628,12.252,1.49,45.59,349.084,2.057,96.657,1.8,2.803
20171027,9.187,9.059,0.95,9.366,0.594,72.556,317.828,2.126,96.548,4.187,4.351
20171028,7.905,7.797,0.434,8.056,0.403,24.599,335.099,2.491,96.023,0.985,5.871
20171029,7.576,7.67,2.46,7.443,0.493,73.034,305.411,2.436,95.034,5.908,7.273
20171030,5.22,4.81,0.409,5.793,1.087,67.091,288.442,2.057,96.475,0.61,4.313
20171031,5.831,5.631,1.082,6.112,1.234,48.933,315.304,2.106,96.812,0.272,3.093
20171101,7.851,7.474,1.19,8.378,1.257,30.046,330.573,1.927,96.394,1.257,3.519
20171102,8.396,7.768,0.564,9.274,1.265,74.099,307.679,3.04,95.714,0.005,3.486
20171103,7.09,6.098,1.424,8.479,1.852,36.513,327.326,1.78,96.011,0.03,1.57
20171104,6.275,5.758,3.417,7.0,2.599,63.399,294.914,1.433,95.452,0.0,2.725
20171105,7.36,6.901,1.903,8.003,1.08,9.712,323.387,1.247,95.192,10.193,3.052
20171106,3.799,3.268,0.852,4.543,1.042,45.447,304.849,1.286,96.44,0.01,2.067
20171107,3.7,3.698,1.415,3.702,0.744,16.86,325.873,0.818,96.528,0.067,2.798
20171108,5.743,5.565,0.251,5.993,0.161,18.607,336.455,1.008,96.144,0.871,2.143
20171109,5.707,5.34,0.423,6.219,0.674,22.601,321.993,1.244,96.44,0.144,1.834
20171110,5.018,4.913,0.714,5.177,0.377,10.085,320.964,1.418,95.788,3.753,5.065
20171111,3.654,3.369,0.363,4.089,0.645,25.28,303.116,1.33,95.245,3.032,4.246
20171112,1.782,1.398,0.5,2.368,0.416,25.37,303.312,0.869,94.705,5.547,2.337
20171113,2.614,1.895,0.715,3.811,0.664,36.483,293.403,1.247,95.656,0.419,2.633
20171114,3.645,3.25,0.99,4.304,1.311,34.358,316.212,1.487,96.61,0.095,3.024
20171115,4.587,4.325,0.654,5.023,0.767,17.465,322.293,1.21,96.875,0.083,2.091
20171116,3.444,3.185,0.432,3.876,1.444,45.687,290.331,0.958,96.706,0.078,1.602
20171117,3.702,2.716,0.901,5.346,0.735,33.313,308.831,1.121,96.753,0.494,1.578
20171118,2.107,1.685,0.624,2.81,0.646,43.425,289.373,1.394,96.125,2.964,4.09
20171119,3.131,2.947,1.012,3.437,0.912,41.867,299.086,1.539,95.617,0.587,5.287
20171120,2.588,2.324,0.855,3.028,0.604,25.054,307.81,1.174,95.923,8.535,4.193
20171121,6.515,6.129,1.85,7.157,0.626,5.991,340.903,1.017,95.434,5.65,4.461
20171122,6.686,6.181,0.509,7.528,0.76,34.045,301.441,1.948,95.34,0.045,4.223
20171123,8.761,8.376,2.754,9.403,2.212,48.502,288.129,3.64,95.145,0.107,4.993
20171124,8.83,7.99,1.982,10.23,0.61,33.176,326.1,2.079,95.381,2.552,3.61
20171125,3.57,3.383,1.924,3.881,1.59,10.146,319.1,0.846,95.35,6.894,2.127
20171126,1.584,1.373,0.546,1.937,0.332,28.699,291.995,1.323,96.214,1.519,4.195
20171127,2.286,2.475,0.609,1.97,0.389,21.034,308.667,1.352,95.917,5.991,5.317
20171128,2.691,2.213,1.441,3.561,0.468,29.434,291.954,1.331,94.92,1.819,3.857
20171129,0.458,-0.182,1.284,1.625,1.145,23.08,291.87,0.97,94.884,1.116,1.892
20171130,-0.697,-0.885,0.451,-0.355,0.783,28.531,284.932,0.931,94.801,0.166,1.761
20171201,-0.652,-1.066,0.429,0.103,0.885,27.767,278.62,0.94,95.658,0.374,0.752
20171202,-0.748,-1.028,0.468,-0.238,0.503,28.58,287.913,1.125,96.7,0.326,0.87
20171203,-1.814,-1.603,0.604,-2.198,0.07,9.474,296.117,0.872,96.545,7.244,3.375
20171204,1.925,1.762,0.904,2.223,0.273,7.315,319.529,0.797,96.748,5.571,3.975
20171205,3.752,3.751,0.294,3.753,0.147,8.338,327.22,1.16,97.317,0.876,4.425
20171206,4.014,3.961,0.353,4.113,0.426,21.754,310.032,1.973,97.122,0.42,4.389
20171207,2.84,3.324,0.809,1.958,0.741,45.629,273.127,1.966,95.965,2.858,5.564
20171208,1.862,1.893,1.936,1.807,0.487,38.305,287.052,1.45,95.028,2.849,4.742
20171209,-0.701,-0.64,0.465,-0.811,0.15,22.008,288.48,1.365,95.223,3.785,5.292
20171210,-1.046,-0.477,1.851,-2.085,0.645,19.734,280.815,1.271,93.709,5.142,5.293
20171211,3.341,3.847,0.752,2.418,0.919,10.899,312.04,1.22,92.837,4.693,4.146
20171212,1.87,2.226,1.861,1.222,0.381,32.553,289.653,1.539,94.521,0.898,5.087
20171213,0.59,0.295,0.835,1.13,0.68,27.699,296.678,1.296,95.009,5.299,4.908
20171214,1.771,1.66,0.72,1.973,0.393,26.913,288.497,1.341,93.637,8.502,5.307
20171215,0.514,0.165,0.48,1.149,0.573,28.819,288.998,0.959,93.992,4.438,1.891
20171216,0.512,0.194,1.02,1.09,0.643,20.938,294.636,0.922,95.086,0.606,2.714
20171217,0.799,0.736,0.226,0.913,0.259,25.025,294.149,1.155,96.219,0.728,3.23
20171218,0.206,-0.045,0.333,0.663,0.66,28.877,289.858,1.319,96.611,0.268,1.911
20171219,1.025,0.974,1.053,1.118,0.507,12.279,308.891,0.915,97.344,0.753,1.943
20171220,2.609,2.508,0.511,2.792,0.626,14.623,320.115,0.717,97.461,0.324,1.548
20171221,4.888,4.65,1.124,5.322,0.463,4.496,331.264,0.726,97.428,1.477,2.927
20171222,4.957,4.55,0.298,5.701,0.631,14.046,327.514,1.076,97.501,0.163,2.331
20171223,5.789,5.359,1.325,6.575,0.77,12.716,329.827,1.479,97.232,0.192,4.61
20171224,6.886,6.818,0.123,7.011,0.107,11.574,335.714,1.772,96.665,0.043,5.183
20171225,4.585,4.372,1.623,4.973,0.355,16.712,309.128,1.694,96.048,0.113,4.335
20171226,3.404,2.701,0.738,4.685,1.313,25.61,283.01,1.745,94.749,1.866,5.027
20171227,2.508,1.867,0.79,3.677,0.985,19.76,287.582,1.791,93.461,0.196,3.165
20171228,1.607,1.418,1.062,1.952,0.417,22.501,290.356,1.657,93.937,1.193,3.575
20171229,0.418,0.186,0.455,0.841,0.512,37.414,273.246,1.88,94.887,0.855,4.295
20171230,3.288,3.875,3.676,2.217,0.852,8.143,311.816,1.363,94.544,3.393,5.016
20171231,9.689,9.363,1.173,10.283,0.366,7.595,339.357,2.615,94.781,2.568,5.528
20180101,5.859,6.023,2.157,5.559,0.2,37.424,293.511,2.517,94.583,2.956,5.077
20180102,3.033,2.839,0.581,3.387,0.696,22.092,309.924,1.198,95.083,5.849,3.944
20180103,4.751,4.347,0.833,5.488,0.688,25.827,310.104,1.729,93.748,11.306,7.061
20180104,5.291,5.419,1.024,5.058,0.258,13.124,320.646,1.756,93.991,3.585,5.157
20180105,6.147,5.653,0.61,7.048,0.625,22.591,307.879,2.268,94.212,0.79,4.485
20180106,4.856,4.789,0.607,4.978,0.946,24.628,311.834,1.361,95.181,3.771,1.935
20180107,0.979,1.223,1.319,0.533,0.149,12.115,313.812,0.845,96.63,4.028,4.379
20180108,-0.564,-0.468,0.376,-0.739,0.565,29.154,291.709,0.944,96.922,0.034,5.042
20180109,1.153,0.692,0.843,1.994,0.576,26.056,289.01,0.917,95.838,0.015,3.581
20180110,2.392,0.993,1.099,4.943,2.17,34.37,276.332,1.204,95.564,0.667,2.026
20180111,1.858,1.42,1.785,2.656,1.547,29.545,301.813,0.79,95.933,0.075,1.14
20180112,2.697,2.45,0.342,3.148,0.459,11.871,324.134,0.622,96.777,0.28,1.37
20180113,0.939,0.701,1.215,1.372,0.249,15.138,312.64,0.814,96.946,0.105,2.911
20180114,-1.356,-1.948,0.72,-0.37,1.303,52.495,241.449,1.481,96.669,0.016,3.22
20180115,0.154,-0.157,2.271,0.672,0.964,31.394,284.221,1.496,95.53,2.702,4.586
20180116,2.242,1.871,1.528,2.86,0.858,27.354,291.139,1.28,93.739,9.524,4.955
20180117,0.291,0.318,0.468,0.248,0.338,40.565,273.963,1.322,94.164,3.073,4.847
20180118,2.345,1.63,0.905,3.536,1.797,27.35,289.373,1.896,94.163,5.593,6.896
20180119,0.548,0.31,0.628,0.945,0.681,32.989,275.339,1.151,94.969,2.406,2.524
20180120,0.391,-0.096,0.306,1.202,0.523,34.527,281.146,1.192,94.884,5.366,2.76
20180121,-0.9,-1.211,1.37,-0.382,0.234,39.6,285.587,0.772,95.44,4.616,1.8
20180122,0.309,0.432,1.902,0.103,0.914,13.706,310.703,0.783,95.332,3.622,3.16
20180123,4.494,4.216,0.85,4.958,0.869,30.016,312.249,1.558,96.367,1.352,3.855
20180124,7.722,7.335,1.402,8.366,0.95,21.247,323.133,1.811,96.126,0.051,5.111
20180125,7.902,7.823,0.581,8.034,0.123,11.027,332.984,1.73,95.689,7.965,3.161
20180126,5.177,5.013,0.865,5.449,0.557,21.7,328.367,1.073,96.081,4.247,1.343
20180127,3.46,3.195,0.48,3.902,1.068,32.213,303.407,1.341,97.175,0.037,2.308
20180128,5.326,5.307,1.486,5.357,0.843,11.693,331.977,1.728,97.086,0.367,5.578
20180129,7.692,7.341,0.434,8.277,0.356,28.449,332.86,2.376,96.684,2.28,6.084
20180130,2.869,2.427,1.37,3.607,1.154,44.438,281.807,2.06,96.914,0.015,3.394
20180131,4.616,3.581,1.662,6.342,0.618,9.346,325.682,1.294,95.266,7.408,5.007
20180201,1.797,1.547,1.128,2.178,0.974,63.013,273.705,1.791,94.466,1.723,3.521
20180202,0.974,0.688,0.819,1.411,0.628,37.386,289.136,1.355,94.672,1.455,3.864
20180203,0.395,0.312,1.106,0.51,0.385,53.344,288.576,1.377,94.9,1.837,2.287
20180204,-2.137,-2.04,0.914,-2.274,0.26,34.333,284.943,0.964,95.911,2.156,2.69
20180205,-3.296,-3.914,0.584,-2.43,0.639,54.402,260.46,0.953,96.814,0.483,2.859
20180206,-4.484,-4.745,1.74,-4.118,1.944,76.661,246.9,1.074,95.935,0.049,2.68
20180207,-3.276,-3.962,0.754,-2.315,1.654,78.458,248.937,1.154,95.756,0.008,1.579
20180208,-4.257,-4.756,1.148,-3.559,1.514,52.8,266.835,0.898,96.184,0.03,0.779
20180209,-3.747,-4.174,2.678,-3.149,1.684,63.092,270.254,0.899,95.894,0.037,1.988
20180210,-0.524,-0.862,1.19,-0.051,1.02,41.212,295.415,1.238,95.795,0.419,2.242
20180211,0.599,0.57,0.626,0.639,0.564,32.667,286.079,1.427,94.844,0.995,4.47
20180212,-0.027,-0.55,1.033,0.704,0.522,72.868,266.837,1.484,95.407,1.817,3.305
20180213,-1.66,-2.818,1.015,-0.038,2.07,93.228,232.923,1.602,95.833,0.013,2.149
20180214,-3.008,-4.536,2.236,-0.868,3.366,103.758,222.673,1.742,96.106,0.0,1.964
20180215,-1.195,-1.547,1.821,-0.703,0.535,28.81,291.957,1.497,95.941,1.761,3.657
20180216,0.648,-0.254,1.506,1.911,1.308,70.705,280.526,1.247,96.629,0.395,2.607
20180217,-1.109,-1.576,1.388,-0.455,1.945,52.5,266.867,1.127,96.665,0.005,1.788
20180218,-0.554,-1.656,0.847,0.864,1.64,76.295,274.167,1.592,96.923,0.015,1.529
20180219,-1.565,-2.546,0.668,-0.303,1.563,73.39,263.726,1.406,96.332,0.004,1.367
20180220,-2.295,-2.965,1.248,-1.502,1.391,78.439,261.109,1.268,96.082,0.154,1.986
20180221,-2.357,-2.992,1.437,-1.606,2.117,98.902,247.084,1.626,96.559,0.016,2.833
20180222,-2.46,-3.061,0.961,-1.75,1.674,83.409,241.342,1.849,96.539,0.033,3.824
20180223,-4.302,-4.976,1.021,-3.506,1.708,105.806,218.77,1.859,96.497,0.002,4.27
20180224,-4.96,-6.148,1.573,-3.557,2.092,89.668,229.168,1.943,96.837,0.008,4.693
20180225,-6.819,-7.302,1.257,-6.249,1.929,119.93,215.774,1.721,97.06,0.018,4.044
20180226,-7.489,-8.103,1.01,-6.763,1.087,94.033,229.424,1.223,96.794,0.521,3.958
20180227,-9.322,-10.154,1.792,-8.339,2.745,133.977,201.622,1.411,96.292,0.01,3.496
20180228,-10.612,-10.69,0.971,-10.519,1.56,112.95,208.705,1.118,96.382,0.005,4.409
20180301,-8.46,-9.394,1.806,-7.357,2.584,137.709,210.319,1.577,95.552,0.0,5.87
20180302,-8.046,-8.751,2.106,-7.212,2.795,136.546,217.067,1.469,94.56,0.0,4.541
20180303,-6.371,-6.716,1.967,-5.963,2.116,103.639,251.234,1.543,94.465,0.212,3.694
20180304,-0.804,-2.175,3.704,0.815,3.715,93.795,277.205,1.761,94.407,0.093,2.488
20180305,3.941,2.121,1.299,6.092,2.45,110.414,283.811,2.557,94.117,0.299,2.412
20180306,0.491,-0.779,1.41,1.871,2.945,103.826,269.386,1.385,93.685,0.007,1.244
20180307,3.126,1.601,2.407,4.651,2.634,103.779,289.92,1.807,93.867,0.944,2.557
20180308,4.342,3.463,1.093,5.222,1.765,97.396,302.549,2.324,94.575,3.355,4.764
20180309,3.438,2.435,1.564,4.441,2.413,129.687,274.381,2.203,95.069,0.644,3.594
20180310,8.609,6.942,2.954,10.275,3.236,101.847,324.742,2.428,94.8,3.173,2.838
20180311,10.291,8.973,1.998,11.609,3.525,134.539,303.037,3.033,94.3,0.0,2.281
20180312,8.342,7.864,0.801,8.82,1.181,36.945,324.502,1.598,93.837,7.764,2.618
20180313,6.318,5.635,1.811,7.001,0.657,71.051,320.569,1.854,94.5,3.842,4.373
20180314,2.842,2.242,0.488,3.441,0.923,79.588,302.943,1.682,95.441,1.228,2.646
20180315,2.959,1.691,2.522,4.227,3.194,153.627,260.23,2.157,94.75,0.001,4.443
20180316,-0.303,-0.524,2.309,-0.081,0.872,37.781,308.713,0.691,94.726,11.222,3.787
20180317,-6.067,-5.475,0.705,-6.658,0.537,82.193,281.413,0.828,95.123,2.339,6.312
20180318,-5.705,-5.79,0.947,-5.62,1.56,145.761,247.913,1.745,95.373,0.095,6.771
20180319,-5.174,-6.216,1.705,-4.132,2.56,181.017,217.244,2.056,95.602,0.0,3.675
20180320,-2.73,-3.915,2.48,-1.64,2.106,75.362,260.631,1.492,95.916,3.022,3.09
20180321,-0.712,-2.424,2.57,0.862,3.639,171.137,243.383,2.561,96.859,0.001,1.854
20180322,0.778,0.576,1.355,0.963,1.048,49.377,304.897,1.349,95.828,2.876,3.657
20180323,3.244,2.39,0.664,4.028,1.474,47.173,315.668,1.211,95.086,1.495,1.621
20180324,3.92,2.1,1.448,5.594,2.309,115.01,296.099,2.485,94.783,0.072,1.795
20180325,3.832,1.836,3.13,5.521,3.888,137.902,285.251,3.053,95.098,0.0,1.097
20180326,3.667,2.366,1.177,4.768,1.393,85.69,293.349,2.314,95.674,0.97,1.904
20180327,3.569,2.22,2.603,4.71,3.051,154.955,278.579,2.593,95.655,2.859,1.346
20180328,5.453,4.87,1.242,5.946,1.257,29.476,329.626,1.305,94.637,8.302,2.549
20180329,3.675,2.608,1.569,4.577,1.559,151.387,286.075,2.183,94.858,1.889,4.1
20180330,4.688,2.23,4.939,6.768,4.646,169.092,277.448,3.336,94.839,1.476,2.718
20180331,4.402,3.89,0.83,4.836,1.291,69.082,309.96,1.634,94.329,10.449,1.895
20180401,2.941,2.345,0.692,3.444,1.406,135.109,293.249,1.839,94.959,0.796,3.142
20180402,5.949,4.959,3.354,6.718,3.379,126.561,302.572,3.508,95.303,0.109,2.532
20180403,12.036,10.449,2.039,13.27,3.548,199.027,306.932,6.299,94.797,0.986,3.458
20180404,11.756,9.454,0.836,13.546,3.042,188.251,300.484,5.084,94.773,6.573,3.025
20180405,7.171,5.643,2.605,8.359,1.491,152.411,299.254,2.801,95.393,3.845,4.91
20180406,4.913,2.614,3.749,6.702,4.645,233.387,250.079,4.362,96.525,0.0,2.47
20180407,9.997,6.383,4.346,12.807,6.451,234.725,266.789,7.196,95.864,0.0,2.739
20180408,11.843,8.411,2.934,14.512,5.118,232.067,284.48,6.265,95.369,0.0,1.999
20180409,12.311,9.903,3.049,14.184,4.474,230.634,294.811,5.834,95.006,0.0,1.915
20180410,13.603,11.033,3.273,15.602,4.863,225.078,303.0,6.599,94.789,0.243,2.153
20180411,10.804,9.788,1.448,11.595,2.481,163.666,308.903,3.098,95.125,0.534,2.142
20180412,12.715,10.844,2.658,14.051,4.136,186.876,315.059,4.221,94.714,0.721,3.302
20180413,10.888,9.898,0.836,11.596,1.279,115.473,333.919,1.854,94.963,13.88,2.331
20180414,12.15,10.334,1.897,13.448,2.975,170.958,317.532,4.411,96.089,4.242,2.97
20180415,12.349,10.374,3.255,13.76,3.701,179.053,319.909,4.437,95.746,1.263,1.214
20180416,12.938,11.711,0.973,13.742,1.921,140.265,330.053,3.376,95.809,1.751,1.287
20180417,12.159,9.285,2.235,14.042,4.278,207.438,306.828,4.826,96.854,0.03,1.265
20180418,14.685,10.846,3.126,17.2,4.98,253.84,300.648,7.326,97.427,0.0,1.4
20180419,15.957,12.362,3.151,18.312,5.003,259.956,298.469,8.472,97.294,0.0,2.262
20180420,17.432,13.584,4.213,19.953,5.836,258.431,309.294,10.108,96.736,0.0,1.56
20180421,16.023,12.853,1.709,18.099,3.701,250.691,313.521,7.193,96.373,0.0,1.849
20180422,15.951,12.217,3.194,18.397,5.256,223.737,324.039,6.943,95.89,2.127,1.938
20180423,14.174,11.501,1.353,15.926,1.848,201.195,318.585,4.71,95.768,0.904,2.651
20180424,11.516,9.385,2.791,12.913,2.785,158.432,320.256,4.304,95.913,0.016,3.157
20180425,11.735,9.782,1.333,13.014,1.18,185.995,312.529,4.131,95.416,2.248,3.98
20180426,7.867,6.55,0.855,8.73,1.598,224.501,289.653,3.168,95.866,1.965,3.76
20180427,8.816,5.589,3.599,10.93,4.543,240.951,284.652,4.889,95.713,0.0,2.042
20180428,11.999,9.439,3.101,13.677,2.944,233.601,305.759,6.083,95.528,0.844,2.689
20180429,14.523,12.489,3.61,15.856,4.302,256.159,318.816,5.831,95.243,1.203,2.701
20180430,13.257,12.602,1.379,13.686,1.141,217.386,305.546,5.81,94.613,0.178,4.582
20180501,8.29,7.007,2.462,8.993,2.152,182.737,292.741,5.134,95.429,0.182,5.139
20180502,8.486,6.269,3.066,9.702,4.26,263.51,294.017,4.426,95.723,0.09,1.687
20180503,10.648,8.032,1.494,12.082,2.601,227.624,303.945,4.949,95.92,0.0,2.272
20180504,10.524,7.841,1.942,11.995,3.455,270.815,291.666,6.092,96.564,0.0,2.873
20180505,11.623,8.65,2.69,13.253,4.131,289.923,281.544,6.809,96.856,0.0,3.213
20180506,13.375,9.986,3.013,15.233,4.546,290.376,289.301,7.379,96.815,0.0,3.025
20180507,14.61,11.289,3.276,16.431,4.733,295.657,292.649,8.072,96.432,0.0,2.993
20180508,16.051,12.887,3.301,17.787,4.543,292.565,303.604,9.055,95.772,0.0,3.123
20180509,16.322,12.936,2.249,18.178,4.21,230.191,327.723,7.327,95.295,0.625,2.397
20180510,14.053,11.391,0.856,15.512,3.374,218.639,336.199,4.255,95.387,6.754,2.349
20180511,13.016,11.862,1.673,13.649,2.708,172.534,337.446,4.634,96.288,0.103,1.989
20180512,15.848,13.977,2.056,16.874,3.581,190.795,345.326,5.619,95.972,0.91,2.385
20180513,17.376,14.243,1.894,19.095,3.658,242.241,332.991,7.843,95.468,0.42,3.169
20180514,17.115,13.752,1.427,18.959,3.81,275.826,310.422,10.178,95.533,0.0,4.14
20180515,13.924,11.346,0.913,15.337,3.039,231.248,318.004,6.356,95.804,3.901,3.2
20180516,12.534,11.336,1.092,13.191,1.814,189.907,336.538,2.725,95.768,8.947,2.695
20180517,11.463,10.921,0.996,11.761,2.239,264.955,312.174,3.47,96.048,0.549,3.811
20180518,9.2,8.984,0.351,9.318,1.264,141.686,334.39,2.649,96.377,0.061,2.171
20180519,11.031,9.253,1.52,12.006,2.348,156.285,332.123,3.791,96.503,0.14,1.262
20180520,13.964,10.674,3.298,15.609,4.429,300.299,300.404,7.433,96.59,0.0,3.086
20180521,15.452,12.421,2.543,16.83,4.1,308.773,299.493,8.609,96.16,0.0,4.047
20180522,15.797,12.691,2.109,17.208,3.959,257.354,323.873,7.703,95.8,0.161,2.269
20180523,16.898,14.624,2.038,17.932,3.284,268.373,328.986,8.628,96.266,0.044,3.136
20180524,14.686,15.033,0.605,14.527,1.261,97.168,356.714,3.546,96.384,12.044,3.494
20180525,16.847,15.048,1.869,17.665,2.962,206.647,346.002,5.017,96.338,1.091,2.1
20180526,17.996,13.963,2.366,19.829,4.675,264.969,329.165,8.532,96.499,0.001,1.845
20180527,17.928,14.942,2.347,19.285,3.674,260.084,339.133,6.724,96.364,0.263,2.101
20180528,20.627,17.137,2.942,22.214,4.725,286.476,347.4,9.293,96.211,0.03,2.279
20180529,20.924,17.827,1.031,22.332,3.46,270.159,354.72,7.963,95.824,2.967,2.206
20180530,19.982,17.521,1.819,21.101,3.242,236.441,360.97,6.397,95.893,0.25,1.418
20180531,19.991,16.476,2.034,21.588,3.887,254.747,354.694,6.955,95.888,1.582,1.32
20180601,18.899,16.997,0.815,19.764,2.191,233.181,359.659,5.156,95.974,7.61,2.207
20180602,17.144,15.915,0.581,17.703,1.447,184.757,368.14,4.23,96.169,1.652,2.614
20180603,17.815,15.008,1.509,19.091,3.112,234.64,346.112,6.018,96.191,0.565,1.182
20180604,18.625,14.901,2.321,20.317,4.094,255.311,344.161,7.37,95.723,0.051,1.554
20180605,16.739,14.368,1.469,17.816,3.234,241.848,338.996,5.49,95.697,0.022,1.731
20180606,18.37,15.276,3.122,19.776,4.449,288.877,330.797,8.616,95.862,0.11,3.011
20180607,19.457,16.169,1.903,20.951,4.204,268.762,351.393,8.519,95.923,1.04,1.673
20180608,20.585,17.126,2.105,22.158,3.753,265.559,355.831,9.395,95.737,0.01,1.481
20180609,20.762,17.115,1.328,22.419,3.891,272.386,355.246,10.059,95.629,0.922,1.584
20180610,19.504,17.315,1.05,20.499,2.434,224.495,364.182,5.86,95.561,3.697,1.723
20180611,17.392,16.396,0.719,17.845,1.99,204.849,356.388,5.265,95.579,0.161,1.823
20180612,14.757,14.154,0.74,15.031,1.398,219.859,345.645,5.598,95.523,0.673,2.493
20180613,12.467,12.177,0.745,12.599,0.941,134.069,347.724,4.479,95.782,0.178,3.073
20180614,14.577,12.057,2.895,15.722,3.465,281.996,329.961,7.012,95.985,0.212,1.724
20180615,15.828,14.117,1.878,16.606,2.67,110.285,362.259,5.327,96.102,0.153,0.808
20180616,18.438,15.021,2.133,19.991,3.803,218.915,342.144,9.166,95.987,0.098,1.525
20180617,16.786,14.22,1.049,17.952,2.203,233.234,341.739,7.106,96.073,0.059,2.614
20180618,16.716,14.866,1.673,17.556,2.948,157.651,353.148,7.399,96.458,0.043,2.488
20180619,18.116,15.948,1.118,19.102,2.226,177.859,361.182,6.666,96.643,0.392,2.671
20180620,20.213,16.754,2.272,21.785,4.522,225.9,351.613,10.047,96.484,0.05,1.583
20180621,15.923,12.942,2.281,17.278,2.38,241.727,328.419,6.988,95.97,0.414,4.248
20180622,10.432,9.324,1.152,10.888,2.181,178.0,320.027,3.556,96.462,4.387,4.802
20180623,10.942,10.462,1.475,11.16,2.019,84.939,343.102,3.767,96.668,0.56,4.175
20180624,11.999,10.928,0.83,12.486,1.904,101.016,343.346,4.255,96.462,0.174,3.28
20180625,14.462,12.759,1.725,15.236,2.674,166.99,352.321,4.973,96.552,0.592,2.554
20180626,15.803,14.172,1.302,16.545,3.448,185.477,353.335,6.553,96.718,0.309,1.835
20180627,16.784,13.548,1.256,18.116,3.297,235.978,331.223,8.307,96.748,0.122,2.743
20180628,19.01,15.154,4.063,20.599,4.367,220.494,344.708,11.048,96.503,0.627,3.023
20180629,21.515,18.096,1.845,23.069,4.055,320.613,336.318,14.921,96.103,0.0,2.496
20180630,17.701,15.485,1.408,18.708,3.215,333.161,306.658,11.949,96.16,0.0,3.865
20180701,15.892,12.73,2.25,17.329,3.876,334.977,294.488,11.522,96.311,0.0,3.461
20180702,16.202,12.172,3.328,18.034,4.809,332.378,296.823,12.217,96.162,0.0,2.248
20180703,19.019,15.081,3.734,20.809,5.851,332.521,308.261,16.448,96.102,0.0,1.088
20180704,21.674,17.197,4.021,23.709,5.956,293.7,337.743,18.467,95.858,0.0,1.62
20180705,20.817,17.39,1.381,22.375,3.581,231.41,360.815,10.31,95.683,3.602,1.936
20180706,17.602,15.727,1.271,18.454,3.138,228.175,341.88,8.551,96.168,0.009,3.085
20180707,17.044,13.599,3.384,18.61,5.025,324.004,306.47,11.483,96.532,0.0,2.652
20180708,18.015,15.34,3.683,19.231,5.381,287.89,328.901,11.155,96.547,0.0,2.354
20180709,17.253,15.293,1.91,18.143,3.531,258.697,337.151,9.141,96.419,0.067,2.977
20180710,13.498,13.222,1.354,13.623,1.254,143.03,348.826,4.378,95.984,5.758,2.203
20180711,13.889,12.08,1.213,14.711,2.295,231.049,338.117,4.108,95.905,2.557,1.666
20180712,16.179,13.703,2.872,17.305,3.83,207.009,348.237,5.358,96.053,0.77,2.502
20180713,18.578,15.268,1.754,20.082,3.564,281.452,336.442,9.003,96.307,0.236,2.37
20180714,18.456,15.022,2.572,20.016,4.472,276.832,334.018,9.083,96.307,0.44,1.363
20180715,19.216,15.774,2.375,20.781,4.331,295.522,332.71,11.621,96.084,0.007,1.659
20180716,19.804,16.536,2.431,21.29,4.127,265.279,338.531,12.342,95.822,0.363,1.67
20180717,21.375,17.158,4.072,23.292,5.535,275.126,340.794,15.769,95.782,0.027,2.296
20180718,19.98,17.667,1.497,21.137,3.017,310.016,326.724,12.186,96.109,0.0,3.288
20180719,18.907,15.001,3.201,20.86,4.892,314.485,316.58,13.233,96.183,0.0,1.906
20180720,21.047,17.006,3.874,23.068,5.181,234.86,346.897,16.914,95.848,0.0,1.554
20180721,19.746,17.914,0.812,20.662,2.294,199.239,361.93,9.864,95.614,1.34,2.097
20180722,18.585,17.245,0.639,19.254,2.153,178.677,362.615,6.013,95.845,4.701,1.186
20180723,21.05,17.311,2.655,22.919,4.284,224.03,358.192,11.756,96.075,0.203,1.54
20180724,23.158,19.035,3.025,25.219,5.521,299.97,349.812,16.721,95.98,0.0,1.432
20180725,24.709,19.777,2.775,27.175,4.793,287.534,364.067,18.467,95.953,0.001,1.846
20180726,24.976,20.681,3.066,27.124,4.916,286.918,356.302,20.166,96.049,0.0,2.314
20180727,24.208,20.23,2.485,26.197,4.293,266.433,360.295,17.802,95.853,0.192,2.514
20180728,22.649,18.831,1.111,24.558,3.938,229.404,367.418,12.447,95.443,1.94,2.347
20180729,21.413,18.426,3.579,22.907,4.723,223.386,363.274,11.289,95.945,0.495,1.697
20180730,25.612,21.212,3.487,27.812,4.974,254.179,367.736,21.348,96.006,0.0,0.926
20180731,26.864,22.225,3.565,29.183,5.784,243.437,372.506,24.021,96.023,0.032,1.584
20180801,24.321,22.39,1.699,25.287,3.543,260.584,371.656,16.341,96.398,0.007,2.412
20180802,23.962,22.0,1.787,25.037,3.483,232.286,380.216,13.118,96.603,0.286,1.915
20180803,24.969,21.748,3.479,26.735,4.802,268.624,367.025,16.437,96.518,0.0,1.801
20180804,25.725,22.49,2.137,27.498,3.932,226.041,372.732,18.648,96.192,0.097,2.037
20180805,20.721,18.892,1.766,21.724,2.387,252.724,348.449,10.882,96.437,0.156,2.656
20180806,21.427,17.447,4.745,23.609,6.309,287.584,329.441,17.047,96.201,0.0,2.011
20180807,25.322,20.598,4.225,27.912,6.097,232.306,366.56,22.127,95.642,0.27,2.239
20180808,24.923,22.003,1.324,26.524,3.229,246.451,369.134,17.254,95.633,0.746,2.91
20180809,22.771,18.764,1.352,25.175,4.933,239.891,368.032,13.378,95.764,2.035,3.143
20180810,18.116,16.891,1.434,18.852,2.658,231.558,332.766,11.083,96.448,0.0,3.794
20180811,16.707,14.169,1.157,18.23,2.671,234.74,318.168,10.662,96.495,1.471,3.451
20180812,18.17,14.35,5.268,20.461,5.627,273.158,312.531,14.747,96.08,0.0,1.579
20180813,17.457,14.458,2.123,19.256,3.114,167.161,344.535,7.909,95.362,1.798,2.818
20180814,16.926,15.4,1.274,17.841,1.968,170.612,347.065,5.473,95.713,0.83,3.619
20180815,17.903,15.28,1.797,19.477,3.127,170.018,353.672,8.562,96.311,0.134,1.832
20180816,20.517,16.706,5.117,22.803,5.795,261.307,340.551,13.533,96.095,0.0,1.411
20180817,21.634,18.508,1.318,23.51,3.613,221.584,357.176,12.61,95.985,0.543,1.94
20180818,19.114,16.223,2.274,20.848,4.036,173.04,352.802,9.704,96.483,2.209,1.432
20180819,20.635,16.885,3.831,23.092,5.782,256.682,335.381,15.52,96.404,0.0,1.793
20180820,18.9,17.099,2.082,20.08,2.372,113.371,368.269,7.838,96.279,0.336,2.28
20180821,19.372,17.578,1.434,20.548,2.566,144.908,367.134,7.958,96.464,0.572,1.515
20180822,21.117,17.431,3.575,23.533,5.601,190.679,353.968,14.065,96.185,0.0,1.665
20180823,22.663,19.174,2.248,24.949,4.769,224.69,357.14,15.538,95.663,0.069,1.753
20180824,17.156,16.236,1.522,17.758,0.837,160.853,348.826,7.364,95.496,0.149,2.892
20180825,12.852,11.449,1.126,13.77,1.155,167.331,321.214,5.922,95.522,0.491,3.595
20180826,12.464,10.261,3.044,13.908,4.09,173.191,317.911,7.348,95.991,0.009,2.751
20180827,15.126,13.785,2.246,16.004,2.01,72.379,355.903,6.85,95.752,0.402,4.041
20180828,16.352,14.097,1.241,17.829,3.471,181.234,332.595,8.459,96.306,0.002,1.402
20180829,19.248,15.545,5.097,21.893,6.333,232.142,330.922,13.577,95.841,0.183,2.27
20180830,15.481,15.157,2.267,15.713,1.1,97.132,354.517,3.83,96.091,4.627,3.595
20180831,13.013,11.049,1.668,14.417,2.976,158.267,329.139,5.499,96.533,0.007,1.977
20180901,13.559,11.077,3.109,15.333,4.178,176.937,323.115,7.161,96.803,0.009,2.018
20180902,14.095,13.318,1.431,14.7,1.36,65.903,360.949,3.918,96.74,0.321,3.409
20180903,16.292,15.336,1.1,17.035,2.0,70.699,374.207,3.006,96.142,5.048,1.462
20180904,18.049,15.438,2.172,20.08,4.083,172.752,354.525,6.601,96.039,0.433,1.317
20180905,17.785,15.066,3.178,19.899,4.738,171.487,342.782,8.569,96.132,0.01,1.906
20180906,17.6,14.903,1.285,19.698,4.098,148.04,354.532,7.181,95.664,3.504,1.177
20180907,15.525,13.654,1.93,16.98,1.824,141.325,348.304,4.387,95.74,1.962,2.665
20180908,13.186,10.763,2.731,15.071,4.019,211.11,300.899,7.009,96.379,0.0,2.062
20180909,15.718,12.943,3.151,17.876,4.171,169.49,328.783,8.801,96.51,0.246,1.719
20180910,16.359,13.014,4.229,18.962,5.204,145.926,339.925,8.906,96.547,0.148,2.236
20180911,18.507,16.005,3.026,20.453,4.211,188.337,332.543,10.463,96.568,0.001,3.192
20180912,19.218,15.404,1.679,22.185,4.802,193.437,332.912,11.417,96.394,0.008,2.821
20180913,13.3,13.015,0.427,13.522,0.405,56.376,364.797,2.701,96.391,1.706,1.894
20180914,14.033,12.229,1.071,15.436,3.32,75.408,353.156,5.153,96.378,1.908,1.262
20180915,13.61,11.508,1.688,15.388,2.992,124.235,327.59,6.432,96.647,0.214,2.308
20180916,14.806,12.573,3.839,16.695,5.391,186.731,308.828,8.809,96.684,0.0,1.228
20180917,16.435,12.714,4.261,19.858,6.027,186.451,312.164,11.24,96.363,0.0,1.561
20180918,19.29,15.297,5.76,22.964,6.828,185.244,326.938,13.851,95.983,0.0,2.559
20180919,20.822,18.364,3.037,23.083,4.883,170.496,347.578,12.807,96.219,0.008,2.291
20180920,19.881,17.249,2.528,22.302,4.685,170.747,338.457,11.769,96.132,0.001,2.433
20180921,16.634,14.182,3.394,18.889,4.198,96.622,334.433,7.801,95.452,2.486,4.657
20180922,11.197,9.586,0.681,12.678,2.04,117.727,315.351,4.925,96.235,0.836,4.52
20180923,9.006,8.288,1.006,9.667,0.946,12.613,346.15,1.336,95.6,36.706,2.983
20180924,7.509,6.236,0.467,8.681,1.595,139.456,292.138,2.272,97.12,2.291,4.515
20180925,7.13,5.228,1.817,8.879,3.074,127.362,289.068,3.261,97.985,0.061,1.918
20180926,8.324,6.143,4.207,10.332,4.49,150.557,284.808,5.331,97.668,0.0,2.514
20180927,13.217,9.934,2.522,16.236,5.032,156.458,306.073,8.619,97.063,0.0,2.07
20180928,9.074,7.323,1.269,10.685,1.805,92.38,299.795,3.912,96.693,0.003,2.544
20180929,6.228,3.954,2.506,8.501,4.391,158.539,268.571,3.643,97.074,0.0,1.489
20180930,8.358,5.519,4.167,11.196,5.389,162.17,272.351,5.563,96.118,0.0,1.609
20181001,6.566,4.799,0.965,8.333,1.96,96.404,293.436,2.611,95.873,0.994,3.243
20181002,5.81,6.099,2.577,5.522,1.169,31.307,314.79,1.456,96.112,1.483,4.752
20181003,9.842,8.58,1.008,11.105,1.285,97.986,308.74,4.252,96.512,0.249,4.411
20181004,8.837,7.068,2.238,10.606,3.44,104.746,311.238,3.038,96.974,0.019,1.904
20181005,10.604,7.892,3.611,13.317,5.847,146.15,289.008,4.818,96.432,0.0,1.968
20181006,13.705,11.226,3.568,16.401,5.181,138.36,311.121,5.821,95.57,0.0,2.577
20181007,9.852,8.865,2.245,10.925,0.48,76.894,314.893,2.4,96.033,0.051,2.432
20181008,9.315,7.387,3.485,11.41,4.523,121.842,304.801,2.974,96.528,0.0,1.172
20181009,11.838,9.646,3.418,14.219,5.233,116.643,309.981,3.454,96.603,0.0,1.139
20181010,12.941,10.751,3.459,15.321,5.146,132.294,301.92,4.401,96.375,0.0,2.663
20181011,14.115,11.238,1.738,17.243,4.708,133.511,299.733,6.951,95.981,0.0,2.394
20181012,15.65,12.961,3.065,18.828,5.033,124.827,323.345,7.387,96.529,0.0,2.268
20181013,15.77,12.973,3.075,19.075,5.368,125.162,314.384,7.967,96.56,0.0,2.119
20181014,13.996,11.47,3.122,16.981,5.043,124.091,303.599,6.578,95.846,0.0,2.109
20181015,14.288,12.095,3.615,16.88,5.398,121.601,303.409,7.786,95.859,0.0,1.301
20181016,12.691,10.709,2.378,15.033,4.412,108.601,314.589,4.679,96.227,0.001,1.668
20181017,12.989,11.313,2.421,14.969,4.759,106.981,315.751,3.815,96.309,0.0,0.814
20181018,10.902,9.897,2.064,12.089,2.104,78.529,337.893,2.183,96.527,0.027,1.955
20181019,10.441,9.931,0.807,11.044,1.693,47.573,347.969,2.968,96.782,0.29,1.722
20181020,7.772,6.287,1.149,9.527,2.673,80.331,306.262,2.932,97.147,0.103,1.607
20181021,7.525,5.402,1.405,10.034,2.631,50.478,321.82,2.841,97.153,0.019,1.048
20181022,5.534,3.972,2.06,7.381,2.381,23.805,311.443,1.339,97.159,0.837,1.838
20181023,6.577,6.481,2.823,6.69,1.486,27.366,325.65,1.688,96.463,0.416,5.44
20181024,10.077,9.972,0.577,10.213,0.322,14.874,352.869,1.472,96.148,2.946,5.179
20181025,10.238,9.812,0.322,10.786,0.208,36.783,349.196,2.344,95.995,0.952,4.568
20181026,8.709,8.502,0.43,9.0,0.65,49.798,332.632,2.914,95.217,0.705,3.692
20181027,5.18,4.753,1.385,5.78,0.891,51.591,302.647,2.275,95.106,0.855,3.232
20181028,2.796,2.756,0.581,2.852,0.706,22.47,312.367,1.358,95.577,2.456,4.473
20181029,2.474,2.579,0.481,2.326,0.114,13.889,324.19,0.748,94.734,1.049,4.565
20181030,5.284,4.162,1.191,6.855,1.15,75.571,312.162,1.881,93.869,1.307,5.494
20181031,6.647,6.081,1.377,7.439,2.833,76.233,281.994,3.129,95.862,0.0,3.242
20181101,5.616,4.816,1.955,6.736,2.862,56.279,286.485,2.138,95.644,0.161,1.987
20181102,7.613,6.419,0.98,9.284,1.511,58.326,295.39,2.798,96.461,0.002,2.82
20181103,5.428,4.79,1.183,6.32,2.308,56.055,293.626,1.989,97.074,0.002,1.682
20181104,7.26,6.89,1.549,7.778,1.237,50.317,314.787,1.274,96.2,0.001,1.934
20181105,8.93,8.04,0.975,10.176,1.835,64.535,310.48,1.652,95.455,0.01,2.171
20181106,7.985,6.47,2.192,10.106,3.81,73.381,290.58,1.981,95.343,0.0,1.888
20181107,8.341,6.787,1.205,10.517,3.48,76.198,288.846,2.548,95.559,0.0,1.917
20181108,8.535,7.131,1.073,10.5,1.348,37.006,315.289,2.076,96.349,0.478,1.68
20181109,8.345,7.588,0.506,9.404,1.381,58.928,306.001,1.46,95.976,1.75,2.39
20181110,8.63,8.164,1.483,9.341,1.879,51.997,303.353,2.437,95.347,0.001,3.345
20181111,10.124,10.044,1.254,10.246,1.823,51.242,316.068,2.882,95.491,1.564,4.095
20181112,11.65,10.974,1.396,12.682,2.026,45.704,322.881,3.753,95.988,0.385,3.543
20181113,9.545,9.173,1.599,10.163,0.416,39.117,319.563,1.947,96.653,5.908,3.405
20181114,5.667,4.844,1.021,7.038,1.699,64.261,280.757,1.488,97.238,0.0,1.707
20181115,3.268,2.603,1.049,4.376,2.099,64.178,273.317,1.132,97.075,0.0,1.605
20181116,2.598,1.561,1.198,4.326,2.658,67.788,255.633,1.645,97.331,0.0,2.528
20181117,0.2,-0.582,0.855,1.503,1.98,66.016,243.348,1.252,97.527,0.0,3.821
20181118,-1.197,-1.711,1.716,-0.34,2.486,62.19,252.827,1.809,97.117,0.569,2.982
20181119,1.108,0.92,0.617,1.421,0.127,30.842,304.525,1.059,96.161,3.048,4.886
20181120,-0.395,-0.473,0.107,-0.264,0.113,20.977,293.272,1.095,95.577,2.273,5.217
20181121,-0.245,-0.405,0.207,0.022,0.174,32.592,290.545,0.936,96.046,0.045,3.285
20181122,0.108,0.103,0.692,0.117,0.511,26.84,302.483,0.863,96.391,0.149,2.404
20181123,0.019,-0.44,0.639,0.783,1.312,54.504,259.332,0.747,96.258,0.0,1.54
20181124,1.344,1.612,2.122,0.897,1.058,15.256,306.886,0.773,95.623,0.7,1.444
20181125,3.607,3.104,1.134,4.446,1.438,29.807,307.733,1.008,95.423,0.596,1.821
20181126,2.288,2.282,0.978,2.297,0.399,12.325,321.631,0.875,95.478,0.91,3.585
20181127,-1.076,-1.306,1.545,-0.691,0.241,28.94,277.948,1.059,96.27,0.165,2.265
20181128,-1.065,-1.66,1.689,0.02,1.881,37.416,273.394,1.449,96.691,0.051,2.958
20181129,2.019,1.773,1.494,2.469,1.302,38.466,298.478,2.803,96.194,0.003,3.857
20181130,2.676,2.459,0.715,3.071,0.643,23.202,304.712,2.279,95.747,0.182,2.518
20181201,5.137,4.917,0.974,5.539,0.868,18.454,327.523,1.459,95.769,0.124,3.208
20181202,7.701,8.14,1.985,6.9,0.785,4.322,342.886,1.582,94.756,7.137,4.695
20181203,10.047,9.719,0.598,10.645,0.581,24.428,333.051,1.775,94.585,8.842,4.078
20181204,4.671,4.335,3.866,5.283,0.466,41.57,284.812,1.762,95.957,2.689,3.456
20181205,0.22,-0.22,2.028,1.021,2.123,43.56,263.472,1.236,96.785,1.377,2.285
20181206,5.29,5.239,2.816,5.385,1.2,14.07,329.991,1.456,96.023,0.186,3.642
20181207,9.235,8.979,0.897,9.702,0.221,5.897,348.212,1.864,95.162,5.789,5.324
20181208,5.034,5.128,0.731,4.863,0.614,23.57,296.69,1.915,94.72,6.156,6.341
20181209,5.342,5.45,1.002,5.144,0.226,11.117,318.844,1.687,94.221,7.584,6.242
20181210,2.503,2.356,0.637,2.771,0.463,33.184,284.879,1.658,95.799,3.39,5.581
20181211,2.294,2.196,0.268,2.472,0.402,23.341,290.24,1.464,96.169,0.628,4.605
20181212,1.266,1.108,0.461,1.555,0.373,18.737,299.425,1.068,96.603,1.031,2.495
20181213,-1.094,-1.086,0.546,-1.109,0.422,26.519,279.852,0.987,96.434,0.513,3.206
20181214,-1.236,-1.278,0.252,-1.16,0.352,26.789,277.382,1.487,96.532,0.267,3.062
20181215,-2.245,-2.456,0.487,-1.861,0.107,25.679,263.604,1.326,96.762,0.12,2.626
20181216,-2.575,-2.564,0.869,-2.595,0.317,14.536,278.423,1.288,95.731,1.0,2.638
20181217,0.999,0.697,1.864,1.548,1.089,14.202,314.003,0.98,96.258,0.313,2.452
20181218,2.446,2.018,0.873,3.228,0.534,19.315,299.896,1.273,96.672,0.043,2.656
20181219,1.486,1.317,0.984,1.793,0.651,14.582,297.172,1.36,95.885,0.003,3.023
20181220,3.756,3.397,1.466,4.411,0.645,11.191,319.78,1.201,95.746,2.525,3.16
20181221,6.79,7.207,2.174,6.03,1.071,3.534,335.107,1.821,95.071,11.658,5.99
20181222,7.214,7.169,0.993,7.298,0.463,15.986,321.039,2.306,95.405,6.96,5.545
20181223,5.486,5.13,0.564,6.135,0.614,13.44,325.956,1.519,96.051,7.196,3.43
20181224,1.928,1.765,1.38,2.225,0.516,13.893,312.516,1.237,96.717,3.077,3.367
20181225,2.149,2.041,0.721,2.345,0.766,20.366,298.836,1.7,97.471,0.201,3.678
20181226,1.367,1.519,0.861,1.091,0.503,7.517,304.679,1.307,97.3,0.074,3.105
20181227,2.526,2.221,0.577,3.082,1.503,38.746,290.985,1.393,96.93,0.124,2.032
20181228,0.62,0.44,0.917,0.95,1.151,34.245,275.074,1.169,96.985,0.111,1.921
20181229,1.963,1.793,0.786,2.274,0.528,10.224,322.638,0.91,97.048,3.687,3.775
20181230,5.114,5.021,0.301,5.283,0.496,19.194,324.331,1.76,96.999,1.998,4.883
20181231,5.69,5.612,0.951,5.832,0.833,5.973,330.971,0.951,97.346,0.441,2.095
20190101,4.805,4.502,1.921,5.356,0.131,5.782,312.389,1.494,96.683,3.041,5.373
20190102,0.687,0.336,0.933,1.329,0.239,42.176,253.025,2.097,97.07,0.465,4.935
20190103,-1.594,-1.926,1.277,-0.989,1.714,37.714,248.05,1.365,97.69,0.036,2.703
20190104,0.062,-0.006,1.649,0.185,0.874,11.879,296.354,0.933,97.389,1.622,3.901
20190105,4.739,4.349,1.152,5.449,0.47,4.076,333.652,0.929,96.649,5.964,4.749
20190106,4.601,4.663,0.232,4.488,0.308,10.668,330.709,0.986,97.031,3.306,2.747
20190107,3.544,3.466,0.392,3.687,0.184,13.208,322.653,1.217,97.044,4.084,3.88
20190108,3.516,3.272,0.914,3.962,0.181,23.882,308.476,1.464,95.229,7.708,6.868
20190109,0.068,0.112,0.554,-0.012,0.043,16.209,302.41,1.275,95.433,5.531,5.477
20190110,-0.992,-0.984,0.51,-1.007,0.26,27.949,282.494,1.369,96.519,0.49,2.752
20190111,0.511,0.815,1.944,-0.043,0.794,9.122,312.274,0.988,96.324,4.477,3.615
20190112,3.046,3.038,0.376,3.062,0.098,12.127,323.689,1.06,95.806,4.575,4.689
20190113,4.772,4.604,1.267,5.078,1.014,4.563,325.618,1.303,94.603,9.625,5.644
20190114,1.714,1.764,1.694,1.624,0.242,44.625,266.994,1.871,95.038,1.505,5.543
20190115,2.393,2.286,1.682,2.57,1.061,17.883,300.541,1.852,95.843,0.749,5.351
20190116,3.281,3.082,0.915,3.612,0.339,24.695,298.586,1.777,95.309,0.138,4.614
20190117,2.492,1.772,1.04,3.693,0.897,35.525,294.637,1.669,94.628,4.104,4.859
20190118,-1.669,-2.209,1.472,-0.769,1.587,53.807,244.83,1.533,95.977,0.322,2.614
20190119,-4.26,-5.052,1.259,-2.94,2.349,54.056,230.053,1.211,96.106,0.0,1.6
20190120,-6.123,-7.009,1.64,-4.645,2.676,59.428,219.807,0.919,96.025,0.0,1.451
20190121,-6.631,-7.517,1.35,-5.153,2.497,57.649,224.251,0.719,96.37,0.0,1.118
20190122,-6.88,-7.927,1.893,-5.136,2.335,59.612,220.336,0.875,95.368,0.0,2.045
20190123,-6.503,-7.037,0.538,-5.614,0.958,47.228,240.31,0.846,94.502,0.008,2.127
20190124,-6.23,-6.594,1.482,-5.623,0.921,37.611,250.403,0.751,95.252,0.214,1.704
20190125,-4.372,-4.128,1.131,-4.779,0.251,47.258,269.825,1.018,95.644,1.83,2.26
20190126,1.813,1.162,2.023,2.898,0.828,8.186,324.031,0.939,94.829,8.715,5.008
20190127,3.345,3.005,0.4,3.911,0.813,33.055,316.451,1.346,93.447,3.385,4.647
20190128,0.961,0.831,0.467,1.176,0.165,31.883,300.926,1.228,93.624,3.429,4.619
20190129,-0.263,-0.788,0.86,0.614,0.495,38.484,280.662,1.38,94.744,0.374,2.99
20190130,-1.685,-1.825,1.973,-1.45,1.33,43.746,264.886,1.426,93.995,0.104,3.338
20190131,-0.785,-1.355,0.964,0.164,1.703,63.449,255.458,1.893,94.176,0.018,2.293
20190201,-0.457,-1.362,1.504,0.926,1.252,39.38,281.881,1.329,93.703,0.547,2.514
20190202,0.448,0.372,0.213,0.564,0.316,22.225,310.472,0.76,94.09,5.979,1.113
20190203,-0.166,-0.12,0.358,-0.231,0.515,31.087,289.854,1.335,95.773,0.457,3.394
20190204,0.076,-0.51,1.158,0.897,1.884,68.233,264.636,1.798,96.938,0.002,2.906
20190205,0.342,0.054,0.525,0.745,0.562,31.184,294.753,1.75,96.937,0.193,2.895
20190206,-0.089,-1.179,2.065,1.437,2.99,63.593,258.418,1.805,96.735,0.001,2.635
20190207,0.189,-0.14,1.677,0.651,0.635,30.137,286.785,1.61,95.692,0.314,3.877
20190208,3.953,3.668,1.523,4.351,1.193,43.585,302.907,1.909,95.69,0.044,5.058
20190209,5.658,5.058,0.661,6.497,1.016,70.576,285.748,2.743,95.038,1.539,6.187
20190210,5.327,4.622,0.996,6.314,1.029,16.392,314.034,1.758,94.27,14.664,5.868
20190211,2.403,1.986,0.359,2.986,0.431,64.963,287.941,1.619,95.535,5.102,5.604
20190212,2.074,1.823,0.63,2.425,0.908,53.05,289.225,1.866,97.266,1.854,3.94
20190213,3.007,2.263,1.289,4.049,1.798,50.868,287.582,1.864,97.713,0.029,2.965
20190214,3.024,1.405,2.934,5.289,4.231,89.006,267.162,2.739,97.813,0.0,1.652
20190215,3.944,1.419,3.23,7.479,5.793,102.547,256.235,3.259,97.591,0.0,1.808
20190216,5.745,3.212,2.95,9.291,4.676,106.065,253.404,4.532,97.014,0.0,2.63
20190217,5.089,2.746,3.802,8.368,5.446,102.996,257.987,3.921,96.704,0.0,2.238
20190218,5.712,3.371,3.21,8.721,5.138,109.639,253.992,4.215,96.282,0.0,2.299
20190219,5.119,4.228,1.058,6.265,1.751,80.274,278.677,3.044,96.097,0.276,3.228
20190220,4.876,3.963,1.785,5.954,2.07,66.067,298.255,2.786,96.567,0.02,2.561
20190221,6.031,5.274,2.491,6.925,2.287,67.223,305.089,2.451,96.87,1.273,3.024
20190222,5.342,4.686,3.196,6.118,1.322,25.986,326.335,1.507,97.69,0.478,3.09
20190223,0.609,-0.629,1.97,2.072,3.443,114.195,249.529,2.341,98.246,0.002,2.162
20190224,3.946,2.183,4.049,6.029,5.103,118.625,259.544,4.817,98.066,0.0,1.095
20190225,5.339,2.697,2.67,8.461,5.805,122.085,266.04,4.539,98.003,0.0,1.364
20190226,5.78,2.721,2.783,9.396,5.558,127.117,260.319,5.122,97.65,0.0,1.987
20190227,6.949,4.506,2.879,9.836,6.173,130.34,259.657,6.019,96.969,0.0,1.56
20190228,8.11,6.659,2.577,9.824,3.403,119.473,282.453,4.669,95.823,0.69,3.404
20190301,6.506,5.798,1.585,7.342,0.742,70.133,316.76,1.655,95.63,2.998,3.065
20190302,4.188,4.324,1.663,4.028,1.263,45.091,317.006,1.685,95.853,0.92,2.764
20190303,8.279,8.131,0.823,8.455,0.461,30.887,331.927,2.609,95.229,0.571,5.6
20190304,7.798,6.925,2.584,8.83,1.672,96.91,292.579,3.691,94.069,2.267,6.874
20190305,3.824,3.334,1.007,4.403,0.898,79.672,282.763,2.301,94.919,1.556,4.912
20190306,6.022,4.948,4.412,7.19,3.092,70.413,295.389,2.949,95.029,0.128,3.778
20190307,8.62,7.63,1.047,9.609,1.026,96.593,301.545,4.111,94.218,0.45,5.434
20190308,5.917,5.414,0.685,6.42,0.685,116.42,290.636,3.048,95.265,2.847,5.586
20190309,6.358,5.021,0.695,7.694,1.695,70.473,302.966,2.655,95.302,5.381,6.611
20190310,5.106,4.003,1.693,6.209,2.333,39.647,312.077,2.16,94.942,10.926,5.066
20190311,1.644,1.347,0.363,1.94,0.731,104.636,281.878,1.563,95.691,5.995,5.138
20190312,3.665,3.355,2.098,3.975,1.698,115.101,296.688,2.784,95.919,0.144,4.467
20190313,4.555,4.074,1.203,5.036,1.042,125.095,294.077,2.841,94.798,2.956,6.25
20190314,4.085,4.442,0.65,3.728,0.42,40.336,311.762,1.637,94.539,8.848,6.153
20190315,6.256,5.97,1.709,6.542,2.018,29.179,323.678,2.09,94.691,5.503,5.515
20190316,6.6,6.281,1.633,6.918,2.088,38.252,314.153,2.444,95.09,3.127,5.045
20190317,5.975,5.154,1.834,6.796,1.107,79.345,283.979,2.664,94.705,2.125,4.959
20190318,3.101,2.15,0.88,4.053,1.35,147.952,270.369,2.467,95.818,0.609,4.443
20190319,2.434,0.998,1.157,3.87,2.252,120.073,264.44,2.566,96.94,0.155,2.475
20190320,3.849,1.149,3.951,6.333,4.921,161.754,266.105,3.399,97.557,0.0,1.774
20190321,7.468,5.398,4.484,9.373,5.273,176.939,278.166,4.33,97.641,0.0,1.029
20190322,9.0,6.636,3.29,11.176,5.653,179.314,284.256,3.815,97.34,0.0,1.764
20190323,7.893,5.574,1.738,10.026,3.76,183.418,289.559,3.146,97.04,0.0,2.141
20190324,5.515,4.737,1.308,6.232,0.997,38.208,316.506,1.945,96.805,0.239,1.586
20190325,2.909,2.174,0.756,3.531,0.91,118.02,282.506,1.857,96.185,4.983,3.938
20190326,3.758,3.285,1.189,4.158,1.456,74.087,312.181,1.916,97.001,1.052,3.901
20190327,5.829,5.173,1.493,6.384,2.191,83.081,319.316,2.839,97.378,0.094,2.471
20190328,8.009,7.037,1.422,8.831,1.993,81.826,334.713,2.904,97.609,0.961,2.052
20190329,9.257,7.47,1.716,10.769,2.308,136.493,310.868,3.754,97.393,0.056,1.484
20190330,9.233,5.902,3.895,12.052,5.492,196.929,284.696,5.454,96.618,0.0,2.111
20190331,6.728,4.627,1.471,8.507,2.394,161.434,291.105,3.062,96.568,0.114,2.272
20190401,4.867,2.917,2.383,6.517,3.542,214.716,256.368,4.115,96.574,0.0,3.561
20190402,8.453,6.229,5.158,10.182,5.712,194.705,285.43,5.239,95.428,0.04,2.577
20190403,9.284,7.965,1.237,10.309,1.439,124.246,313.305,3.178,94.698,2.438,2.221
20190404,5.607,4.896,1.592,6.16,2.052,94.196,323.559,1.576,94.372,0.662,2.22
20190405,6.161,5.822,0.763,6.425,1.128,50.824,330.204,1.243,94.896,0.205,1.871
20190406,9.972,8.074,3.301,11.449,4.727,195.879,296.52,3.907,94.999,0.092,2.409
20190407,10.692,8.467,2.985,12.424,3.929,196.68,296.265,4.887,95.057,0.086,2.664
20190408,11.217,8.835,2.111,13.071,3.747,160.388,315.154,5.617,95.336,0.099,1.999
20190409,6.569,6.032,1.361,6.987,2.09,172.901,294.577,2.704,95.608,0.0,3.151
20190410,4.471,2.927,1.329,5.672,2.635,205.935,268.842,3.684,95.873,0.0,3.572
20190411,2.596,1.112,1.351,3.75,2.168,174.11,276.95,3.574,96.479,0.001,3.273
20190412,0.617,-0.18,0.871,1.187,0.615,121.564,276.365,2.111,96.66,1.12,2.744
20190413,0.669,-0.642,1.27,1.605,1.544,191.202,262.774,1.664,96.519,2.228,2.348
20190414,1.111,0.429,2.184,1.599,1.564,108.618,291.183,1.286,96.64,1.828,2.505
20190415,6.613,4.537,1.727,8.096,3.436,249.647,271.958,4.136,96.783,0.001,2.847
20190416,8.053,5.55,3.639,9.693,5.047,250.962,268.077,5.844,96.341,0.0,3.186
20190417,9.856,7.431,3.095,11.445,4.536,257.208,270.358,6.722,96.716,0.0,3.03
20190418,11.767,9.018,3.348,13.567,4.675,256.453,280.445,7.774,97.041,0.0,3.446
20190419,13.229,9.917,3.341,15.399,5.033,259.604,284.922,8.885,97.292,0.0,3.088
20190420,12.857,9.249,2.658,15.221,5.109,262.665,283.463,8.558,97.216,0.0,2.338
20190421,12.409,8.83,3.655,14.753,5.348,265.659,281.452,8.6,96.532,0.0,2.451
20190422,12.053,8.99,1.886,14.06,3.958,267.331,278.539,7.938,95.71,0.0,4.27
20190423,12.53,10.253,2.997,14.023,3.971,236.684,301.732,6.944,94.802,0.0,5.279
20190424,15.516,12.498,3.12,17.493,4.903,258.118,316.003,8.117,94.786,0.159,3.276
20190425,14.328,11.44,4.731,16.22,5.373,268.084,297.071,9.121,95.355,0.001,2.93
20190426,9.797,9.024,1.634,10.303,1.431,147.795,316.355,2.871,95.553,2.772,3.261
20190427,8.258,6.239,0.632,9.58,2.394,190.536,297.07,2.063,95.721,6.604,3.034
20190428,7.065,5.529,1.063,8.072,2.011,219.219,296.912,2.582,96.161,2.014,1.997
20190429,6.338,5.467,2.246,6.909,1.609,82.14,317.367,1.322,96.397,3.838,3.567
20190430,9.786,8.161,2.83,10.85,4.288,256.559,286.918,4.601,96.266,0.011,3.106
20190501,11.207,8.971,1.617,12.434,3.492,227.519,305.739,4.436,95.886,0.016,2.52
20190502,9.974,8.303,1.783,10.89,3.071,210.71,306.035,4.3,95.282,0.045,3.136
20190503,6.81,6.446,1.2,7.01,1.134,175.024,305.436,3.654,95.34,0.266,3.226
20190504,3.294,3.116,1.364,3.392,1.688,161.559,294.207,2.073,95.194,8.199,2.757
20190505,4.213,2.523,2.18,5.141,2.787,218.32,278.039,3.274,96.016,0.101,2.294
20190506,5.209,3.485,1.401,6.155,2.304,218.267,280.67,3.348,96.217,0.783,2.586
20190507,6.505,5.35,1.042,7.138,1.91,216.267,289.855,3.27,96.081,1.466,1.541
20190508,7.771,6.004,3.478,8.739,2.852,121.713,316.9,2.494,94.961,6.61,3.218
20190509,10.281,9.228,0.624,10.859,1.81,187.675,330.61,3.002,94.458,2.744,3.045
20190510,9.929,8.177,0.796,10.891,1.516,210.516,308.643,3.03,95.271,3.027,3.05
20190511,7.114,6.496,0.357,7.453,0.43,57.082,327.853,1.144,95.674,18.234,2.495
20190512,7.151,5.16,1.286,8.243,3.089,261.972,280.589,3.799,97.199,0.01,3.606
20190513,7.376,4.649,2.719,8.872,4.083,282.001,269.093,5.123,97.818,0.0,2.712
20190514,6.887,4.177,1.743,8.373,2.766,231.6,282.363,4.323,97.412,0.788,2.907
20190515,6.399,4.313,4.076,7.542,3.801,270.412,280.321,4.81,96.829,0.026,2.646
20190516,6.241,6.406,0.492,6.151,0.345,42.693,327.51,2.136,96.0,1.411,1.928
20190517,9.717,8.009,2.122,10.653,2.885,128.018,334.488,2.928,95.353,0.561,2.56
20190518,12.61,8.762,3.529,14.721,4.668,263.557,307.851,5.125,95.081,0.058,1.719
20190519,14.618,10.868,2.949,16.675,4.089,251.428,321.584,6.377,94.908,0.339,1.645
20190520,14.343,12.386,1.564,15.321,3.093,195.029,345.556,3.337,94.758,24.405,3.092
20190521,13.475,12.912,0.702,13.731,0.954,96.593,367.393,1.606,95.09,20.031,3.822
20190522,10.64,9.496,2.268,11.159,0.597,105.679,341.891,2.435,96.024,0.223,3.846
20190523,12.114,8.398,4.394,13.804,4.597,240.814,315.904,5.389,96.219,0.001,1.463
20190524,14.408,11.015,2.336,15.95,4.105,231.186,327.541,6.261,95.879,0.089,1.794
20190525,12.021,10.125,0.694,12.883,2.251,275.466,306.217,4.276,95.95,0.0,2.217
20190526,13.613,10.559,4.623,15.001,4.738,255.348,321.273,6.511,95.786,0.002,2.766
20190527,13.557,12.666,0.855,13.962,0.753,51.448,347.022,3.284,95.306,0.324,2.491
20190528,11.501,9.946,0.511,12.208,1.553,182.468,332.804,2.932,95.227,7.003,1.445
20190529,10.089,7.849,1.04,11.107,2.653,223.949,313.22,4.516,96.398,0.341,2.065
20190530,12.703,9.373,4.974,14.216,4.114,190.588,323.726,5.625,96.749,0.149,2.808
20190531,16.618,14.419,1.779,17.617,2.832,214.773,341.438,5.62,96.78,0.135,1.87
20190601,18.13,14.693,3.326,19.692,4.606,270.512,334.398,7.891,96.576,0.008,1.611
20190602,20.339,15.942,3.785,22.337,5.064,315.359,332.148,10.74,96.123,0.0,2.238
20190603,19.711,15.975,1.048,21.409,3.718,281.108,343.018,8.605,95.828,1.984,2.141
20190604,19.365,16.504,2.861,20.666,4.508,288.826,351.942,7.691,95.63,0.04,1.48
20190605,22.3,18.767,1.996,23.905,4.064,301.691,347.061,12.176,95.205,0.247,1.983
20190606,15.085,14.488,3.451,15.357,1.978,206.431,339.239,4.201,95.479,1.043,3.01
20190607,15.018,12.211,3.459,16.294,4.78,284.228,327.62,4.999,95.761,3.086,2.515
20190608,13.417,11.327,1.088,14.367,2.089,245.345,318.565,6.138,96.378,0.391,4.764
20190609,15.049,12.049,4.805,16.412,4.37,284.549,322.478,7.506,96.618,0.17,1.845
20190610,17.476,15.103,1.265,18.554,2.487,207.257,358.377,5.693,95.752,7.948,1.887
20190611,16.86,15.603,1.207,17.431,2.327,147.289,372.622,4.491,95.517,11.377,1.676
20190612,15.113,13.315,1.639,15.931,1.523,136.868,358.357,2.356,95.42,8.162,2.092
20190613,15.51,11.434,1.74,17.362,3.462,267.462,321.466,5.707,95.867,3.294,2.343
20190614,17.983,13.296,3.918,20.114,4.69,227.508,338.223,7.595,96.011,3.249,2.483
20190615,19.123,16.228,1.31,20.439,1.994,239.133,357.766,6.693,95.639,18.981,3.082
20190616,15.112,13.328,1.036,15.924,1.751,155.81,344.673,3.028,96.411,7.23,1.209
20190617,17.659,14.967,2.313,18.883,3.779,245.22,340.249,6.537,96.481,0.505,1.59
20190618,20.235,17.004,3.742,21.704,4.374,263.318,344.697,9.63,95.992,0.056,1.626
20190619,21.52,17.479,1.394,23.357,4.173,284.26,352.594,10.482,95.458,0.537,1.698
20190620,17.707,15.238,0.498,18.829,2.518,252.986,351.16,4.406,95.602,5.936,2.331
20190621,16.316,13.853,0.998,17.436,2.434,242.362,335.925,5.694,96.199,0.124,1.849
20190622,17.129,14.03,3.039,18.404,3.515,208.199,346.829,6.837,96.415,0.618,2.968
20190623,19.487,16.403,1.794,20.89,3.891,315.624,328.022,10.004,96.439,0.0,3.356
20190624,20.935,17.496,2.702,22.499,4.144,321.163,336.662,12.181,96.585,0.0,2.856
20190625,23.71,20.117,5.181,25.343,5.421,317.669,349.061,14.547,96.479,0.0,2.045
20190626,24.844,20.53,2.194,26.805,4.328,312.48,371.806,12.707,96.613,0.0,2.411
20190627,17.997,16.048,1.688,18.8,2.879,329.545,319.649,8.42,96.882,0.0,2.751
20190628,15.702,12.415,1.851,17.055,4.231,319.534,311.788,7.044,96.821,0.001,1.683
20190629,20.088,15.494,4.552,22.176,6.449,330.395,320.271,13.461,96.467,0.0,1.705
20190630,24.276,19.482,4.685,26.455,5.843,319.083,348.775,16.56,95.89,0.0,2.905
20190701,20.11,17.984,1.511,21.076,2.547,280.612,343.807,10.248,96.02,0.039,2.827
20190702,14.999,12.552,1.495,16.112,2.482,203.993,328.54,7.128,96.472,0.342,2.971
20190703,13.292,9.855,1.795,14.854,3.431,239.406,313.785,6.609,96.688,0.002,2.008
20190704,14.0,10.676,3.432,15.511,4.597,323.955,303.445,7.716,96.638,0.0,1.502
20190705,17.359,14.018,2.176,18.878,3.706,264.568,342.132,9.465,96.038,0.0,2.831
20190706,18.01,14.026,2.373,19.82,4.267,277.267,337.789,9.297,95.489,0.016,3.051
20190707,13.286,12.413,1.133,13.682,1.821,195.665,333.833,5.571,95.7,0.672,3.019
20190708,11.752,10.169,1.386,12.472,2.13,171.812,322.582,4.937,96.111,0.583,2.869
20190709,11.418,9.812,0.913,12.148,1.858,166.364,321.696,4.205,96.274,0.864,2.73
20190710,13.567,11.238,3.906,14.625,4.296,267.329,318.038,6.518,96.252,0.002,1.62
20190711,14.605,13.317,0.526,15.191,1.85,134.784,358.934,3.412,95.828,5.156,1.443
20190712,15.478,13.228,0.222,16.501,2.155,232.68,343.368,3.303,95.558,7.99,2.19
20190713,14.16,13.405,0.675,14.503,1.215,160.165,353.041,2.141,95.895,1.595,3.304
20190714,13.177,12.638,0.489,13.423,1.028,127.458,355.095,3.261,96.166,0.271,2.267
20190715,13.022,11.214,0.596,13.844,1.66,174.838,344.19,3.717,96.179,0.17,2.192
20190716,12.947,11.427,1.309,13.638,2.333,192.511,346.181,3.637,96.115,0.011,2.807
20190717,14.555,12.462,1.207,15.507,2.338,124.039,357.444,4.337,95.93,0.875,1.216
20190718,17.217,13.592,3.462,19.03,4.601,252.653,339.501,8.405,95.672,0.56,1.388
20190719,17.28,15.923,1.125,17.958,2.263,152.517,353.604,5.218,95.851,6.206,1.709
20190720,19.845,15.197,2.922,22.169,4.802,253.858,352.55,8.73,95.816,0.945,2.068
20190721,19.207,16.615,0.821,20.504,2.604,250.788,347.934,7.523,96.346,0.312,2.492
20190722,19.748,16.602,2.711,21.321,4.575,230.65,347.687,10.361,96.712,0.0,1.746
20190723,22.643,18.073,3.802,24.928,5.377,300.288,347.658,14.176,96.561,0.0,1.006
20190724,25.234,20.183,3.632,27.76,5.647,300.683,357.029,19.951,96.164,0.0,1.688
20190725,26.594,21.694,2.735,29.044,5.579,302.367,358.937,23.199,96.102,0.0,2.011
20190726,25.13,21.907,1.871,26.742,4.349,299.608,353.993,19.534,95.654,0.0,3.106
20190727,22.946,20.383,2.163,24.227,3.768,274.019,351.115,16.43,94.919,0.004,3.867
20190728,21.428,19.114,1.013,22.585,3.162,222.716,368.488,10.475,94.694,3.223,2.065
20190729,18.72,18.056,0.544,19.053,1.816,152.353,378.284,4.454,95.464,1.596,2.859
20190730,21.267,18.198,1.957,22.801,3.489,204.333,372.159,10.171,95.67,0.425,1.697
20190731,18.974,17.296,1.132,19.813,2.369,208.008,350.567,8.612,95.959,2.1,2.129
20190801,17.426,14.382,1.747,18.948,3.639,206.65,339.206,8.7,96.122,0.329,1.583
20190802,17.62,14.781,0.937,19.176,2.981,211.24,352.809,7.329,95.908,2.772,1.204
20190803,16.416,14.565,1.025,17.432,2.547,203.972,349.152,4.27,95.951,6.612,1.687
20190804,17.511,14.706,1.995,19.05,3.979,207.662,343.828,7.587,96.048,0.344,1.549
20190805,18.493,16.297,1.767,19.697,3.236,180.483,357.222,6.523,95.653,4.34,2.039
20190806,18.718,16.667,1.866,19.843,2.649,173.758,356.378,6.3,95.522,0.984,2.321
20190807,17.796,16.143,0.505,18.703,1.679,105.448,359.7,5.255,95.278,7.63,2.464
20190808,18.138,15.123,1.834,19.791,3.606,237.582,333.652,8.694,95.62,0.259,3.257
20190809,19.743,16.195,3.586,21.871,4.456,171.074,365.05,8.967,95.58,6.203,1.957
20190810,20.12,18.853,0.938,20.88,1.348,234.019,352.0,7.88,95.671,5.199,4.49
20190811,19.267,16.3,1.807,21.047,3.493,233.108,345.993,11.055,95.959,2.198,2.8
20190812,16.647,14.4,0.748,17.995,2.584,184.398,346.123,7.164,95.96,1.278,2.593
20190813,14.156,11.903,0.904,15.509,2.264,221.562,315.389,5.732,96.087,0.726,3.19
20190814,14.279,11.407,1.141,16.003,3.442,221.021,312.837,7.73,96.171,0.02,2.248
20190815,14.722,13.161,0.947,15.658,1.565,114.813,351.911,3.962,95.711,4.681,3.472
20190816,15.696,13.493,0.88,17.018,2.761,188.832,333.804,5.757,96.038,0.233,2.589
20190817,17.14,15.069,1.879,18.384,2.124,103.788,367.627,6.476,95.577,1.315,3.574
20190818,18.687,16.184,1.003,20.189,3.077,149.729,373.63,5.108,95.29,6.301,3.606
20190819,17.203,14.922,1.009,18.698,2.671,224.443,337.165,7.8,96.03,0.626,2.548
20190820,15.353,13.19,1.668,16.77,3.063,154.993,333.483,6.973,96.61,0.0,1.513
20190821,14.716,11.802,1.969,16.625,3.907,201.039,322.783,7.118,97.12,0.073,1.559
20190822,16.391,12.27,3.441,19.091,5.37,253.671,312.248,10.1,97.017,0.0,1.691
20190823,18.38,14.22,3.453,21.105,5.57,253.305,316.923,12.897,96.909,0.0,1.627
20190824,19.543,16.379,4.559,21.616,5.668,231.026,337.369,11.706,96.611,0.0,2.395
20190825,22.299,19.122,3.034,24.381,5.056,219.065,362.955,12.182,96.365,0.045,1.645
20190826,22.703,19.18,2.645,25.012,4.867,207.949,362.659,13.626,96.307,0.067,1.883
20190827,22.047,18.771,2.597,24.193,4.228,213.835,362.224,11.337,96.138,2.181,1.371
20190828,21.924,18.906,2.311,23.901,4.047,201.02,365.712,10.251,95.977,0.993,1.585
20190829,20.064,17.702,1.289,21.75,3.168,193.707,365.355,6.835,96.246,4.636,1.182
20190830,20.05,17.452,1.627,21.905,3.648,176.956,363.311,6.581,96.565,0.615,1.371
20190831,22.101,18.234,2.97,24.862,4.997,204.402,358.323,11.452,95.977,0.164,1.742
20190901,17.832,16.316,2.412,18.915,1.504,171.272,352.261,6.29,95.717,0.252,3.088
20190902,13.212,10.936,1.949,14.983,2.992,160.718,315.208,6.461,96.556,0.01,2.271
20190903,13.612,9.925,3.798,16.479,4.424,173.729,322.039,7.08,96.688,0.0,2.553
20190904,16.134,13.146,3.925,18.458,4.922,169.974,341.21,7.956,96.061,0.038,2.544
20190905,14.098,12.687,1.522,15.195,1.684,159.592,327.789,5.681,96.158,0.194,3.6
20190906,11.873,9.618,3.356,13.626,4.289,217.445,291.187,6.525,96.657,0.0,1.335
20190907,11.25,9.171,1.754,12.867,2.312,101.688,323.886,4.333,96.22,1.059,1.408
20190908,12.4,10.974,1.748,13.509,3.03,137.674,323.907,5.004,96.109,0.343,1.193
20190909,11.679,10.678,1.0,12.458,1.542,98.967,334.398,2.767,95.79,3.195,2.484
20190910,11.72,9.579,1.699,13.385,3.544,150.05,310.615,4.827,96.122,0.176,1.936
20190911,13.772,11.49,3.492,15.547,5.075,173.516,320.225,7.432,96.607,0.201,2.579
20190912,16.18,14.374,1.479,17.584,3.016,108.05,356.884,5.96,97.087,0.433,2.911
20190913,15.487,13.669,1.188,16.901,1.376,72.091,350.93,4.189,97.388,0.906,2.617
20190914,11.907,9.179,2.067,14.029,4.523,186.38,297.662,5.584,97.529,0.0,1.694
20190915,15.039,11.759,4.834,17.815,5.986,192.971,309.623,9.596,96.651,0.0,2.636
20190916,12.848,12.362,1.139,13.259,0.775,29.123,359.729,2.677,96.322,3.018,1.529
20190917,10.966,9.506,0.936,12.309,1.83,105.595,323.033,3.8,96.247,0.185,4.12
20190918,9.268,7.35,1.573,11.032,2.86,132.354,294.241,4.144,96.777,0.085,3.125
20190919,8.081,5.714,1.978,10.258,3.301,115.442,296.851,4.009,97.168,0.053,2.05
20190920,8.828,5.966,3.917,11.461,4.898,172.123,288.269,5.187,97.152,0.0,1.286
20190921,12.058,8.635,4.959,15.208,6.189,180.67,293.216,7.713,96.53,0.0,1.895
20190922,14.882,11.434,4.047,18.054,6.057,178.254,303.733,9.266,95.671,0.0,1.872
20190923,13.113,12.439,1.134,13.732,1.746,54.816,340.688,2.954,95.776,2.532,1.992
20190924,13.463,11.862,1.332,14.936,2.943,128.12,331.346,3.634,95.668,0.016,1.798
20190925,13.51,12.456,0.315,14.479,1.23,100.308,342.365,2.464,95.133,3.996,2.59
20190926,14.241,13.057,1.7,15.331,1.717,72.657,356.954,2.608,95.515,1.563,3.291
20190927,13.85,13.312,1.338,14.345,0.64,41.728,354.089,1.934,95.465,9.83,3.659
20190928,13.263,12.252,0.907,14.194,1.299,112.094,329.932,3.191,95.645,1.297,4.807
20190929,14.257,13.62,1.606,14.893,1.829,94.718,345.412,4.554,94.942,4.052,5.43
20190930,12.813,12.575,1.505,13.051,0.784,92.269,333.099,3.486,95.011,5.787,6.024
20191001,13.38,12.292,1.851,14.469,1.77,76.698,350.957,2.958,94.802,3.621,4.889
20191002,9.582,9.708,2.838,9.457,1.465,72.842,322.136,2.693,95.068,6.088,3.813
20191003,8.536,7.547,0.744,9.525,1.325,88.81,319.883,1.83,95.874,3.385,3.593
20191004,8.283,8.245,0.682,8.32,0.783,44.443,330.189,1.352,95.232,13.969,2.97
20191005,7.825,7.157,1.671,8.493,1.279,77.042,322.825,2.137,95.662,2.88,3.486
20191006,5.648,4.319,1.634,7.092,1.75,67.99,307.537,1.813,96.083,2.309,3.366
20191007,6.133,4.937,2.39,7.432,3.67,138.432,281.682,2.505,96.154,0.002,2.031
20191008,10.213,9.898,1.177,10.555,0.552,9.967,354.185,1.189,95.323,13.447,4.074
20191009,10.439,9.617,0.648,11.332,1.075,84.062,325.598,2.339,95.228,3.618,4.453
20191010,9.347,8.733,0.723,10.015,1.528,95.21,306.586,2.852,95.611,2.303,4.331
20191011,11.381,10.706,2.079,12.115,1.887,84.832,315.03,2.939,95.867,0.0,5.156
20191012,14.751,13.953,2.075,15.695,2.555,122.368,319.274,4.401,95.606,2.323,4.771
20191013,17.483,16.496,2.274,18.649,2.857,118.478,334.341,5.786,95.693,0.004,3.882
20191014,16.159,14.476,1.641,18.148,3.366,116.454,324.019,5.111,95.762,0.0,2.207
20191015,14.629,12.883,2.242,16.692,3.858,116.361,327.338,3.211,95.153,1.443,1.781
20191016,11.931,11.93,0.647,11.931,1.12,79.449,343.493,2.807,95.494,2.432,4.74
20191017,13.133,12.615,0.612,13.745,1.266,77.195,343.956,3.831,95.661,3.067,3.681
20191018,12.354,11.064,1.495,13.878,1.308,69.004,330.249,2.643,95.448,4.969,3.931
20191019,11.241,10.468,1.687,12.153,1.517,64.331,320.399,2.707,95.331,0.658,3.332
20191020,11.966,11.048,0.97,13.051,1.962,89.919,326.985,1.903,95.375,0.668,1.797
20191021,12.241,11.109,1.278,13.578,2.063,60.089,335.443,1.921,96.115,0.333,1.618
20191022,10.482,9.571,1.382,11.559,2.025,95.05,310.289,2.561,96.707,0.0,1.528
20191023,10.093,9.38,1.659,10.935,2.286,77.016,319.56,1.479,96.151,0.0,2.384
20191024,11.633,10.83,1.738,12.665,2.496,93.805,314.325,2.123,95.506,0.003,2.292
20191025,12.055,11.129,0.771,13.247,1.279,68.736,317.548,3.086,96.287,0.002,3.386
20191026,12.66,11.718,1.541,13.98,2.332,94.103,298.556,3.919,96.11,0.0,4.499
20191027,9.05,8.736,3.526,9.491,2.042,11.527,325.417,2.288,96.149,2.997,3.476
20191028,4.512,3.387,1.36,6.088,2.302,67.072,282.098,1.51,96.526,0.048,2.004
20191029,3.722,2.489,0.986,5.448,2.088,62.167,295.581,1.644,96.721,0.003,1.653
20191030,1.819,0.558,1.241,3.583,2.437,62.217,281.439,1.444,97.085,0.005,2.719
20191031,0.264,-1.202,2.031,2.315,3.541,94.829,240.683,1.628,96.752,0.0,2.174
20191101,1.837,1.604,4.135,2.162,2.033,46.164,293.412,1.065,95.513,1.777,2.939
20191102,11.339,10.308,1.475,12.784,1.379,31.704,338.99,1.986,93.916,1.642,4.44
20191103,10.737,10.299,0.429,11.349,1.204,60.037,328.001,2.353,93.418,3.456,2.973
20191104,9.17,8.925,0.698,9.512,0.65,48.36,320.191,1.8,93.564,1.859,3.345
20191105,7.507,7.036,0.953,8.166,0.653,53.146,306.203,1.78,94.105,1.369,3.064
20191106,6.225,5.833,0.514,6.775,0.827,26.852,313.269,1.35,94.539,1.647,2.394
20191107,7.282,6.785,0.835,7.977,1.087,48.566,313.602,1.985,94.622,0.959,2.92
20191108,4.689,4.47,0.774,4.995,0.978,19.681,313.405,1.256,95.005,7.857,1.688
20191109,4.136,3.582,1.338,4.912,0.988,49.879,291.039,1.559,95.191,1.578,2.336
20191110,1.43,0.493,1.246,2.861,2.212,63.765,264.684,1.016,95.623,0.179,1.397
20191111,0.859,0.506,1.039,1.399,1.19,71.169,258.614,1.346,95.372,0.0,2.988
20191112,3.688,2.916,0.868,4.865,1.119,44.556,295.605,2.007,94.838,0.594,3.813
20191113,3.066,2.856,0.523,3.416,0.798,41.83,296.13,1.702,94.661,0.004,3.003
20191114,3.195,2.358,0.753,4.59,1.828,66.232,263.908,1.812,94.905,0.001,2.797
20191115,2.807,2.298,1.149,3.655,1.324,39.787,293.959,1.055,94.64,0.287,2.983
20191116,2.581,2.111,1.338,3.364,1.039,39.699,288.374,1.238,95.191,4.078,2.68
20191117,1.469,1.308,2.017,1.737,1.173,13.585,305.086,0.69,95.306,6.435,2.295
20191118,4.229,3.925,0.754,4.737,0.179,16.607,322.805,1.209,94.985,1.062,3.219
20191119,3.182,2.441,0.667,4.418,0.47,31.038,302.123,1.434,95.861,0.908,3.191
20191120,1.39,1.112,1.041,1.853,1.306,29.293,308.162,0.93,96.056,0.085,1.441
20191121,3.155,3.15,1.02,3.163,0.565,6.825,325.964,0.66,95.424,1.394,1.415
20191122,2.365,2.08,0.671,2.84,0.891,33.917,286.363,0.883,95.251,0.003,1.88
20191123,2.964,2.467,1.656,3.792,2.118,45.97,278.021,0.928,94.793,0.0,3.568
20191124,1.957,1.62,0.492,2.519,1.34,47.067,285.068,0.696,95.148,0.003,1.683
20191125,2.643,2.602,0.952,2.711,1.14,24.939,327.866,0.706,95.407,0.805,1.009
20191126,5.583,5.244,1.857,6.147,1.363,20.92,324.336,1.187,95.085,1.477,2.858
20191127,6.913,6.95,1.457,6.852,1.116,18.598,316.949,1.569,94.066,1.548,3.761
20191128,8.298,8.085,0.494,8.687,0.335,32.501,322.227,2.413,93.777,5.849,5.913
20191129,4.111,4.272,2.088,3.817,0.847,33.432,296.009,1.95,95.014,1.767,4.12
20191130,1.539,0.906,0.792,2.692,0.916,27.253,280.763,1.369,96.465,0.142,2.095
20191201,-1.807,-2.071,1.375,-1.324,1.454,31.76,265.279,0.75,96.376,0.011,1.418
20191202,0.897,0.585,1.812,1.464,1.233,24.117,294.568,1.078,96.557,0.313,2.803
20191203,3.107,2.802,0.416,3.662,0.816,13.918,317.88,1.118,96.969,0.213,2.181
20191204,0.073,-0.393,1.225,0.925,1.571,40.93,265.476,0.96,96.628,0.0,1.508
20191205,-1.299,-1.97,1.146,-0.075,1.858,48.737,244.045,1.114,96.313,0.0,2.661
20191206,0.481,0.637,2.277,0.196,1.084,19.592,293.982,1.389,95.614,4.005,5.52
20191207,5.962,5.442,0.943,6.911,0.377,16.969,330.201,1.795,95.431,1.222,5.154
20191208,7.168,6.769,1.035,7.895,0.609,8.933,330.662,2.323,94.901,0.892,5.927
20191209,5.025,4.786,0.698,5.462,0.598,28.022,303.149,1.937,94.579,4.444,4.907
20191210,1.612,1.277,0.684,2.221,1.008,36.807,266.207,1.596,96.465,0.069,3.469
20191211,1.349,1.067,0.668,1.864,0.112,10.955,307.183,2.103,95.419,5.438,4.014
20191212,1.289,0.861,0.921,2.069,0.787,18.866,304.828,1.083,94.542,0.974,3.112
20191213,0.848,0.891,0.999,0.771,0.531,17.573,292.219,1.291,92.77,2.968,3.6
20191214,3.43,3.405,0.652,3.477,0.998,21.181,298.9,1.746,93.51,5.468,5.613
20191215,5.221,4.322,0.893,6.86,0.575,19.888,288.705,2.126,94.629,3.391,4.609
20191216,5.893,5.211,1.272,7.135,1.052,21.395,296.499,1.501,95.213,0.379,2.923
20191217,8.666,7.903,1.724,10.055,1.73,36.123,303.844,3.773,95.007,0.0,3.554
20191218,6.886,6.455,2.789,7.672,0.602,26.969,301.814,2.163,95.909,0.218,2.621
20191219,3.74,3.325,0.732,4.498,1.79,36.345,281.505,1.15,95.758,0.006,1.955
20191220,4.926,4.595,3.053,5.529,2.336,28.941,296.425,1.709,94.005,1.629,3.218
20191221,5.159,4.72,1.655,5.959,0.966,38.877,277.318,1.735,93.783,0.001,2.608
20191222,4.282,4.028,2.005,4.746,1.162,23.923,303.212,1.274,93.274,1.227,3.262
20191223,5.314,5.177,0.223,5.565,0.434,15.639,323.481,1.741,94.78,2.464,4.034
20191224,4.668,4.94,0.826,4.173,0.579,11.968,313.818,1.465,95.434,4.641,4.399
20191225,4.868,4.877,0.951,4.851,0.253,12.521,321.989,1.324,95.897,3.561,3.514
20191226,2.937,2.684,0.687,3.4,0.653,27.856,301.197,1.456,96.683,0.126,1.61
20191227,1.314,0.825,0.697,2.207,0.984,31.989,284.336,1.364,97.07,0.072,1.577
20191228,-1.291,-1.589,0.888,-0.749,0.535,22.256,278.337,1.187,98.196,0.151,1.15
20191229,-2.092,-2.513,1.918,-1.324,2.257,35.648,257.359,1.304,98.027,0.0,1.493
20191230,2.039,1.213,1.973,3.547,2.148,40.007,261.794,3.664,97.409,0.0,2.849
20191231,1.815,1.577,0.547,2.25,0.617,20.119,297.197,1.96,97.36,0.088,2.667
20200101,-1.506,-2.189,1.253,-0.26,2.05,41.125,255.902,0.942,97.571,0.01,1.435
20200102,-1.389,-1.711,2.102,-0.801,2.125,42.812,259.281,1.156,96.997,0.002,2.917
20200103,3.945,3.95,1.929,3.936,0.595,9.949,325.391,1.213,96.267,1.806,5.076
20200104,2.904,2.792,0.867,3.108,0.598,11.592,309.351,1.398,96.799,4.001,4.746
20200105,1.281,1.557,1.481,0.779,1.467,23.161,291.458,1.07,97.581,0.231,2.135
20200106,1.995,1.637,1.397,2.646,0.135,25.12,287.025,1.387,97.01,0.016,2.551
20200107,1.677,1.355,1.286,2.264,0.976,13.115,299.575,1.018,96.835,0.481,3.197
20200108,4.374,4.446,0.949,4.244,0.653,5.932,327.454,1.18,96.766,1.146,4.34
20200109,7.473,7.3,1.754,7.79,0.933,6.204,344.696,1.142,96.081,9.062,3.939
20200110,6.769,6.381,1.872,7.478,0.381,20.894,328.128,1.774,96.026,2.248,4.676
20200111,2.191,1.832,0.669,2.846,1.324,40.972,273.788,1.737,97.285,0.069,3.153
20200112,1.565,1.533,1.469,1.623,0.668,44.932,275.813,1.488,96.634,0.016,4.869
20200113,4.054,3.903,0.162,4.33,0.441,16.492,326.13,1.44,96.303,0.239,3.686
20200114,6.64,6.349,1.943,7.171,1.118,23.349,302.216,3.085,95.532,0.0,5.734
20200115,8.69,8.415,0.387,9.148,1.266,51.974,289.401,4.098,95.915,0.061,5.08
20200116,6.516,5.989,1.86,7.396,2.557,45.845,288.979,2.201,96.902,0.037,2.221
20200117,4.399,4.143,1.618,4.825,1.9,53.422,277.563,1.689,96.222,0.137,3.02
20200118,3.126,2.915,1.236,3.48,0.546,35.211,291.051,1.855,96.611,0.516,3.269
20200119,1.725,1.593,0.585,1.945,0.688,27.006,298.618,1.162,97.654,0.514,2.454
20200120,0.335,-0.351,1.186,1.478,1.15,27.14,284.65,1.284,98.694,0.025,1.097
20200121,-2.461,-3.821,1.125,-0.195,2.987,60.491,235.743,1.069,98.281,0.0,1.727
20200122,-1.724,-2.243,2.079,-0.859,1.094,21.852,282.467,0.757,97.69,0.151,1.756
20200123,-0.213,-1.011,1.007,1.116,0.711,36.963,286.575,1.011,97.421,0.078,1.046
20200124,-2.436,-3.027,0.575,-1.452,0.945,60.97,247.351,0.821,96.612,0.001,1.972
20200125,-2.21,-2.569,0.861,-1.612,1.031,59.298,256.795,0.82,96.435,0.015,1.494
20200126,0.181,-0.107,1.929,0.661,1.665,43.247,292.433,0.765,96.15,0.041,1.872
20200127,4.103,3.575,1.192,4.982,1.067,26.026,321.679,1.327,95.365,2.931,4.219
20200128,3.546,3.305,1.359,3.948,0.462,35.6,291.301,1.892,94.033,4.054,5.59
20200129,2.153,1.781,0.417,2.772,0.479,44.516,286.003,1.936,94.877,0.61,4.984
20200130,4.602,4.133,1.521,5.384,0.857,28.978,311.015,2.247,95.293,0.069,5.324
20200131,10.122,9.73,1.38,10.775,0.7,30.104,340.076,3.284,95.084,0.347,5.605
20200201,9.359,9.068,1.071,9.803,0.129,5.908,334.997,2.361,94.933,10.514,5.426
20200202,6.938,7.454,1.867,6.151,1.012,16.551,327.879,2.149,95.164,7.771,4.825
20200203,7.462,7.112,0.773,7.952,0.477,48.539,312.797,2.406,95.349,5.449,4.692
20200204,2.753,2.828,1.137,2.649,0.448,47.441,301.258,1.394,95.325,12.088,4.363
20200205,1.072,0.728,1.186,1.554,1.579,75.558,251.842,2.112,97.276,0.038,3.215
20200206,1.517,1.229,1.113,1.922,1.092,36.337,292.15,1.665,97.331,0.102,2.583
20200207,2.139,1.422,0.709,3.142,1.134,52.752,286.662,1.687,97.109,0.02,1.736
20200208,2.622,1.938,2.71,3.579,2.719,75.772,263.944,2.333,96.587,0.008,2.793
20200209,7.219,6.91,3.36,7.652,2.407,54.511,299.478,3.683,95.462,0.873,6.592
20200210,5.846,6.384,2.707,5.092,0.729,63.748,301.857,2.454,93.895,16.336,7.811
20200211,2.387,1.923,1.044,3.036,0.485,76.3,269.483,2.38,94.496,4.263,7.151
20200212,2.061,1.399,0.604,2.987,1.172,80.49,256.479,2.585,95.483,0.838,5.746
20200213,1.73,1.565,1.093,1.961,0.808,27.589,286.928,1.407,95.243,4.507,3.839
20200214,4.104,3.472,0.741,4.987,0.682,49.932,305.78,1.627,95.957,1.867,3.011
20200215,5.299,4.502,2.183,6.415,2.15,80.49,281.381,2.504,96.389,0.119,3.835
20200216,10.864,10.439,2.727,11.459,1.797,49.393,313.574,5.682,95.317,0.73,7.214
20200217,6.697,6.662,2.102,6.746,0.409,50.56,305.229,2.788,95.709,3.684,5.307
20200218,4.772,4.468,0.463,5.163,0.627,88.82,283.172,2.545,96.287,2.149,5.843
20200219,3.562,3.486,0.929,3.659,0.602,71.281,285.762,2.122,95.977,3.803,5.124
20200220,4.045,3.582,2.345,4.592,1.522,33.548,310.803,1.995,95.999,2.428,4.538
20200221,4.074,3.933,1.156,4.242,1.182,74.067,294.568,2.761,96.507,1.616,5.535
20200222,6.136,5.481,2.181,6.911,2.432,83.942,295.687,3.491,96.309,2.904,6.338
20200223,7.583,6.894,1.631,8.397,1.759,10.824,332.209,2.101,95.659,13.296,6.701
20200224,3.953,4.612,2.603,3.174,0.908,37.501,303.031,1.901,95.893,4.172,4.568
20200225,6.749,6.272,2.07,7.312,0.326,74.591,308.501,2.787,94.329,3.468,5.148
20200226,1.699,1.683,0.548,1.718,0.408,68.947,292.229,1.387,94.061,4.133,4.423
20200227,1.406,0.798,0.611,2.123,0.677,58.333,293.602,1.571,94.532,4.966,3.218
20200228,1.938,1.27,1.008,2.727,1.216,85.015,285.72,2.031,95.603,0.702,4.391
20200229,5.822,4.156,2.489,7.791,2.425,99.706,307.506,2.424,94.265,3.701,5.365
20200301,5.388,4.7,0.742,6.201,1.105,100.589,291.608,2.801,94.06,5.066,4.609
20200302,5.092,4.749,1.138,5.497,2.176,109.09,301.219,2.57,93.716,1.901,3.086
20200303,3.301,2.538,1.734,4.202,1.087,85.195,288.823,2.071,94.433,4.021,2.942
20200304,1.516,0.474,1.331,2.747,1.431,73.374,269.457,1.442,95.36,0.778,2.539
20200305,2.988,2.005,2.204,4.057,2.316,70.59,301.71,1.78,94.422,8.11,3.043
20200306,3.841,3.086,1.092,4.595,1.127,31.216,324.564,1.065,93.693,7.413,3.66
20200307,2.996,2.352,0.633,3.64,0.945,97.83,294.768,1.938,95.751,2.506,3.881
20200308,5.373,4.197,2.888,6.548,2.015,101.142,301.556,2.915,95.881,0.055,3.901
20200309,6.012,5.134,1.371,6.889,1.02,111.038,296.264,2.497,95.542,1.931,3.215
20200310,5.489,6.057,3.027,4.921,1.378,18.843,322.645,1.41,95.145,6.519,5.483
20200311,9.461,9.849,0.578,9.074,1.495,27.541,347.402,1.768,95.391,13.739,3.75
20200312,8.741,8.27,2.653,9.212,0.972,108.742,302.543,4.051,95.277,2.027,5.752
20200313,4.692,3.684,0.628,5.701,1.289,131.216,278.349,3.026,95.815,1.694,5.399
20200314,3.464,2.162,1.21,4.767,2.71,123.307,279.041,2.458,96.517,0.161,1.749
20200315,5.691,3.521,2.597,7.86,3.413,152.568,267.535,4.091,96.16,0.0,3.453
20200316,8.06,5.682,4.304,10.438,5.081,157.516,288.153,4.822,96.256,0.065,1.861
20200317,8.111,6.36,1.327,9.863,2.425,124.803,295.724,3.339,97.063,1.231,1.99
20200318,8.394,5.544,3.5,11.244,4.336,154.512,290.211,4.089,96.994,0.003,2.547
20200319,8.989,6.893,2.507,10.918,3.457,98.941,313.355,3.681,96.794,0.0,1.605
20200320,5.694,5.246,1.711,6.106,0.754,36.367,326.053,1.463,96.719,1.595,2.943
20200321,2.315,1.846,1.352,2.747,0.531,104.908,283.698,2.462,97.014,0.522,4.659
20200322,-0.041,-1.3,1.18,1.118,2.366,192.274,227.199,2.977,97.511,0.001,4.459
20200323,-0.529,-2.182,2.015,0.992,3.137,200.202,221.927,3.433,97.79,0.0,3.272
20200324,0.232,-1.998,2.42,2.119,3.638,203.115,224.159,3.721,97.582,0.0,2.675
20200325,0.984,-1.128,2.821,2.77,3.921,205.896,225.453,3.999,97.078,0.0,3.289
20200326,2.661,0.889,3.287,4.16,3.674,190.371,250.961,3.934,96.61,0.0,4.13
20200327,7.161,4.856,4.001,9.111,5.013,198.196,267.64,5.406,96.305,0.0,3.72
20200328,6.751,4.315,2.007,8.812,3.959,206.56,261.634,4.702,96.289,0.0,2.401
20200329,1.762,1.131,1.565,2.297,0.82,95.7,289.651,1.886,96.633,2.693,4.062
20200330,-0.598,-1.914,3.229,0.515,3.123,183.534,250.395,2.299,96.991,0.752,1.837
20200331,0.98,-0.321,1.382,2.082,1.682,143.064,277.029,2.809,97.062,0.098,2.188
20200401,1.346,-1.455,2.836,3.524,4.459,219.297,239.694,3.662,96.386,0.0,1.519
20200402,3.41,0.975,3.683,5.305,4.321,172.012,270.085,3.729,95.589,0.011,2.279
20200403,5.145,4.456,1.16,5.68,1.258,90.495,308.976,2.856,95.771,1.399,2.318
20200404,5.658,3.958,2.028,6.98,3.48,142.078,285.966,3.916,96.726,0.093,1.514
20200405,8.035,5.097,4.105,10.32,5.348,228.246,263.991,5.764,96.848,0.0,2.979
20200406,11.195,7.381,4.199,14.162,6.243,232.135,272.358,8.367,96.578,0.0,2.43
20200407,11.52,8.793,3.425,13.642,4.357,200.94,297.811,5.33,97.274,0.006,2.066
20200408,12.359,8.911,2.213,15.041,5.032,235.971,285.733,7.452,96.935,0.0,1.833
20200409,11.244,7.943,3.214,13.812,4.745,229.316,292.527,6.227,96.712,0.006,1.873
20200410,9.917,7.103,1.871,12.105,3.741,208.055,286.706,5.544,96.869,0.002,1.762
20200411,8.316,5.16,3.217,10.57,4.815,240.831,269.194,6.374,96.818,0.0,2.09
20200412,11.697,7.444,4.2,14.735,5.898,204.888,298.464,7.762,95.994,0.341,2.266
20200413,6.3,6.058,3.293,6.473,0.853,191.068,278.048,4.178,95.983,0.296,3.838
20200414,3.368,1.427,1.563,4.755,2.575,154.989,279.854,3.756,96.635,0.121,2.953
20200415,6.413,3.02,4.719,8.636,5.661,248.735,269.683,4.95,96.664,0.0,1.996
20200416,11.49,7.591,5.421,14.044,6.379,240.48,288.592,8.421,96.088,0.0,1.793
20200417,11.128,8.299,2.639,12.982,4.814,246.156,291.869,5.65,96.023,0.0,1.755
20200418,11.74,9.318,2.881,13.327,4.219,219.907,309.914,5.882,95.951,2.493,2.064
20200419,8.614,7.219,1.358,9.529,2.592,254.211,285.932,5.028,96.25,6.497,3.558
20200420,8.067,5.993,2.741,9.426,3.731,270.703,257.303,6.409,96.481,0.0,5.33
20200421,9.704,7.885,2.854,10.896,3.837,270.063,265.393,6.952,96.415,0.0,5.779
20200422,10.806,8.584,2.541,12.262,4.106,273.424,268.885,7.798,96.546,0.0,4.634
20200423,10.953,7.55,2.58,13.182,4.732,273.904,276.315,7.301,96.424,0.0,2.518
20200424,11.823,8.105,2.976,14.259,4.884,231.786,300.075,7.468,95.518,0.0,2.823
20200425,8.225,6.837,1.382,9.134,3.035,190.244,299.097,4.691,95.562,0.003,2.495
20200426,10.101,7.125,4.325,12.05,5.264,233.16,286.896,7.052,95.495,0.0,0.855
20200427,12.392,8.575,3.507,14.893,5.455,245.404,295.741,8.288,95.24,0.0,2.035
20200428,11.892,9.484,2.492,13.469,3.332,148.879,319.058,4.978,94.924,5.843,2.475
20200429,11.881,9.875,1.035,13.195,1.954,211.349,317.921,4.234,94.989,0.944,3.177
20200430,10.801,8.957,0.67,11.812,1.465,168.884,323.367,3.505,94.813,4.627,4.073
20200501,8.577,7.126,0.545,9.373,1.354,195.447,306.677,2.76,94.665,3.309,4.029
20200502,7.148,6.418,0.44,7.549,0.986,184.988,308.282,2.426,95.14,7.667,3.673
20200503,8.965,7.142,1.524,9.965,2.525,198.282,302.319,3.268,96.053,1.106,2.45
20200504,7.868,6.201,1.121,8.782,0.938,119.232,314.718,2.284,96.072,3.098,1.883
20200505,5.922,3.218,1.333,7.404,3.452,266.089,266.514,4.22,96.328,0.0,2.563
20200506,7.467,3.74,3.694,9.511,4.878,280.6,269.83,5.334,96.693,0.0,1.93
20200507,10.429,7.051,3.905,12.282,5.425,298.516,275.728,7.454,96.65,0.0,1.817
20200508,13.134,9.426,2.485,15.167,4.845,262.177,303.817,8.591,96.183,0.0,1.518
20200509,13.383,9.827,2.267,15.332,3.992,208.535,307.577,7.783,95.796,0.0,2.069
20200510,13.486,10.988,2.302,14.855,3.425,185.58,336.387,5.118,95.078,1.035,1.328
20200511,4.716,5.985,4.688,4.021,0.952,51.986,311.561,2.237,95.228,4.54,4.019
20200512,3.97,1.468,2.894,5.342,2.923,224.741,273.879,3.284,96.033,0.0,2.164
20200513,6.877,4.603,2.495,8.124,3.087,200.712,296.683,4.397,95.608,0.128,1.196
20200514,6.903,4.907,1.304,7.998,2.349,166.037,308.563,3.71,96.035,0.564,2.444
20200515,7.768,4.785,2.794,9.405,3.388,248.605,296.449,5.258,96.27,0.0,2.088
20200516,9.394,6.157,3.781,11.169,4.56,258.906,293.936,6.011,96.506,0.0,2.025
20200517,10.878,8.222,1.849,12.335,3.523,273.826,295.061,6.354,96.567,0.007,2.279
20200518,13.666,9.327,5.136,16.045,5.459,264.0,313.626,8.272,96.579,0.0,2.416
20200519,14.526,12.14,2.151,15.719,3.669,195.762,327.866,7.07,96.456,0.002,2.428
20200520,14.207,13.0,0.907,14.756,1.105,130.07,347.754,4.999,96.563,0.749,1.46
20200521,14.345,10.613,3.597,16.042,5.273,289.675,308.825,8.244,96.621,0.0,1.321
20200522,16.152,12.987,2.949,17.591,3.965,150.497,353.174,6.671,96.363,8.063,2.386
20200523,12.45,12.049,2.295,12.632,0.611,104.101,334.808,4.366,96.541,1.128,3.644
20200524,10.569,9.058,1.381,11.256,2.013,227.828,312.762,3.599,96.996,3.257,4.482
20200525,11.496,9.565,0.896,12.374,1.542,182.363,329.265,4.121,97.319,1.026,4.112
20200526,11.318,8.528,3.101,12.585,3.784,171.469,317.238,4.761,97.729,0.42,1.344
20200527,14.475,11.482,3.1,15.835,4.35,206.143,329.771,7.689,97.544,0.173,1.383
20200528,12.979,10.846,1.517,13.948,2.857,301.733,301.142,6.972,97.338,0.867,3.183
20200529,12.259,8.846,2.572,13.811,4.002,296.032,294.181,7.386,97.095,0.0,2.515
20200530,11.887,8.955,1.649,13.22,2.939,244.153,309.006,6.98,96.743,0.002,3.167
20200531,11.988,9.37,2.234,13.179,3.91,217.41,318.247,6.172,96.589,0.0,2.465
20200601,14.624,10.553,3.544,16.475,5.413,323.327,297.106,8.802,96.597,0.0,2.413
20200602,16.925,12.699,2.662,18.846,4.995,320.683,309.347,11.05,96.147,0.0,1.74
20200603,16.536,12.238,1.622,18.49,3.995,246.435,331.343,8.827,95.022,1.854,1.508
20200604,13.174,11.709,0.747,13.84,1.387,145.867,346.144,2.413,94.086,8.584,2.072
20200605,10.06,8.954,1.102,10.563,1.916,232.292,322.003,3.265,94.092,4.119,4.259
20200606,10.302,7.937,2.031,11.378,2.578,209.511,307.413,3.841,94.643,2.102,3.945
20200607,12.44,10.08,1.721,13.513,2.034,194.548,323.87,5.217,95.187,0.131,2.808
20200608,12.441,9.235,1.426,13.898,2.902,227.586,313.037,5.829,95.758,0.183,1.093
20200609,12.97,9.921,2.456,14.356,2.959,156.667,340.413,4.888,95.989,2.485,1.598
20200610,13.753,12.14,0.925,14.486,2.19,171.104,348.486,4.743,95.827,1.238,2.013
20200611,13.503,12.467,1.253,13.975,1.629,108.249,356.081,2.681,95.514,1.494,1.702
20200612,18.215,15.391,3.368,19.499,4.231,255.578,348.654,6.958,95.416,0.068,2.894
20200613,20.241,16.716,1.21,21.843,3.71,250.925,356.875,7.234,95.447,11.772,1.842
20200614,16.935,16.208,0.298,17.266,0.891,69.523,381.689,2.131,95.614,27.179,1.404
20200615,15.379,15.145,1.032,15.486,0.249,51.987,376.943,1.253,95.902,12.671,2.828
20200616,16.374,14.187,1.038,17.368,2.237,184.013,359.469,3.454,95.929,2.206,1.597
20200617,17.603,15.409,2.057,18.6,3.123,218.747,359.34,5.088,95.602,0.651,1.429
20200618,14.515,13.796,1.194,14.842,0.318,57.458,356.302,1.61,95.6,13.513,2.295
20200619,15.81,13.096,2.358,17.044,3.244,228.57,334.709,4.332,95.895,1.068,2.344
20200620,16.324,14.246,0.87,17.269,2.16,196.175,342.891,6.0,96.311,0.332,2.768
20200621,17.281,14.783,3.456,18.416,3.724,234.451,340.802,7.907,96.394,0.048,1.697
20200622,17.107,14.505,1.309,18.29,2.065,210.792,346.785,6.353,96.661,0.144,2.509
20200623,17.117,12.978,2.597,18.998,4.378,317.16,319.419,8.953,96.89,0.0,1.741
20200624,17.439,13.882,2.965,19.055,4.14,287.936,327.783,9.0,96.78,0.0,2.458
20200625,18.33,15.493,2.371,19.62,3.397,204.794,343.734,7.619,96.422,0.163,2.576
20200626,19.757,15.625,2.689,21.459,4.323,271.727,343.54,10.799,95.898,0.0,1.989
20200627,20.331,17.106,2.801,21.659,2.982,224.796,357.69,7.962,95.584,5.297,2.654
20200628,18.381,16.378,1.7,19.291,1.688,177.844,361.587,6.427,95.785,2.432,3.19
20200629,15.757,13.501,1.147,16.783,2.707,253.625,335.403,6.105,95.677,1.191,2.542
20200630,16.226,14.032,2.5,17.223,3.153,263.525,333.09,9.086,95.483,0.0,4.501
20200701,18.79,16.39,1.258,19.882,2.891,189.733,360.963,7.282,95.292,6.374,3.878
20200702,17.27,14.758,0.714,18.411,2.5,208.315,354.568,6.047,95.535,2.19,2.666
20200703,15.859,13.649,1.481,16.863,2.817,187.759,342.063,6.105,96.075,0.416,2.973
20200704,18.025,15.937,3.998,18.974,3.75,267.523,346.59,9.266,96.036,0.0,4.081
20200705,20.352,18.967,0.752,20.981,1.919,138.105,382.074,8.356,95.668,0.479,5.409
20200706,14.257,13.622,3.171,14.546,0.993,226.967,318.604,6.329,95.832,0.885,4.814
20200707,13.387,11.108,2.231,14.423,3.145,215.551,326.962,6.154,96.304,0.093,2.94
20200708,12.638,12.061,0.737,12.901,1.357,97.68,349.403,2.253,96.027,8.378,1.68
20200709,16.68,14.405,2.85,17.714,3.49,107.662,360.967,4.565,95.818,3.737,2.808
20200710,16.701,13.751,1.403,18.041,2.745,214.519,347.693,5.237,95.618,0.494,3.627
20200711,13.202,10.849,1.158,14.272,2.75,229.112,319.354,5.876,96.644,0.061,1.942
20200712,13.804,10.431,2.331,15.338,4.226,235.402,317.145,6.715,97.012,0.213,1.54
20200713,16.144,12.039,4.339,18.009,5.22,251.431,330.096,9.929,96.663,0.0,1.274
20200714,17.369,12.911,2.762,19.395,4.841,205.008,343.619,10.27,95.888,0.03,2.063
20200715,13.763,12.901,0.648,14.155,0.996,116.846,347.237,2.596,95.749,14.43,1.304
20200716,12.89,11.367,1.142,13.582,1.531,61.894,342.848,2.943,96.061,0.695,1.579
20200717,14.564,11.27,2.197,16.211,3.815,208.392,332.999,5.833,96.371,0.266,1.454
20200718,17.481,13.485,2.967,19.478,4.202,192.153,351.194,8.915,96.362,0.025,0.872
20200719,19.869,15.632,2.958,21.987,4.669,236.3,347.404,12.013,96.068,0.002,1.481
20200720,17.268,15.328,1.475,18.238,1.685,242.423,341.941,6.829,96.14,0.47,2.459
20200721,15.611,11.555,1.301,17.639,3.394,255.874,325.384,8.876,96.565,0.006,2.084
20200722,15.609,12.1,2.242,17.363,3.986,248.787,323.482,9.206,96.548,0.0,1.366
20200723,16.622,12.962,2.023,18.452,4.108,243.666,328.643,9.845,96.096,0.601,1.498
20200724,19.073,14.898,2.658,21.16,4.387,251.517,341.382,12.187,95.598,0.007,2.654
20200725,19.335,16.385,2.176,20.809,3.395,216.607,355.291,10.044,95.7,0.271,2.124
20200726,18.421,17.113,1.584,19.076,2.5,200.001,356.754,7.65,95.608,6.683,3.196
20200727,18.113,15.869,2.829,19.235,3.414,179.819,342.527,8.121,95.946,1.067,2.081
20200728,20.149,17.481,1.336,21.483,2.1,218.991,346.801,10.887,95.559,0.067,3.443
20200729,16.672,13.523,1.546,18.246,3.681,252.234,319.537,9.739,96.261,0.0,2.818
20200730,17.345,13.339,3.135,19.349,5.341,288.251,321.676,11.181,96.444,0.0,1.54
20200731,20.723,16.146,4.243,23.012,5.841,288.645,337.227,15.564,96.255,0.0,1.426
20200801,22.746,18.636,2.748,25.0,5.303,244.161,356.664,14.817,95.923,0.497,1.898
20200802,18.216,17.081,0.622,18.839,1.178,111.927,366.46,4.36,95.773,4.388,1.861
20200803,16.384,14.56,0.9,17.385,2.639,216.829,339.63,7.559,95.689,0.026,2.11
20200804,16.006,13.34,1.474,17.468,3.384,194.369,331.964,8.701,95.935,0.143,2.107
20200805,18.999,15.767,4.961,20.771,5.588,274.765,326.251,13.224,96.238,0.0,1.839
20200806,21.731,17.964,3.1,23.797,5.527,284.673,329.924,17.571,96.466,0.0,1.394
20200807,23.169,18.868,4.205,25.528,6.129,280.907,344.117,19.192,96.516,0.0,1.619
20200808,25.862,21.217,3.688,28.649,5.285,258.178,369.151,21.727,96.404,0.0,1.209
20200809,25.524,21.592,2.651,27.883,4.616,208.032,376.431,19.866,96.211,1.617,1.537
20200810,21.87,20.986,0.915,22.4,1.708,171.306,376.776,9.279,96.145,5.971,2.674
20200811,23.39,20.111,1.699,25.358,3.76,240.548,367.982,13.107,96.213,0.079,2.71
20200812,22.928,19.624,2.113,24.911,4.103,233.669,366.243,12.282,96.126,0.9,2.262
20200813,20.682,19.054,0.727,21.659,1.534,171.191,376.618,6.654,95.866,4.561,1.785
20200814,19.011,17.843,0.433,19.712,1.162,116.587,378.078,2.914,95.808,24.013,1.647
20200815,19.331,17.792,1.366,20.254,2.334,143.226,374.734,4.159,95.923,6.591,1.257
20200816,20.639,17.78,2.233,22.355,3.437,211.198,361.438,7.169,95.739,1.803,2.032
20200817,18.228,16.86,0.799,19.048,1.298,139.665,361.489,3.755,95.502,14.208,1.621
20200818,17.385,15.061,0.929,18.908,2.352,178.04,346.331,4.279,95.544,5.908,1.859
20200819,17.901,14.998,2.54,19.804,4.153,211.988,339.644,7.461,95.568,0.332,1.404
20200820,20.529,17.604,3.056,22.445,3.653,164.31,363.022,8.068,95.521,0.083,2.048
20200821,24.053,20.975,2.505,26.07,3.825,213.923,370.868,12.537,95.597,2.465,2.611
20200822,20.392,19.503,2.254,20.974,1.956,139.942,365.236,7.999,95.933,4.453,2.969
20200823,17.107,15.547,0.788,18.129,1.687,174.473,342.288,7.164,95.995,0.434,3.614
20200824,15.053,13.13,0.968,16.313,2.031,156.18,337.989,5.394,95.97,0.31,3.141
20200825,15.532,13.635,3.248,16.775,3.753,150.23,339.604,6.574,95.649,0.392,2.63
20200826,17.074,16.572,0.848,17.404,0.523,82.426,358.116,7.829,95.244,0.235,6.576
20200827,15.091,13.792,0.702,15.943,2.032,124.528,345.948,6.009,95.916,0.351,3.351
20200828,15.945,13.875,1.892,17.424,2.633,162.306,347.325,6.122,94.901,2.002,3.115
20200829,14.809,12.753,1.156,16.277,2.605,155.802,329.182,5.808,94.984,0.126,2.698
20200830,14.752,12.758,0.605,16.177,2.667,121.785,349.004,4.953,95.303,6.281,1.84
20200831,13.941,12.693,0.531,14.831,1.44,151.485,339.746,3.238,96.036,2.57,2.12
20200901,12.575,11.088,0.697,13.731,1.774,146.167,327.357,3.238,96.162,2.329,1.473
20200902,12.513,10.309,1.832,14.227,3.488,176.03,318.658,5.225,96.194,0.039,1.29
20200903,12.873,10.391,3.307,14.803,4.174,137.442,333.671,4.512,96.382,4.163,2.994
20200904,17.453,16.107,1.745,18.499,2.076,107.937,371.622,5.29,96.457,0.814,2.926
20200905,13.391,12.826,2.138,13.831,0.349,87.769,342.89,2.339,96.142,0.129,1.951
20200906,11.622,9.453,1.978,13.309,3.14,154.02,310.163,4.495,96.323,0.022,1.881
20200907,12.499,9.863,2.939,14.548,4.038,178.11,309.926,5.304,96.707,0.063,1.738
20200908,14.59,11.362,4.617,17.101,4.789,166.171,334.858,6.719,96.897,0.03,2.394
20200909,17.183,14.829,3.256,19.014,4.301,141.404,359.042,6.576,96.531,0.061,2.435
20200910,13.656,12.494,2.566,14.56,2.349,168.799,328.464,5.079,96.496,0.062,1.82
20200911,13.414,9.953,2.806,16.105,5.083,199.291,304.476,6.167,96.171,0.0,1.422
20200912,15.642,11.487,3.592,18.874,5.977,191.253,319.709,7.551,96.319,0.0,2.505
20200913,16.433,13.492,4.058,18.721,5.553,187.004,323.058,7.891,96.946,0.0,1.169
20200914,18.966,15.489,3.796,21.908,6.032,185.067,331.794,10.088,96.979,0.0,1.7
20200915,19.832,16.558,3.747,22.602,5.773,181.162,337.885,10.464,96.504,0.0,1.233
20200916,18.666,15.677,3.52,21.415,4.704,135.84,345.591,8.092,96.312,0.304,1.732
20200917,13.258,12.188,1.762,14.241,2.382,148.591,319.738,5.884,96.996,0.04,3.349
20200918,12.144,9.467,3.247,14.607,4.824,190.248,282.511,7.568,96.998,0.0,3.341
20200919,12.932,9.765,3.62,15.846,5.918,183.14,287.9,9.164,96.468,0.0,2.475
20200920,13.659,10.494,3.61,16.571,5.44,176.905,300.979,9.131,96.167,0.0,2.229
20200921,14.292,10.759,3.347,17.541,5.725,176.344,307.297,8.43,96.038,0.0,1.911
20200922,16.617,13.492,3.39,19.491,5.651,170.403,323.712,8.823,95.536,0.0,1.92
20200923,16.457,13.676,1.841,19.017,3.853,162.331,324.904,8.289,95.073,0.0,2.35
20200924,15.513,14.229,0.951,16.694,1.564,143.688,332.093,6.953,94.877,4.754,3.589
20200925,11.426,11.132,1.392,11.696,0.603,109.1,329.886,3.955,94.306,1.907,3.13
20200926,7.882,7.074,0.864,8.625,0.728,38.457,332.299,2.148,94.156,19.406,1.855
20200927,7.944,6.769,1.688,9.025,1.874,57.237,327.858,2.152,94.75,0.565,2.057
20200928,9.355,7.655,2.685,11.056,3.655,140.041,298.607,3.415,95.481,0.0,1.74
20200929,9.391,7.82,2.989,10.962,3.285,98.719,320.92,2.715,96.004,0.139,1.727
20200930,11.654,10.481,0.872,12.826,1.466,63.123,352.655,1.873,95.955,0.343,1.177
20201001,11.315,9.902,3.1,12.727,3.803,120.17,322.759,2.952,95.039,0.017,2.096
20201002,12.827,11.737,2.267,13.917,3.195,130.855,319.575,3.278,94.26,0.057,3.619
20201003,12.528,10.571,1.65,14.485,2.679,110.261,325.187,2.865,93.731,3.09,3.75
20201004,9.763,8.022,1.006,11.503,1.333,106.626,300.278,3.773,94.265,0.744,4.233
20201005,10.049,8.774,1.524,11.435,1.845,103.149,315.762,3.676,94.784,0.594,3.378
20201006,10.401,9.918,0.473,10.926,0.585,49.851,340.827,1.966,94.726,4.128,4.517
20201007,10.444,9.908,0.357,11.026,0.893,70.932,326.379,2.326,95.379,1.755,3.926
20201008,10.717,10.534,2.504,10.917,1.56,38.623,336.548,2.218,96.021,1.242,4.649
20201009,11.081,11.427,1.054,10.705,0.406,24.728,353.493,1.453,96.106,5.727,2.043
20201010,8.205,7.325,1.453,9.16,1.135,100.488,296.76,2.755,96.194,0.406,3.32
20201011,6.907,6.083,1.177,7.881,1.908,80.17,309.672,2.918,96.178,0.204,2.589
20201012,7.413,6.295,0.8,8.733,1.511,78.104,310.531,2.133,96.147,0.436,2.216
20201013,6.332,5.322,0.896,7.526,2.479,87.722,297.149,1.749,95.829,0.413,1.257
20201014,6.468,6.223,0.121,6.756,0.36,17.744,333.267,1.186,95.663,11.692,4.13
20201015,7.169,6.868,0.594,7.525,0.718,17.726,343.031,1.182,95.972,2.111,3.812
20201016,7.181,6.733,0.384,7.711,0.549,52.884,332.839,1.799,96.296,1.547,3.106
20201017,6.163,5.761,0.727,6.639,0.981,44.106,318.633,1.284,96.258,0.863,1.632
20201018,6.63,6.044,1.37,7.322,1.544,72.953,307.646,1.98,96.39,0.24,3.084
20201019,7.328,6.142,1.479,8.73,1.423,69.204,308.958,2.451,96.511,0.218,2.18
20201020,7.48,6.465,3.56,8.679,3.162,88.891,304.615,2.617,95.843,1.826,3.486
20201021,12.512,12.138,2.458,12.954,2.506,66.747,330.365,4.934,95.335,0.437,4.066
20201022,14.483,13.766,0.758,15.331,1.877,80.937,322.49,4.547,95.704,0.536,3.966
20201023,12.56,12.232,0.776,12.981,0.31,15.997,353.773,1.625,95.616,6.233,2.578
20201024,11.696,11.048,0.85,12.528,1.441,62.144,337.895,2.85,95.772,0.148,3.819
20201025,11.307,10.8,0.941,12.018,1.833,70.532,313.061,3.491,95.17,0.581,3.792
20201026,8.88,8.533,0.99,9.366,0.266,25.333,317.785,1.807,94.827,5.745,2.504
20201027,7.761,7.396,0.692,8.271,0.929,48.395,300.892,2.419,95.208,0.116,4.446
20201028,9.367,8.801,0.704,10.159,1.301,52.333,321.673,2.816,95.356,1.413,4.419
20201029,8.418,8.314,0.675,8.564,1.027,74.174,310.351,2.744,95.799,6.403,4.515
20201030,11.004,10.45,1.541,11.78,0.568,9.395,358.143,1.64,96.229,4.93,4.668
20201031,11.348,10.748,0.742,12.189,0.863,44.576,335.637,2.301,96.462,0.159,2.911
20201101,11.965,11.915,1.789,12.035,1.195,18.132,355.745,1.814,95.844,4.038,4.134
20201102,15.992,15.343,1.22,16.902,1.18,46.663,366.056,3.858,95.585,5.823,5.339
20201103,9.626,9.332,1.367,10.037,1.132,50.342,313.373,3.33,96.518,0.088,3.009
20201104,5.091,4.119,1.82,6.451,1.774,76.817,269.557,2.131,97.339,0.0,2.086
20201105,2.521,1.246,1.377,4.305,3.045,78.37,270.498,1.329,97.973,0.0,1.625
20201106,4.143,2.786,1.76,6.042,3.279,47.195,292.624,1.502,97.66,0.0,1.078
20201107,4.13,2.374,2.205,6.59,3.99,79.491,266.15,2.652,97.0,0.0,1.701
20201108,5.405,3.819,2.55,7.626,4.315,74.386,282.874,2.305,96.752,0.0,1.433
20201109,4.032,2.605,1.195,6.208,2.457,62.491,279.67,1.421,96.812,0.0,1.359
20201110,2.404,1.803,1.05,3.321,1.636,56.755,304.877,0.865,96.991,0.015,1.095
20201111,5.686,5.213,1.267,6.408,1.002,17.755,335.782,1.001,96.858,0.14,1.323
20201112,6.391,5.982,1.039,7.073,1.15,30.856,318.013,1.35,96.352,0.055,2.98
20201113,6.407,6.215,2.776,6.728,2.561,27.517,324.007,1.274,96.277,1.701,2.853
20201114,10.28,9.52,0.684,11.546,1.761,55.089,303.867,2.251,96.183,0.39,2.759
20201115,10.07,9.484,0.945,11.049,1.559,55.463,302.719,3.154,95.579,1.65,3.979
20201116,8.66,8.583,0.486,8.789,0.887,47.094,307.383,2.321,95.761,0.274,3.965
20201117,8.394,8.366,0.872,8.442,0.528,7.29,340.145,1.873,96.762,0.272,4.126
20201118,9.114,8.643,0.53,9.899,1.289,40.158,311.911,2.649,96.735,0.045,3.255
20201119,6.911,6.385,1.86,7.788,0.333,33.746,309.494,2.358,96.295,2.387,4.695
20201120,1.816,1.216,0.887,2.815,1.159,42.407,270.895,1.204,97.441,0.475,2.828
20201121,1.416,1.006,2.227,2.099,1.511,34.907,287.254,1.841,97.399,0.001,3.688
20201122,4.738,4.673,1.32,4.846,0.93,9.408,334.058,1.713,96.841,0.228,3.963
20201123,4.163,3.334,2.247,5.543,1.003,47.288,289.639,1.617,96.994,0.257,2.763
20201124,2.371,1.681,0.693,3.52,1.101,33.18,300.643,1.039,96.826,0.072,2.302
20201125,2.351,1.753,0.685,3.346,1.699,53.996,269.692,1.302,96.301,0.021,2.802
20201126,1.921,1.447,0.784,2.71,1.206,33.098,295.862,1.021,96.47,0.026,2.055
20201127,1.429,0.646,0.673,2.856,1.323,38.926,289.6,0.95,96.413,0.223,1.245
20201128,-0.067,-0.542,0.68,0.8,0.662,30.622,284.251,0.863,96.554,0.048,2.468
20201129,-0.168,-0.589,0.401,0.601,0.85,31.237,282.731,1.568,96.852,0.057,1.841
20201130,-1.277,-1.539,1.387,-0.801,1.763,47.832,266.624,1.495,96.609,1.439,2.623
20201201,0.013,-0.11,0.578,0.237,0.337,10.652,313.185,1.028,95.865,2.41,2.235
20201202,-0.547,-0.693,0.558,-0.279,0.395,21.528,298.518,0.879,96.016,0.057,1.12
20201203,-0.821,-0.975,0.377,-0.541,0.501,19.619,281.763,1.419,94.766,0.13,3.428
20201204,0.492,-0.253,0.52,1.85,0.842,31.896,281.981,1.751,93.615,0.363,2.957
20201205,0.51,0.023,0.99,1.398,1.188,25.219,287.632,1.165,94.263,0.989,1.768
20201206,1.849,1.844,0.525,1.859,0.456,17.614,317.656,0.87,94.325,3.134,1.464
20201207,2.573,2.412,0.585,2.867,0.737,18.413,311.012,1.257,94.358,0.705,2.131
20201208,0.759,-0.111,0.87,2.345,1.374,35.161,269.616,1.158,94.809,0.137,1.894
20201209,-0.075,-0.163,0.476,0.087,0.319,15.602,306.913,0.608,95.197,1.212,0.856
20201210,0.857,0.721,0.575,1.104,0.421,14.191,313.229,0.693,95.072,0.798,0.631
20201211,0.699,0.483,0.374,1.091,0.515,25.16,289.545,1.273,94.41,0.176,2.953
20201212,2.057,1.815,0.798,2.498,0.835,17.979,317.591,1.056,94.311,1.446,1.748
20201213,3.947,3.632,0.988,4.522,0.877,10.71,327.12,0.877,95.367,0.813,1.453
20201214,4.214,3.636,1.047,5.268,1.206,27.412,297.516,1.819,95.586,0.001,3.318
20201215,4.924,4.869,1.237,5.024,0.755,17.994,319.281,1.508,95.604,2.181,2.939
20201216,6.242,5.782,0.715,7.08,1.063,24.476,315.427,1.152,96.184,0.176,1.926
20201217,4.633,4.343,0.556,5.163,0.558,17.334,297.681,1.322,96.368,0.031,3.342
20201218,3.943,3.256,0.432,5.195,1.404,32.777,290.425,1.143,96.665,0.026,2.419
20201219,3.1,2.514,1.104,4.168,1.899,39.877,270.403,1.553,96.261,0.001,3.187
20201220,2.724,2.627,0.768,2.9,0.605,20.996,303.445,1.346,96.347,2.55,2.652
20201221,4.452,4.365,0.824,4.61,1.132,25.986,313.107,1.164,96.301,2.481,3.568
20201222,9.625,8.701,1.485,11.309,0.605,12.211,347.227,1.621,95.606,8.809,4.83
20201223,8.823,8.687,1.117,9.071,0.946,9.84,344.852,0.928,95.519,12.967,2.826
20201224,4.782,5.098,3.005,4.205,1.166,18.105,306.883,1.62,95.176,2.603,3.863
20201225,0.22,0.05,1.767,0.529,0.134,32.279,271.516,1.342,96.199,0.633,2.657
20201226,-0.576,-1.067,1.843,0.319,0.762,17.685,289.081,1.179,96.356,0.138,3.763
20201227,0.054,0.168,0.446,-0.155,0.398,21.756,291.785,2.043,94.067,1.639,6.214
20201228,1.518,1.19,0.385,2.116,0.761,26.478,292.786,1.603,92.626,3.072,3.183
20201229,1.099,0.842,0.922,1.568,0.765,17.806,275.002,1.278,93.267,0.671,3.158
20201230,1.702,1.416,0.305,2.222,0.584,21.007,297.708,1.306,94.512,0.325,2.921
20201231,0.986,0.877,0.395,1.186,0.394,24.235,297.114,1.386,94.824,0.543,2.483