doy,mint_C,maxt_C,airt_C,co2_ppm,swrad_MJm2day,vpd_kPa,precip_kgm2s,wind_spd_ms,SWC_1,SWC_1_unc,SWC_2,SWC_2_unc,SWC_3,SWC_3_unc
7,0.688571428571429,3.46714285714286,1.90532738095238,375.321648809524,1.76687794285714,0.0442946428571429,8.92857142857143E-06,3.82159523809524,NA,NA,NA,NA,NA,NA
14,-2.43428571428571,0.631428571428571,-0.62327380952381,378.907886904762,2.45359208571429,0.0584625,1.48809523809524E-06,2.91092261904762,NA,NA,NA,NA,NA,NA
21,-1.74142857142857,1.73285714285714,0.136636904761905,378.994145833333,1.79175728571429,0.0593901785714286,2.29828042328042E-05,4.36436904761905,NA,NA,NA,NA,NA,NA
28,-7.19142857142857,-2.79,-5.1264880952381,382.213517857143,3.22076237142857,0.0392110119047619,1.10780423280423E-05,3.466375,NA,NA,NA,NA,NA,NA
35,2.72,5.84285714285714,4.18756845238095,379.262360119048,2.18568162857143,0.0944666666666667,6.0515873015873E-05,5.44415773809524,NA,NA,NA,NA,NA,NA
42,2.80285714285714,7.48428571428571,4.90845238095238,374.786705357143,4.91423785714286,0.192944047619048,1.50462962962963E-05,4.82321726190476,NA,NA,NA,NA,NA,NA
49,-1.12714285714286,2.22714285714286,0.547202380952381,373.276577380952,3.86524028571429,0.0646467261904762,4.48082010582011E-05,4.13684523809524,NA,NA,NA,NA,NA,NA
56,-1.27285714285714,2.55857142857143,0.271071428571429,377.330032738095,4.07368182857143,0.0447068452380952,5.19179894179894E-05,3.26439583333333,NA,NA,NA,NA,NA,NA
63,0.8,6.6,3.49452380952381,368.7214375,7.55192442857143,0.166722916666667,3.125E-05,4.59588095238095,NA,NA,NA,NA,NA,NA
70,1.12142857142857,5.26571428571429,3.2403869047619,367.985005952381,6.70923668571429,0.123569047619048,5.39021164021164E-05,5.14690773809524,44.2734666666667,4.54626532951243,37.9005777777778,3.79057930887371,45.3576,4.55869754771724
77,1.41571428571429,5.93028571428571,3.92208035714286,370.970375,5.82909942857143,0.134207738095238,4.18320105820106E-05,4.22263988095238,44.5441810790357,4.45796585930779,38.7384149883932,3.87442772930352,45.7078476280664,4.571453453725
84,2.59142857142857,9.69857142857143,5.88345238095238,373.872101190476,11.5669761428571,0.287284821428571,2.95965608465608E-05,2.3396994047619,44.641125,4.4641125,40.3539880952381,4.0357523795701,46.5016071428571,4.65016071428571
91,2.39571428571429,6.26285714285714,4.14991071428571,372.205380952381,4.83359785714286,0.0916196428571429,2.69510582010582E-05,3.02174702380952,44.362693452381,4.4362693452381,40.0360416666667,4.00396054434235,46.5441369047619,4.65441369047619
98,1.78857142857143,10.1357142857143,5.94675595238095,370.4339375,14.9813781428571,0.321456845238095,1.15740740740741E-05,2.74225892857143,44.4434375,4.44434375,39.8511607142857,3.98547410229421,46.6103273809524,4.66103273809524
105,1.93,8.46,5.20240773809524,371.103863095238,13.5195060857143,0.2725875,1.47156084656085E-05,3.0604494047619,43.7165327380952,4.37165327380952,38.9480654761905,3.8951728794337,46.5719940476191,4.65719940476191
112,7.41857142857143,14.3071428571429,10.4289880952381,370.525791666667,13.7238924857143,0.442361904761905,1.66997354497355E-05,2.83510714285714,44.5980119047619,4.45980119047619,39.3667559523809,3.93703803124161,46.6942559523809,4.66942559523809
119,10.3885714285714,19.6757142857143,15.2814285714286,377.370794642857,17.5787331428571,0.7394375,1.32275132275132E-06,2.64969345238095,43.0634553571429,4.30634553571429,37.2,3.72038354438082,46.6183333333333,4.66183333333333
126,11.5914285714286,18.4685714285714,14.7216369047619,381.541080357143,18.0578859428571,0.500890178571429,1.24007936507937E-05,2.32383630952381,43.8288988095238,4.38288988095238,37.5476488095238,3.75514487450657,46.6119642857143,4.66119642857143
133,13.2028571428571,20.61,17.1409226190476,371.956491071429,23.3228118857143,0.770483630952381,1.81878306878307E-06,2.70709226190476,42.5463601190476,4.25463601190476,36.8399107142857,3.68437836434656,46.5812797619048,4.65812797619048
140,10.7157142857143,19.3285714285714,15.2628571428571,363.724139880952,22.5896364,0.902919047619048,9.92063492063492E-06,2.86535714285714,39.4023273809524,3.94023273809524,31.5913988095238,3.15959150915485,46.4126488095238,4.64126488095238
147,7.11857142857143,13.9614285714286,10.621369047619,369.83755952381,15.8910711428571,0.288480654761905,2.9265873015873E-05,3.11779761904762,41.4842976190476,4.14842976190476,33.2759523809524,3.32802400620754,46.2145238095238,4.62145238095238
154,7.97285714285714,15.7271428571429,11.982380952381,369.506494047619,18.8048648571429,0.504613095238095,1.62037037037037E-05,3.41841666666667,42.5365059523809,4.25365059523809,35.0094940476191,3.50135694438632,46.2293452380952,4.62293452380952
161,11.8085714285714,19.5328571428571,15.338005952381,367.154205357143,18.9709187142857,0.425421130952381,6.77910052910053E-05,2.6453005952381,43.370875,4.3370875,37.611994047619,3.76157874830249,46.6693363095238,4.66693363095238
168,13.0028571428571,20.3742857142857,16.7831547619048,363.506636904762,21.1482218571429,0.612158333333333,2.24867724867725E-05,2.69431845238095,42.5823303571429,4.25823303571429,38.7833928571429,3.87870717281086,46.6819047619048,4.66819047619048
175,15.3771428571429,23.99,20.1100595238095,352.298151785714,25.3199044285714,1.44665744047619,1.65343915343915E-06,2.7448244047619,38.4418571428571,3.84418571428571,31.2477678571429,3.12523337973958,46.3582142857143,4.63582142857143
182,7.80857142857143,13.5528571428571,10.5216369047619,365.369979166667,18.1372407428571,0.389969345238095,8.5978835978836E-06,3.23371726190476,33.3992113095238,3.33992113095238,23.8948511904762,2.39008218508268,45.6137797619048,4.56137797619048
189,12.0171428571429,18.3628571428571,14.8309226190476,363.566068452381,13.4429829428571,0.260755952380952,6.63029100529101E-05,2.94841071428571,37.6795446428571,3.76795446428571,30.8740773809524,3.08786985777412,46.1633333333333,4.61633333333333
196,8.87,13.6457142857143,11.17875,361.887770833333,12.4096654285714,0.21631755952381,4.31547619047619E-05,3.8365625,42.564505952381,4.2564505952381,39.6879464285714,3.96915414597004,46.6608630952381,4.66608630952381
203,9.16,14.5442857142857,11.7180952380952,360.682077380952,13.7250455142857,0.275575892857143,3.47222222222222E-06,3.10621428571429,41.2404166666667,4.12404166666667,38.305744047619,3.83094687873855,46.5739880952381,4.65739880952381
210,12.0328571428571,17.7342857142857,14.6983333333333,365.424913690476,13.6206655714286,0.293533035714286,1.12433862433862E-05,2.78936011904762,37.1480357142857,3.71480357142857,29.4598511904762,2.94646941931349,46.1044047619048,4.61044047619048
217,12.5014285714286,19.9,16.035744047619,363.858755952381,17.9633949428571,0.513909226190476,1.5542328042328E-05,3.05921428571429,33.886755952381,3.3886755952381,22.8727678571429,2.28790052488456,45.3408035714286,4.53408035714286
224,13.4928571428571,19.8014285714286,16.4205952380952,362.994017857143,16.7542032857143,0.510772916666667,8.92857142857143E-06,2.50365773809524,30.1286369047619,3.01286369047619,19.3176785714286,1.93250634441129,44.5941964285714,4.45941964285714
231,14.7497142857143,24.8022857142857,20.009875,361.214291666667,19.2542883428571,0.906251785714286,4.2989417989418E-06,1.93325595238095,26.1669097222222,2.66220715532192,16.4239583333333,1.6442120601781,42.6083333333333,4.26631337892631
238,12.8728571428571,20.1371428571429,16.3421130952381,363.20024702381,16.3670662285714,0.500247916666667,6.97751322751323E-05,2.46510119047619,28.7291964285714,2.87291964285714,15.9438095238095,1.59527563092237,41.7440476190476,4.17440476190476
245,11.7148571428571,19.4185714285714,15.3568928571429,359.271705357143,16.0301373428571,0.555317857142857,2.97619047619048E-06,2.23057738095238,28.3615173726467,2.83623834888012,15.5071792635659,1.55193340083469,41.5016292912514,4.15017040694518
252,9.71628571428571,14.0904285714286,11.7292886904762,360.292244047619,9.1080846,0.224018154761905,1.81878306878307E-05,3.74941964285714,33.6241222972973,3.37329635726803,16.3565380630631,1.63725600003938,40.5519171171171,4.05692965433237
259,13.3952857142857,20.2154285714286,16.55675,367.8669375,12.9956078571429,0.446925892857143,1.76917989417989E-05,2.1085625,33.3366481481481,3.33828049269573,16.3697736111111,1.63789483795499,40.6572777777778,4.06646673536486
266,7.89857142857143,13.4057142857143,10.0806547619048,370.016592261905,6.7864698,0.135766071428571,0,2.80587797619048,35.3380148809524,3.53380148809524,16.3350892857143,1.63438218817453,41.0622023809524,4.10622023809524
273,10.0014285714286,16.0171428571429,12.8952083333333,365.747452380952,10.8474976285714,0.27340744047619,3.30687830687831E-07,2.87482142857143,35.8082797619048,3.58082797619048,16.9378273809524,1.69462493819989,42.6165773809524,4.26165773809524
280,9.76285714285714,15.0128571428571,12.1935714285714,362.515116071429,8.52275288571428,0.255065773809524,6.11772486772487E-06,2.24197619047619,30.1418511904762,3.01418511904762,15.7529761904762,1.57620312963675,41.3518452380952,4.13518452380952
287,5.72285714285714,10.01,7.81592261904762,360.52518452381,5.75865617142857,0.179178571428571,2.3478835978836E-05,3.08702380952381,35.6749583333333,3.56749583333333,17.7485416666667,1.77565791475543,40.2558035714286,4.02558035714286
294,8.21285714285714,12.5714285714286,10.2162797619048,373.281541666667,5.31128571428571,0.179828571428571,1.19047619047619E-05,2.68719642857143,33.988625,3.3988625,25.345119047619,2.53507481402017,39.6830952380952,3.96830952380952
301,7.21857142857143,12.7085714285714,10.0426488095238,370.841949404762,6.04634194285714,0.254636607142857,1.35582010582011E-05,3.98966964285714,35.1629732142857,3.51629732142857,29.1822321428571,2.91871212107252,39.5629761904762,3.95629761904762
308,5.91714285714286,10.1414285714286,8.15241071428571,364.83325,3.31642594285714,0.216436607142857,3.63756613756614E-05,4.29019345238095,40.9884523809524,4.09884523809524,36.6321726190476,3.6636067508968,39.8414285714286,3.98414285714286
315,3.24714285714286,6.99571428571429,5.05693452380952,366.937705357143,3.82715202857143,0.160218154761905,1.04166666666667E-05,3.49588988095238,41.7686339285714,4.17686339285714,37.0398214285714,3.70436734570212,44.5804464285714,4.45804464285714
322,3.86428571428571,7.32857142857143,5.66366071428571,368.403958333333,3.129732,0.154694345238095,1.66997354497354E-05,3.17439583333333,42.06575,4.206575,37.5456547619048,3.75494548992406,45.5187202380952,4.55187202380952
329,2.90142857142857,6.4,4.56261904761905,369.145482142857,2.81562222857143,0.154636607142857,4.79497354497355E-06,3.32518452380952,42.3059523809524,4.23059523809524,38.2761011904762,3.82798288145798,45.8415476190476,4.58415476190476
336,3.61285714285714,7.72428571428571,5.60372023809524,371.845008928571,2.68623642857143,0.11014880952381,8.43253968253968E-06,3.3203244047619,42.6094285714286,4.26094285714286,38.830505952381,3.88341803601911,46.0143154761905,4.60143154761905
343,4.55714285714286,8.57,6.2321130952381,377.384270833333,2.86464857142857,0.142346726190476,0,3.1555119047619,42.0572916666667,4.20572916666667,38.5247321428571,3.85284357119368,45.925744047619,4.5925744047619
350,5.07,8.46,6.92205357142857,367.059866071429,1.88276374285714,0.182001488095238,1.93452380952381E-05,4.80077678571429,43.1189345238095,4.31189345238095,41.3831547619048,4.13866025396833,46.098125,4.6098125
357,-4.46,-1.72714285714286,-2.92857142857143,375.741163690476,1.7456958,0.0368901785714286,4.46428571428571E-06,3.4408125,43.4262232142857,4.34262232142857,42.5099107142857,4.25132671135318,46.2240178571429,4.62240178571429
366,-3.28111111111111,0.211111111111111,-1.66034722222222,376.630467592593,2.0612248,0.0548375,1.76183127572016E-05,3.57940277777778,42.5031180555556,4.25031180555556,40.9443055555556,4.09477902841735,46.0716435185185,4.60716435185185
7,1.32285714285714,5.50285714285714,3.450625,367.040455357143,1.55942948571429,0.120066369047619,1.38888888888889E-05,3.89321428571429,44.2350892857143,4.42350892857143,43.8777976190476,4.38810493906887,46.41125,4.641125
14,-3.73857142857143,-0.984285714285714,-2.28502976190476,375.931511904762,1.84496914285714,0.0346580357142857,6.4484126984127E-06,2.59441369047619,43.1427470238095,4.31427470238095,42.304880952381,4.23082536170554,46.1987202380952,4.61987202380952
21,-6.08571428571429,-1.89714285714286,-4.04625,384.718607142857,3.0332646,0.063272619047619,1.65343915343915E-07,2.13941369047619,41.7900386904762,4.17900386904762,40.1427083333333,4.01462626413098,46.0857142857143,4.60857142857143
28,0.802857142857143,4.66714285714286,2.47690476190476,371.008476190476,2.80967065714286,0.0907169642857143,1.70304232804233E-05,3.57259821428571,43.6577619047619,4.36577619047619,43.0774404761905,4.30807526595078,46.3883035714286,4.63883035714286
35,-3.66428571428571,-0.235714285714286,-1.82005952380952,374.774964285714,2.58199842857143,0.0399488095238095,3.04232804232804E-05,2.01239285714286,43.5594970238095,4.35594970238095,42.5052678571429,4.250862462298,46.2974404761905,4.62974404761905
42,3.86857142857143,8.83571428571429,6.14386904761905,368.9701875,4.2548922,0.259366964285714,1.20701058201058E-05,3.90253571428571,44.2409107142857,4.42409107142857,43.2744047619048,4.32777018709072,46.5267857142857,4.65267857142857
49,1.36571428571429,6.89285714285714,4.07020833333333,372.144008928571,6.32048194285714,0.209209226190476,7.44047619047619E-06,2.6359880952381,43.9483988095238,4.39483988095238,42.8198511904762,4.28231832971871,46.36375,4.636375
56,-2.86142857142857,0.57,-1.05345238095238,371.710294642857,4.56417257142857,0.0859818452380952,1.33928571428571E-05,4.00507142857143,44.295681547619,4.42956815476191,43.2127380952381,4.32160399090153,46.4387797619048,4.64387797619048
63,-3.32571428571429,0.938571428571429,-1.39154761904762,377.272360119048,6.71832797142857,0.1060625,1.66997354497354E-05,2.80431845238095,43.2880595238095,4.32880595238095,41.9351785714286,4.19385809672616,46.2764880952381,4.62764880952381
70,1.74285714285714,6.05428571428571,3.66571428571429,378.013678571429,6.35055428571429,0.104807142857143,1.22354497354497E-05,2.86144047619048,44.5995714285714,4.45995714285714,43.7601488095238,4.37634093228764,46.5308928571429,4.65308928571429
77,2.18,6.81571428571429,4.29678571428571,378.362672619048,4.75309157142857,0.101939880952381,4.53042328042328E-05,3.27791071428571,45.1575238095238,4.51575238095238,44.7858928571429,4.47890786994044,46.6931845238095,4.66931845238095
84,-1.65571428571429,4.99142857142857,1.41035714285714,378.818592261905,5.70487577142857,0.0848065476190476,6.38657407407407E-05,3.43363095238095,45.5711964285714,4.55711964285714,45.1403571428571,4.51435179700769,47.49625,4.749625
91,0.465714285714286,6.26285714285714,3.24758928571429,375.688244047619,8.96929122857143,0.205184523809524,7.27513227513228E-06,2.64323214285714,45.41975,4.541975,44.5727380952381,4.45759391716725,46.7146726190476,4.67146726190476
98,5.81,11.9785714285714,8.79857142857143,373.601389880952,11.7583230857143,0.400266666666667,1.43849206349206E-05,3.25725595238095,45.088744047619,4.5088744047619,43.935744047619,4.39389915308471,46.5816666666667,4.65816666666667
105,0.271428571428572,5.94571428571429,2.97389880952381,372.231666666667,12.0790154571429,0.17450744047619,1.85185185185185E-05,3.14764880952381,45.0317916666667,4.50317916666667,45.2471428571429,4.52502962251591,46.5702380952381,4.65702380952381
112,0.292857142857143,5.04571428571429,2.46116071428571,369.501092261905,9.20848577142857,0.164270535714286,1.19047619047619E-05,3.12709226190476,45.5645535714286,4.55645535714286,47.2703273809524,4.72733457926597,46.6396726190476,4.66396726190476
119,5.84428571428571,11.76,8.69464285714286,369.529044642857,12.5209195714286,0.327762797619048,1.5707671957672E-05,2.86790476190476,45.2314196428571,4.52314196428572,47.1386011904762,4.71416280364257,46.610119047619,4.6610119047619
126,8.32142857142857,16.1214285714286,12.2039285714286,368.161666666667,15.8452539428571,0.424247619047619,2.79431216931217E-05,3.27984821428571,44.43925,4.443925,46.7528869047619,4.67559387207595,46.5529464285714,4.65529464285714
133,8.47714285714286,16.1957142857143,12.6133035714286,365.796223214286,21.9274482857143,0.559747619047619,9.92063492063492E-07,2.72220833333333,44.5132738095238,4.45132738095238,46.6516369047619,4.66546953438097,46.5261011904762,4.65261011904762
140,9.60285714285714,16.2628571428571,12.4618452380952,369.559910714286,17.9208244285714,0.490966071428571,1.42195767195767E-05,3.19353273809524,42.680244047619,4.26802440476191,45.0869047619048,4.50900693361524,46.3312202380952,4.63312202380952
147,10.4357142857143,18.3628571428571,14.5883630952381,363.739633928571,24.8673844285714,0.81585,0,2.50522619047619,40.8586577380952,4.08586577380952,41.2572619047619,4.12607202022465,46.1969047619048,4.61969047619048
154,8.71285714285714,15.4942857142857,12.2323511904762,370.916636904762,15.9942502285714,0.415322619047619,9.92063492063492E-07,3.9728005952381,38.9403898809524,3.89403898809524,34.044255952381,3.40484468820706,45.5556845238095,4.55556845238095
161,7.61285714285714,13.3242857142857,10.3178571428571,368.258017857143,13.7632790571429,0.289785119047619,1.53769841269841E-05,2.91235119047619,43.5827678571429,4.35827678571429,40.6972023809524,4.07007082661488,46.1425297619048,4.61425297619048
168,9.97857142857143,17.24,13.5368452380952,361.455523809524,20.3216837142857,0.486006547619048,1.32275132275132E-06,2.5845625,42.8716607142857,4.28716607142857,40.1294345238095,4.01329900073577,46.2286904761905,4.62286904761905
175,9.44571428571428,15.4828571428571,12.3765476190476,361.924526785714,17.1162874285714,0.407074404761905,1.32275132275132E-06,3.09836904761905,43.0377232142857,4.30377232142857,41.2635119047619,4.12669696784776,46.2965773809524,4.62965773809524
182,13.6042857142857,22.1185714285714,17.9933333333333,361.506657738095,22.4431930285714,0.703486607142857,3.63756613756614E-06,2.48339880952381,38.1573333333333,3.81573333333333,30.529255952381,3.05339293366567,45.3467261904762,4.53467261904762
189,13.6914285714286,21.2542857142857,17.5838988095238,364.325592261905,22.6641003428571,0.674695238095238,0,3.21760119047619,34.6110565476191,3.46110565476191,23.8091071428571,2.38150993000241,43.593005952381,4.3593005952381
196,11.5114285714286,18.1871428571429,14.7332738095238,362.821851190476,16.3767396857143,0.426585119047619,4.44775132275132E-05,3.33547321428571,40.4081339285714,4.04081339285714,26.744880952381,2.67502154923467,42.186994047619,4.2186994047619
203,11.3185714285714,17.7885714285714,14.4706547619048,357.756764880952,19.8549303428571,0.466729761904762,3.40608465608466E-05,2.61784821428571,42.2794523809524,4.22794523809524,33.2255952380952,3.32298894168442,45.6324107142857,4.56324107142857
210,18.07,25.3471428571429,21.6333928571429,360.824113095238,24.2620398,1.1688369047619,0,1.88016369047619,33.4053898809524,3.34053898809524,22.1376488095238,2.21440932653331,43.4892857142857,4.34892857142857
217,14.6928571428571,22.4142857142857,18.426755952381,363.878949404762,18.1188,0.722838690476191,3.30687830687831E-07,3.08803273809524,26.759005952381,2.6759005952381,17.7065476190476,1.77146041535102,40.6146130952381,4.06146130952381
224,11.5371428571429,17.3571428571429,14.4450744047619,372.329035714286,14.4004798285714,0.399361607142857,1.58730158730159E-05,3.79447916666667,26.009694534632,2.60105200646367,17.3396482683983,1.73501865702584,39.9357196969697,3.99357877033109
231,17.0985714285714,24.9228571428571,21.0767857142857,368.141892857143,17.815203,1.00788392857143,3.96825396825397E-06,2.72881845238095,23.6837946428571,2.36837946428571,16.2441071428571,1.62528886232134,38.9683928571429,3.89683928571429
238,17.42,24.8357142857143,21.0577083333333,365.248086309524,16.7105039142857,0.989506845238095,1.27314814814815E-05,2.10747321428571,22.9822648809524,2.29822648809524,15.4024107142857,1.54116717958014,38.3788095238095,3.83788095238095
245,10.4128571428571,18.5257142857143,14.4254464285714,363.796946428571,14.5203253714286,0.537158928571429,1.00859788359788E-05,2.93740476190476,21.1446964285714,2.11446964285714,14.080505952381,1.40906358836283,37.6691964285714,3.76691964285714
252,8.63142857142857,13.0371428571429,10.5916666666667,363.314848214286,7.53496842857143,0.138962797619048,7.90343915343915E-05,4.21664880952381,26.6311398809524,2.66311398809524,14.1673214285714,1.41773893291543,37.9034523809524,3.79034523809524
259,7.93285714285714,10.68,9.15020833333333,363.625327380952,5.49424337142857,0.11500505952381,5.6712962962963E-05,4.101875,35.9836845238095,3.59836845238095,15.9864285714286,1.59953515184677,40.8690178571429,4.08690178571429
266,6.84714285714286,12.1042857142857,9.2135119047619,363.040196428571,8.80819585714286,0.198552380952381,1.30621693121693E-05,3.33213392857143,37.4447678571429,3.74447678571429,20.2680654761905,2.02751041890567,42.523630952381,4.2523630952381
273,9.10285714285714,13.8285714285714,11.398125,368.1031875,7.02316362857143,0.18872380952381,1.5542328042328E-05,2.814875,36.9240476190476,3.69240476190476,22.6834523809524,2.26897418153864,42.0614583333333,4.20614583333333
280,11.0871428571429,16.4071428571429,13.6869047619048,388.688357142857,6.43244014285714,0.262452678571429,1.5542328042328E-05,3.2923244047619,37.7226785714286,3.77226785714286,25.4797619047619,2.548536125805,41.4391964285714,4.14391964285714
287,10.3714285714286,16.6357142857143,13.3227083333333,388.984854166667,8.91671528571429,0.423248214285714,1.65343915343915E-06,3.8074494047619,33.3679107142857,3.33679107142857,21.645,2.16515910900321,40.5807142857143,4.05807142857143
294,8.79428571428571,13.23,11.0145535714286,391.860035714286,6.86401302857143,0.151203869047619,1.32275132275132E-06,2.24008333333333,29.2930892857143,2.92930892857143,19.0577083333333,1.90651939053439,39.7610119047619,3.97610119047619
301,8.30285714285714,11.3114285714286,9.69723214285714,379.185166666667,4.12870808571429,0.103077678571429,5.12566137566138E-06,3.12770535714286,31.0933392857143,3.10933392857143,19.5153869047619,1.95226969902345,39.5097916666667,3.95097916666667
308,5.46571428571429,10.1771428571429,7.88127976190476,374.783910714286,5.02618242857143,0.196731547619048,2.97619047619048E-06,4.19783630952381,31.8437023809524,3.18437023809524,21.0231547619048,2.10299407482037,39.2118154761905,3.92118154761905
315,-0.242857142857143,4.33714285714286,2.20895833333333,373.297952380952,3.32653602857143,0.108795833333333,3.88558201058201E-05,3.90941071428571,37.1974017857143,3.71974017857143,26.853869047619,2.68591819413144,42.2136904761905,4.22136904761905
322,0.287142857142857,3.83714285714286,1.97714285714286,374.573357142857,3.67457708571429,0.0819994047619048,3.96825396825397E-06,2.20620535714286,40.8512738095238,4.08512738095238,32.0185416666667,3.20229977077417,45.3979166666667,4.53979166666667
329,1.05857142857143,3.65,2.3778869047619,370.91750297619,2.11170342857143,0.0666633928571429,9.25925925925926E-06,3.68752380952381,41.4333541666667,4.14333541666667,33.7714285714286,3.37756533539332,45.5842857142857,4.55842857142857
336,2.95571428571429,5.04142857142857,3.85744047619048,377.328232142857,1.08659905714286,0.0360467261904762,2.13293650793651E-05,2.93640773809524,42.7920833333333,4.27920833333333,36.2422916666667,3.62462284518223,46.0647916666667,4.60647916666667
343,-1.18428571428571,2.96571428571429,1.13699404761905,381.050172619048,0.989532,0.0408327380952381,1.38888888888889E-05,2.93427678571429,42.5305416666667,4.25305416666667,35.6658928571429,3.56698932578604,45.978869047619,4.59788690476191
350,-6.64785714285714,-1.82714285714286,-3.80701785714286,384.197023809524,1.84958537142857,0.0669619047619048,6.61375661375661E-07,2.45164285714286,41.7647291666667,4.17647291666667,33.7552470238095,3.37594738313316,45.7937142857143,4.57937142857143
357,-5.99714285714286,-0.725571428571429,-3.34830654761905,377.72024702381,1.79579622857143,0.0425348214285714,3.3234126984127E-05,4.04597916666667,41.5583678115616,4.15963260408907,33.8646435897436,3.38723134865884,45.5269480769231,4.55424256742691
365,-4.475125,-0.24475,-2.12879947916667,376.525044270833,1.6846074,0.0751598958333333,2.37268518518519E-05,5.18597916666667,41.9200347222222,4.24468901899839,34.5036111111111,3.45114064720905,45.6247916666667,4.57197286995905
7,-11.4777142857143,-2.55328571428571,-6.61566964285714,376.10269047619,2.91434374285714,0.072635119047619,7.93650793650794E-06,2.80043452380952,NA,NA,NA,NA,NA,NA
14,-5.05942857142857,-1.899,-3.23870238095238,374.492291666667,2.20133597142857,0.0298166666666667,2.76124338624339E-05,1.8735119047619,42.51459375,4.26745961680861,35.1211979166667,3.51292907693618,45.73,4.57587816412255
21,-2.76714285714286,-0.00571428571428566,-1.31997023809524,373.515738095238,1.09478185714286,0.0264833333333333,1.04166666666667E-05,3.6406994047619,42.9178095238095,4.29178095238095,36.0336011904762,3.603756077323,45.828244047619,4.5828244047619
28,4.27714285714286,7.64428571428571,5.865625,372.37424702381,2.49577277142857,0.165858928571429,4.26587301587302E-05,5.3673869047619,44.4508690476191,4.44508690476191,38.5377976190476,3.85414999326263,49.3358928571429,4.93358928571429
35,6.30142857142857,11.3411428571429,8.61040476190476,374.406333333333,5.56401214285714,0.420605952380952,1.65343915343915E-07,5.10482738095238,42.7079416666667,4.27083297615289,35.9367424242424,3.59418283900159,46.8191477272727,4.68192057352233
42,3.72,7.49714285714286,5.85880952380952,375.787479166667,2.23164128571429,0.155570535714286,2.23214285714286E-05,5.08213095238095,42.5976726190476,4.25976726190476,35.9971726190476,3.60011362083958,45.9000297619048,4.59000297619048
49,-0.714285714285714,4.71857142857143,1.86241071428571,379.898104166667,5.82677125714286,0.14441130952381,2.41402116402116E-05,4.14593452380952,43.3990119047619,4.33990119047619,36.9131845238095,3.69170497659113,46.1555357142857,4.61555357142857
56,-1.85142857142857,2.62714285714286,0.161845238095238,375.623681547619,3.09057351428571,0.0671464285714286,7.6223544973545E-05,4.89647916666667,44.2791369047619,4.42791369047619,37.8089583333333,3.78127320089635,46.4390178571429,4.64390178571429
63,0.652857142857143,5.39714285714286,2.85047619047619,373.431943452381,5.80591671428571,0.194289583333333,2.51322751322751E-05,4.32135714285714,43.9466875,4.39466875,37.7302380952381,3.77340196434638,46.6790773809524,4.66790773809524
70,2.21428571428571,8.22285714285714,5.40702380952381,375.058866071429,9.78835628571429,0.312979166666667,1.12433862433862E-05,4.51099702380952,43.3102351190476,4.33102351190476,37.3836607142857,3.73874773170214,46.1208333333333,4.61208333333333
77,2.23571428571429,7.96428571428571,5.23446428571429,381.023505952381,8.19751191428571,0.263302083333333,5.80357142857143E-05,2.84635416666667,44.6260238095238,4.46260238095238,41.0485714285714,4.10520473065167,46.5143452380952,4.65143452380952
84,1.19571428571429,5.90714285714286,3.36488095238095,376.45981547619,5.83042937142857,0.155562202380952,5.10912698412698E-05,3.47283333333333,44.8844107142857,4.48844107142857,41.9402678571429,4.19436698401421,46.7151488095238,4.67151488095238
91,1.92714285714286,9.29714285714286,5.55636904761905,377.397380952381,15.3459108,0.469675297619048,0,2.26215773809524,43.4263333333333,4.34263333333333,39.9276785714286,3.99312520193554,45.9252083333333,4.59252083333333
98,0.2,8.68857142857143,4.43764880952381,377.690226190476,18.8504894571429,0.412538392857143,0,3.57629761904762,42.1627738095238,4.21627738095238,38.6044642857143,3.8608160206321,45.8390476190476,4.58390476190476
105,1.72571428571429,6.38142857142857,4.02122023809524,382.951077380952,8.72201674285714,0.168803273809524,4.99338624338624E-05,3.28910416666667,42.6372261904762,4.26372261904762,40.144375,4.0147929160426,45.9948511904762,4.59948511904762
112,4.71428571428571,10.1142857142857,7.37714285714286,374.043154761905,12.3454818,0.276729166666667,9.25925925925926E-06,2.00493452380952,44.9319107142857,4.49319107142857,45.0801488095238,4.50833138579982,46.3372023809524,4.63372023809524
119,6.13857142857143,11.76,8.83375,378.646169642857,10.7095237714286,0.253578869047619,5.35714285714286E-05,3.77548511904762,45.3350952380952,4.53350952380952,46.7172916666667,4.6720345807778,46.4211904761905,4.64211904761905
126,6.58285714285714,10.5314285714286,8.41232142857143,377.190386904762,8.17458737142857,0.20898125,7.07671957671958E-05,2.78207738095238,45.9834613095238,4.59834613095238,47.4367857142857,4.74397935348903,46.7817857142857,4.67817857142857
133,10.38,16.8042857142857,13.325625,371.490053571429,14.9070813428571,0.284784821428571,1.33928571428571E-05,2.19910714285714,45.2662410714286,4.52662410714286,46.3883333333333,4.63914091311571,46.2086011904762,4.62086011904762
140,10.2942857142857,17.8457142857143,14.4086011904762,367.289226190476,20.8562106857143,0.561120535714286,1.53769841269841E-05,2.86080654761905,43.978568452381,4.3978568452381,45.5817261904762,4.55848564134352,45.9210416666667,4.59210416666667
147,9.86,17.1542857142857,13.5542261904762,369.950991071429,15.5445768,0.442867261904762,6.03505291005291E-05,2.61880357142857,42.8353154761905,4.28353154761905,45.6316369047619,4.5634763704198,45.7105952380952,4.57105952380952
154,9.24714285714286,16.5271428571429,12.9222916666667,366.252303571429,23.7401452285714,0.55475744047619,2.57936507936508E-05,2.69471726190476,43.1897857142857,4.31897857142857,45.1314285714286,4.51345900239264,46.1191369047619,4.61191369047619
161,12.5628571428571,18.2271428571429,15.1424107142857,366.515005952381,13.3585907142857,0.439569642857143,6.38227513227513E-05,2.6030625,42.7751101190476,4.27751101190476,43.3063690476191,4.33096637232216,45.7879761904762,4.57879761904762
168,12.8757142857143,19.6542857142857,16.1941369047619,366.640113095238,15.6134103428571,0.508966369047619,1.70304232804233E-05,2.98084226190476,43.518994047619,4.3518994047619,44.308244047619,4.43114642312046,45.8399702380952,4.58399702380952
175,15.4557142857143,22.42,18.6533035714286,367.657127976191,17.0915135142857,0.624028869047619,1.07473544973545E-05,2.22826785714286,38.3562142857143,3.83562142857143,34.3044345238095,3.43085936716778,44.2675297619048,4.42675297619048
182,11.1357142857143,17.8385714285714,14.3463095238095,363.308241071429,21.6445397142857,0.66025625,1.33928571428571E-05,3.06844047619048,32.7156071428571,3.27156071428571,25.0244047619048,2.50301059809502,41.7884821428571,4.17884821428571
189,12.0828571428571,18.36,15.4815476190476,363.13100297619,17.0052842571429,0.578839880952381,5.62169312169312E-06,3.32785119047619,29.1194107142857,2.91194107142857,21.9925297619048,2.19990167293501,40.534880952381,4.0534880952381
196,13.4742857142857,21.11,17.5101488095238,368.409160714286,16.2724160571429,0.611986904761905,5.0760582010582E-05,2.45477380952381,30.510693452381,3.0510693452381,22.789375,2.27956352098507,40.0370833333333,4.00370833333333
203,11.6928571428571,16.6757142857143,14.2722321428571,363.91025297619,11.9628408857143,0.355531547619048,6.43187830687831E-05,3.46305654761905,36.5240625,3.65240625,29.9185714285714,2.99233401888307,43.4707142857143,4.34707142857143
210,13.57,19.9885714285714,16.7569047619048,362.771098214286,16.2968772857143,0.639040773809524,1.22354497354497E-05,2.86332142857143,30.654744047619,3.0654744047619,22.0644642857143,2.20709301105667,42.2500595238095,4.22500595238095
217,15.8614285714286,23.0557142857143,19.2291964285714,365.32419047619,16.5746306571429,0.749809226190476,2.28174603174603E-05,2.34581845238095,25.8531577380952,2.58531577380952,19.0303273809524,1.90378237190122,39.401130952381,3.9401130952381
224,13.2228571428571,18.2728571428571,15.6868452380952,370.749675595238,11.2080260571429,0.309730952380952,8.66402116402116E-05,2.41824404761905,30.51775,3.051775,25.713869047619,2.57194174336834,38.4436607142857,3.84436607142857
231,15.9728571428571,22.6442857142857,19.0708035714286,363.061907738095,17.3256006857143,0.704051488095238,2.61243386243386E-05,2.38368154761905,30.6156964285714,3.06156964285714,22.6088095238095,2.26151197169915,39.11375,3.911375
238,15.3957142857143,22.5985714285714,18.5961607142857,369.186547619048,16.3692462857143,0.563091964285714,6.77910052910053E-06,2.2413125,26.5880982142857,2.65880982142857,18.5565773809524,1.85642650224896,39.4126488095238,3.94126488095238
245,14.6814285714286,21.1514285714286,17.8366071428571,361.952705357143,15.7827903428571,0.55809494047619,2.61243386243386E-05,2.35053869047619,25.7171369047619,2.57171369047619,19.4004166666667,1.94077700566097,40.4311607142857,4.04311607142857
252,12.5928571428571,20.7114285714286,16.7571726190476,367.186380952381,16.6104725142857,0.666081845238095,6.61375661375661E-06,2.5643869047619,23.3544375,2.33544375,17.1625,1.71708118031722,36.601875,3.6601875
259,9.79,15.47,12.4489285714286,369.928392857143,11.487276,0.331388095238095,2.64550264550265E-05,2.8416994047619,23.6096994047619,2.36096994047619,19.26,1.92674069799223,35.1005357142857,3.51005357142857
266,8.43714285714286,12.5332857142857,10.375556547619,366.393419642857,6.95409248571429,0.23464880952381,1.98412698412698E-05,2.56047023809524,22.470220626294,2.24706708974823,16.9727562111801,1.69822737472909,34.5651940993789,3.45652311930046
273,5.62857142857143,10.6957142857143,8.19440476190476,363.541610119048,10.0874062285714,0.250855952380952,2.20949074074074E-05,2.90272916666667,25.8971398809524,2.58971398809524,21.9137202380952,2.19202305280639,34.6140476190476,3.46140476190476
280,7.82142857142857,11.69,9.86907738095238,367.4085,7.22991857142857,0.246027678571429,5.78703703703704E-05,3.047,25.6687202380952,2.56687202380952,20.7387797619048,2.07456587685894,34.6054761904762,3.46054761904762
287,0.648571428571429,5.84857142857143,3.20452380952381,375.012113095238,5.33279674285714,0.113195238095238,1.15740740740741E-06,3.75750297619048,29.5512738095238,2.95512738095238,26.856369047619,2.68616814468467,36.2243154761905,3.62243154761905
294,4.52,9.32285714285714,6.84986904761905,373.025672619048,4.4754336,0.132024404761905,4.08399470899471E-05,3.82266071428571,33.4634070910973,3.34637094437113,33.7255305383023,3.37303213491027,40.9756469979296,4.09756782884318
301,5.89142857142857,10.6342857142857,8.10889880952381,371.893598214286,3.54271834285714,0.218774107142857,6.72949735449735E-05,4.79423214285714,37.0978660714286,3.70978660714286,37.8360714285714,3.78398424002785,45.345744047619,4.5345744047619
308,2.28571428571429,7.76428571428571,5.1897619047619,381.722744047619,2.836746,0.0902333333333333,6.86177248677249E-05,2.79522916666667,38.8421220238095,3.88421220238095,39.4439285714286,3.94475458410015,45.5539880952381,4.55539880952381
315,-0.298571428571429,3.29857142857143,1.49285714285714,377.413586309524,3.88066602857143,0.0837154761904762,5.80357142857143E-05,3.50728869047619,40.1053035714286,4.01053035714286,42.0884226190476,4.20918126277489,45.9217857142857,4.59217857142857
322,5.5,8.89857142857143,6.8664880952381,383.815416666667,3.06134768571429,0.152382142857143,6.77910052910053E-06,2.90775297619048,40.0365952380952,4.00365952380952,41.5323511904762,4.15357865838485,45.714375,4.5714375
329,2.03714285714286,6.51714285714286,4.22348214285714,386.269708333333,2.15376685714286,0.0887943452380952,7.60582010582011E-06,2.26472619047619,40.0854583333333,4.00854583333333,41.3433035714286,4.13467546722745,45.7524404761905,4.57524404761905
336,4.33142857142857,6.64428571428571,5.39339285714286,386.770104166667,1.39918062857143,0.0939264880952381,6.4484126984127E-05,2.40150892857143,41.0160952380952,4.10160952380952,42.6235714285714,4.2626918878292,46.3212797619048,4.63212797619048
343,-4.72,-1.83857142857143,-3.30806547619048,393.655086309524,0.955267714285714,0.0254419642857143,5.95238095238095E-06,3.66245833333333,41.0119821428571,4.10119821428571,42.6836904761905,4.26870332114706,45.9289285714286,4.59289285714286
350,-8.96428571428572,-4.41,-6.98953869047619,392.3611875,1.31004308571429,0.0248982142857143,5.45634920634921E-06,2.79002083333333,38.7999642857143,3.87999642857143,36.1167767857143,3.61207272506946,45.3267559523809,4.5326755952381
357,-2.86571428571429,-0.0142857142857143,-1.55532738095238,390.945357142857,1.40575345714286,0.0268532738095238,4.71230158730159E-05,2.55059821428571,41.5697380952381,4.15697380952381,42.60375,4.26070990070018,46.0178273809524,4.60178273809524
365,-0.275,4.445,2.09528645833333,376.0327578125,1.154673,0.0653276041666667,7.43634259259259E-05,3.33525520833333,43.5303255208333,4.35303255208333,46.041640625,4.60447395819719,47.254453125,4.7254453125
7,-4.80857142857143,1.06428571428571,-2.06681547619048,386.008532738095,1.61800534285714,0.0558818452380952,3.67063492063492E-05,3.53688392857143,45.1100119047619,4.51100119047619,48.3018154761905,4.8304769433524,48.6339285714286,4.86339285714286
14,-9.73142857142857,-5.83,-7.64580357142857,378.020842261905,1.65033205714286,0.0271002976190476,9.58994708994709E-06,3.84188095238095,39.4910863095238,3.94910863095238,36.5313095238095,3.65352151663889,45.5377083333333,4.55377083333333
21,0.195714285714286,3.26142857142857,1.66264880952381,381.046806547619,2.76513197142857,0.109807738095238,8.26719576719577E-07,4.39432738095238,42.4696160714286,4.24696160714286,43.5423511904762,4.35456280116009,46.1306547619048,4.61306547619048
28,-0.314285714285714,3.86714285714286,1.66202380952381,384.486505952381,2.41876748571429,0.0682815476190476,1.7526455026455E-05,4.33060119047619,42.3878720238095,4.23878720238095,43.4591369047619,4.34624199997745,46.2550892857143,4.62550892857143
35,-4.65571428571429,-1.56714285714286,-3.14904761904762,391.173735119048,2.97958525714286,0.0313755952380952,3.38955026455026E-05,3.65230357142857,42.2552619047619,4.22552619047619,42.7557142857143,4.27590513904552,46.2902380952381,4.62902380952381
42,-4.91285714285714,-2.22714285714286,-3.60645833333333,394.397666666667,2.92587891428571,0.02665,1.24007936507937E-05,2.5133125,42.0893125,4.20893125,42.3729761904762,4.23763434355611,46.2872321428571,4.62872321428571
49,-9.06714285714286,-5.51142857142857,-7.15544642857143,388.08999702381,4.73360297142857,0.0521178571428571,4.96031746031746E-07,3.03664880952381,41.0117708333333,4.10117708333333,40.785744047619,4.07892423225518,45.8955357142857,4.58955357142857
56,-5.34285714285714,-0.561428571428571,-2.69747023809524,386.165532738095,6.89751668571429,0.129424702380952,0,2.43273214285714,39.9232797619048,3.99232797619048,39.548630952381,3.9552238646347,45.4198511904762,4.54198511904762
63,2.43857142857143,7.35,4.77232142857143,394.549285714286,6.26180657142857,0.272352380952381,1.71957671957672E-05,2.52669345238095,42.6415386904762,4.26415386904762,43.7169345238095,4.37201982599463,46.2344642857143,4.62344642857143
70,3.03857142857143,8.42,5.56127976190476,385.064410714286,6.52874785714286,0.225754761904762,1.7526455026455E-05,3.50037797619048,42.3655297619048,4.23655297619048,42.6564880952381,4.26598329620399,46.2292857142857,4.62292857142857
77,-0.381428571428571,4.86571428571429,2.0578869047619,383.393273809524,10.7144429142857,0.175190773809524,1.42195767195767E-05,2.84062797619048,42.3246101190476,4.23246101190476,42.7672023809524,4.27705385893526,46.2969047619048,4.62969047619048
84,0.82,9.10428571428571,4.74309523809524,382.214806547619,15.4885497428571,0.498727083333333,0,2.91380654761905,41.2459732142857,4.12459732142857,40.9478571428571,4.0951341569255,45.606369047619,4.56063690476191
91,4.68714285714286,12.8914285714286,8.7428869047619,383.677324404762,15.6605091428571,0.426415476190476,6.4484126984127E-06,2.4468005952381,40.7976726190476,4.07976726190476,40.5659226190476,4.05694398490356,45.5549107142857,4.55549107142857
98,-1.64285714285714,3.29571428571429,1.124375,381.655336309524,13.3801135714286,0.235521130952381,7.60582010582011E-06,3.47069047619048,41.0653333333333,4.10653333333333,42.0991964285714,4.21025855697889,45.4606845238095,4.54606845238095
105,0.467142857142857,9.61571428571429,5.03482142857143,383.811398809524,19.1639046857143,0.491954761904762,0,2.61864285714286,40.1935297619048,4.01935297619048,40.4083630952381,4.04118940383467,45.4,4.54
112,4.68,13.7228571428571,9.02193452380952,383.633541666667,17.652294,0.520742857142857,1.80224867724868E-05,3.25021130952381,40.4578095238095,4.04578095238095,40.2761011904762,4.0279643727762,45.716875,4.5716875
119,9.48428571428571,16.6914285714286,13.2312202380952,378.505839285714,15.7967421428571,0.720983630952381,1.09126984126984E-05,3.09242261904762,39.5116428571429,3.95116428571429,38.2200892857143,3.82238223721533,45.635119047619,4.56351190476191
126,9.79714285714286,18.7028571428571,14.2391666666667,374.818214285714,18.145584,0.810634226190476,1.02513227513228E-05,3.35813392857143,39.7035922619048,3.97035922619048,40.5648511904762,4.05683685133558,45.537619047619,4.55376190476191
133,9.04428571428571,16.2557142857143,12.6831845238095,376.996636904762,16.4917314,0.395756845238095,5.02645502645503E-05,2.27769345238095,40.470755952381,4.0470755952381,42.2506547619048,4.22540317548471,45.7810416666667,4.57810416666667
140,6.74857142857143,12.7728571428571,9.61622023809524,376.040797619048,16.1639835428571,0.328458035714286,4.13359788359788E-05,2.91179166666667,42.0551458333333,4.20551458333333,43.7104464285714,4.37137106491198,45.9373214285714,4.59373214285714
147,10.3114285714286,16.1785714285714,13.3269642857143,369.250744047619,15.0703423714286,0.462100892857143,7.77116402116402E-06,3.1021875,41.1764077380952,4.11764077380952,41.2269047619048,4.12303656056689,45.6841071428571,4.56841071428571
154,14.7228571428571,22.2285714285714,18.7286607142857,363.741157738095,23.7444114857143,0.891013095238095,1.00859788359788E-05,2.05639285714286,36.0999613095238,3.60999613095238,32.9298214285714,3.29341541723415,44.5495238095238,4.45495238095238
161,15.5257142857143,24.7371428571429,20.1401785714286,370.107023809524,24.7573362857143,0.936969642857143,4.91071428571429E-05,2.1918869047619,34.4941904761905,3.44941904761905,29.1284523809524,2.91333504739735,42.3244345238095,4.23244345238095
168,14.0442857142857,21.2671428571429,17.5564583333333,369.895773809524,24.6299263714286,0.717358333333333,3.30687830687831E-07,2.15248511904762,34.4088928571429,3.44088928571429,28.0074702380952,2.80125643393772,41.0818452380952,4.10818452380952
175,12.6,20.1242857142857,16.3217261904762,368.433217261905,21.2787442285714,0.634035416666667,2.08333333333333E-05,3.40280952380952,29.7129553571429,2.97129553571429,24.3761904761905,2.43820432667461,39.9671428571429,3.99671428571429
182,12.58,20.4571428571429,16.6386011904762,363.717410714286,22.1566068,0.687869940476191,1.62037037037037E-05,2.65875892857143,25.3622648809524,2.53622648809524,18.8770535714286,1.88846107523704,37.7668154761905,3.77668154761905
189,11.5871428571429,17.33,14.1314285714286,367.344238095238,15.7719579428571,0.393677083333333,1.96759259259259E-05,3.17108035714286,26.2143660714286,2.62143660714286,20.9355654761905,2.09423798441776,37.1347321428571,3.71347321428571
196,12.7942857142857,21.17,17.0617261904762,365.914455357143,24.2449639714286,0.856761607142857,4.62962962962963E-06,2.54521428571429,22.9990892857143,2.29990892857143,16.5519642857143,1.65605825213221,35.578125,3.5578125
203,17.0728571428571,25.8885714285714,21.7120833333333,372.376994047619,22.292001,1.29179464285714,8.26719576719577E-06,2.48215178571429,20.9854642857143,2.09854642857143,14.3338095238095,1.43437605666998,33.7274107142857,3.37274107142857
210,15.0442857142857,21.8371428571429,18.2091369047619,373.119020833333,16.4051555142857,0.627147023809524,2.28174603174603E-05,2.32364583333333,20.1586636904762,2.01586636904762,14.1888988095238,1.41989514104692,33.3063095238095,3.33063095238095
217,18.9914285714286,27.5385714285714,23.373244047619,366.089559523809,21.59298,1.52864345238095,0,1.73280654761905,19.3361994047619,1.93361994047619,12.9733630952381,1.29843568085156,32.5046428571429,3.25046428571429
224,19.56,30.4457142857143,25.1644047619048,368.890401785714,23.5995940285714,2.2403,1.65343915343915E-07,2.29197916666667,17.947744047619,1.7947744047619,11.3030654761905,1.13156820779398,31.781130952381,3.1781130952381
231,14.7014285714286,23.8585714285714,19.4658035714286,373.988839285714,19.4122239428571,1.15173839285714,7.10978835978836E-06,3.04261011904762,16.767130952381,1.6767130952381,9.91660714285714,0.993098529631998,31.2959821428571,3.12959821428571
238,13.7671428571429,21.5185714285714,17.5285714285714,370.308845238095,18.9527091428571,0.908364583333333,4.96031746031746E-07,2.51946428571429,16.2342321428571,1.62342321428571,9.60410714285714,0.961895242432553,30.9424404761905,3.09424404761905
245,9.8,15.8028571428571,12.3203273809524,371.799005952381,11.6532997714286,0.3770125,5.19179894179894E-05,3.00859821428571,16.5159523809524,1.65159523809524,9.83053571428571,0.98450395712666,31.3866964285714,3.13866964285714
252,11.07,17.64,14.3603273809524,369.546089285714,13.5371656285714,0.595886309523809,1.28968253968254E-05,2.13989583333333,17.0534523809524,1.70534523809524,10.8294345238095,1.08426022630841,32.0511904761905,3.20511904761905
259,10.25,15.7114285714286,12.676130952381,375.7760625,12.2384589428571,0.374261011904762,6.08465608465609E-05,2.89327380952381,18.788193452381,1.8788193452381,11.863869047619,1.18758898828261,36.2044345238095,3.62044345238095
266,14.9657142857143,23.9885714285714,19.1194345238095,375.030610119048,14.8746312,1.28359107142857,1.07473544973545E-05,2.41507440476191,17.3737738095238,1.73737738095238,11.1021726190476,1.11150172556361,30.9408333333333,3.09408333333333
273,6.92714285714286,12.8942857142857,9.94178571428571,374.845797619048,9.6416388,0.346942857142857,1.3723544973545E-05,2.24595535714286,16.8141071428571,1.68141071428571,10.6795535714286,1.06929058826388,29.7268452380952,2.97268452380952
280,5.98571428571429,10.9314285714286,8.47205357142857,382.362083333333,5.67769165714286,0.164635119047619,4.82804232804233E-05,3.38983928571429,18.0989107142857,1.80989107142857,11.7555654761905,1.17676969452378,32.2589880952381,3.22589880952381
287,4.90857142857143,9.37,7.21318452380952,372.156080357143,7.59138377142857,0.203716369047619,3.30687830687831E-05,3.72445833333333,20.0740714285714,2.00740714285714,15.6286904761905,1.56378175501099,39.0736904761905,3.90736904761905
294,0.04,5.08428571428571,2.35672619047619,382.463321428571,7.9728282,0.130860119047619,2.64550264550265E-06,2.59573511904762,19.4098035714286,1.94098035714286,13.6820535714286,1.36924782877827,36.3314285714286,3.63314285714286
301,-1.01142857142857,2.42428571428571,0.758095238095238,381.554616071429,4.70502385714286,0.0985309523809524,6.11772486772487E-06,3.06062797619048,19.5517172619048,1.95517172619048,15.8939583333333,1.59029331644101,36.2913988095238,3.62913988095238
308,4.56714285714286,8.06857142857143,6.17934523809524,381.967163690476,3.06178868571429,0.184594642857143,3.42261904761905E-05,3.58023214285714,22.1110922619048,2.21110922619048,22.9354464285714,2.29416667791995,37.9991964285714,3.79991964285714
315,1.04857142857143,6.28142857142857,2.7598005952381,394.800383928571,4.24733888571429,0.0851065476190476,0,3.0508869047619,26.0534642857143,2.60534642857143,25.4547916666667,2.5460396511511,41.2567559523809,4.1256755952381
322,1.39571428571429,4.94142857142857,3.08404761904762,388.605208333333,2.88921291428571,0.0790958333333333,2.5462962962963E-05,3.59714880952381,29.8160982142857,2.98160982142857,31.5803869047619,3.15849047613637,41.6397321428571,4.16397321428571
329,6.96285714285714,10.7642857142857,8.88934523809524,389.747232142857,2.47468937142857,0.221091071428571,3.30687830687831E-06,3.786125,31.9132321428571,3.19132321428571,30.8775892857143,3.08822099569836,43.4579464285714,4.34579464285714
336,2.63857142857143,4.97571428571429,3.91928571428571,398.798523809524,2.16504694285714,0.0223845238095238,3.22420634920635E-05,2.3294880952381,33.9931279761905,3.39931279761905,32.75375,3.27581060318276,44.2153571428571,4.42153571428571
343,-1.07571428571429,3.40714285714286,0.869821428571429,394.412080357143,2.82068151428571,0.0950639880952381,1.48809523809524E-06,2.62620535714286,34.8271339285714,3.48271339285714,32.5325,3.25368856527474,44.7295833333333,4.47295833333333
350,-0.477142857142857,4.52428571428571,1.69052083333333,388.905047619048,2.31542254285714,0.0664580357142857,6.31613756613757E-05,4.85877678571429,35.482306547619,3.5482306547619,33.256369047619,3.32606592532588,44.9789583333333,4.49789583333333
357,-1.87714285714286,2.67,0.512113095238095,389.197797619048,2.5745526,0.0384544642857143,2.41402116402116E-05,4.45483333333333,36.3786339285714,3.63786339285714,34.0680357142857,3.40722237190326,45.3190773809524,4.53190773809524
365,-0.99625,2.365,0.531588541666667,388.8671171875,2.19969045,0.09431328125,2.02546296296296E-06,4.21971354166667,35.8392265625,3.58392265625,32.78015625,3.27845087732663,45.1145833333333,4.51145833333333
7,-5.37,-1.43571428571429,-3.52767857142857,392.491636904762,1.48412442857143,0.0147690476190476,1.30621693121693E-05,3.03008928571429,34.3997767857143,3.43997767857143,29.7136607142857,2.97184623554726,44.8700892857143,4.48700892857143
14,0.727142857142857,5.38428571428571,3.08875,385.020014880952,1.59449065714286,0.055147619047619,4.51388888888889E-05,4.00915476190476,37.8016964285714,3.78016964285714,35.5556845238095,3.55596973227645,45.669494047619,4.56694940476191
21,-2.35285714285714,1.24428571428571,-0.368303571428571,385.429633928571,1.99670708571429,0.0513279761904762,2.66203703703704E-05,4.02673214285714,36.9004583333333,3.69004583333333,33.9343154761905,3.39385199819848,45.455744047619,4.54557440476191
28,-5.40142857142857,-1.29714285714286,-3.55300595238095,396.31755952381,3.22515977142857,0.0480592261904762,1.65343915343915E-06,2.7426130952381,35.2727261904762,3.52727261904762,31.6244047619048,3.16289163310213,44.8962202380952,4.48962202380952
35,3.13857142857143,6.32714285714286,4.72205357142857,382.0054375,2.25600557142857,0.149110714285714,4.92724867724868E-05,5.7687619047619,36.8482619047619,3.68482619047619,33.6128571428571,3.36171018536114,45.9550297619048,4.59550297619048
42,1.76142857142857,6.17714285714286,3.61080357142857,383.662907738095,2.71251591428571,0.145112202380952,4.21626984126984E-05,5.19803869047619,37.1003214285714,3.71003214285714,33.8252083333333,3.38294263995617,45.5095833333333,4.55095833333333
49,-0.491428571428571,3.06571428571429,1.46925595238095,386.707601190476,4.15387928571429,0.0571410714285714,8.26719576719577E-07,2.62826785714286,37.8667797619048,3.78667797619048,34.5522619047619,3.45563912245654,45.609494047619,4.5609494047619
56,-4.35428571428571,0.177142857142857,-2.23035714285714,386.032470238095,5.14760528571429,0.107928571428571,6.77910052910053E-06,3.78886011904762,35.3700267857143,3.53700267857143,30.6677083333333,3.06723606223643,44.980625,4.4980625
63,-3.61,0.285714285714286,-1.88107142857143,388.503294642857,6.79092428571429,0.0866434523809524,1.15740740740741E-06,2.91897023809524,34.0220952380952,3.40220952380952,27.9114583333333,2.79165699544797,44.7804166666667,4.47804166666667
70,-4.36285714285714,0.161428571428571,-2.06672619047619,390.324199404762,7.3886202,0.0825208333333333,1.63690476190476E-05,2.74663988095238,34.1335982142857,3.41335982142857,27.328125,2.73333457107904,44.7013392857143,4.47013392857143
77,3.81857142857143,9.25714285714286,6.38788690476191,388.598744047619,8.4199374,0.252591666666667,6.61375661375661E-07,3.49582738095238,36.5833511904762,3.65833511904762,30.918005952381,3.09226205843137,45.1272916666667,4.51272916666667
84,4.59428571428571,9.96857142857143,7.15901785714286,386.226785714286,8.36407182857143,0.26434375,4.51388888888889E-05,4.42012797619048,38.1943660714286,3.81943660714286,33.1817857142857,3.31860855618546,45.7365476190476,4.57365476190476
91,-0.782857142857143,6.50714285714286,2.9803869047619,387.580285714286,13.0737715714286,0.289549404761905,9.92063492063492E-07,2.5179494047619,37.0090922619048,3.70090922619048,31.5898511904762,3.15943676937265,45.2097023809524,4.52097023809524
98,3.77714285714286,9.81714285714286,6.53354166666667,385.840892857143,9.6700464,0.249685119047619,2.33134920634921E-05,3.40184226190476,37.1757083333333,3.71757083333333,31.7042261904762,3.17087264024722,45.2954464285714,4.52954464285714
105,2.18428571428571,7.45857142857143,4.51529761904762,383.203011904762,11.6778103714286,0.177136011904762,1.60383597883598E-05,2.27125595238095,38.4877113095238,3.84877113095238,33.7611904761905,3.37654165397019,45.5575,4.55575
112,7.38,14.7314285714286,11.1924880952381,380.544345238095,16.685973,0.615072023809524,5.62169312169312E-06,2.538125,36.6567321428571,3.66574456067011,30.9047704081633,3.09109670934602,45.2024702380952,4.52025432381896
119,7.21142857142857,14.3528571428571,10.7086607142857,379.969505952381,18.1481109428571,0.417066071428571,1.35582010582011E-05,2.3678244047619,37.1205029761905,3.71205029761905,31.2775595238095,3.12821211156694,45.3710119047619,4.53710119047619
126,8.58857142857143,15.9814285714286,12.1059523809524,382.094773809524,15.9589200857143,0.338642857142857,7.07671957671958E-05,2.84209523809524,37.8504880952381,3.78504880952381,32.3605654761905,3.23649744271298,45.5542857142857,4.55542857142857
133,5.45571428571429,10.56,7.73101190476191,383.732419642857,10.8068554285714,0.115773511904762,0.000113921957671958,3.04415178571429,43.7661904761905,4.37661904761905,39.3897619047619,3.93933841481509,47.5487797619048,4.75487797619048
140,8.02857142857143,15.0971428571429,11.673869047619,372.919285714286,17.7696303428571,0.413152678571429,8.76322751322751E-06,2.47777976190476,39.3488244047619,3.93488244047619,33.8699107142857,3.38741232140943,45.5639583333333,4.55639583333333
147,4.66571428571429,11.5142857142857,8.16229166666667,377.996613095238,16.6149750857143,0.30085,1.73611111111111E-05,3.10424404761905,39.396869047619,3.9396869047619,33.6383035714286,3.36425450715837,45.5015476190476,4.55015476190476
154,8.85571428571428,15.24,12.1753273809524,369.043068452381,18.8709410571429,0.452559226190476,1.32275132275132E-06,2.15883928571429,36.8313095238095,3.68313095238095,28.9487797619048,2.89537082501227,45.1191666666667,4.51191666666667
161,12.0614285714286,19.5128571428571,15.9281547619048,371.99144047619,18.5756592857143,0.57818630952381,5.20833333333333E-05,2.59221726190476,38.5448988095238,3.85448988095238,31.1777976190476,3.11823738048316,44.4529761904762,4.44529761904762
168,11.0542857142857,18.2457142857143,14.6009821428571,381.26255952381,18.9492608571429,0.414864880952381,9.75529100529101E-06,3.16592261904762,33.185306547619,3.31853065476191,24.2935416666667,2.4299414364137,42.7797916666667,4.27797916666667
175,8.99571428571429,15.9842857142857,12.1100297619048,382.104285714286,18.2721972857143,0.308014880952381,4.24933862433862E-05,3.2662380952381,32.4635119047619,3.24635119047619,23.4716666666667,2.34777449479517,41.1867857142857,4.11867857142857
182,10.6814285714286,17.6571428571429,14.1025595238095,369.896300595238,21.3266910857143,0.537720535714286,2.11640211640212E-05,3.37363095238095,35.5831845238095,3.55831845238095,26.9595833333333,2.69648753981342,40.2218452380952,4.02218452380952
189,9.92,16.8785714285714,13.2824404761905,369.622797619048,19.7271246857143,0.386566071428571,5.29100529100529E-05,3.22687797619048,39.2432916666667,3.92432916666667,34.7470238095238,3.47511299866576,39.7790476190476,3.97790476190476
196,9.38142857142857,14.65,11.9677380952381,376.372151785714,11.3097715714286,0.185845833333333,4.61309523809524E-05,3.50436607142857,42.4655744047619,4.24655744047619,40.9985416666667,4.10020217858017,39.7173511904762,3.97173511904762
203,14.3357142857143,22.0014285714286,17.6817261904762,376.676482142857,17.4727447714286,0.388002678571429,4.82804232804233E-05,2.82929761904762,42.8223988095238,4.28223988095238,40.7794047619048,4.07829035806086,40.52625,4.052625
210,12.01,19.6228571428571,15.8727678571429,373.861616071429,16.9048540285714,0.419538690476191,5.48941798941799E-05,2.2667619047619,41.7677857142857,4.17677857142857,35.8376785714286,3.58416597986057,44.0122321428571,4.40122321428571
217,16.6157142857143,23.8628571428571,20.2463095238095,367.001764880952,22.62015,1.03528452380952,0,1.81722321428571,33.1039732142857,3.31039732142857,22.9850595238095,2.29912664514816,40.7807738095238,4.07807738095238
224,16.4785714285714,25.4842857142857,21.215744047619,371.382321428571,22.6122986571429,1.18802619047619,0,2.76890476190476,24.6925208333333,2.46925208333333,16.8841666666667,1.68926154208795,37.480744047619,3.7480744047619
231,14.1085714285714,21.3371428571429,17.6816071428571,375.085973214286,14.8528175142857,0.486901190476191,1.86838624338624E-05,3.18502678571429,22.2944970238095,2.22944970238095,15.5385416666667,1.55477216612819,36.0160714285714,3.60160714285714
238,12.2342857142857,18.4714285714286,15.1104166666667,372.803452380952,13.7470672285714,0.411845535714286,4.16666666666667E-05,3.16063095238095,22.3256577380952,2.23256577380952,17.4099702380952,1.74181639509255,35.8983333333333,3.58983333333333
245,10.4814285714286,16.0842857142857,13.130625,374.622639880952,10.8009473142857,0.201948511904762,5.02645502645503E-05,3.29821130952381,30.0032232142857,3.00032232142857,23.8464880952381,2.3852470861659,34.2700595238095,3.42700595238095
252,14.08,21.9271428571429,17.7909821428571,371.164107142857,19.3404111428571,0.81461994047619,0,2.15564583333333,24.193619047619,2.4193619047619,16.9686904761905,1.69770971666747,33.6836607142857,3.36836607142857
259,10.35,18.0028571428571,14.4711011904762,371.865741071429,13.7748821142857,0.589219345238095,8.26719576719577E-06,3.49074404761905,19.686994047619,1.9686994047619,13.8724107142857,1.38826924894196,32.4892261904762,3.24892261904762
266,8.97428571428571,14.4585714285714,11.7735416666667,375.891113095238,11.0843202857143,0.390341071428571,2.43055555555556E-05,3.58660119047619,18.6247827380952,1.86247827380952,13.0348511904762,1.30457930877282,31.7689880952381,3.17689880952381
273,7.64428571428571,11.2042857142857,9.35657738095238,380.705077380952,4.01785714285714,0.0523702380952381,4.91071428571429E-05,3.6970119047619,29.7695595238095,2.97695595238095,25.7833333333333,2.57888667743997,32.1890476190476,3.21890476190476
280,9.37428571428571,15.9157142857143,12.4924107142857,373.35500297619,9.06937765714286,0.318519642857143,5.45634920634921E-06,2.76202976190476,27.0453928571429,2.70453928571429,20.8886607142857,2.08954903787038,32.6558928571429,3.26558928571429
287,3.26428571428571,9.50571428571429,6.2525,375.424375,8.99779011428571,0.202852678571429,8.26719576719577E-07,2.88346428571429,21.0967083333333,2.10967083333333,15.1227678571429,1.51322000842902,32.2716666666667,3.22716666666667
294,4.34714285714286,9.58142857142857,6.89601190476191,376.970208333333,4.46698825714286,0.13404494047619,1.30621693121693E-05,2.88163392857143,20.2116101190476,2.02116101190476,15.1574404761905,1.51668511405372,31.9159523809524,3.19159523809524
301,8.54857142857143,14.0771428571429,11.5133035714286,377.196916666667,7.02201008571429,0.32518125,6.94444444444444E-06,3.49137797619048,22.696125,2.2696125,23.9401785714286,2.39461379299846,32.092619047619,3.2092619047619
308,6.89428571428571,10.7614285714286,8.61690476190476,392.835476190476,2.97869657142857,0.0829735119047619,5.78703703703704E-06,2.55228869047619,21.3804642857143,2.13804642857143,22.1299702380952,2.21364169293257,32.016369047619,3.2016369047619
315,2.39,4.75428571428571,3.55125,389.650443452381,2.84383748571429,0.0625520833333333,2.5462962962963E-05,2.91031547619048,22.7680952380952,2.27680952380952,25.4905952380952,2.54961922122179,31.8545238095238,3.18545238095238
322,0.578571428571429,3.62285714285714,1.88300595238095,387.163392857143,2.03044294285714,0.0161866071428571,1.24007936507937E-05,3.81443452380952,34.3131517857143,3.43131517857143,32.7049107142857,3.27092732502475,31.5346428571429,3.15346428571429
329,-0.482857142857143,4.29142857142857,1.76029761904762,378.462985119048,1.99896608571429,0.0487464285714286,0.000103505291005291,4.01411607142857,39.5913511904762,3.95913511904762,34.3819047619048,3.43860545394008,43.8933333333333,4.38933333333333
336,0.6,3.83428571428571,2.2341369047619,389.565919642857,1.96145485714286,0.0713684523809524,4.79497354497355E-06,3.23302083333333,38.2824970238095,3.82824970238095,32.3225,3.23269141425525,45.2365476190476,4.52365476190476
343,-0.947142857142857,1.86142857142857,0.472946428571429,396.93243452381,1.54618328571429,0.0287303571428571,0,1.78922023809524,37.6435327380952,3.76435327380952,31.3310714285714,3.13356252305934,44.994880952381,4.4994880952381
350,-4.56285714285714,0.0628571428571428,-2.376875,412.260044642857,2.74201662857143,0.0575404761904762,1.65343915343915E-07,2.30702380952381,37.0993988095238,3.70993988095238,30.365744047619,3.03704425930125,44.883869047619,4.4883869047619
357,-3.80571428571429,0.347142857142857,-1.74925595238095,400.629160714286,2.88478542857143,0.0514008928571429,2.56283068783069E-05,4.19633333333333,38.3711428571429,3.83711428571429,31.5144642857143,3.15189915915075,45.3086011904762,4.53086011904762
366,-0.58,2.47333333333333,0.88287037037037,378.325185185185,1.0621856,0.027081712962963,1.32458847736626E-05,4.46607407407407,39.6721527777778,3.96721527777778,33.4468518518519,3.34511176275126,45.5821759259259,4.55821759259259
7,1.94,5.06857142857143,3.38324404761905,380.722392857143,1.23935914285714,0.0852351190476191,1.27314814814815E-05,5.38908333333333,40.7980654761905,4.07980654761905,34.4271726190476,3.44313169407105,45.8263392857143,4.58263392857143
14,2.54714285714286,6.04428571428571,4.34758928571429,383.510178571429,2.08464042857143,0.125914583333333,4.13359788359788E-06,4.84800297619048,39.9975327380952,3.99975327380952,32.3041071428571,3.23085237983284,45.4683035714286,4.54683035714286
21,-0.885714285714286,2.80714285714286,0.872559523809524,387.597863095238,2.55784062857143,0.0877508928571429,4.51388888888889E-05,4.73461904761905,41.3738660714286,4.13738660714286,33.9826785714286,3.39868770942402,45.6557738095238,4.56557738095238
28,-4.94285714285714,-2.56285714285714,-3.89970238095238,387.632767857143,3.05057494285714,0.0520065476190476,3.02579365079365E-05,3.42907142857143,42.205244047619,4.22052440476191,33.9816071428571,3.39858057980304,45.8124107142857,4.58124107142857
35,-2.80571428571429,0.105714285714286,-1.32291666666667,387.77094047619,2.94790551428571,0.0709452380952381,1.86838624338624E-05,3.83048214285714,42.2104851190476,4.22104851190476,33.9052380952381,3.39094462064001,45.6387797619048,4.56387797619048
42,-4.16,-0.137142857142857,-1.86270833333333,396.368392857143,4.9980474,0.0749821428571429,2.74470899470899E-05,3.02441369047619,40.573630952381,4.0573630952381,32.16375,3.21681859263537,45.6593452380952,4.56593452380952
49,-3.67428571428571,-0.0985714285714284,-1.93827380952381,383.65555952381,3.13212548571429,0.0489217261904762,4.59656084656085E-05,4.04431845238095,42.3610892857143,4.23610892857143,37.1644642857143,3.71683033964975,47.3426488095238,4.73426488095238
56,-5.05428571428571,-2.03571428571429,-3.62425595238095,389.184345238095,5.07261754285714,0.0429196428571429,1.43849206349206E-05,2.93611607142857,39.8786428571429,3.98786428571429,32.326130952381,3.23305445991935,45.431875,4.5431875
63,-8.33428571428571,-3.83571428571429,-5.96830357142857,388.08425297619,9.81226414285714,0.103409226190476,8.92857142857143E-06,3.33266666666667,39.8648988095238,3.98648988095238,32.2077976190476,3.22122274796309,45.3110714285714,4.53110714285714
70,-5.06428571428571,-0.714285714285714,-2.75488095238095,386.949928571429,7.38903857142857,0.0664982142857143,1.62037037037037E-05,3.32811011904762,40.0369583333333,4.00369583333333,32.0810416666667,3.20854890277266,45.2300892857143,4.52300892857143
77,3.15857142857143,8.79714285714286,5.63229166666667,383.927732142857,10.6451863714286,0.269545833333333,3.19113756613757E-05,4.23395535714286,43.4424196428571,4.34424196428571,34.6164880952381,3.46206097545627,46.2759821428571,4.62759821428571
84,1.77142857142857,10.1742857142857,5.88901785714286,388.584107142857,11.8764943714286,0.24500625,2.08333333333333E-05,2.59119642857143,42.2336547619048,4.22336547619048,35.06625,3.50703188008387,47.197380952381,4.7197380952381
91,2.91285714285714,9.62142857142857,6.10110119047619,394.02869047619,11.1411288,0.16884880952381,1.15740740740741E-06,2.70840178571429,40.4686845238095,4.04686845238095,33.570119047619,3.35743691616279,45.8415178571429,4.58415178571429
98,5.35571428571429,12.8271428571429,9.23235119047619,382.02494047619,14.8210053428571,0.548464583333333,1.60383597883598E-05,2.78305357142857,40.2860476190476,4.02860476190476,33.4342857142857,3.3438553093016,45.6047619047619,4.56047619047619
105,4.79142857142857,10.4585714285714,7.80008928571429,382.345595238095,10.873521,0.322685714285714,5.29100529100529E-06,2.21949702380952,40.7906547619048,4.07906547619048,33.8322619047619,3.38364790916898,45.8663095238095,4.58663095238095
112,5.21285714285714,12.3542857142857,8.75020833333333,380.290833333333,16.4794487142857,0.38278869047619,2.39748677248677E-05,2.94455654761905,40.734380952381,4.0734380952381,33.3954166666667,3.33996890115797,45.7635416666667,4.57635416666667
119,5.43714285714286,12.0214285714286,8.69434523809524,381.145041666667,13.5988997142857,0.313641369047619,2.69510582010582E-05,2.6351875,41.2610357142857,4.12610357142857,34.4378571428571,3.44420001788775,45.8109226190476,4.58109226190476
126,10.5714285714286,17.5714285714286,13.84875,377.220119047619,16.8990642,0.594919345238095,1.71957671957672E-05,2.95924404761905,40.8152827380952,4.08152827380952,32.9675,3.29718277925255,45.6953869047619,4.56953869047619
133,2.18428571428571,9.45428571428571,5.50008928571429,379.874479166667,18.5868648,0.207388392857143,3.27380952380952E-05,3.14010416666667,42.1305386904762,4.21305386904762,39.0176785714286,3.90213353543068,45.9702083333333,4.59702083333333
140,5.41285714285714,12.2928571428571,8.70199404761905,376.941202380952,15.8625141428571,0.343,5.72089947089947E-05,2.43652976190476,42.329943452381,4.2329943452381,40.5139583333333,4.05174800742226,46.1687797619048,4.61687797619048
147,12.5128571428571,19.7842857142857,16.2406845238095,374.539488095238,20.2738546285714,0.708749702380952,2.89351851851852E-05,2.78912202380952,42.5026577380952,4.25026577380952,39.9670535714286,3.99706234991575,46.0324702380952,4.60324702380952
154,11.3271428571429,19.5214285714286,15.6016071428571,373.914672619048,22.2714853714286,0.734548511904762,2.16600529100529E-05,2.92990178571429,40.8587380952381,4.08587380952381,38.4040773809524,3.84077925844761,45.7554464285714,4.57554464285714
161,7.16428571428571,13.11,10.2205357142857,374.302610119048,16.9812133714286,0.306184226190476,2.33134920634921E-05,3.25552678571429,41.496130952381,4.1496130952381,41.414375,4.14178201788866,45.1921130952381,4.51921130952381
168,10.3685714285714,17.0428571428571,13.8446726190476,371.215625,18.4153188857143,0.556342857142857,1.65343915343915E-06,2.61446130952381,38.7767232142857,3.87767232142857,34.6591666666667,3.46632832512694,44.4680059523809,4.44680059523809
175,15.2571428571429,23.6142857142857,19.5733333333333,367.252761904762,27.4322944285714,0.982794345238095,0,2.13463392857143,31.3736071428571,3.13736071428571,24.5178273809524,2.45236463685998,42.6496130952381,4.26496130952381
182,13.7814285714286,20.3814285714286,17.0314583333333,373.770148809524,16.9556207142857,0.505669940476191,9.19312169312169E-05,2.19502678571429,35.5122857142857,3.55122857142857,31.2394047619048,3.12439719243261,43.5255357142857,4.35255357142857
189,11.4771428571429,18.5128571428571,14.8864880952381,373.997178571429,17.2141498285714,0.417599107142857,2.19907407407407E-05,2.51230654761905,38.1630803571429,3.81630803571429,32.9250892857143,3.2929422652124,44.5666071428571,4.45666071428571
196,15.8742857142857,24.0528571428571,20.0102380952381,363.232113095238,24.3291929142857,1.01790863095238,1.38888888888889E-05,2.41138095238095,34.8480625,3.48480625,28.0117261904762,2.80168195179283,42.1108630952381,4.21108630952381
203,11.95,18.9714285714286,15.4215178571429,370.472630952381,17.5058614285714,0.51875,4.71230158730159E-05,3.52969345238095,31.0791071428571,3.10791071428571,25.4703273809524,2.54759288078541,39.4398214285714,3.94398214285714
210,13.6571428571429,22.0914285714286,17.7877083333333,374.312348214286,17.3552302285714,0.550038095238095,5.19179894179894E-05,2.69102976190476,32.4915297619048,3.24915297619048,28.1479166666667,2.81529853550839,38.0405952380952,3.80405952380952
217,11.6271428571429,18.7571428571429,15.1346726190476,370.873276785714,16.2766977428571,0.455898214285714,1.62037037037037E-05,2.92703869047619,32.2709077380952,3.22709077380952,26.7531547619048,2.67584876524139,36.7180357142857,3.67180357142857
224,9.20285714285714,15.0371428571429,11.6282142857143,370.388125,14.1674405142857,0.209855357142857,3.60449735449735E-05,3.34289285714286,36.1345089285714,3.61345089285714,33.85875,3.38629638881841,35.2666369047619,3.52666369047619
231,11.85,18.8342857142857,15.2179761904762,367.136571428571,15.7368684857143,0.426980654761905,1.73611111111111E-05,2.71379166666667,33.2050238095238,3.32050238095238,30.0408333333333,3.0045582688493,34.8128571428571,3.48128571428571
238,12.72,18.0885714285714,15.1787797619048,367.665833333333,9.61459174285714,0.249122619047619,4.1005291005291E-05,2.95446726190476,33.637380952381,3.3637380952381,29.9285119047619,2.99332790813742,36.3220833333333,3.63220833333333
245,14.2942857142857,22.6957142857143,18.5333928571429,366.914443452381,19.6959517714286,0.808398214285714,2.5297619047619E-05,2.12208928571429,26.8371696428571,2.68371696428571,21.597380952381,2.16039865703584,34.7755654761905,3.47755654761905
252,16.0142857142857,23.6,19.8640476190476,371.672738095238,17.9352987428571,1.03169285714286,1.65343915343915E-07,2.21672321428571,23.9643005952381,2.39643005952381,19.1978869047619,1.92053178400668,35.463005952381,3.5463005952381
259,12.3957142857143,17.47,14.797380952381,375.966744047619,7.84441542857143,0.252963095238095,5.12566137566138E-05,2.64437797619048,25.0969107142857,2.50969107142857,26.6067261904762,2.66120884243407,32.4859821428571,3.24859821428571
266,7.85714285714286,14.9585714285714,11.228125,373.671041666667,16.3661472,0.435901488095238,4.96031746031746E-07,2.16929464285714,26.1892380952381,2.61892380952381,22.5301785714286,2.25365107811839,37.826755952381,3.7826755952381
273,10.7085714285714,15.4457142857143,12.8935119047619,373.550258928571,9.2550906,0.372598214285714,2.57936507936508E-05,2.94658630952381,22.6645446428571,2.26645446428571,19.4204761904762,1.94278219879329,34.4591071428571,3.44591071428571
280,8.62142857142857,12.3042857142857,10.2578869047619,382.754672619048,5.07331928571429,0.0858627976190476,2.24867724867725E-05,3.32025,29.4810357142857,2.94810357142857,29.510744047619,2.95155786996298,32.3107142857143,3.23107142857143
287,7.91285714285714,15.3657142857143,11.650625,381.264729166667,11.289708,0.297725892857143,0,2.06841369047619,24.358244047619,2.43582440476191,20.025505952381,2.00326298917242,31.3462797619048,3.13462797619048
294,4.36,11.0142857142857,7.78818452380952,384.630488095238,9.24808628571428,0.203255654761905,1.15740740740741E-05,3.12089880952381,21.9821964285714,2.19821964285714,17.9404761904762,1.7948427721419,29.9169345238095,2.99169345238095
301,10.3185714285714,15.1328571428571,12.4506547619048,381.653720238095,5.59543988571429,0.238103273809524,3.35648148148148E-05,3.73535714285714,28.4312261904762,2.84312261904762,29.1521428571429,2.91570369703992,29.9800595238095,2.99800595238095
308,8.43428571428571,14.1428571428571,11.094375,393.17675,5.50358742857143,0.248417857142857,3.96825396825397E-06,2.86670535714286,26.8060982142857,2.68060982142857,25.6097321428571,2.5615303085438,30.2400595238095,3.02400595238095
315,5.42142857142857,9.38,7.35345238095238,390.54812202381,4.49402271428571,0.172726488095238,1.04166666666667E-05,3.55487202380952,32.827130952381,3.2827130952381,32.3713988095238,3.23758062851753,30.2135714285714,3.02135714285714
322,1.64857142857143,5.24714285714286,3.43199404761905,393.191616071429,2.93764242857143,0.0742550595238095,2.76124338624339E-05,3.14355357142857,35.0268303571429,3.50268303571429,34.0884821428571,3.40926676359279,34.2314880952381,3.42314880952381
329,-2.16,0.888571428571429,-0.529910714285714,391.969889880952,2.00950071428571,0.0338363095238095,1.86838624338624E-05,3.33240773809524,38.7011964285714,3.87011964285714,39.2624107142857,3.92660447056642,44.4501785714286,4.44501785714286
336,-2.52714285714286,0.105714285714286,-1.32056547619048,389.286181547619,2.77086368571429,0.0808764880952381,2.48015873015873E-06,2.78335714285714,38.1416458333333,3.81416458333333,38.4776785714286,3.84813866690915,44.6815476190476,4.46815476190476
343,0.854285714285714,3.27142857142857,2.16339285714286,388.362991071429,1.46756468571429,0.055346130952381,1.47156084656085E-05,2.82672916666667,39.0212202380952,3.90212202380952,39.5324107142857,3.95360198883617,45.2556547619048,4.52556547619048
350,-1.40285714285714,2.13142857142857,0.416428571428571,386.913196428571,1.16827585714286,0.0265026785714286,3.75330687830688E-05,3.73758035714286,38.8597886904762,3.88597886904762,39.1317261904762,3.9135372316823,45.0703273809524,4.50703273809524
357,-1.43285714285714,0.921428571428571,-0.229940476190476,391.828297619048,0.843280714285714,0.0140821428571429,3.19113756613757E-05,4.2398630952381,40.7197410714286,4.07197410714286,41.8196428571429,4.18230546520569,45.6569047619048,4.56569047619048
365,-4.69375,-1.13,-2.78033854166667,389.213822916667,1.5988113,0.0280375,2.51736111111111E-05,3.53577083333333,39.998734375,3.9998734375,40.323984375,4.0327522706028,45.5245052083333,4.55245052083333
7,-2.08571428571429,-0.377142857142857,-1.24690476190476,395.503616071429,0.791770628571429,0.0176699404761905,8.26719576719577E-07,2.78175595238095,40.5002708333333,4.05002708333333,41.0549702380952,4.10584455743376,45.6797023809524,4.56797023809524
14,-5.23,-1.04142857142857,-2.96931547619048,404.400410714286,3.53800517142857,0.0426907738095238,4.96031746031746E-06,3.40584821428571,39.0234196428571,3.90234196428571,38.7991964285714,3.88028738012126,45.2661309523809,4.52661309523809
21,-3.90285714285714,0.937142857142857,-1.62669642857143,397.001925595238,2.88899331428571,0.0444050595238095,1.96759259259259E-05,3.81105952380952,38.284244047619,3.8284244047619,38.1532142857143,3.8156953914871,45.1583928571429,4.51583928571429
28,-11.6357142857143,-5.62,-8.9128869047619,405.374017857143,4.54993765714286,0.0446127976190476,3.80291005291005E-06,3.20088392857143,35.6889464285714,3.56889464285714,41.158035602981,4.11681240935448,45.4411607142857,4.54411607142857
35,-6.64,-0.0942857142857143,-3.0775,401.454958333333,5.43093942857143,0.107607738095238,0,2.23902083333333,33.2002678571429,3.32002678571429,35.9712222222222,3.59767172204088,45.0634821428571,4.50634821428571
42,-3.35571428571429,-0.354285714285714,-1.83473214285714,395.684440476191,3.21598594285714,0.0264940476190476,3.85251322751323E-05,3.58524404761905,34.0041875,3.40041875,36.7721423758865,3.67780167262373,45.3216964285714,4.53216964285714
49,-1.74571428571429,1.77142857142857,0.113809523809524,394.029556547619,3.95156211428571,0.0644029761904762,1.50462962962963E-05,3.18952083333333,38.3615744047619,3.83615744047619,40.1367261904762,4.01402810281544,45.645625,4.5645625
56,-3.51857142857143,-1.17571428571429,-2.51404761904762,393.196970238095,2.93718137142857,0.021316369047619,1.43849206349206E-05,3.54128571428571,39.7167797619048,3.97167797619048,40.1894642857143,4.01930144590159,45.7378869047619,4.57378869047619
63,-5.39857142857143,-1.88142857142857,-3.76681547619048,393.90074702381,5.82927068571429,0.0386226190476191,1.85185185185185E-05,3.23969642857143,37.7169077380952,3.77169077380952,37.4314880952381,3.74352998218781,45.3050595238095,4.53050595238095
70,-3.78428571428571,1.20714285714286,-1.2078869047619,393.856994047619,6.13478777142857,0.0563985119047619,6.13425925925926E-05,3.27691964285714,39.3806964285714,3.93806964285714,38.9985416666667,3.900220024379,45.3740476190476,4.53740476190476
77,-5.90571428571429,-3.30285714285714,-4.71011904761905,395.68662797619,6.53282202857143,0.0311443452380952,1.48809523809524E-06,2.94771726190476,39.6476577380952,3.96476577380952,39.1868452380952,3.91904862363863,45.5422023809524,4.55422023809524
84,-2.14714285714286,4.64285714285714,0.825565476190476,391.452410714286,11.9184955714286,0.146994047619048,1.28968253968254E-05,2.26613095238095,39.8146041666667,3.98146041666667,39.3541964285714,3.93578219451806,45.4758333333333,4.54758333333333
91,6.29714285714286,11.3871428571429,8.81080357142857,388.536369047619,8.09399314285714,0.193182142857143,6.33730158730159E-05,4.11934821428571,47.8019017857143,4.78019017857143,47.9389285714286,4.79419048881716,49.2836607142857,4.92836607142857
98,1.71285714285714,7.9,4.69630952380952,390.303095238095,14.4507774857143,0.308341666666667,1.50462962962963E-05,3.36791071428571,40.3247678571429,4.03247678571429,40.0815476190476,4.00851073500863,46.7216369047619,4.67216369047619
105,2.12,7.41142857142857,4.76315476190476,389.701726190476,10.5261639428571,0.23375,1.38888888888889E-05,3.08872023809524,39.5653392857143,3.95653392857143,39.4055952380952,3.94092160261855,45.6040476190476,4.56040476190476
112,6.69714285714286,13.3657142857143,10.1932142857143,388.558630952381,13.6962370285714,0.442021130952381,2.23214285714286E-05,2.62965476190476,40.4389851190476,4.04389851190476,40.0595833333333,4.00631450159649,45.8510714285714,4.58510714285714
119,6.02428571428571,12.3542857142857,9.18148809523809,391.207461309524,11.5254,0.26278869047619,3.67063492063492E-05,2.1335505952381,41.2547916666667,4.12547916666667,41.404494047619,4.140794004861,45.9057738095238,4.59057738095238
126,7.17,16.2742857142857,11.6928273809524,387.138392857143,22.1923162285714,0.657883928571429,5.62169312169312E-06,2.84200297619048,40.3591577380952,4.03591577380952,39.4221130952381,3.94257323663582,45.8876488095238,4.58876488095238
133,10.8842857142857,19.1857142857143,15.083005952381,386.735758928571,23.9318238857143,0.957235119047619,8.26719576719577E-06,3.01286011904762,35.8736101190476,3.58736101190476,31.5578273809524,3.15623484667403,45.4633333333333,4.54633333333333
140,9.46142857142857,15.2257142857143,12.3477976190476,386.816547619048,13.6114223142857,0.33133869047619,3.45568783068783E-05,3.34378571428571,37.1006428571429,3.71006428571429,36.0706547619048,3.60746102776244,45.2747321428571,4.52747321428571
147,7.41714285714286,13.59,10.4016666666667,385.302943452381,12.8920389428571,0.268878273809524,7.40740740740741E-05,3.95469345238095,41.369369047619,4.1369369047619,41.2486011904762,4.12520602140173,45.9732738095238,4.59732738095238
154,5.34,11.1214285714286,7.94172619047619,384.717380952381,16.2075186,0.219278869047619,5.29100529100529E-05,3.35615178571429,42.3622470238095,4.23622470238095,41.5758928571429,4.15793246529881,46.2137202380952,4.62137202380952
161,9.70285714285714,15.7214285714286,12.9160119047619,377.027532738095,21.5956054285714,0.65790625,2.1494708994709E-06,2.1938005952381,39.640193452381,3.9640193452381,36.6477976190476,3.66516908485356,45.5085416666667,4.55085416666667
168,15.0328571428571,23.0857142857143,19.20875,378.286101190476,24.7166732571429,0.937839583333333,2.1494708994709E-06,2.28061011904762,31.7392708333333,3.17392708333333,25.5111011904762,2.55166936667091,44.6898214285714,4.46898214285714
175,13.8885714285714,21.9842857142857,18.0436904761905,379.679821428571,23.3172403714286,0.676719940476191,1.66997354497355E-05,2.72641964285714,29.082,2.9082,22.4035714285714,2.24099394127932,43.3101785714286,4.33101785714286
182,13.3757142857143,21.2857142857143,17.3956845238095,380.622410714286,21.1685978571429,0.542417261904762,2.44708994708995E-05,2.53602083333333,30.4071696428571,3.04071696428571,22.8018452380952,2.28081020252016,42.124880952381,4.2124880952381
189,16.4442857142857,24.3257142857143,20.3915178571429,380.851610119048,23.5826992285714,0.914081547619048,1.47156084656085E-05,2.54111011904762,24.5385208333333,2.45385208333333,19.9877678571429,1.99949052421108,40.5098214285714,4.05098214285714
196,16.0557142857143,24.1485714285714,19.845744047619,381.191339285714,23.0672900571429,0.798454166666667,2.1494708994709E-06,2.52331547619048,21.9763452380952,2.19763452380952,18.4856845238095,1.84934016352798,39.1885714285714,3.91885714285714
203,19.1585714285714,27.9657142857143,23.8118452380952,380.046309523809,27.2903703428571,1.7983375,3.30687830687831E-07,2.25761011904762,19.5424702380952,1.95424702380952,16.5750595238095,1.6583665757238,37.333869047619,3.7333869047619
210,18.2785714285714,27.9057142857143,23.0369345238095,387.657202380952,19.5604081714286,1.21373482142857,1.66997354497354E-05,2.30057142857143,17.8012172619048,1.78012172619048,15.2735714285714,1.52829105838394,35.9834523809524,3.59834523809524
217,12.8785714285714,20.4842857142857,16.4433035714286,380.915407738095,15.8342281714286,0.504089285714286,6.69642857142857E-05,2.76754464285714,20.1075535714286,2.01075535714286,16.4752380952381,1.64838964454629,36.7721428571429,3.67721428571429
224,11.5871428571429,16.7557142857143,14.0231547619048,378.225744047619,12.3408745714286,0.330636011904762,2.48015873015873E-05,2.91541369047619,21.5171130952381,2.15171130952381,17.2093154761905,1.72176046791941,37.3430059523809,3.73430059523809
231,12.2457142857143,18.7671428571429,15.3482738095238,375.624244047619,12.9205293428571,0.434796726190476,3.58796296296296E-05,2.80155357142857,20.6789077380952,2.06789077380952,16.6777976190476,1.66863508638608,37.0608333333333,3.70608333333333
238,11.9,17.3185714285714,14.0278273809524,377.906785714286,12.8483002285714,0.281079166666667,6.08465608465609E-05,3.14406547619048,25.1753839285714,2.51753839285714,19.9241964285714,1.99313565783731,36.9626488095238,3.69626488095238
245,10.4971428571429,16.8714285714286,13.0580357142857,378.751758928571,12.95316,0.29546875,3.37301587301587E-05,3.72630654761905,28.8661041666667,2.88661041666667,23.7890773809524,2.37950745820831,39.2323214285714,3.92323214285714
252,12.4842857142857,19.5171428571429,15.9600892857143,379.823005952381,14.4885720857143,0.447844642857143,2.67857142857143E-05,3.61847321428571,25.110556547619,2.5110556547619,19.9722916666667,1.99794345802968,40.7934523809524,4.07934523809524
259,13.7357142857143,23.29,18.5913392857143,378.462398809524,17.3282888571429,0.946660119047619,0,2.40275,19.8494553571429,1.98494553571429,15.8352380952381,1.58442461879017,37.7362202380952,3.77362202380952
266,12.5642857142857,20.7142857142857,16.4615476190476,385.28337797619,14.1875251714286,0.619147321428571,9.92063492063492E-07,2.30917261904762,17.9802232142857,1.79802232142857,14.6566666666667,1.46663986550119,34.9980654761905,3.49980654761905
273,12.6371428571429,18.7728571428571,15.5823511904762,386.934958333333,10.5189968571429,0.4437875,5.62169312169312E-06,1.99358333333333,16.9856130952381,1.69856130952381,14.0297619047619,1.40399284483314,33.7235714285714,3.37235714285714
280,9.76857142857143,13.0228571428571,11.5102976190476,385.635092261905,4.88884037142857,0.143538095238095,4.86111111111111E-05,3.71304761904762,20.5863630952381,2.05863630952381,15.8550595238095,1.58640563612684,35.9430952380952,3.59430952380952
287,8.81857142857143,14.73,11.8254761904762,390.129360119048,8.80447062857143,0.222680357142857,8.26719576719577E-07,2.77809226190476,18.4221726190476,1.84221726190476,15.1101488095238,1.51195889089589,32.988869047619,3.2988869047619
294,7.49142857142857,13.1057142857143,9.96452380952381,388.664761904762,7.03251488571429,0.269369642857143,6.61375661375661E-07,3.19850297619048,17.1791785714286,1.71791785714286,14.1582738095238,1.41683481392647,31.0107738095238,3.10107738095238
301,10.6342857142857,15.0314285714286,12.9655357142857,388.403919642857,5.02453851428571,0.32461130952381,2.57936507936508E-05,3.79890476190476,18.8874196428571,1.88874196428571,14.3930654761905,1.44029755790901,31.716130952381,3.1716130952381
308,2.62,7.84,5.20145833333333,386.635654761905,4.57440428571429,0.169017857142857,2.61243386243386E-05,4.06431845238095,25.5764553571429,2.55764553571429,20.232380952381,2.02394320753381,32.3217261904762,3.23217261904762
315,4.11,8.07,6.11702380952381,391.1616875,4.1105232,0.160574702380952,2.36441798941799E-05,4.53852976190476,29.9440892857143,2.99440892857143,28.7205654761905,2.87255331195455,33.789494047619,3.3789494047619
322,6.96,11.0928571428571,8.8647619047619,390.40693452381,3.18691851428571,0.196126488095238,3.37301587301587E-05,4.04125595238095,34.0515625,3.40515625,32.2831845238095,3.22876040413081,42.9689583333333,4.29689583333333
329,4.78428571428571,8.85428571428571,6.64794642857143,391.060011904762,2.17136982857143,0.169802976190476,2.74470899470899E-05,3.51298511904762,36.2298005952381,3.62298005952381,34.4374702380952,3.44416133206569,44.6261607142857,4.46261607142857
336,3.43142857142857,8.08428571428571,6.0833630952381,400.377351190476,3.37750122857143,0.111649107142857,0,3.00222321428571,34.5042053571429,3.45042053571429,31.9290178571429,3.19334863904915,44.6899107142857,4.46899107142857
343,5.38285714285714,9.33571428571429,7.39511904761905,389.925464285714,2.01511388571429,0.199842857142857,1.43849206349206E-05,4.49925892857143,36.5262619047619,3.65262619047619,33.804494047619,3.38087146982175,45.1214583333333,4.51214583333333
350,2.10285714285714,5.41857142857143,3.63949404761905,395.236758928571,1.91651451428571,0.103884226190476,2.39748677248677E-05,5.13903869047619,37.1659017857143,3.71659017857143,34.1380952380952,3.41422746491094,45.2046726190476,4.52046726190476
357,0.964285714285714,2.93857142857143,1.96916666666667,394.6658125,1.30858791428571,0.0635943452380952,9.92063492063492E-07,2.16508333333333,37.4750386904762,3.74750386904762,34.1313095238095,3.41354897656391,45.1937797619048,4.51937797619048
365,-1.16875,2.61525,0.603572916666667,397.3465234375,2.345679,0.06343515625,1.07060185185185E-05,3.03770833333333,37.8252630208333,3.78252630208333,33.811953125,3.38161728446191,44.927890625,4.4927890625
7,3.14714285714286,5.93571428571429,4.4641369047619,390.666267857143,1.00461522857143,0.0728032738095238,3.35648148148148E-05,4.62531845238095,40.7156160714286,4.07156160714286,37.1809523809524,3.71847897894368,45.5700297619048,4.55700297619048
14,4.42714285714286,8.27571428571429,6.72613095238095,388.72819047619,2.12540785714286,0.17013244047619,3.25727513227513E-05,5.61411904761905,40.5500595238095,4.05500595238095,36.5728869047619,3.65767881077394,45.6414583333333,4.56414583333333
21,2.47285714285714,7.33857142857143,5.09994047619048,392.106,2.0843442,0.142494642857143,6.26653439153439E-05,5.5954494047619,41.0150803571429,4.10150803571429,36.8421726190476,3.68460453104761,45.8313095238095,4.58313095238095
28,-6.06428571428571,-1.96,-3.66791666666667,393.697202380952,2.44630877142857,0.0596383928571429,1.7526455026455E-05,4.46040476190476,38.8846875,3.88846875,33.1335119047619,3.31378180161724,45.4308333333333,4.54308333333333
35,2.43,5.12142857142857,3.78919642857143,390.494395833333,3.15639822857143,0.102908035714286,1.33928571428571E-05,3.99911607142857,41.4482589285714,4.14482589285714,37.5599702380952,3.75637689272064,45.9456845238095,4.59456845238095
42,-2.34285714285714,1.34571428571429,-0.374970238095238,399.006199404762,1.88102931428571,0.0391357142857143,2.66203703703704E-05,2.82943452380952,40.7852351190476,4.07852351190476,36.3229761904762,3.63269042317655,45.6115773809524,4.56115773809524
49,1.69428571428571,5.74857142857143,3.54125,393.629321428571,5.03363777142857,0.113924404761905,2.69510582010582E-05,3.135875,41.8966130952381,4.18966130952381,37.7438988095238,3.77476789892244,46.1668154761905,4.61668154761905
56,2.81714285714286,6.74571428571429,4.73910714285714,396.533601190476,4.90108834285714,0.151331845238095,8.10185185185185E-06,2.58698214285714,41.076869047619,4.1076869047619,36.2595833333333,3.62635182412973,45.7329464285714,4.57329464285714
63,2.09,6.69571428571429,4.16666666666667,391.571901785714,4.99159645714286,0.123483035714286,5.78703703703704E-05,4.43554464285714,42.9375505952381,4.29375505952381,38.6292857142857,3.86329792602884,46.3616666666667,4.63616666666667
70,3.05857142857143,8.88428571428571,5.87175595238095,390.621845238095,9.28321174285714,0.257872023809524,1.20701058201058E-05,3.29428571428571,42.1618392857143,4.21618392857143,38.2664285714286,3.82701571376733,45.9599107142857,4.59599107142857
77,4.45428571428571,10.18,7.53964285714286,391.410803571429,10.7273005714286,0.337341964285714,2.13293650793651E-05,3.13512797619048,41.7848839285714,4.17848839285714,38.9179464285714,3.89216125815351,45.7828869047619,4.57828869047619
84,-0.414285714285714,4.56857142857143,1.81619047619048,392.650238095238,7.26644957142857,0.113219345238095,6.29960317460317E-05,3.53701488095238,43.5285863095238,4.35285863095238,41.9475297619048,4.19509311560047,46.4897619047619,4.64897619047619
91,3.33285714285714,12.1657142857143,7.65300595238095,393.969613095238,15.3018732857143,0.435483035714286,3.47222222222222E-06,3.13266666666667,42.138505952381,4.2138505952381,39.3678869047619,3.93715111606868,46.1219345238095,4.61219345238095
98,2.75142857142857,10.21,6.50321428571429,391.988601190476,14.2269040285714,0.372284523809524,3.47222222222222E-06,3.06172321428571,41.5872738095238,4.15872738095238,37.7796130952381,3.77833897017703,45.5116071428571,4.55116071428571
105,7.76714285714286,16.47,12.0878571428571,392.895517857143,17.6098710857143,0.591531845238095,0,3.2740119047619,39.5944166666667,3.95944166666667,33.7522321428571,3.37564593278868,45.4033630952381,4.54033630952381
112,4.70428571428571,14.3114285714286,9.95464285714286,388.70193452381,21.0806483142857,0.652299404761905,0,2.77260714285714,35.4642142857143,3.54642142857143,25.4139880952381,2.54196019369868,45.364255952381,4.5364255952381
119,11.2314285714286,19.4871428571429,15.5289583333333,388.29950297619,22.326777,0.855300595238095,7.10978835978836E-06,2.51202678571429,33.3741220238095,3.33741220238095,24.584255952381,2.45900592203869,45.2866369047619,4.52866369047619
126,6.37714285714286,16.1542857142857,11.5378273809524,388.203154761905,25.9495714285714,0.800606547619048,0,3.16688392857143,29.7692380952381,2.97692380952381,20.6714880952381,2.06783894876155,44.934375,4.4934375
133,8.44857142857143,14.7071428571429,11.6048214285714,388.899851190476,11.2135669714286,0.328883630952381,7.83730158730159E-05,4.19983928571429,38.8089642857143,3.88089642857143,34.1918452380952,3.41960180798264,45.755505952381,4.5755505952381
140,7.54285714285714,15.2228571428571,11.5808035714286,389.012410714286,17.7419360571429,0.378384821428571,3.65410052910053E-05,3.3096755952381,42.1261041666667,4.21261041666667,38.6057142857143,3.86094100866636,46.1335714285714,4.61335714285714
147,14.44,23.4571428571429,19.0851785714286,387.472297619048,21.8277833142857,0.707582142857143,6.33267195767196E-05,2.44991666666667,41.5810952380952,4.15810952380952,37.1787202380952,3.7182557876947,45.8557738095238,4.58557738095238
154,9.25857142857143,14.7257142857143,12.2937202380952,389.534970238095,14.9109606,0.328191369047619,8.49867724867725E-05,2.74035714285714,44.1910952380952,4.41910952380952,40.1549107142857,4.01584639422652,47.0497023809524,4.70497023809524
161,14.8985714285714,22.5985714285714,18.6736011904762,387.641098214286,22.6082751428571,0.638617857142857,6.61375661375661E-07,2.50866071428571,38.433693452381,3.8433693452381,30.1133630952381,3.01181010131052,45.4369642857143,4.54369642857143
168,14.1142857142857,21.6957142857143,17.724494047619,396.188392857143,20.6370082285714,0.607710416666667,3.76984126984127E-05,2.79459821428571,35.7694851190476,3.57694851190476,25.706369047619,2.57119190521117,44.0931547619048,4.40931547619048
175,12.5414285714286,20.3942857142857,16.384880952381,391.506860119048,18.1431516857143,0.4510375,5.4728835978836E-05,2.82557738095238,39.4016577380952,3.94016577380952,33.3733035714286,3.33775787468277,43.6725892857143,4.36725892857143
182,10.25,16.5328571428571,13.3720238095238,382.385029761905,16.2048515142857,0.396295833333333,1.91798941798942E-05,3.90199702380952,39.8323720238095,3.98323720238095,34.1774404761905,3.4181615076434,44.3836011904762,4.43836011904762
189,11.38,16.7214285714286,13.8312797619048,381.883541666667,16.3547231142857,0.395030952380952,2.56283068783069E-05,3.791125,36.7539047619048,3.67539047619048,33.4160416666667,3.34203113749462,42.940625,4.2940625
196,12.7128571428571,20.2457142857143,16.2941666666667,387.413125,18.4834545428571,0.631379166666667,4.31547619047619E-05,3.10135714285714,40.0821934523809,4.0082193452381,35.4635714285714,3.54675946491913,41.5986607142857,4.15986607142857
203,16.8985714285714,23.8042857142857,19.9399702380952,387.101038690476,18.7372298571429,0.940495535714286,6.20039682539683E-05,2.81293154761905,32.465556547619,3.2465556547619,22.9425297619048,2.29487481925669,41.0752976190476,4.10752976190476
210,12.5485714285714,18.8571428571429,15.8953273809524,378.734761904762,14.6023122857143,0.542514285714286,7.35780423280423E-05,3.58710416666667,37.9133154761905,3.79133154761905,31.583244047619,3.15877614955765,44.5691071428571,4.45691071428571
217,10.9771428571429,18.4114285714286,14.4434523809524,376.386160714286,18.3720144857143,0.564524404761905,8.26719576719577E-06,2.82124107142857,38.9220148809524,3.89220148809524,31.0766369047619,3.10812279847558,45.086994047619,4.5086994047619
224,13.8114285714286,20.2071428571429,16.7842857142857,381.693898809524,13.4222626285714,0.422620833333333,0.000156415343915344,2.43491369047619,40.0370327380952,4.00370327380952,34.3127976190476,3.43169557533252,44.9761607142857,4.49761607142857
231,13.3985714285714,20.3514285714286,16.9366071428571,377.370592261905,15.7240069714286,0.640907440476191,3.47222222222222E-06,2.89966666666667,37.11175,3.711175,25.6583630952381,2.56639234813587,44.9633630952381,4.49633630952381
238,13.6328571428571,19.9214285714286,16.6572321428571,382.460958333333,15.5518534285714,0.472968452380952,2.48015873015873E-05,2.36191964285714,35.3449107142857,3.53449107142857,26.010625,2.60161100977949,42.8280059523809,4.2828005952381
245,10.2157142857143,15.5114285714286,12.7595535714286,380.430931547619,14.5511259428571,0.379009821428571,5.45634920634921E-06,2.6154494047619,30.6753988095238,3.06753988095238,19.1135714285714,1.91210351311078,40.5620238095238,4.05620238095238
252,8.56428571428571,13.3257142857143,10.6690476190476,380.087827380952,8.63199128571429,0.190603273809524,3.02579365079365E-05,3.41561011904762,32.6821369047619,3.26821369047619,20.1901488095238,2.01972146763031,39.7782142857143,3.97782142857143
259,8.88,14.3271428571429,11.5068452380952,379.721568452381,12.0712584857143,0.301470238095238,2.36441798941799E-05,3.12883928571429,35.1381428571429,3.51381428571429,25.5617261904762,2.556730759323,39.4523809523809,3.94523809523809
266,8.61857142857143,16.5485714285714,12.398869047619,381.499666666667,13.2042805714286,0.440864285714286,1.96759259259259E-05,3.16522321428571,34.4527113095238,3.44527113095238,25.4756547619048,2.54812550177129,38.4242261904762,3.84242261904762
273,9.18142857142857,13.1614285714286,11.0894642857143,386.505258928571,7.10061737142857,0.227048214285714,0.000215939153439153,3.37721428571429,40.5537529761905,4.05537529761905,36.8090773809524,3.6812953553972,42.7277083333333,4.27277083333333
280,8.92857142857143,13.02,10.9228571428571,396.352526785714,7.2975762,0.132435416666667,1.81878306878307E-06,1.96195238095238,42.3138005952381,4.23138005952381,37.5740773809524,3.75778746439944,46.4362797619048,4.64362797619048
287,5.68857142857143,11.2142857142857,8.42267857142857,390.75387797619,8.19642471428571,0.191225595238095,0,2.20413392857143,39.837181547619,3.9837181547619,33.9266071428571,3.39308126038226,44.9037797619048,4.49037797619048
294,4.23,9.59428571428571,6.83514880952381,387.196755952381,7.42520005714286,0.205566964285714,2.1494708994709E-05,3.13728571428571,38.6976755952381,3.86976755952381,34.6270238095238,3.46311442149301,44.3929166666667,4.43929166666667
301,2.41,4.75428571428571,3.47919642857143,401.658800595238,3.24595028571429,0.0602282738095238,5.62169312169312E-06,2.99854761904762,42.7228125,4.27228125,40.0934226190476,4.00969812958472,45.1785714285714,4.51785714285714
308,4.97571428571429,8.1,6.50145833333333,402.753720238095,3.43511151428571,0.100037797619048,7.27513227513228E-06,3.13975595238095,42.8630625,4.28630625,39.8047619047619,3.98083463864645,45.8115178571429,4.58115178571429
315,2.03142857142857,5.86571428571429,3.5408630952381,388.291538690476,2.45663485714286,0.0753934523809524,0.000102843915343915,4.40339285714286,44.5769702380952,4.45769702380952,42.5857738095238,4.25891242300882,46.7616666666667,4.67616666666667
322,-1.24571428571429,1.14857142857143,0.0219047619047619,397.3529375,1.50232885714286,0.0240151785714286,2.28174603174603E-05,3.1526755952381,45.7849970238095,4.57849970238095,43.6082738095238,4.36115456774506,47.9211011904762,4.79211011904762
329,0.824285714285714,4.83,2.754375,399.68162797619,2.47181297142857,0.106696130952381,2.39748677248677E-05,2.8393869047619,44.0579285714286,4.40579285714286,41.2947619047619,4.12982170620105,46.1805654761905,4.61805654761905
336,0.472857142857143,3.25857142857143,1.65276785714286,393.062488095238,2.12062088571429,0.0621660714285714,2.69510582010582E-05,4.71321130952381,44.7108095238095,4.47108095238095,42.3516666666667,4.23550356058687,46.4912797619048,4.64912797619048
343,2.70285714285714,6.48571428571429,4.6678869047619,390.109449404762,1.33758334285714,0.105840178571429,4.4973544973545E-05,4.98731845238095,44.9136428571429,4.49136428571429,42.7460416666667,4.27493795264722,46.7406845238095,4.67406845238095
350,-1.27,0.65,-0.299732142857143,394.439101190476,0.667355657142857,0.0426943452380952,1.35582010582011E-05,2.94070833333333,44.4638095238095,4.44638095238095,42.137380952381,4.21407670226354,46.3866964285714,4.63866964285714
357,-6.35714285714286,-1.46,-3.74651785714286,409.892782738095,2.6200926,0.0608880952380952,1.15740740740741E-06,3.37699702380952,43.0658898809524,4.30658898809524,37.716875,3.77206578878946,45.9438988095238,4.59438988095238
365,-2.28125,-0.13,-1.18591145833333,403.964052083333,1.3027275,0.02681875,1.15740740740741E-06,3.3026015625,42.0561875,4.20561875,35.3179427083333,3.53219825162614,45.750859375,4.5750859375
7,-2.73142857142857,0.857142857142857,-1.00764880952381,396.533535714286,1.77200151428571,0.0570613095238095,1.1739417989418E-05,3.3990625,43.8131755952381,4.38131755952381,41.7705482142857,4.17751637438219,46.0963095238095,4.60963095238095
14,1.37428571428571,5.22714285714286,3.25095238095238,393.485625,3.03435257142857,0.151335416666667,9.92063492063492E-07,3.84811607142857,44.6996071428571,4.46996071428571,42.3419047619048,4.23452744777522,46.4616071428571,4.64616071428572
21,4.78142857142857,7.75714285714286,6.44166666666667,390.965163690476,1.38508971428571,0.13346369047619,3.7037037037037E-05,4.97366964285714,44.4661041666667,4.44661041666667,41.9754464285714,4.19788455606848,46.5597619047619,4.65597619047619
28,1.40285714285714,5.23857142857143,3.24392857142857,394.066952380952,3.31647042857143,0.123458928571429,3.25727513227513E-05,4.89950892857143,44.7722321428571,4.47722321428571,42.5390178571429,4.25423719599681,46.6452678571429,4.66452678571429
35,-0.888571428571429,2.65714285714286,0.938452380952381,394.844074404762,3.06210677142857,0.122960416666667,6.94444444444444E-06,3.53756547619048,44.6183601190476,4.46183601190476,42.1165178571429,4.21199056046069,46.5930357142857,4.65930357142857
42,3.02,7.59571428571429,5.0671130952381,392.557172619048,6.05537562857143,0.264068154761905,1.20701058201058E-05,2.92127083333333,44.6378005952381,4.46378005952381,42.1403571428571,4.21437429739874,46.5027678571429,4.65027678571429
49,-2.91,1.69714285714286,-0.991339285714286,399.396169642857,5.58856954285714,0.12434255952381,0,2.97054464285714,43.7891875,4.37891875,40.0306547619048,4.00342190181945,46.0523214285714,4.60523214285714
56,3.33857142857143,7.44428571428571,5.26413690476191,397.677886904762,5.9800932,0.172745238095238,8.10185185185185E-06,4.07345238095238,44.0719404761905,4.40719404761905,41.324494047619,4.13279467191592,46.2206845238095,4.62206845238095
63,2.76571428571429,7.47714285714286,5.29880952380952,394.877544642857,4.37217351428571,0.18881875,4.97685185185185E-05,4.76835119047619,45.2777857142857,4.52777857142857,43.0928869047619,4.3096197900935,46.6850297619048,4.66850297619048
70,0.528571428571429,5.57857142857143,2.96386904761905,395.817916666667,9.12024,0.222869642857143,2.81084656084656E-06,3.56439583333333,44.9370773809524,4.49370773809524,42.2101785714286,4.22135588023782,46.2775892857143,4.62775892857143
77,2.29714285714286,7.42714285714286,4.88110119047619,392.118288690476,7.75120577142857,0.202511904761905,4.4973544973545E-05,4.24449107142857,45.9309285714286,4.59309285714286,43.4507738095238,4.34540575363954,46.8331845238095,4.68331845238095
84,-2.84428571428571,1.30428571428571,-1.1910119047619,394.028869047619,8.79393651428571,0.0564860119047619,6.59722222222222E-05,3.59568452380952,46.7575982142857,4.67575982142857,44.2309226190476,4.42341484315244,47.0063095238095,4.70063095238095
91,1.52571428571429,7.68,4.37235119047619,392.746988095238,11.3528198571429,0.318586904761905,1.15740740740741E-05,3.35727380952381,46.9223571428571,4.69223571428571,44.2107738095238,4.42140010920391,47.3178571428571,4.73178571428571
98,2.45428571428571,6.73285714285714,4.56324404761905,393.406904761905,7.82324717142857,0.179887202380952,3.37301587301587E-05,3.00449107142857,46.3753571428571,4.63753571428571,43.488005952381,4.34912868681105,46.7566369047619,4.67566369047619
105,2.24571428571429,7.50142857142857,4.81839285714286,397.524571428571,9.28322485714286,0.192205357142857,4.59656084656085E-05,2.66318452380952,46.7788005952381,4.67788005952381,44.1936607142857,4.41968892464092,47.1174702380952,4.71174702380952
112,2.84571428571429,7.57714285714286,5.08633928571429,396.067470238095,10.6896834,0.222048214285714,8.26719576719577E-07,3.38899404761905,45.4364791666667,4.54364791666667,41.64125,4.16446764099862,46.3571428571429,4.63571428571429
119,7.86285714285714,15.1514285714286,11.5075892857143,392.834910714286,16.817265,0.59021130952381,1.86838624338624E-05,2.45522916666667,44.375005952381,4.4375005952381,39.872380952381,3.98759593557541,46.1616964285714,4.61616964285714
126,7.25571428571429,14.1514285714286,10.5976488095238,393.791517857143,18.8421881142857,0.442891071428571,1.5542328042328E-05,2.41924107142857,45.5243005952381,4.55243005952381,41.5810119047619,4.15844432781528,46.1487202380952,4.61487202380952
133,11.1528571428571,19.0028571428571,15.3960119047619,390.38906547619,26.7212988,0.891482142857143,0,2.66488392857143,42.8160386904762,4.28160386904762,36.6651785714286,3.66690699555457,45.9807142857143,4.59807142857143
140,9.94571428571428,16.2528571428571,12.9533333333333,387.158154761905,16.2852773142857,0.409279761904762,6.94444444444444E-06,2.5571369047619,39.2100029761905,3.92100029761905,32.2581845238095,3.2262607465952,45.5061309523809,4.55061309523809
147,8.89571428571429,15.9785714285714,12.488869047619,380.519904761905,16.5549903428571,0.470354166666667,1.98412698412698E-06,2.50062797619048,36.2157321428571,3.62157321428571,27.9850595238095,2.79901577037558,45.0452380952381,4.50452380952381
154,13.8442857142857,22.59,18.2504761904762,373.900833333333,21.1004169428571,0.536996726190476,3.14153439153439E-06,3.23300297619048,32.4416130952381,3.24416130952381,23.0985416666667,2.31047181081418,44.2671428571429,4.42671428571429
161,14.6185714285714,21.4142857142857,18.1622023809524,380.539217261905,23.8678508571429,0.856169047619048,8.26719576719577E-06,2.61195833333333,29.6709910714286,2.96709910714286,20.6180654761905,2.06249847444898,42.5439285714286,4.25439285714286
168,9.55,16.4528571428571,12.5373511904762,386.498333333333,21.1215258,0.507153869047619,4.6957671957672E-05,2.60352380952381,31.4771607142857,3.14771607142857,19.2406547619048,1.92480691862006,42.7371130952381,4.27371130952381
175,12.6757142857143,20.8885714285714,16.9835714285714,382.585639880952,23.5241125714286,0.826274107142857,2.08333333333333E-05,2.69601785714286,30.0336488095238,3.00336488095238,19.3441071428571,1.93514819299271,42.244255952381,4.2244255952381
182,12.9957142857143,20.68,16.8270833333333,389.257110119048,21.9125705142857,0.695240476190476,1.71957671957672E-05,3.06314285714286,27.909681547619,2.7909681547619,18.9884821428571,1.89959949941971,41.2433630952381,4.12433630952381
189,14.3357142857143,23.5228571428571,18.9452083333333,381.375961309524,23.1467631428571,0.999726488095238,5.95238095238095E-06,2.7729375,25.0613571428571,2.50613571428571,17.5210416666667,1.75291834611606,38.1810714285714,3.81810714285714
196,12.0542857142857,18.7485714285714,15.346130952381,380.672380952381,14.3763654857143,0.485469345238095,2.05026455026455E-05,3.10447321428571,24.1548273809524,2.41548273809524,16.8580357142857,1.68664975580021,36.9186904761905,3.69186904761905
203,10.8771428571429,17.7614285714286,14.0030654761905,387.451133928571,14.5080136285714,0.372216071428571,2.36441798941799E-05,3.31197321428571,23.8683630952381,2.38683630952381,16.4827976190476,1.6491452000368,36.4171428571429,3.64171428571429
210,15.2542857142857,24.19,19.7933035714286,384.635505952381,23.4918804857143,1.07740744047619,1.48809523809524E-06,2.8140744047619,23.0437589285714,2.30437589285714,15.9266369047619,1.59355933314729,35.9324702380952,3.59324702380952
217,16.6914285714286,25.18,20.841755952381,380.310613095238,18.2139068571429,1.05018214285714,9.58994708994709E-06,2.99860119047619,21.8758422619048,2.18758422619048,14.6719047619048,1.46816266493996,35.2495535714286,3.52495535714286
224,14.2771428571429,22.23,18.0546130952381,372.410863095238,18.4089656571429,0.827486011904762,3.45568783068783E-05,3.25579761904762,21.7435029761905,2.17435029761905,14.1262202380952,1.41363174110208,34.9880654761905,3.49880654761905
231,13.4971428571429,19.6942857142857,16.5339285714286,377.952345238095,15.1701089142857,0.707947619047619,8.43253968253968E-06,3.04939285714286,21.1657827380952,2.11657827380952,13.9778571428571,1.39880614109347,34.7333035714286,3.47333035714286
238,11.9557142857143,18.5942857142857,14.97,382.060595238095,11.8087346571429,0.414792261904762,3.29034391534392E-05,3.42229464285714,21.1826369047619,2.11826369047619,13.7811607142857,1.37915105178124,34.3859821428571,3.43859821428571
245,13.3542857142857,20.1971428571429,16.6657142857143,386.215321428571,12.6879896571429,0.535494940476191,1.43849206349206E-05,2.56095833333333,20.8720327380952,2.08720327380952,13.8409523809524,1.38512575075965,34.4137797619048,3.44137797619048
252,11.5314285714286,18.6885714285714,14.8294047619048,383.596636904762,11.8210559142857,0.421170535714286,1.68650793650794E-05,3.16774702380952,20.6907797619048,2.06907797619048,13.7575297619048,1.37678973296453,34.2645833333333,3.42645833333333
259,10.3657142857143,16.36,13.1377083333333,387.406345238095,11.6611436571429,0.44089375,6.11772486772487E-06,3.45471726190476,20.2761160714286,2.02761160714286,13.4375,1.34481142908572,34.023869047619,3.4023869047619
266,6.56285714285714,11.4357142857143,8.71869047619048,386.669672619048,10.3713076285714,0.3425875,8.5978835978836E-06,2.05914583333333,19.733556547619,1.9733556547619,13.1565476190476,1.31673883888274,33.5657738095238,3.35657738095238
273,7.47714285714286,12.11,9.54910714285714,392.894279761905,7.98149828571429,0.173641666666667,3.53835978835979E-05,2.67278571428571,22.0490535714286,2.20490535714286,13.99875,1.40089390494947,35.1601488095238,3.51601488095238
280,5.78714285714286,10.1057142857143,7.73752976190476,390.493574404762,5.17208014285714,0.1307375,5.37367724867725E-05,4.44428571428571,23.4997083333333,2.34997083333333,14.3301785714286,1.43401321339445,36.1692261904762,3.61692261904762
287,9.47714285714286,14.8542857142857,11.7624107142857,397.237851190476,7.42056917142857,0.177629464285714,3.30687830687831E-07,3.04622321428571,24.4394523809524,2.44394523809524,15.5391369047619,1.55483165479383,36.9241666666667,3.69241666666667
294,5.91,11.5771428571429,8.73285714285714,396.678601190476,6.05130557142857,0.174330357142857,2.57936507936508E-05,3.75623214285714,25.5781428571429,2.55781428571429,16.5546428571429,1.65632596990299,36.5939583333333,3.65939583333333
301,5.01714285714286,10.4542857142857,7.54160714285714,396.922538690476,5.59233154285714,0.1794875,3.80291005291005E-05,3.23607738095238,28.5426577380952,2.85426577380952,19.8305654761905,1.9837759420747,37.4334821428571,3.74334821428571
308,1.99142857142857,5.10428571428571,3.35333333333333,407.969991071429,3.08775214285714,0.0341901785714286,3.09193121693122E-05,2.0736755952381,36.375068452381,3.6375068452381,29.3169047619048,2.93217713746723,44.8494345238095,4.48494345238095
315,6.69142857142857,9.30714285714286,8.04178571428571,414.264973214286,2.17114148571429,0.0977758928571429,8.26719576719577E-06,2.90263095238095,37.8465416666667,3.78465416666667,32.063125,3.20675748458717,45.6311309523809,4.5631130952381
322,3.71428571428571,7.58714285714286,5.80877976190476,397.722383928571,2.93174177142857,0.154304166666667,3.30687830687831E-06,3.9846755952381,37.256005952381,3.7256005952381,32.1974702380952,3.22019015193666,45.5699702380952,4.55699702380952
329,-0.908571428571429,2.68571428571429,1.09666666666667,397.650842261905,1.4846274,0.0749678571428572,6.34920634920635E-05,4.54901488095238,39.5624851190476,3.95624851190476,35.0913095238095,3.50953754193592,45.7689583333333,4.57689583333333
336,-1.85285714285714,1.51857142857143,-0.182470238095238,411.057803571429,2.37293691428571,0.0736699404761905,1.48809523809524E-05,3.42003273809524,40.9608869047619,4.09608869047619,36.557380952381,3.65612838098919,46.1124404761905,4.61124404761905
343,-0.262857142857143,2.45857142857143,1.20017857142857,408.280625,1.37756751428571,0.0424095238095238,2.44708994708995E-05,3.60205357142857,41.806306547619,4.1806306547619,38.1502083333333,3.81539482571161,46.3877380952381,4.63877380952381
350,-1.73142857142857,0.182857142857143,-0.754583333333333,391.428648809524,1.26862251428571,0.020885119047619,7.60582010582011E-06,2.3596994047619,40.6858541666667,4.06858541666667,36.8499107142857,3.6853782592575,46.0241666666667,4.60241666666667
357,0.0657142857142857,3.08,1.57732142857143,394.692586309524,0.885294514285714,0.0290970238095238,1.68650793650794E-05,3.73085416666667,41.5096488095238,4.15096488095238,39.4922023809524,3.94958152293133,46.4534821428571,4.64534821428571
366,-4.52777777777778,-1.47222222222222,-3.04384259259259,401.749020833333,1.5644604,0.0334236111111111,1.28600823045267E-06,3.49175925925926,39.2508194444444,3.92508194444444,38.0856394952645,3.80920859542339,46.1691203703704,4.61691203703704
7,-9.49285714285714,-5.27428571428571,-7.08321428571429,409.595863095238,2.05440685714286,0.02638125,4.46428571428571E-06,3.67228571428571,34.368125,3.4368125,37.5053125,3.75124840912691,45.5938392857143,4.55938392857143
14,-5.88142857142857,-0.668571428571429,-3.66556547619048,411.675907738095,4.12435928571429,0.18731755952381,1.65343915343915E-07,3.55552380952381,32.8892559523809,3.2889255952381,NA,NA,45.4449702380952,4.54449702380952
21,-1.67,2.48,0.0597321428571429,405.354318452381,2.60079994285714,0.0509613095238095,9.09391534391535E-06,3.56834523809524,34.4487321428571,3.44487321428571,34.5689616578014,3.45727864687608,45.6879166666667,4.56879166666667
28,-1.83142857142857,0.915714285714286,-0.609523809523809,399.723050595238,2.47476651428571,0.0478226190476191,1.30621693121693E-05,2.87511904761905,40.2502827380952,4.02502827380952,34.9425,3.49465832089485,46.2588095238095,4.62588095238095
35,-3.53857142857143,-1.16428571428571,-2.43300595238095,408.033943452381,1.9937034,0.0121110119047619,2.1494708994709E-06,3.40952976190476,35.5379345238095,3.55379345238095,28.8780952380952,2.88830357876463,45.8029166666667,4.58029166666667
42,-0.362857142857143,3.29285714285714,1.08294642857143,411.024303571429,3.8877876,0.0833166666666667,2.99272486772487E-05,3.22117261904762,39.6505,3.96505,34.421369047619,3.4425514067946,46.0070833333333,4.60070833333333
49,-5.41285714285714,-0.935714285714286,-3.23607142857143,399.946398809524,6.2731764,0.0416264880952381,2.82738095238095E-05,3.11099702380952,40.8450327380952,4.08450327380952,35.9232142857143,3.59271860343571,46.2404166666667,4.62404166666667
56,-2.16285714285714,1.85285714285714,-0.140297619047619,399.3853125,5.00823668571429,0.048896130952381,2.13293650793651E-05,3.56108630952381,41.6287738095238,4.16287738095238,36.6482142857143,3.66521074709435,46.3813988095238,4.63813988095238
63,2.33714285714286,5.84,3.89988095238095,399.283431547619,4.78566668571429,0.0733702380952381,3.17460317460317E-05,3.10371428571429,45.4397678571429,4.54397678571429,39.2914880952381,3.92951193975562,48.8481845238095,4.88481845238095
70,0.291428571428571,3.84428571428571,2.00845238095238,397.915958333333,4.04064642857143,0.039052380952381,4.39814814814815E-05,3.4409255952381,43.1319583333333,4.31319583333333,38.2992261904762,3.83029515640664,48.7421130952381,4.87421130952381
77,2.36571428571429,7.05857142857143,4.47877976190476,395.409145833333,6.928704,0.154978571428571,2.87698412698413E-05,3.04426785714286,41.5105952380952,4.15105952380952,36.775625,3.67795046985489,46.601369047619,4.66013690476191
84,-1.43142857142857,4.19285714285714,1.43431547619048,394.943476190476,8.67951745714286,0.19926755952381,2.23214285714286E-05,3.77478273809524,40.597994047619,4.0597994047619,36.1871130952381,3.61910558826005,46.4214880952381,4.64214880952381
91,1.97714285714286,7.75571428571429,4.73452380952381,394.049226190476,11.1802055142857,0.205533630952381,1.68667328042328E-05,3.15760416666667,41.3870773809524,4.13870773809524,37.1766071428571,3.71804449998154,46.6508333333333,4.66508333333333
98,7.8,16.2485714285714,11.9929107142857,399.768270833333,15.6136248,0.505702380952381,0,2.94830357142857,39.4513333333333,3.94513333333333,35.0151785714286,3.50192533061313,46.2564880952381,4.62564880952381
105,9.12857142857143,18.7985714285714,13.7678571428571,396.083482142857,18.7190722285714,0.637149404761905,1.65343915343915E-07,2.494375,37.225306547619,3.72253065476191,30.195119047619,3.01998441391648,45.9612797619048,4.59612797619048
112,6.09142857142857,13.1128571428571,9.45434523809524,397.101386904762,14.5362445714286,0.370858630952381,4.43121693121693E-05,2.68045535714286,39.8188630952381,3.98188630952381,33.9301785714286,3.39343835897897,46.2552380952381,4.62552380952381
119,7.12428571428571,14.1214285714286,10.7944345238095,398.419375,15.3385863428571,0.451974107142857,4.4973544973545E-05,2.57550595238095,38.6970744047619,3.86970744047619,34.0138095238095,3.40180042044202,45.8936607142857,4.58936607142857
126,7.45428571428571,13.8185714285714,10.7842857142857,392.795708333333,13.5306822857143,0.328302976190476,2.48015873015873E-05,2.7556875,40.4167916666667,4.04167916666667,36.888244047619,3.68921119027721,46.1690476190476,4.61690476190476
133,7.38857142857143,14.6771428571429,11.2016071428571,388.025505952381,16.8106158,0.36260744047619,3.48875661375661E-05,3.07840476190476,41.2121488095238,4.12121488095238,38.1931547619048,3.81968904807285,46.4417857142857,4.64417857142857
140,9.51,17.7542857142857,13.4891369047619,388.038083333333,21.2869483714286,0.5065625,7.58928571428571E-05,2.69316369047619,41.0197083333333,4.10197083333333,39.4458630952381,3.94494801874274,46.394494047619,4.6394494047619
147,10.3028571428571,19.8128571428571,15.437380952381,389.593928571429,21.3644167714286,0.623302678571429,6.94444444444444E-06,2.58222619047619,39.3201845238095,3.93201845238095,37.2474107142857,3.72512412766158,46.0252678571429,4.60252678571429
154,8.76714285714286,16.0285714285714,12.3399107142857,386.009794642857,19.2857258571429,0.432895833333333,1.81878306878307E-05,3.39658928571429,36.0603035714286,3.60603035714286,32.66875,3.26731173641644,45.0727380952381,4.50727380952381
161,7.16142857142857,13.2185714285714,10.0830654761905,387.712708333333,14.9569457142857,0.269896726190476,2.94312169312169E-05,3.11016666666667,36.6296815476191,3.66296815476191,34.7058035714286,3.470991462491,44.1864880952381,4.41864880952381
168,8.59285714285714,17.1671428571429,12.686130952381,386.50869047619,19.0374063428571,0.364480357142857,6.91137566137566E-05,2.98991964285714,40.2724017857143,4.02724017857143,39.6040178571429,3.96076205061456,44.7233333333333,4.47233333333333
175,9.82714285714286,16.9214285714286,13.383244047619,385.468720238095,18.1942770857143,0.448418452380952,1.81878306878307E-05,3.17786904761905,40.1429255952381,4.01429255952381,40.3389583333333,4.0342495351036,45.8396130952381,4.58396130952381
182,15.1885714285714,20.57,17.6351785714286,380.40931547619,15.3296264571429,0.399877380952381,1.25661375661376E-05,2.04028869047619,39.2737916666667,3.92737916666667,42.904255952381,4.29075815044075,45.448244047619,4.54482440476191
189,14.9657142857143,21.6014285714286,17.9185416666667,388.134470238095,20.3080019142857,0.522589285714286,3.76984126984127E-05,2.55597321428571,32.7337142857143,3.27337142857143,33.109375,3.31136842501795,43.5772916666667,4.35772916666667
196,12.2057142857143,18.4457142857143,14.9850297619048,386.590282738095,14.9379012,0.288643452380952,5.15873015873016E-05,3.09625,39.4839375,3.94839375,41.4402380952381,4.1443681124147,44.2974404761905,4.42974404761905
203,13.2671428571429,20.4671428571429,16.8730357142857,385.415595238095,16.1226452571429,0.556872321428571,4.05092592592593E-05,3.05986607142857,37.794494047619,3.7794494047619,38.893630952381,3.88972993971299,43.83125,4.383125
210,13.4142857142857,20.6371428571429,17.02125,383.532892857143,19.8248142857143,0.722838690476191,0.000113756613756614,2.88149107142857,40.476806547619,4.0476806547619,41.50875,4.15121873465186,45.6070833333333,4.56070833333333
217,13.31,20.7742857142857,17.4552380952381,381.105505952381,19.4466299142857,0.910536904761905,9.92063492063492E-07,2.2612380952381,32.3707172619048,3.23707172619048,24.5120238095238,2.45178441745725,43.2127083333333,4.32127083333333
224,15.6728571428571,22.4642857142857,18.7797023809524,386.463633928571,15.4636796571429,0.688283630952381,2.76124338624339E-05,2.24508630952381,29.1255863095238,2.91255863095238,20.6680654761905,2.06749680110528,40.4362797619048,4.04362797619048
231,14.6057142857143,23.1157142857143,18.6452083333333,379.872142857143,19.9230708857143,0.882949107142857,2.86044973544974E-05,2.494625,28.230619047619,2.8230619047619,19.8572916666667,1.98644759323026,39.3590773809524,3.93590773809524
238,14.5857142857143,23.2742857142857,18.9233630952381,383.629732142857,16.4830397142857,0.866165476190476,1.76917989417989E-05,2.28783928571429,26.5830297619048,2.65830297619048,18.5452083333333,1.85529006857875,36.7302083333333,3.67302083333333
245,13.3242857142857,21.2685714285714,17.2610714285714,379.670654761905,16.5674046857143,0.851768452380952,4.62962962962963E-06,2.96150297619048,23.9501785714286,2.39501785714286,16.2785714285714,1.62873343271715,34.8768452380952,3.48768452380952
252,11.43,18.0457142857143,14.5588392857143,378.643571428571,12.5873935714286,0.528701785714286,2.74470899470899E-05,3.26689285714286,23.9408720238095,2.39408720238095,16.646875,1.66554441248375,33.9990178571429,3.39990178571429
259,10.5985714285714,14.7785714285714,12.4177678571429,385.036541666667,6.95159408571429,0.14931130952381,0.000101851851851852,2.72400892857143,27.0741577380952,2.70741577380952,18.2125595238095,1.82203923157067,37.9352380952381,3.79352380952381
266,11.6628571428571,18.48,14.8665773809524,388.535863095238,12.6153876857143,0.398678571428571,1.15740740740741E-06,2.57895535714286,28.8206607142857,2.88206607142857,20.2898511904762,2.0296882348322,43.9140773809524,4.39140773809524
273,9.78,14.6028571428571,12.2332738095238,390.149583333333,8.26331477142857,0.268752678571429,1.91798941798942E-05,2.14422321428571,26.0579255952381,2.60579255952381,17.8597023809524,1.78676898581253,40.7359523809524,4.07359523809524
280,8.36,12.9385714285714,10.8058928571429,391.230535714286,5.46001277142857,0.146344642857143,3.81944444444444E-05,3.54624107142857,31.3744791666667,3.13744791666667,25.5513988095238,2.55569824676798,40.1029464285714,4.01029464285714
287,4.05285714285714,9.53857142857143,6.88895833333333,387.940208333333,6.25340262857143,0.128547916666667,3.09193121693122E-05,3.19241071428571,35.9408511904762,3.59408511904762,30.06125,3.00659961300546,44.7816964285714,4.47816964285714
294,0.14,5.80571428571429,2.55922619047619,388.175952380952,6.50783057142857,0.107584226190476,1.33928571428571E-05,3.16588392857143,37.0869791666667,3.70869791666667,32.0772321428571,3.20816800320168,45.1354464285714,4.51354464285714
301,5.58142857142857,8.84,6.92616071428571,408.171431547619,3.4909758,0.0577428571428571,7.60582010582011E-06,3.01575892857143,36.9119345238095,3.69119345238095,32.4793452380952,3.24837380673059,44.4281547619048,4.44281547619048
308,3.30142857142857,7.09285714285714,5.11875,410.879226190476,3.21154097142857,0.0463928571428571,4.97685185185185E-05,2.4203005952381,37.8341964285714,3.78341964285714,33.5894642857143,3.35937119522573,44.639375,4.4639375
315,3.16142857142857,5.49857142857143,4.2472619047619,402.02437202381,2.59129285714286,0.0628181547619048,2.62896825396825E-05,2.77242261904762,39.2445625,3.92445625,35.2493154761905,3.52533631483573,45.9783928571429,4.59783928571429
322,5.97714285714286,9.60714285714286,7.83449404761905,398.882119047619,2.22625157142857,0.123539285714286,3.80291005291005E-05,3.55238988095238,39.3812083333333,3.93812083333333,35.6085119047619,3.56125187511573,46.1785119047619,4.61785119047619
329,7.37428571428571,11.2328571428571,9.18297619047619,397.018244047619,2.98224128571429,0.304459821428571,2.33134920634921E-05,4.86919642857143,39.3868154761905,3.93868154761905,35.8261607142857,3.5830143221257,46.2524107142857,4.62524107142857
336,3.32,6.58857142857143,4.9221130952381,396.412842261905,1.83567857142857,0.179378571428571,3.80291005291005E-05,3.60632142857143,39.8610148809524,3.98610148809524,37.3279166666667,3.73317389683841,46.5388988095238,4.65388988095238
343,1.87571428571429,5.92285714285714,3.89026785714286,397.049657738095,1.93722942857143,0.0735949404761905,1.70304232804233E-05,3.25016964285714,39.9773065476191,3.99773065476191,38.1510416666667,3.81547815087663,46.6466369047619,4.66466369047619
350,-2.81285714285714,-0.227142857142857,-1.73901785714286,399.384125,0.999861428571428,0.0230657738095238,4.97685185185185E-05,2.96963095238095,41.3084345238095,4.13084345238095,39.3497321428571,3.93533580707487,46.9195535714286,4.69195535714286
357,-10.0171428571429,-4.3,-7.3328869047619,399.524678571429,1.59357497142857,0.0258136904761905,1.62698412698413E-05,2.7656369047619,41.1284345238095,4.11284345238095,38.1564880952381,3.81602274035678,46.6541666666667,4.66541666666667
365,-1.869625,2.01725,0.0568307291666666,400.801447916667,1.6289001,0.0663463541666667,5.44777199074074E-05,3.13964583333333,42.5404274122807,4.27009708065015,40.2251052631579,4.02334361681322,47.2443434210526,4.72722753311944
7,-7.96914285714286,-4.87757142857143,-6.42931547619048,406.661592261905,2.42097582857143,0.0385630952380952,3.7827380952381E-05,1.78393452380952,41.1446111111111,4.14355711057343,38.1900694444444,3.81978837989741,46.721875,4.67718560545948
14,-8.54428571428571,-5.73857142857143,-7.11514880952381,411.8875,0.63252,0.0147642857142857,1.98412698412698E-05,3.04046130952381,40.7752261904762,4.07752261904762,37.4628273809524,3.74666359192415,46.5969345238095,4.65969345238095
21,-3.37571428571429,-0.884285714285714,-2.0302380952381,412.790955357143,1.059732,0.00549434523809524,1.19047619047619E-05,2.27751785714286,42.2459434523809,4.22459434523809,39.3658630952381,3.93694875374698,46.9342857142857,4.69342857142857
28,-9.54857142857143,-6.07285714285714,-7.52651785714286,415.230523809524,1.71370825714286,0.0202895833333333,8.09689153439154E-06,2.88615476190476,41.1916041666667,4.11916041666667,37.9502678571429,3.79540274827171,46.8294642857143,4.68294642857143
35,-4.82714285714286,-1.01714285714286,-2.76226190476191,411.835660714286,2.73811242857143,0.0275300595238095,3.34391534391534E-05,3.95502380952381,40.8044375,4.08044375,37.0358333333333,3.70396857765344,46.6032738095238,4.66032738095238
42,-7.13285714285714,-4.53857142857143,-5.97110119047619,413.723181547619,1.7473482,0.0119574404761905,8.25562169312169E-06,2.35313392857143,42.0738541666667,4.20738541666667,38.3138095238095,3.83175334795537,46.861369047619,4.6861369047619
49,-6.65428571428571,-3.25142857142857,-4.97166666666667,416.01712202381,4.23188382857143,0.04455625,2.48015873015873E-06,2.35457142857143,42.1381160714286,4.21381160714286,37.9403273809524,3.79440879914619,46.8741964285714,4.68741964285714
56,-0.502857142857143,4.51714285714286,2.17339285714286,403.715017857143,4.00587942857143,0.0973779761904762,2.09986772486772E-05,3.25444345238095,43.3683779761905,4.33683779761905,38.9047619047619,3.89084293000395,47.1635119047619,4.71635119047619
63,-0.27,5.06285714285714,2.26306547619048,397.79056547619,7.19068525714286,0.205615773809524,8.92857142857143E-06,3.69540178571429,48.0146011904762,4.80146011904762,47.7425654761905,4.77455540336301,49.5501488095238,4.95501488095238
70,-6.98142857142857,-1.69857142857143,-4.50041666666667,399.538458333333,11.3768254285714,0.123461607142857,6.94444444444444E-06,3.16725892857143,42.2920625,4.22920625,37.6892857142857,3.76930713710493,47.1117261904762,4.71117261904762
77,-0.723571428571429,5.63971428571429,2.30134226190476,398.420071428571,7.81511605714286,0.184833928571429,1.53769841269841E-05,3.6326130952381,43.4459226190476,4.34459226190476,40.1408035714286,4.01443580480492,47.4140773809524,4.74140773809524
84,4.55557142857143,13.6832857142857,9.15647321428571,398.203806547619,9.69671082857143,0.347802083333333,1.81878306878307E-05,2.67625297619048,44.0656130952381,4.40656130952381,40.394494047619,4.03980262029358,48.5335416666667,4.85335416666667
91,4.16728571428571,11.358,7.47607738095238,402.231336309524,10.9226208857143,0.284896726190476,3.7213955026455E-05,3.49782738095238,43.6946875,4.36946875,40.8592857142857,4.08627776932943,47.3155357142857,4.73155357142857
98,2.41842857142857,12.1327142857143,7.2073005952381,400.503214285714,15.9221062285714,0.407395535714286,6.4484126984127E-06,2.62379464285714,42.9294761904762,4.29294761904762,39.1669345238095,3.91705773728489,46.9472916666667,4.69472916666667
105,3.04957142857143,8.87514285714286,5.97047023809524,397.98424702381,12.8239184571429,0.251145535714286,1.70304232804233E-05,3.02275,42.7659702380952,4.27659702380952,38.6359821428571,3.86396750487518,46.8314880952381,4.68314880952381
112,3.06185714285714,11.5601428571429,7.44569345238095,395.509991071429,19.8899611714286,0.549815476190476,3.80291005291005E-06,2.49281845238095,42.2871130952381,4.22871130952381,36.2572916666667,3.62612268233122,46.902380952381,4.6902380952381
119,7.76571428571429,17.0614285714286,12.2563095238095,394.415416666667,19.8983291142857,0.791291369047619,7.44047619047619E-06,2.43543154761905,40.7474702380952,4.07474702380952,31.6458630952381,3.16503716055991,46.75,4.675
126,5.75285714285714,10.9414285714286,8.59389880952381,394.017282738095,12.7392865714286,0.318200892857143,5.14219576719577E-05,3.09777976190476,40.9522280352921,4.09527174247079,32.8109637284701,3.28164528443404,46.8008272796353,4.68008815143904
133,5.43857142857143,8.95142857142857,7.07303571428571,385.453511904762,8.05605634285714,0.142741071428571,4.33201058201058E-05,2.08970833333333,43.5012232142857,4.35012232142857,39.5770833333333,3.95806884339266,47.1576488095238,4.71576488095238
140,4.78,9.16142857142857,7.10589285714286,386.770476190476,9.93350957142857,0.220724107142857,6.86177248677249E-05,3.04709821428571,43.4881726190476,4.34881726190476,39.9089285714286,3.99125036980812,47.2789285714286,4.72789285714286
147,9.21714285714286,16.6971428571429,13.0951488095238,391.131279761905,20.9860076571429,0.485952976190476,4.19973544973545E-05,2.67027976190476,43.2697767857143,4.32697767857143,39.7144642857143,3.9718056916612,46.9279464285714,4.69279464285714
154,8.18571428571429,14.8442857142857,11.7190178571429,389.768193452381,14.1118282285714,0.399032738095238,2.61243386243386E-05,3.18319047619048,43.9647083333333,4.39647083333333,41.5725892857143,4.15760213542451,46.9098214285714,4.69098214285714
161,13.7428571428571,22.9357142857143,18.5857738095238,385.785773809524,25.3121883428571,0.904342857142857,2.16600529100529E-05,2.45096130952381,41.3649970238095,4.13649970238095,35.8422916666667,3.58462723814954,46.2036904761905,4.62036904761905
168,9.89571428571429,17.5171428571429,13.8681547619048,389.516997023809,22.1249530285714,0.515930654761905,3.30687830687831E-06,3.07135714285714,38.6409285714286,3.86409285714286,30.4038095238095,3.0408502187547,45.1475297619048,4.51475297619048
175,9.74714285714286,16.5928571428571,13.3497321428571,382.066875,21.5007274285714,0.664190773809524,3.30687830687831E-07,2.25095833333333,33.3312142857143,3.33312142857143,23.5266964285714,2.35327604962128,43.7478571428571,4.37478571428571
182,15.7214285714286,23.6914285714286,19.7845535714286,376.883279761905,26.5582722857143,1.10256547619048,6.61375661375661E-07,2.28598214285714,28.5401041666667,2.85401041666667,20.1379761904762,2.01450603567759,41.6880357142857,4.16880357142857
189,16.2728571428571,24.3485714285714,20.5793154761905,385.648660714286,23.9401386,1.15103125,8.5978835978836E-06,2.35842857142857,25.4283630952381,2.54283630952381,17.8116369047619,1.78196459268144,39.4791071428571,3.94791071428571
196,19.6157142857143,28.1642857142857,24.1726488095238,388.787199404762,22.9108073142857,1.56142261904762,2.87698412698413E-05,2.38331845238095,24.5708898809524,2.45708898809524,16.6887202380952,1.66972678877524,38.1530952380952,3.81530952380952
203,15.7585714285714,24.6928571428571,20.3088988095238,387.308607142857,21.9896452285714,1.1858880952381,7.44047619047619E-06,2.40124404761905,22.7476785714286,2.27476785714286,15.9903869047619,1.59993076442057,37.2761904761905,3.72761904761905
210,12.1442857142857,18.1885714285714,15.0099404761905,389.356589285714,15.1017822,0.387754166666667,2.84391534391534E-05,2.74426488095238,22.8370982142857,2.28370982142857,15.5280357142857,1.55372219162272,36.7313095238095,3.67313095238095
217,13.5457142857143,19.9971428571429,16.6102083333333,383.39255952381,14.3021211428571,0.625837797619048,1.91798941798942E-05,2.53386904761905,21.6372321428571,2.16372321428571,15.2051488095238,1.52145299647975,36.4510416666667,3.64510416666667
224,13.8985714285714,19.5185714285714,16.7149702380952,384.894991071429,13.8311755714286,0.552540773809524,4.86111111111111E-05,2.61621428571429,23.6732410714286,2.36732410714286,15.4473214285714,1.54565556010245,36.3477976190476,3.63477976190476
231,11.8342857142857,17.0371428571429,14.1633035714286,388.367202380952,10.6455106285714,0.226184821428571,9.55687830687831E-05,3.06125892857143,29.0266547619048,2.90266547619048,16.3285416666667,1.63372777625291,39.7185714285714,3.97185714285714
238,14.3885714285714,21.2085714285714,17.8023214285714,386.167285714286,16.5328269428571,0.645644047619048,4.29117063492063E-05,3.50707142857143,31.7592083333333,3.17592083333333,18.7649404761905,1.87725427900679,42.9565178571429,4.29565178571429
245,8.43,13.6114285714286,11.1547619047619,385.134526785714,10.2243618,0.183520238095238,6.68700396825397E-05,3.41414583333333,36.7492202380952,3.67492202380952,24.8740178571429,2.48797535375136,43.930625,4.3930625
252,8.28,14.2257142857143,11.1595833333333,388.964616071429,11.5444825714286,0.273964880952381,1.48809523809524E-05,2.61588095238095,31.7467053571429,3.17467053571429,20.57125,2.05781850096761,43.2654166666667,4.32654166666667
259,10.3942857142857,15.8628571428571,13.133005952381,385.522035714286,11.2863049714286,0.31805625,2.99272486772487E-05,3.69391666666667,33.0467053571429,3.30467053571429,25.2030357142857,2.5208696534044,41.0081845238095,4.10081845238095
266,8.76857142857143,15.5528571428571,11.9844047619048,387.835952380952,13.5992314285714,0.441421726190476,6.11772486772487E-06,3.16661011904762,34.2268482142857,3.42268482142857,27.2374107142857,2.72426488093328,39.4198511904762,3.94198511904762
273,6.68571428571429,10.6985714285714,8.75032738095238,395.992639880952,5.12585254285714,0.121969345238095,6.94444444444444E-05,2.90072321428571,36.1291101190476,3.61291101190476,30.1930357142857,3.01977611318139,42.0849107142857,4.20849107142857
280,8.82714285714286,15.4857142857143,11.8427678571429,403.429919642857,9.48589122857143,0.170555654761905,1.98412698412698E-06,2.15109821428571,36.3321755952381,3.63321755952381,30.5985119047619,3.06031747130231,45.054880952381,4.5054880952381
287,3.56714285714286,10.1571428571429,6.51113095238095,401.36850297619,10.3088594571429,0.198560119047619,0,2.99151785714286,32.0926815476191,3.20926815476191,25.618244047619,2.56238131396037,42.6786011904762,4.26786011904762
294,2.39714285714286,6.47285714285714,4.17684523809524,399.328482142857,4.66550537142857,0.0689940476190476,5.72089947089947E-05,3.40540476190476,38.3493511904762,3.83493511904762,33.3286904761905,3.33329713735165,45.1424702380952,4.51424702380952
301,2.07285714285714,6.93285714285714,4.50910714285714,399.158139880952,6.26701577142857,0.218661011904762,2.64550264550265E-06,3.530125,38.4153898809524,3.84153898809524,33.6074702380952,3.36117156291436,45.8725892857143,4.58725892857143
308,6.72285714285714,11.9814285714286,9.40130952380952,409.139360119048,4.17648548571429,0.284728869047619,1.65343915343915E-06,3.35646428571429,37.157755952381,3.7157755952381,32.521130952381,3.25255181380999,45.5409523809524,4.55409523809524
315,2.78142857142857,7.05,4.91696428571429,412.4713125,1.78059934285714,0.0931380952380952,4.23280423280423E-05,3.54715773809524,40.1342172619048,4.01342172619048,35.5809821428571,3.55849920890855,46.1423511904762,4.61423511904762
322,4.48,8.17714285714286,6.4114880952381,412.001681547619,1.93503805714286,0.12969375,7.40740740740741E-05,3.76929761904762,41.8096845238095,4.18096845238095,37.4495535714286,3.7453363459498,46.7783928571429,4.67783928571429
329,-0.114285714285714,2.17285714285714,1.06291666666667,407.2115,1.59132522857143,0.0181369047619048,4.44775132275132E-05,2.84916369047619,41.8036398809524,4.18036398809524,37.019255952381,3.7023110120543,46.7597619047619,4.67597619047619
336,-8.82714285714286,-5.38571428571429,-6.91708333333333,407.853636904762,1.57025185714286,0.0276050595238095,1.9469246031746E-05,2.8787619047619,41.1151160714286,4.11151160714286,36.2278571428571,3.62317954964038,46.6326488095238,4.66326488095238
343,-6.50142857142857,-3.67285714285714,-4.94696428571429,410.6483125,1.73364042857143,0.0253309523809524,2.91666666666667E-05,3.36437202380952,41.5446696428571,4.15446696428571,36.8692857142857,3.68731555580966,46.6386607142857,4.66386607142857
350,-6.15142857142857,-2.44571428571429,-4.13488095238095,396.670925595238,1.843092,0.0359443452380952,3.93518518518519E-05,4.01914880952381,42.5525446428571,4.25525446428571,38.5350297619048,3.85387323413841,47.0835416666667,4.70835416666667
357,-6.02142857142857,-1.85142857142857,-4.075,400.895863095238,1.22977285714286,0.0253363095238095,2.91005291005291E-05,2.21059821428571,42.1856101190476,4.21856101190476,37.6212202380952,3.76250127432965,46.8563392857143,4.68563392857143
365,-8.99375,-4.31,-6.51395833333333,404.045645833333,1.226678625,0.0170450520833333,2.02546296296296E-05,2.68728645833333,42.4849375,4.24849375,37.95640625,3.79601652676197,47.01,4.701
7,-3.52857142857143,0.332857142857143,-1.56645833333333,402.924273809524,0.690242142857143,0.0155077380952381,1.66997354497355E-05,3.40434523809524,43.2994345238095,4.32994345238095,38.5739285714286,3.85776274175024,47.1877976190476,4.71877976190476
14,1.26,5.96571428571429,3.85389880952381,400.031922619048,1.67960031428571,0.0522208333333333,3.72023809523809E-05,3.74979464285714,49.8476875,4.98476875,49.6331339285714,4.96360086560298,49.518244047619,4.95182440476191
21,0.837142857142857,3.44571428571429,2.1808630952381,402.652943452381,2.648826,0.0821074404761905,2.05026455026455E-05,3.46449404761905,46.3107172619048,4.63107172619048,43.6588095238095,4.36620776047847,48.9397916666667,4.89397916666667
28,-2.89571428571429,-0.905714285714286,-1.95083333333333,407.135991071429,2.15941422857143,0.0315964285714286,8.5978835978836E-06,3.0518244047619,42.1496369047619,4.21496369047619,37.2699404761905,3.7273768723175,46.83,4.683
35,-6.52857142857143,-2.44857142857143,-4.43922619047619,422.181032738095,3.03779314285714,0.0248741071428571,4.96031746031746E-07,3.8349255952381,41.0139375,4.10139375,35.9845535714286,3.59885185505735,46.8201488095238,4.68201488095238
42,2.17714285714286,6.43,4.69892857142857,403.091363095238,5.29072482857143,0.238487202380952,1.07473544973545E-05,5.12542857142857,41.710306547619,4.17103065476191,37.7126785714286,3.77164618802168,47.0689583333333,4.70689583333333
49,-2.02428571428571,1.08571428571429,-0.649880952380952,403.791666666667,2.46759531428571,0.0270258928571429,1.50462962962963E-05,2.33874107142857,42.8094017857143,4.28094017857143,37.9012797619048,3.79050442463814,47.2620238095238,4.72620238095238
56,-8.13285714285714,-3.02,-5.72255952380952,408.710577380952,6.33520697142857,0.128283035714286,0,2.84594642857143,39.1408958333333,3.91408958333333,24.6948511904762,2.47006284747923,46.8745535714286,4.68745535714286
63,-2.33142857142857,4.00142857142857,0.600625,401.92494047619,10.8006395142857,0.234266666666667,2.64550264550265E-06,3.17071726190476,37.5630119047619,3.75630119047619,19.8152380952381,1.98224376023973,46.7894047619048,4.67894047619048
70,-0.484285714285714,6.01857142857143,2.54529761904762,395.285032738095,10.9786674857143,0.319024107142857,2.97619047619048E-06,3.34480357142857,36.8643154761905,3.68643154761905,20.0761904761905,2.00832964367466,46.75,4.675
77,4.14857142857143,8.53428571428571,6.21125,401.4338125,5.44904485714286,0.19540505952381,1.5707671957672E-05,3.03899702380952,41.1155148809524,4.11155148809524,32.2514583333333,3.22558821977743,46.9334523809524,4.69334523809524
84,3.78857142857143,10.7942857142857,7.09008928571428,394.265038690476,15.4091597142857,0.498310416666667,0,1.9996369047619,41.2183005952381,4.12183005952381,32.8908333333333,3.2895171212369,46.986130952381,4.6986130952381
91,4.55142857142857,11.4757142857143,7.7078869047619,395.64943452381,13.1041126285714,0.423586607142857,3.63756613756614E-06,2.8193630952381,40.2165714285714,4.02165714285714,31.6654464285714,3.1669952151064,46.7111309523809,4.67111309523809
98,7.13857142857143,15.8985714285714,11.6594345238095,392.797943452381,15.9065053714286,0.502666071428571,1.3723544973545E-05,3.85733630952381,40.4144553571429,4.04144553571429,32.5062202380952,3.25106094359597,46.6474702380952,4.66474702380952
105,4.50428571428571,12.8385714285714,8.43339285714286,391.468660714286,16.5488438571429,0.557254761904762,3.96825396825397E-06,3.04798214285714,38.9278779761905,3.89278779761905,28.3617857142857,2.83668161878104,46.4575595238095,4.64575595238095
112,9.19714285714286,16.4485714285714,12.9169791666667,388.618988095238,19.0899347142857,0.89666875,3.30687830687831E-07,2.02102083333333,36.4780833333333,3.64780833333333,21.9675208333333,2.19740151836867,46.41,4.641
119,9.42,16.7485714285714,12.616875,392.070119047619,18.5764088571429,0.616789285714286,1.9510582010582E-05,2.75938095238095,33.7594821428571,3.37594821428571,22.0618154761905,2.20682820771223,46.1218452380952,4.61218452380952
126,3.62285714285714,11.87,7.92875,389.500848214286,21.2601636,0.545042261904762,5.45634920634921E-06,3.00747321428571,33.5632321428571,3.35632321428571,24.2807142857143,2.42865900849512,45.539494047619,4.5539494047619
133,10.78,20.0528571428571,15.7409226190476,380.60318452381,22.8619676571429,1.01598601190476,8.26719576719577E-07,2.40866369047619,30.767494047619,3.0767494047619,19.8782738095238,1.98854504946797,44.8246130952381,4.48246130952381
140,9.31571428571429,17.3028571428571,13.3280654761905,382.894291666667,19.1625901714286,0.633048214285714,9.92063492063492E-06,2.79152976190476,28.6159226190476,2.86159226190476,17.3946130952381,1.74028140386257,43.7840773809524,4.37840773809524
147,9.94714285714286,18.8385714285714,14.7435119047619,383.240892857143,22.354974,0.83341875,2.56283068783069E-05,2.90825,28.0357619047619,2.80357619047619,17.0216071428571,1.70299877115553,42.5970535714286,4.25970535714286
154,10.2171428571429,19.6871428571429,15.4162797619048,381.624005952381,22.0779357428571,0.940460416666667,1.65343915343915E-06,3.22203869047619,25.8384553571429,2.58384553571429,15.7922619047619,1.58012944975579,41.1972321428571,4.11972321428571
161,12.67,21.0628571428571,16.5474107142857,382.328375,19.8923736857143,0.671138095238095,2.56283068783069E-05,2.27089880952381,26.2501964285714,2.62501964285714,15.2313095238095,1.52406745762794,40.7035119047619,4.07035119047619
168,12.3042857142857,19.3214285714286,16.0240773809524,382.200041666667,21.5480751428571,0.745892261904762,1.43849206349206E-05,2.61566071428571,24.8699553571429,2.48699553571429,14.992380952381,1.50018951586549,40.09,4.009
175,10.0957142857143,17.3728571428571,13.3629166666667,384.517142857143,17.9882472857143,0.342906547619048,3.14153439153439E-05,3.78870833333333,25.35,2.535,15.3649107142857,1.53741943850054,39.1214880952381,3.91214880952381
182,11.7657142857143,20.5814285714286,16.1603571428571,383.27444047619,21.2698247142857,0.698278571428571,5.8531746031746E-05,2.95275892857143,26.8346130952381,2.68346130952381,18.1369642857143,1.81448297107257,40.1089285714286,4.01089285714286
189,11.3771428571429,18.04,14.3742857142857,380.91318452381,15.4156284,0.451026488095238,2.49669312169312E-05,3.13525297619048,30.9049107142857,3.09049107142857,24.0463095238095,2.40522425866032,41.6576488095238,4.16576488095238
196,13.3742857142857,20.1728571428571,16.9055357142857,380.431175595238,17.4454567714286,0.73565505952381,5.88624338624339E-05,2.94809821428571,29.6099732142857,2.96099732142857,22.6448511904762,2.26511513431165,40.8684226190476,4.08684226190476
203,11.5914285714286,18.5457142857143,14.901130952381,375.853303571429,17.2061794285714,0.562299404761905,2.09986772486772E-05,3.29755952380952,28.4689136904762,2.84689136904762,20.9260416666667,2.09328591349827,40.0072619047619,4.00072619047619
210,11.48,17.5585714285714,14.4307142857143,370.412791666667,14.7128150571429,0.622060416666667,6.61375661375661E-07,2.58738392857143,25.0608869047619,2.50608869047619,17.5465476190476,1.75546775839793,36.0713690476191,3.60713690476191
217,13.3214285714286,20.2285714285714,16.335744047619,364.21443452381,14.419656,0.478060416666667,1.81878306878307E-05,2.69660714285714,24.2507202380952,2.42507202380952,16.3358928571429,1.63446250238422,34.7884821428571,3.47884821428571
224,12.6442857142857,18.6944285714286,15.2043720238095,383.094526785714,15.4782887142857,0.543219642857143,2.05026455026455E-05,3.89884821428571,23.2583875,2.34142582354653,15.4491666666667,1.546272478525,34.720125,3.47403204050934
231,12.8015714285714,21.6181428571429,17.3906666666667,375.716735119048,13.7192207142857,0.574279464285714,2.99272486772487E-05,2.36920238095238,NA,NA,NA,NA,NA,NA
238,14.0794285714286,26.3987142857143,19.7210357142857,380.802449404762,17.6143068,0.7320375,2.46362433862434E-05,2.51732142857143,NA,NA,NA,NA,NA,NA
245,9.53742857142857,17.671,13.6578839285714,376.921732142857,13.9878930857143,0.527321130952381,1.25661375661376E-05,2.77360416666667,21.7255881410256,2.27267269636085,14.2935288461538,1.43158440978626,32.5355352564103,3.26686361120737
252,12.5685714285714,18.6957142857143,15.8721130952381,378.227928571429,12.0685554,0.56184255952381,3.75330687830688E-05,3.48206845238095,22.8149107142857,2.28149107142857,15.091994047619,1.51014454958235,35.1143154761905,3.51143154761905
259,11.7114285714286,18.5871428571429,15.2608333333333,377.568699404762,13.2049908,0.496869345238095,3.80291005291005E-05,3.2751994047619,23.3635535714286,2.33635535714286,15.8806547619048,1.58896371071452,37.0510119047619,3.70510119047619
266,9.85,15.66,12.5352678571429,378.871166666667,10.5623969142857,0.423839583333333,2.31481481481481E-06,2.65225,21.7239375,2.17239375,14.7433035714286,1.47529784087572,34.2147619047619,3.42147619047619
273,13.0028571428571,20.3085714285714,16.5438988095238,383.799398809524,13.5731738571429,0.687208630952381,0,2.11725595238095,20.9911517857143,2.09911517857143,14.0581547619048,1.40683007872175,31.9990178571429,3.19990178571429
280,12.43,18.4228571428571,15.3454166666667,384.874952380952,10.1582262,0.717685416666667,1.3723544973545E-05,3.31400892857143,20.4377857142857,2.04377857142857,13.3814880952381,1.33921467798467,31.048244047619,3.1048244047619
287,4.86,10.1271428571429,7.70395833333333,385.982827380952,6.65596337142857,0.16592380952381,5.35714285714286E-05,3.69360119047619,24.4419523809524,2.44419523809524,17.1030654761905,1.71114061494904,38.2679761904762,3.82679761904762
294,2.66285714285714,8.97285714285714,5.45800595238095,392.675193452381,8.25816162857143,0.210350297619048,7.93650793650794E-06,3.19393452380952,24.0629910714286,2.40629910714286,18.2750595238095,1.82828655393168,38.4190773809524,3.84190773809524
301,3.46142857142857,9.83428571428571,6.73005952380952,400.814672619048,8.06669742857143,0.230660416666667,3.30687830687831E-07,3.0104255952381,22.8155803571429,2.28155803571429,16.7015178571429,1.67100589604711,35.3124107142857,3.53124107142857
308,7.18857142857143,13.2914285714286,9.71119047619048,409.366369047619,6.18652157142857,0.246958630952381,8.26719576719577E-07,2.33785119047619,22.4279851190476,2.24279851190476,16.2959821428571,1.63047356841587,34.3375297619048,3.43375297619048
315,2.74428571428571,7.50857142857143,5.02889880952381,417.0430625,4.29841671428571,0.111128273809524,1.81878306878307E-06,2.28445238095238,22.2346339285714,2.22346339285714,16.2427083333333,1.62514905695353,33.8528869047619,3.38528869047619
322,-1.51142857142857,4.13285714285714,1.32699404761905,410.674657738095,3.94825114285714,0.142362202380952,6.61375661375661E-07,2.25439880952381,22.5430178571429,2.25430178571429,16.465625,1.64742884025558,33.2569047619048,3.32569047619048
329,2.48142857142857,7.12714285714286,4.75791666666667,419.320089285714,4.08550191428571,0.240275,1.65343915343915E-07,3.058125,23.6639732142857,2.36639732142857,17.6329166666667,1.76410068279441,33.2551785714286,3.32551785714286
336,1.51,6.70142857142857,4.37339285714286,412.668702380952,2.5996356,0.143314880952381,5.95238095238095E-06,4.3308244047619,23.3428244047619,2.33428244047619,17.806755952381,1.78147671687736,33.1866964285714,3.31866964285714
343,0.971428571428571,5.00285714285714,2.65044642857143,405.688773809524,1.67601548571429,0.113646428571429,7.25859788359788E-05,4.9184494047619,29.975193452381,2.9975193452381,23.266369047619,2.32725009483288,41.1533333333333,4.11533333333333
350,0.39,4.58571428571429,2.30217261904762,399.307107142857,1.69547914285714,0.13058869047619,3.47222222222222E-05,4.18574107142857,34.6181696428571,3.46181696428572,27.9339583333333,2.79390658379689,45.2464583333333,4.52464583333333
357,-0.154285714285714,1.85714285714286,0.771428571428571,403.9785625,1.07142171428571,0.0459169642857143,3.48875661375661E-05,3.92520238095238,36.4944464285714,3.64944464285714,29.9337797619048,2.99385460997053,46.2020238095238,4.62020238095238
365,1.3275,4.03625,2.679453125,402.038549479167,0.901823625,0.0536778645833333,3.3130787037037E-05,4.294125,36.2883072916667,3.62883072916667,30.6113541666667,3.06160150190559,46.438359375,4.6438359375
7,1.45,6.59857142857143,3.92136904761905,398.545857142857,1.16569285714286,0.115900297619048,6.87830687830688E-05,5.63877380952381,36.9812172619048,3.69812172619048,32.348005952381,3.23524166149181,46.8189285714286,4.68189285714286
14,1.19,3.83142857142857,2.67886904761905,400.468898809524,2.35960457142857,0.108783035714286,3.5218253968254E-05,4.3581875,37.0652767857143,3.70652767857143,32.4878869047619,3.24922785791726,46.9197023809524,4.69197023809524
21,-2.12285714285714,1.54571428571429,-0.421220238095238,406.889071428571,2.74622142857143,0.104169047619048,5.6547619047619E-05,3.18761904761905,36.6044523809524,3.66044523809524,31.7517261904762,3.17562196711909,46.9915476190476,4.69915476190476
28,-2.01857142857143,0.774285714285714,-0.639761904761905,407.253508928571,2.8176192,0.06683125,1.70304232804233E-05,3.07229761904762,36.7319910714286,3.67319910714286,32.2433928571429,3.22478178280331,46.9328869047619,4.69328869047619
35,-13.0114285714286,-9.45571428571429,-11.2234523809524,418.240985119048,4.21467428571429,0.0417904761904762,0,3.3560505952381,29.3384642857143,2.93384642857143,20.0909821428571,2.00980828736117,46.1826488095238,4.61826488095238
42,-14.99,-10.5885714285714,-12.9606547619048,421.424973214286,5.42299937142857,0.0411636904761905,1.65343915343915E-07,2.61556845238095,18.6788452380952,1.86788452380952,12.9259821428571,1.29370161199335,45.9836309523809,4.59836309523809
49,-3.56857142857143,0.362857142857143,-1.55880952380952,412.102880952381,4.57210542857143,0.0778705357142857,1.5707671957672E-05,3.44377380952381,19.7500982142857,1.97500982142857,15.0066964285714,1.50162015646187,45.5921130952381,4.55921130952381
56,0.135714285714286,4.56857142857143,2.24318452380952,405.417544642857,5.55894128571429,0.150245238095238,1.04166666666667E-05,4.00901488095238,30.6106875,3.06106875,34.7384523809524,3.4742559571132,46.3167261904762,4.63167261904762
63,3.08571428571429,6.56714285714286,4.69407738095238,408.203755952381,4.7680038,0.075625,4.13359788359788E-06,2.40215476190476,36.0061071428571,3.60061071428571,32.5479464285714,3.25523300002798,46.762619047619,4.6762619047619
70,0.892857142857143,6.19285714285714,3.40883928571429,406.444851190476,8.577351,0.214560416666667,1.91798941798942E-05,2.52895238095238,37.1207232142857,3.71207232142857,31.5432142857143,3.15477374656955,46.8532738095238,4.68532738095238
77,5.04857142857143,10.17,7.40431547619048,400.19325297619,8.64096402857143,0.393201785714286,8.26719576719577E-07,2.74670238095238,36.7771101190476,3.67771101190476,31.5605357142857,3.15650564121571,46.6967857142857,4.66967857142857
84,4.81428571428571,12.17,8.22997023809524,401.767976190476,14.474736,0.411430654761905,3.47222222222222E-06,2.14018452380952,36.5916755952381,3.65916755952381,31.3950892857143,3.13996338034049,46.3393154761905,4.63393154761905
91,4.99,12.1871428571429,8.60744047619048,399.081568452381,12.8610198,0.493773511904762,1.98412698412698E-06,3.4998125,36.1491875,3.61491875,31.2756845238095,3.12802463891002,46.2063392857143,4.62063392857143
98,0.835714285714286,6.27571428571429,3.65360119047619,405.02806547619,9.4005594,0.217915178571429,1.88492063492063E-05,2.9141369047619,37.4627172619048,3.74627172619048,33.2520535714286,3.32563443337826,46.4517857142857,4.64517857142857
105,2.80571428571429,8.9,5.68511904761905,401.424851190476,12.2498282571429,0.334164285714286,7.93650793650794E-06,2.745125,37.8194375,3.78194375,33.4509226190476,3.34551878756564,46.6209821428571,4.66209821428571
112,3.14857142857143,9.86,6.45907738095238,394.668660714286,15.9304662,0.424811904761905,1.32275132275132E-05,2.87694642857143,36.7567857142857,3.67567857142857,31.7112797619048,3.17157789730561,46.3982142857143,4.63982142857143
119,7.20571428571429,14.4757142857143,10.5771726190476,392.137077380952,14.9889787714286,0.589888988095238,7.60582010582011E-06,2.95996130952381,36.3055357142857,3.63055357142857,32.1732440476191,3.21776786651494,46.243005952381,4.6243005952381
126,10.6957142857143,18.7728571428571,14.8027083333333,397.279077380952,16.1803807714286,0.676568154761905,3.80291005291005E-06,2.69770833333333,34.8869077380952,3.48869077380952,28.4930654761905,2.84980727762499,46.0868452380952,4.60868452380952
133,8.02,15.8671428571429,12.2874107142857,395.3568125,13.4208933428571,0.494038095238095,2.28174603174603E-05,2.80879761904762,39.1062946428571,3.91062946428571,34.1557142857143,3.41598915410647,46.5319345238095,4.65319345238095
140,4.48857142857143,13.0971428571429,8.98080357142857,393.019761904762,20.5245136285714,0.54623125,2.97619047619048E-06,2.62070833333333,38.3371130952381,3.83371130952381,32.6680357142857,3.26724031739296,46.244494047619,4.62444940476191
147,13.6328571428571,22.2957142857143,18.1405654761905,385.603139880952,27.4104756,1.10358273809524,0,3.02151488095238,35.4679404761905,3.54679404761905,27.1229166666667,2.71281768690213,45.4325595238095,4.54325595238095
154,11.3071428571429,17.6571428571429,14.390744047619,385.825267857143,21.2196016285714,0.714620238095238,1.81878306878307E-05,2.84799107142857,31.6843392857143,3.16843392857143,20.3911011904762,2.03980974478062,44.2009821428571,4.42009821428571
161,8.58,14.3785714285714,11.5822172619048,390.386232142857,14.0908662,0.368348511904762,4.23280423280423E-05,2.79248214285714,38.5394196428571,3.85394196428571,31.4978571428571,3.15023868353145,44.0105476190476,4.40105476190476
168,9.85,16.6814285714286,13.2924107142857,385.856875,15.317127,0.438313690476191,1.73611111111111E-05,2.1615505952381,35.9871041666667,3.59871041666667,27.488630952381,2.74938211852437,43.5505952380952,4.35505952380952
175,12.6171428571429,18.6214285714286,15.7032142857143,388.752217261905,18.1355284285714,0.525281845238095,6.87830687830688E-05,2.91413392857143,37.7501726190476,3.77501726190476,32.4080357142857,3.24124382080148,44.6423214285714,4.46423214285714
182,12.75,21.0814285714286,16.7644642857143,386.271964285714,19.3017587142857,0.648564583333333,5.2744708994709E-05,3.16441369047619,39.792443452381,3.9792443452381,36.4675595238095,3.64714719932244,45.2708630952381,4.52708630952381
189,14.4885714285714,20.1642857142857,17.2175892857143,389.600083333333,14.4954396,0.438426488095238,2.08333333333333E-05,2.20401488095238,41.0109345238095,4.10109345238095,37.661369047619,3.76651575102364,45.9172321428571,4.59172321428571
196,11.8028571428571,17.4685714285714,14.5123511904762,386.209008928571,16.0114554,0.418275892857143,7.4239417989418E-05,3.33629464285714,39.6667976190476,3.96667976190476,33.6900297619048,3.36942647506662,44.660505952381,4.4660505952381
203,11.1571428571429,16.7628571428571,13.6755952380952,384.767139880952,15.5700329142857,0.360267261904762,5.72089947089947E-05,3.60616369047619,42.1682113095238,4.21682113095238,40.3289285714286,4.03324664687066,46.3470833333333,4.63470833333333
210,15.8085714285714,24.5242857142857,20.341755952381,382.298660714286,23.6687793428571,1.16944613095238,1.60383597883598E-05,2.15841666666667,38.2873303571429,3.82873303571429,31.2734523809524,3.12780145717987,45.1516964285714,4.51516964285714
217,14.6757142857143,21.3942857142857,18.1000892857143,382.396404761905,21.0278777142857,0.950852678571429,5.62169312169312E-06,2.55952380952381,33.4861488095238,3.34861488095238,23.6783928571429,2.36844180850439,42.8932142857143,4.28932142857143
224,12.6714285714286,18.6657142857143,15.6211011904762,382.670568452381,15.1673058,0.578076190476191,3.20767195767196E-05,2.56918452380952,32.4021726190476,3.24021726190476,21.841369047619,2.18479008969798,41.6589880952381,4.16589880952381
231,13.2471428571429,22.8914285714286,18.0782738095238,382.836616071429,21.2938696285714,1.08891517857143,9.58994708994709E-06,2.47917857142857,28.3488839285714,2.83488839285714,19.1033333333333,1.91108010343471,39.97375,3.997375
238,16.9171428571429,24.9542857142857,21.0472321428571,389.807419642857,18.0584439428571,1.22063154761905,2.48015873015873E-05,2.75702380952381,24.9729047619048,2.49729047619048,18.0869047619048,1.80947919467501,38.5587202380952,3.85587202380952
245,12.8714285714286,19.5457142857143,15.913630952381,387.157779761905,14.5910656285714,0.614461607142857,1.90145502645503E-05,2.43844642857143,24.7822946428571,2.47822946428571,18.6641666666667,1.86718100111122,37.9139285714286,3.79139285714286
252,11.5328571428571,19.47,15.4699107142857,386.110375,14.9152291714286,0.666383035714286,6.61375661375661E-07,2.04025595238095,22.9131428571429,2.29131428571429,15.6353273809524,1.5644450582859,37.1447916666667,3.71447916666667
259,10.3285714285714,18.4571428571429,14.7292857142857,390.96600297619,12.8307016285714,0.687256547619048,2.06679894179894E-05,3.11616071428571,22.5704494047619,2.25704494047619,15.5914285714286,1.56005774453357,36.5865773809524,3.65865773809524
266,8.39,15.2728571428571,11.7945833333333,389.656904761905,13.7488842,0.500688392857143,4.46428571428571E-06,2.9858630952381,21.3530595238095,2.13530595238095,14.6298511904762,1.46396010049945,36.1763988095238,3.61763988095238
273,8.56542857142857,15.0671428571429,11.2285,389.204693452381,8.26707265714286,0.364522321428571,2.89351851851852E-05,3.20613095238095,22.3420228174603,2.24112627045588,15.3138511904762,1.53248252425865,36.9795992063492,3.6987756008739
280,7.41,14.8357142857143,10.9967261904762,395.745675595238,8.89535777142857,0.320861011904762,4.38161375661376E-05,3.80376488095238,22.7696130952381,2.27696130952381,15.7355952380952,1.57446603401637,37.3643154761905,3.73643154761905
287,4.10285714285714,9.97,6.94027678571429,398.105785714286,9.13454588571429,0.248738392857143,1.20701058201058E-05,2.90778273809524,24.583431547619,2.45834315476191,17.7784016586709,1.77932330575082,38.90154063147,3.89015735902808
294,8.2,14.4142857142857,11.2258928571429,400.985130952381,7.64979094285714,0.49381130952381,9.42460317460317E-06,3.03300892857143,26.4981220238095,2.64981220238095,17.1333411616162,1.71531772277716,36.5423511904762,3.65423511904762
301,4.94571428571429,8.28857142857143,6.48166666666667,422.312547619048,3.62526017142857,0.0903794642857143,1.93452380952381E-05,2.66258333333333,24.0549464285714,2.40549464285714,NA,NA,35.8541964285714,3.58541964285714
308,1.24142857142857,5.59714285714286,3.17089285714286,411.742133928571,5.20180585714286,0.139911011904762,3.125E-05,3.41103273809524,29.259255952381,2.9259255952381,NA,NA,41.3153273809524,4.13153273809524
315,4.08285714285714,7.03,5.52568452380952,412.254702380952,2.02959051428571,0.119747321428571,2.23214285714286E-05,3.72654761904762,33.3715505952381,3.33715505952381,NA,NA,44.6022619047619,4.46022619047619
322,0.834285714285714,4.71,2.63321428571429,428.307342261905,4.07733531428571,0.0935982142857143,4.96031746031746E-07,2.40453273809524,34.5345714285714,3.45345714285714,NA,NA,45.0351488095238,4.50351488095238
329,2.38142857142857,5.99285714285714,4.11041666666667,437.86193452381,2.72089028571429,0.0402255952380952,1.81878306878307E-06,2.32196130952381,34.5990892857143,3.45990892857143,NA,NA,44.3536904761905,4.43536904761905
336,1.75285714285714,4.93714285714286,3.20973214285714,422.676595238095,1.56363428571429,0.116456845238095,2.67857142857143E-05,3.03878869047619,36.7575148809524,3.67575148809524,NA,NA,44.8288988095238,4.48288988095238
343,-4.33428571428571,-0.89,-2.6775,430.602866071429,2.42819871428571,0.060346130952381,2.29828042328042E-05,3.41335714285714,38.1420922619048,3.81420922619048,NA,NA,45.9535416666667,4.59535416666667
350,-4.46714285714286,-0.422857142857143,-2.35848214285714,436.625758928571,1.82687528571429,0.0293985119047619,3.58796296296296E-05,3.83236011904762,38.9892648809524,3.89892648809524,NA,NA,46.3814285714286,4.63814285714286
357,0.362857142857143,2.53714285714286,1.58535714285714,431.3185625,1.26162257142857,0.0211848214285714,2.11640211640212E-05,2.36650297619048,40.3020863095238,4.03020863095238,NA,NA,46.966755952381,4.6966755952381
366,3.09444444444444,7.56444444444444,5.51231481481481,417.236805555556,1.5569808,0.1637875,6.81584362139918E-05,4.06511342592593,40.6273564814815,4.06273564814815,38.3948618709895,3.84058556877764,47.323912037037,4.7323912037037
7,3.35571428571429,5.74,4.55401785714286,417.057824404762,0.898918714285714,0.0544455357142857,1.40542328042328E-05,4.41878869047619,38.7860476190476,3.87860476190476,38.4526488095238,3.84563593206446,47.2477380952381,4.72477380952381
14,-3.32571428571429,-0.472857142857143,-1.72839285714286,424.4373125,1.69090277142857,0.0355741071428571,1.73611111111111E-05,2.73416666666667,38.909369047619,3.8909369047619,38.67625,3.8679939061385,47.3704166666667,4.73704166666667
21,-8.27714285714286,-6.10714285714286,-7.22101190476191,433.847857142857,1.28094197142857,0.0228139880952381,1.83531746031746E-05,3.03120535714286,37.8628333333333,3.78628333333333,38.0314285714286,3.80351801745914,46.95625,4.695625
28,-7.72,-4.68714285714286,-6.11306547619048,444.778166666667,2.25652242857143,0.0281464285714286,1.48809523809524E-06,2.95121726190476,37.6161845238095,3.76161845238095,37.6909226190476,3.76947081114179,46.4481547619048,4.64481547619048
35,1.29571428571429,4.75714285714286,2.91827380952381,410.337773809524,1.70680577142857,0.0970440476190476,5.77050264550265E-05,4.87866071428571,39.9109375,3.99109375,39.2434226190476,3.92470583685852,47.4961011904762,4.74961011904762
42,-4.64,-1.36857142857143,-2.86380952380952,414.980461309524,4.5050706,0.0877145833333333,8.5978835978836E-06,2.82578273809524,39.1616666666667,3.91616666666667,38.8513095238095,3.88549819642837,47.1218452380952,4.71218452380952
49,-3.60857142857143,-1.02857142857143,-2.24833333333333,432.250002976191,4.43770508571429,0.0785910714285714,4.2989417989418E-06,2.0244375,38.1820386904762,3.81820386904762,38.2601488095238,3.82638779876905,46.6218452380952,4.66218452380952
56,-5.20714285714286,-3.13571428571429,-4.1114880952381,423.22581547619,2.41150602857143,0.0341300595238095,3.86904761904762E-05,3.14899107142857,38.5319494047619,3.85319494047619,38.2320238095238,3.82357557307549,46.4304761904762,4.64304761904762
63,-2.25,0.697142857142857,-0.83,413.386982142857,5.9529528,0.0676604166666667,0,2.11072916666667,39.0924136904762,3.90924136904762,38.359375,3.8363094532644,46.4349404761905,4.64349404761905
70,-1.29714285714286,4.11714285714286,1.46696428571429,416.673764880952,5.6715444,0.184318154761905,1.62037037037037E-05,2.68610416666667,40.4612470238095,4.04612470238095,39.3924404761905,3.93960624733001,46.9468154761905,4.69468154761905
77,-5.71142857142857,-1.22285714285714,-3.57880952380952,418.206211309524,9.67619108571428,0.138940178571429,2.5297619047619E-05,2.36303571428571,39.5858095238095,3.95858095238095,39.6492857142857,3.96528842504933,46.9552380952381,4.69552380952381
84,-6.70714285714286,-2.25285714285714,-4.69875,419.845758928571,9.89076677142857,0.0712994047619048,1.7526455026455E-05,4.09625,40.2837529761905,4.02837529761905,40.1192261904762,4.01227825786367,47.0809226190476,4.70809226190476
91,-5.41,-0.505714285714286,-3.26940476190476,418.414389880952,12.5320114285714,0.123126488095238,3.30687830687831E-06,2.85509821428571,39.6643392857143,3.96643392857143,39.8714880952381,3.98750665787365,47.0277380952381,4.70277380952381
98,-2.53428571428571,0.681428571428571,-0.873125,417.824994047619,8.62402551428571,0.151046130952381,3.14153439153439E-06,2.95068452380952,40.133625,4.0133625,39.8156845238095,3.98192680222714,46.7,4.67
105,5.92428571428571,13.0242857142857,9.10738095238095,424.577035714286,11.2138161428571,0.425311011904762,6.38227513227513E-05,2.8934375,45.2341398809524,4.52341398809524,43.0313988095238,4.30347145364559,48.6787202380952,4.86787202380952
112,8.10428571428571,14.76,11.6333630952381,400.799803571429,15.838083,0.67884255952381,3.30687830687831E-07,2.79000595238095,39.7031458333333,3.97031458333333,40.0260714285714,4.00296360929632,47.368244047619,4.7368244047619
119,6.23,14.18,10.4119345238095,399.61318452381,15.2544651428571,0.549530952380952,5.82010582010582E-05,2.90321130952381,39.2110744047619,3.92110744047619,39.4941666666667,3.94977793353551,46.9157440476191,4.69157440476191
126,7.66428571428571,13.5742857142857,10.6163392857143,401.03400297619,13.8489559714286,0.432168452380952,7.93650793650794E-06,2.62652380952381,39.4979553571429,3.94979553571429,39.671369047619,3.9674965580859,47.004494047619,4.7004494047619
133,8.86714285714286,14.2728571428571,11.5393154761905,397.444723214286,12.7226990571429,0.354897321428571,2.00066137566138E-05,2.686375,37.7581964285714,3.77581964285714,38.2574702380952,3.82611996773324,46.3828273809524,4.63828273809524
140,8.76714285714286,16.28,12.3286607142857,395.752235119048,16.3101360857143,0.352097916666667,7.07671957671958E-05,2.91998214285714,40.8494583333333,4.08494583333333,40.5846130952381,4.05881287055726,46.4147916666667,4.64147916666667
147,4.25714285714286,9.31,6.71886904761905,398.776758928571,10.0380065142857,0.171533630952381,0.000115410052910053,3.21422619047619,42.3738392857143,4.23738392857143,42.2677083333333,4.22710839638836,47.616994047619,4.76169940476191
154,7.13714285714286,13.7128571428571,10.1772619047619,393.127336309524,12.5701066285714,0.25145625,9.19312169312169E-05,3.56063095238095,44.1660357142857,4.41660357142857,43.3488095238095,4.33521009740183,48.7284226190476,4.87284226190476
161,8.69042857142857,18.7897142857143,14.3373571428571,384.991217261905,21.3121452857143,0.513886011904762,2.91005291005291E-05,2.40804464285714,41.3942708333333,4.26633976864886,41.6677083333333,4.16717093373622,47.51625,4.77352099848799
168,9.26614285714286,20.0635714285714,15.4348452380952,383.546008928571,20.0492773714286,0.57099255952381,9.58994708994709E-06,3.01149404761905,NA,NA,NA,NA,NA,NA
175,12.5205714285714,22.4557142857143,17.9617589285714,382.168348214286,21.6825552,0.642881547619048,2.29828042328042E-05,3.23860416666667,37.6174844594595,3.77148030379299,38.1040596846847,3.81109400043095,44.4690157657658,4.44848648792207
182,8.46142857142857,14.4242857142857,11.4813988095238,384.41205952381,15.8360078571429,0.38149255952381,9.42460317460317E-06,3.36152380952381,33.9961994047619,3.39961994047619,34.9810714285714,3.49851501357472,43.5422619047619,4.35422619047619
189,14.2142857142857,21.0871428571429,17.6157142857143,381.151845238095,22.7587281428571,0.714054464285714,1.71957671957672E-05,2.37855654761905,31.7103095238095,3.17103095238095,31.5548511904762,3.15593727026228,42.3722321428571,4.23722321428571
196,12.29,20.0371428571429,16.3991071428571,377.55805952381,23.8670403428571,0.737282142857143,0,2.17864880952381,26.8625297619048,2.68625297619048,27.6783630952381,2.76835177562714,40.9637797619048,4.09637797619048
203,15.7828571428571,24.2228571428571,20.1582142857143,381.795973214286,25.6151196,1.19885922619048,0,2.21524404761905,24.0346666666667,2.40346666666667,25.0690773809524,2.50747684428418,39.499375,3.9499375
210,17.2214285714286,26.9,21.9578571428571,390.322708333333,18.4342515428571,1.12605714285714,8.11838624338624E-05,2.26320238095238,25.5959791666667,2.55959791666667,25.8131845238095,2.58187115671987,41.620119047619,4.16201190476191
217,17.3971428571429,25.7357142857143,21.6170238095238,384.44762202381,20.9346492857143,1.24502589285714,2.64550264550265E-06,2.74748214285714,24.6581726190476,2.46581726190476,25.3217857142857,2.53274199927699,39.2740476190476,3.92740476190476
224,13.4657142857143,21.1742857142857,17.329255952381,387.395175595238,17.5689956571429,0.803489880952381,5.05952380952381E-05,2.8468630952381,23.8271785714286,2.38271785714286,23.7340773809524,2.37400884761408,38.2716071428571,3.82716071428571
231,13.2942857142857,20.1514285714286,16.6155952380952,381.610467261905,17.0753001428571,0.920632142857143,2.46362433862434E-05,3.08541071428571,22.4071488095238,2.24071488095238,23.1905357142857,2.31966876610761,35.8302380952381,3.58302380952381
238,12.1585714285714,19.6728571428571,15.6389583333333,383.634967261905,15.6478248,0.724377976190476,2.81084656084656E-06,2.6817380952381,21.7429226190476,2.17429226190476,22.7875297619048,2.27937904785416,34.6322916666667,3.46322916666667
245,12.1085714285714,18.8528571428571,15.6228869047619,380.453190476191,15.8446311428571,0.805577678571429,3.47222222222222E-06,2.76740476190476,20.6028541666667,2.06028541666667,21.9347916666667,2.1941295704448,33.4129166666667,3.34129166666667
252,14.1614285714286,21.7757142857143,17.9478571428571,385.264970238095,15.1308478285714,0.864516369047619,3.93518518518519E-05,2.16881547619048,20.2465803571429,2.02465803571429,21.3573511904762,2.13640310242073,32.9363392857143,3.29363392857143
259,8.93285714285714,12.9114285714286,10.7726785714286,393.568583333333,7.26898962857143,0.418961011904762,6.6468253968254E-05,3.1433125,23.3130773809524,2.33130773809524,22.6543154761905,2.26606129975498,39.698244047619,3.9698244047619
266,8.36428571428571,12.5642857142857,10.248869047619,394.95212797619,8.99615494285714,0.265176785714286,1.73611111111111E-05,3.43114583333333,24.0515714285714,2.40515714285714,23.9790476190476,2.39849973201273,39.8002083333333,3.98002083333333
273,5.89714285714286,13.0071428571429,9.3721130952381,396.819139880952,11.6468897142857,0.313284821428571,9.92063492063492E-07,3.04042857142857,22.6195089285714,2.26195089285714,23.1169345238095,2.31231060523463,38.0408035714286,3.80408035714286
280,4.82285714285714,11.7871428571429,8.33449404761905,393.154642857143,8.487459,0.339365476190476,7.98611111111111E-05,2.41025297619048,24.136125,2.4136125,24.1963095238095,2.42022058148003,39.5060714285714,3.95060714285714
287,5.53428571428571,8.97571428571429,7.20693452380952,393.534431547619,3.85860137142857,0.111341071428571,4.26587301587302E-05,2.18308333333333,31.7421279761905,3.17421279761905,30.6181547619048,3.06228145792301,45.8681845238095,4.58681845238095
294,7.51714285714286,12.1685714285714,9.8189880952381,397.785955357143,4.56975462857143,0.149504166666667,3.00925925925926E-05,3.35623214285714,34.4033630952381,3.44033630952381,33.8410416666667,3.38452577596187,46.6117261904762,4.66117261904762
301,11.1414285714286,16.4514285714286,13.9126488095238,387.891633928571,4.28104208571429,0.405783928571429,2.66203703703704E-05,3.53716964285714,34.0523779761905,3.40523779761905,32.9883333333333,3.29926583930587,46.3233333333333,4.63233333333333
308,5.34571428571429,9.99,7.51940476190476,427.504604166667,3.92437671428571,0.24785744047619,1.5707671957672E-05,3.95961011904762,36.0010565476191,3.60010565476191,35.5780952380952,3.5582105509665,46.6950892857143,4.66950892857143
315,4.37285714285714,8.35714285714286,6.36666666666667,426.342104166667,2.69167062857143,0.10598869047619,5.4728835978836E-05,3.50810714285714,38.5910714285714,3.85910714285714,37.4966666666667,3.75004717682467,47.2255654761905,4.72255654761905
322,0.172857142857143,4.03714285714286,1.97017857142857,441.491366071429,3.56728628571429,0.0778452380952381,8.26719576719577E-07,2.1739255952381,38.0274196428571,3.80274196428571,36.7942261904762,3.6798103927864,47.0482440476191,4.70482440476191
329,-0.647142857142857,1.96714285714286,0.746875,446.798922619048,1.46772257142857,0.0211363095238095,4.34854497354497E-05,2.63413392857143,39.6425357142857,3.96425357142857,37.7696130952381,3.77733907015764,47.3179761904762,4.73179761904762
336,-0.955714285714286,2.07771428571429,0.41525,448.018919642857,2.29756962857143,0.0127467261904762,6.77910052910053E-06,2.8086755952381,39.5165922619048,3.95165922619048,37.62,3.76237926282022,47.1873214285714,4.71873214285714
343,-0.305714285714286,2.53285714285714,1.0241369047619,443.679488095238,1.39791342857143,0.0549458333333333,1.32275132275132E-05,4.60631845238095,39.867,3.9867,37.9066666666667,3.79104306162267,47.2942261904762,4.72942261904762
350,0.918571428571429,3.52857142857143,2.15431547619048,441.723050595238,1.99385922857143,0.123544047619048,1.65343915343915E-06,2.69012797619048,39.8694642857143,3.98694642857143,38.0289583333333,3.80327101801641,47.31875,4.731875
357,2.62,5.46285714285714,4.20252976190476,439.656645833333,1.94964325714286,0.115605654761905,4.46428571428571E-06,4.06353869047619,39.5230297619048,3.95230297619048,37.6936904761905,3.7697475690619,47.1703869047619,4.71703869047619
365,2.51625,6.17375,4.24473958333333,439.838106770833,2.544514425,0.131052864583333,1.41782407407407E-05,3.50916145833333,40.227609375,4.0227609375,38.1668229166667,3.81705612125647,47.2183333333333,4.72183333333333
7,2.63857142857143,6.72857142857143,4.57059523809524,440.154535714286,1.90425677142857,0.0760083333333333,1.3723544973545E-05,3.58676488095238,40.352806547619,4.0352806547619,38.2886607142857,3.82923871157655,47.2594642857143,4.72594642857143
14,1.42285714285714,4.78285714285714,3.27196428571429,455.064636904762,2.33318391428571,0.0542651785714286,1.20701058201058E-05,3.65925,40.8532827380952,4.08532827380952,38.7041369047619,3.87078233083767,47.4404166666667,4.74404166666667
21,-0.35,2.44142857142857,1.07160714285714,474.444297619048,1.565766,0.023325,8.26719576719577E-07,2.64422619047619,40.8194077380952,4.08194077380952,38.5615773809524,3.8565277411645,47.3679464285714,4.73679464285714
28,-5.89285714285714,-1.94714285714286,-3.8489880952381,485.02230952381,1.59155485714286,0.00410892857142857,2.26521164021164E-05,2.33016369047619,40.4309910714286,4.04309910714286,38.3959226190476,3.83996386115527,47.3033928571429,4.73033928571429
35,-3.29714285714286,0.554285714285714,-1.45699404761905,479.439178571429,2.90272628571429,0.0224119047619048,9.92063492063492E-07,2.52303869047619,41.1534642857143,4.11534642857143,38.7622619047619,3.87659427810458,47.3813095238095,4.73813095238095
42,0.95,5.41,3.20901785714286,466.27006547619,4.54381945714286,0.134655654761905,1.65343915343915E-06,3.64290773809524,42.1626726190476,4.21626726190476,39.4112202380952,3.94148405094529,47.7177083333333,4.77177083333333
49,1.98285714285714,5.86714285714286,3.73949404761905,464.64581547619,4.81201071428571,0.118283928571429,1.09126984126984E-05,3.59678273809524,42.0669970238095,4.20669970238095,38.9949107142857,3.899856963204,47.5374107142857,4.75374107142857
56,2.47857142857143,7.76285714285714,4.96630952380952,465.767232142857,7.50225574285714,0.192105654761905,3.96825396825397E-06,3.00414880952381,41.9783720238095,4.19783720238095,38.9191964285714,3.89228624637974,47.44,4.744
63,2.32,6.89857142857143,4.62410714285714,467.764702380952,6.74729408571429,0.128494047619048,8.5978835978836E-06,1.79914880952381,42.1624047619048,4.21624047619048,39.1424404761905,3.91460856045924,47.5034523809524,4.75034523809524
70,4.23714285714286,10.8614285714286,7.55324404761905,464.774407738095,12.9145857428571,0.325875595238095,1.65343915343915E-07,2.26621726190476,41.5163452380952,4.15163452380952,38.6095833333333,3.86132787639637,47.36,4.736
77,5.15714285714286,10.8857142857143,7.90178571428571,415.432413690476,9.23263817142857,0.333453571428571,8.26719576719577E-06,3.5815119047619,41.652869047619,4.16528690476191,38.9223809523809,3.89260466876901,47.3464285714286,4.73464285714286
84,3.25714285714286,9.79428571428571,6.66625,393.346866071429,10.3040953714286,0.257489583333333,0,3.3373244047619,42.656681547619,4.2656681547619,39.9599404761905,3.99635110393299,47.5319345238095,4.75319345238095
91,4.67285714285714,12.3442857142857,8.32720238095238,398.75794047619,13.8486664285714,0.348444642857143,3.30687830687831E-07,2.46741964285714,41.9373988095238,4.19373988095238,39.4455357142857,3.94491528364925,47.4107142857143,4.74107142857143
98,8.28,16.59,12.6136904761905,375.403943452381,13.658256,0.455279464285714,2.64550264550265E-06,2.55448214285714,40.2776220238095,4.02776220238095,37.8955952380952,3.78993602872068,47.3209821428571,4.73209821428571
105,4.24571428571429,9.33571428571429,6.76991071428571,411.18075297619,10.0663714285714,0.16033244047619,1.68650793650794E-05,3.07886011904762,40.7891785714286,4.07891785714286,38.3842261904762,3.83879433152077,47.1912797619048,4.71912797619048
112,5.04428571428571,12.23,8.44717261904762,403.269044642857,16.5970113428571,0.272893154761905,1.90145502645503E-05,2.72305357142857,42.8295416666667,4.28295416666667,40.3037797619048,4.03073198665712,47.2040476190476,4.72040476190476
119,9.89428571428572,16.1114285714286,12.81,395.583113095238,15.1232505428571,0.259822619047619,1.65343915343915E-07,1.94461607142857,41.9164791666667,4.19164791666667,38.9578869047619,3.8961549299459,47.1252380952381,4.71252380952381
126,5.12857142857143,13.0542857142857,9.145625,380.2255,16.3724423142857,0.319007738095238,1.7526455026455E-05,2.24119047619048,42.0737053571429,4.20737053571429,39.0647321428571,3.90683845215429,46.5784226190476,4.65784226190476
133,6.16714285714286,12.5514285714286,9.27345238095238,382.010523809524,16.4964260571429,0.186337797619048,4.54695767195767E-05,4.30765476190476,42.2633214285714,4.22633214285714,39.0866964285714,3.90903467550399,46.6225892857143,4.66225892857143
140,7.30285714285714,15.4071428571429,11.3474702380952,396.479172619048,18.9768705428571,0.320021428571429,1.81878306878307E-05,2.58406845238095,43.2315297619048,4.32315297619048,40.0144642857143,4.00180299840292,47.0813095238095,4.70813095238095
147,12.5857142857143,19.8714285714286,16.4073511904762,399.634172619048,20.192058,0.608931547619048,5.10912698412698E-05,2.54400892857143,41.9669255952381,4.19669255952381,38.8735119047619,3.88771822479411,46.296369047619,4.62963690476191
154,8.46857142857143,14.4571428571429,11.3471428571429,385.8879375,18.4245770571429,0.481841964285714,6.61375661375661E-05,1.9579494047619,43.4982142857143,4.34982142857143,40.3105952380952,4.03141347442743,47.033630952381,4.7033630952381
161,15.2171428571429,23.5057142857143,19.6841964285714,397.472913690476,24.9415714285714,0.88140625,7.60582010582011E-06,2.46966964285714,38.6704523809524,3.86704523809524,36.3285714285714,3.63324988649387,45.6539285714286,4.56539285714286
168,11.5357142857143,17.0842857142857,14.4302976190476,383.401345238095,19.2760768285714,0.329000892857143,1.53769841269841E-05,2.30036904761905,35.1752053571429,3.51752053571429,32.9000892857143,3.29044259445129,44.8909523809524,4.48909523809524
175,9.92142857142857,15.6914285714286,12.6547321428571,368.950654761905,17.7549266571429,0.292430952380952,4.96031746031746E-06,2.73066369047619,30.2766636904762,3.02766636904762,29.4122023809524,2.94170532281542,43.0650892857143,4.30650892857143
182,9.74428571428571,16.55,13.0097619047619,366.742324404762,18.0507798,0.275824404761905,1.83531746031746E-05,2.44209821428571,28.1274226190476,2.81274226190476,27.6015773809524,2.76067463792215,41.8628273809524,4.18628273809524
189,14.7942857142857,22.0314285714286,18.5382738095238,366.754342261905,19.9133524285714,0.741707440476191,7.17592592592593E-05,2.66240178571429,26.506005952381,2.6506005952381,25.8277083333333,2.58332322693405,41.4591369047619,4.14591369047619
196,12.6985714285714,19.4471428571429,15.5901488095238,387.394672619048,16.3570698,0.310979761904762,0.00015244708994709,2.71575,39.2945773809524,3.92945773809524,36.7653571428571,3.67692379248169,47.379880952381,4.7379880952381
203,17.4814285714286,25.6514285714286,21.7912202380952,389.653517857143,21.9566697428571,0.872477678571429,2.24867724867725E-05,2.06397619047619,34.1605744047619,3.41605744047619,32.1007738095238,3.21052184371975,45.3591369047619,4.53591369047619
210,15.0971428571429,22.8371428571429,18.7196726190476,386.946696428571,19.3263204857143,0.444780654761905,9.16005291005291E-05,2.26830357142857,35.5168392857143,3.55168392857143,33.1947023809524,3.31990005555885,44.6218154761905,4.46218154761905
217,15.3942857142857,21.2042857142857,18.1829464285714,386.708505952381,15.4996218,0.371022023809524,6.74603174603175E-05,2.14640476190476,39.8014345238095,3.98014345238095,36.8146428571429,3.68185184442413,45.934494047619,4.5934494047619
224,13.98,21.0642857142857,17.6039285714286,383.918547619048,19.3371076285714,0.495137797619048,2.87698412698413E-05,2.7598630952381,38.5279345238095,3.85279345238095,35.5170833333333,3.55211004930436,45.0686309523809,4.50686309523809
231,10.6242857142857,16.3657142857143,13.0465178571429,389.597598214286,14.2342804285714,0.217949702380952,3.5218253968254E-05,3.55547023809524,39.2720476190476,3.92720476190476,35.7859523809524,3.57899393620854,42.7470833333333,4.27470833333333
238,8.26857142857143,14.5285714285714,11.1830952380952,394.372824404762,14.2089757714286,0.240575297619048,3.96825396825397E-05,2.78829464285714,35.5831964285714,3.55831964285714,32.7183928571429,3.27227535956908,41.4349404761905,4.14349404761905
245,11.5728571428571,17.2271428571429,14.1409226190476,420.085866071429,13.2117467142857,0.248208630952381,1.91798941798942E-05,2.48127678571429,37.7040982142857,3.77040982142857,34.4787797619048,3.44829178811755,40.9036607142857,4.09036607142857
252,12.7457142857143,18.6828571428571,15.4034821428571,393.937306547619,11.6875769142857,0.147844642857143,2.69510582010582E-05,2.39870833333333,37.383994047619,3.73839940476191,34.1551488095238,3.41593261340249,41.1296130952381,4.11296130952381
259,11.8928571428571,15.3985714285714,13.3414285714286,401.261866071429,6.36314451428571,0.0830360119047619,4.59656084656085E-05,2.57948214285714,41.358693452381,4.1358693452381,38.5509226190476,3.85546236722621,43.901875,4.3901875
266,10.6414285714286,16.1971428571429,13.5116071428571,405.99643452381,8.72846074285714,0.118210119047619,2.91005291005291E-05,2.71360119047619,42.3360535714286,4.23360535714286,39.3911011904762,3.93947233107214,42.9408333333333,4.29408333333333
273,10.4571428571429,15.78,13.0838095238095,445.168970238095,9.19684285714286,0.177142261904762,3.30687830687831E-06,2.81503869047619,40.4821190476191,4.04821190476191,37.0163988095238,3.70202532751422,41.4191666666667,4.14191666666667
280,10.0971428571429,16.2314285714286,12.9769047619048,441.510619047619,11.5894306285714,0.243178869047619,1.27314814814815E-05,1.91499404761905,33.7690833333333,3.37690833333333,31.2687797619048,3.12733426343981,40.3630952380952,4.03630952380952
287,11.2542857142857,15.2242857142857,13.1795238095238,407.410657738095,5.08708465714286,0.140486607142857,4.64616402116402E-05,2.52271428571429,40.0152351190476,4.00152351190476,38.32375,3.83274729899123,40.1443154761905,4.01443154761905
294,9.48,14.4171428571429,11.8905654761905,401.20356547619,6.32964034285714,0.178653273809524,3.63756613756614E-05,3.60143154761905,42.4754523809524,4.24754523809524,39.8720238095238,3.98756022449466,40.3426190476191,4.03426190476191
301,5.44714285714286,9.57,7.3416369047619,400.315681547619,6.61393337142857,0.151193154761905,2.79431216931217E-05,3.3028869047619,43.3850803571429,4.33850803571429,40.5956845238095,4.05991991754348,45.636130952381,4.5636130952381
308,8.26,12.1114285714286,9.978125,409.929488095238,5.6027232,0.243223214285714,1.81878306878307E-06,4.067875,42.4495833333333,4.24495833333333,39.579880952381,3.95834857981786,44.9807738095238,4.49807738095238
315,4.2,8.11857142857143,6.09627976190476,409.964425595238,3.8113902,0.0839071428571429,7.27513227513227E-06,2.40117261904762,42.8760714285714,4.28760714285714,40.0200595238095,4.00236247236456,44.6885714285714,4.46885714285714
322,5.26714285714286,7.94857142857143,6.53693452380952,419.782136904762,2.37609771428571,0.0244068452380952,3.93518518518519E-05,2.23333630952381,43.5708958333333,4.35708958333333,40.763244047619,4.07667442533213,45.02625,4.502625
329,2.32571428571429,5.56571428571429,3.96193452380952,412.935776785714,2.74447568571429,0.0742282738095238,4.96031746031746E-06,1.99225595238095,44.6219970238095,4.46219970238095,41.9707738095238,4.1974173320033,46.6838988095238,4.66838988095238
336,-2.64857142857143,-0.555714285714286,-1.6814880952381,420.235961309524,1.29178105714286,7.44047619047619E-06,4.96031746031746E-07,3.39979464285714,44.3334910714286,4.43334910714286,41.5685416666667,4.15719740693578,46.5606845238095,4.65606845238095
343,-1.52285714285714,0.538571428571428,-0.584761904761905,417.014955357143,1.37838265714286,0.020325,3.63756613756614E-06,2.90015178571429,45.0724761904762,4.50724761904762,42.4013095238095,4.24046745190181,46.6788392857143,4.66788392857143
350,0.39,3.72571428571429,2.07119047619048,412.174294642857,0.938082857142857,0.0432142857142857,2.95965608465608E-05,3.75455357142857,45.9729553571429,4.59729553571429,43.2958035714286,4.32990990509697,47.0980357142857,4.70980357142857
357,3.01571428571429,6.69142857142857,4.86190476190476,413.175473214286,0.609978857142857,0.0582526785714286,2.9265873015873E-05,5.61263095238095,45.9620803571429,4.59620803571429,43.1221428571429,4.31254516071634,47.2957142857143,4.72957142857143
365,-3.13625,0.5525,-1.20283854166667,421.0377578125,1.660298625,0.071675,1.53356481481481E-05,4.18129947916667,45.6324010416667,4.56324010416667,42.8292447916667,4.28325761676141,47.2230208333333,4.72230208333333
7,-0.778571428571429,1.26428571428571,0.169315476190476,422.484791666667,1.73915177142857,0.0545309523809524,7.77116402116402E-06,4.35386904761905,46.3247261904762,4.63247261904762,43.4607738095238,4.34640567808914,47.3635714285714,4.73635714285714
14,1.44714285714286,6.96428571428571,4.24041666666667,411.641098214286,1.47263605714286,0.151878571428571,4.28240740740741E-05,5.85236607142857,46.5393720238095,4.65393720238095,43.5785714285714,4.35818455263778,47.6556547619048,4.76556547619048
21,-1.31857142857143,2.05,0.498928571428571,417.55649702381,2.33068397142857,0.103790476190476,1.48809523809524E-05,2.57080357142857,46.3509047619048,4.63509047619048,43.5024702380952,4.35057500630241,47.4712202380952,4.74712202380952
28,-2.04571428571429,-0.24,-1.23943452380952,417.858017857143,1.67489768571429,0.0105877976190476,1.35582010582011E-05,3.55538095238095,46.182931547619,4.61829315476191,43.2732738095238,4.327657100469,47.2880059523809,4.72880059523809
35,-2.94,-0.408571428571429,-1.78818452380952,417.488869047619,2.70220628571429,0.0341767857142857,2.09986772486772E-05,3.0547380952381,46.764443452381,4.6764443452381,43.8291369047619,4.3832392286371,47.5034821428571,4.75034821428571
42,-3.46,-0.0928571428571429,-1.61574404761905,411.324282738095,3.7963008,0.0582571428571429,1.81878306878307E-06,3.43651785714286,46.8118988095238,4.68118988095238,43.8933630952381,4.38966137138204,47.4709226190476,4.74709226190476
49,-2.72857142857143,2.28571428571429,-0.481517857142857,427.498738095238,5.51714837142857,0.0581690476190476,4.96031746031746E-07,2.78035119047619,46.5041488095238,4.65041488095238,43.7477380952381,4.37509995334907,47.4429761904762,4.74429761904762
56,-0.992857142857143,3.31714285714286,1.16964285714286,420.43712202381,5.35711602857143,0.140284523809524,6.28306878306878E-06,4.11935119047619,46.8855357142857,4.68855357142857,43.8519047619048,4.38551584534491,47.5302976190476,4.75302976190476
63,-0.0157142857142857,4.88571428571429,2.24925595238095,416.64381547619,7.64039777142857,0.190607738095238,2.41402116402116E-05,3.60996130952381,47.2833363095238,4.72833363095238,44.3349404761905,4.43381587208728,47.69375,4.769375
70,2.08714285714286,7.34571428571429,4.7227380952381,420.618300595238,9.12719211428571,0.295288392857143,4.2989417989418E-06,3.32481547619048,46.8842142857143,4.68842142857143,44.049880952381,4.40531200217294,47.5423214285714,4.75423214285714
77,0.834285714285714,5.97,3.25979166666667,424.373982142857,8.13478757142857,0.167211904761905,9.755291005291E-06,2.75511011904762,46.8977202380952,4.68977202380952,44.0280952380952,4.40313359100623,47.5614583333333,4.75614583333333
84,0.761428571428571,8.77428571428571,4.45110119047619,420.218270833333,11.1844676571429,0.320158333333333,1.65343915343915E-06,2.36345238095238,46.5325773809524,4.65325773809524,43.7291071428571,4.37323699705543,47.4116071428571,4.74116071428571
91,1.68571428571429,7.06571428571429,4.18574404761905,414.311946428571,8.49269571428571,0.178311011904762,6.33829365079365E-05,4.58095535714286,47.2384375,4.72384375,44.2421428571429,4.42453678515819,47.6114285714286,4.76114285714286
98,0.834285714285714,6.76142857142857,3.57092261904762,412.14555952381,15.215526,0.311849702380952,1.52116402116402E-05,2.78860119047619,47.2330238095238,4.72330238095238,44.3819047619048,4.43851196013342,47.6477083333333,4.76477083333333
105,5.37142857142857,16.0354285714286,11.094931547619,408.48394047619,18.5880047142857,0.66759255952381,1.15740740740741E-06,2.98399404761905,45.9094635416667,4.60576738347184,43.3463020833333,4.33528595499338,47.36296875,4.73907586571774
112,4.95142857142857,12.1085714285714,8.48614583333333,409.956630952381,19.0135249714286,0.572558928571429,0,2.23332142857143,43.193375,4.32286253460873,41.2571875,4.1260078403951,47.0629166666667,4.70692560244889
119,5.91428571428571,14.1771428571429,10.1197023809524,413.892080357143,17.4313645714286,0.532927678571429,1.07473544973545E-05,2.35021130952381,40.1521994047619,4.01521994047619,38.3804464285714,3.83841639193353,46.9367857142857,4.69367857142857
126,7.22714285714286,15.4057142857143,11.5436011904762,414.248065476191,18.4743408857143,0.543994047619048,2.69510582010582E-05,2.82172619047619,41.8191607142857,4.18191607142857,37.7946726190476,3.77984477209177,46.3191666666667,4.63191666666667
133,8.5,18.0957142857143,13.4886607142857,419.966857142857,21.9182456571429,0.772959226190476,1.19047619047619E-05,3.06735119047619,39.6497976190476,3.96497976190476,36.3531547619048,3.63570795426827,45.5152678571429,4.55152678571429
140,6.86142857142857,14.6057142857143,10.8051488095238,434.634979166667,22.1492738571429,0.616609226190476,2.81084656084656E-06,2.8901755952381,36.0220476190476,3.60220476190476,33.2678869047619,3.32721756252576,44.7186904761905,4.47186904761905
147,7.70285714285714,14.0928571428571,11.1447321428571,428.393145833333,16.2321950571429,0.53403005952381,0,2.35621428571429,32.9740386904762,3.29740386904762,30.8849404761905,3.08895600478185,44.2763095238095,4.42763095238095
154,7.99857142857143,16.8142857142857,12.4641964285714,425.824720238095,17.7747778285714,0.5571,1.52116402116402E-05,3.59297321428571,31.3627529761905,3.13627529761905,29.7100595238095,2.97148617469148,43.6724702380952,4.36724702380952
161,11.1214285714286,19.4357142857143,15.5577976190476,426.020202380952,22.5058800857143,0.846150297619048,1.15740740740741E-06,2.86704761904762,29.5443898809524,2.95443898809524,28.3486607142857,2.835369351643,42.4154464285714,4.24154464285714
168,11.3942857142857,19.2728571428571,15.4199107142857,415.029452380952,21.3619826571429,0.747095833333333,9.92063492063492E-07,2.11574702380952,27.1904732142857,2.71904732142857,26.5019642857143,2.650734771212,41.1430654761905,4.11430654761905
175,8.16285714285714,13.8685714285714,10.6357738095238,425.316508928571,13.7427081428571,0.241707142857143,4.84457671957672E-05,3.19749107142857,27.8726547619048,2.78726547619048,27.1199404761905,2.71252012556971,40.4425892857143,4.04425892857143
182,13.6242857142857,22.21,18.1878571428571,434.733398809524,22.6115861142857,0.989814583333333,3.30687830687831E-06,2.12783333333333,27.419630952381,2.7419630952381,26.3241369047619,2.63295566903548,40.3129761904762,4.03129761904762
189,17.8585714285714,28.4371428571429,23.3410416666667,435.627851190476,24.9125536285714,1.57961785714286,2.26521164021164E-05,2.64816071428571,24.4155505952381,2.44155505952381,24.1936904761905,2.41995874053189,39.2059821428571,3.92059821428571
196,11.7457142857143,19.1828571428571,15.4457738095238,388.623761904762,16.9788394285714,0.551213690476191,2.97619047619048E-05,2.9675119047619,23.5515982142857,2.35515982142857,23.5887797619048,2.35948278736168,38.6843452380952,3.86843452380952
203,17.3714285714286,25.6185714285714,21.2838988095238,406.085395833333,19.3070306571429,0.95276130952381,2.97619047619048E-05,2.7016875,23.5702053571429,2.35702053571429,23.7326488095238,2.37386602664546,39.5966964285714,3.95966964285714
210,11.6885714285714,18.9685714285714,15.3220833333333,407.747845238095,18.0829923428571,0.624041666666667,4.24933862433862E-05,3.58102976190476,23.2240952380952,2.32240952380952,23.5414583333333,2.35475185994199,39.3906845238095,3.93906845238095
217,12.4928571428571,23.3714285714286,18.2546726190476,388.984160714286,23.9344956,1.18621994047619,1.15740740740741E-06,2.3682619047619,22.7482976190476,2.27482976190476,23.1310119047619,2.31371796783488,37.4179166666667,3.74179166666667
224,17.8428571428571,28.2585714285714,22.9379166666667,393.94899702381,21.5837092285714,1.3776869047619,2.1494708994709E-06,2.65248511904762,21.6118005952381,2.16118005952381,22.2352976190476,2.22417137814869,36.1246428571429,3.61246428571429
231,14.6528571428571,20.6728571428571,17.4875297619048,391.328985119048,11.4012488571429,0.555451190476191,6.56415343915344E-05,2.80476488095238,21.6830148809524,2.16830148809524,21.8468452380952,2.18533754506539,36.146875,3.6146875
238,13.4514285714286,20.2128571428571,16.8284523809524,389.892181547619,16.7202673714286,0.768649107142857,1.04166666666667E-05,2.63275297619048,21.7803452380952,2.17803452380952,22.0351488095238,2.20416232339594,36.2149404761905,3.62149404761905
245,14.8214285714286,23.71,19.3348511904762,401.380470238095,14.5609891714286,0.863816369047619,2.28174603174603E-05,2.22058333333333,21.7447291666667,2.17447291666667,22.1297619047619,2.2136208656665,36.2529464285714,3.62529464285714
252,8.54714285714286,14.3471428571429,11.1672023809524,385.0843125,12.7618976571429,0.314738392857143,1.93452380952381E-05,3.35894047619048,21.0761130952381,2.10761130952381,21.736369047619,2.17429324403184,35.370625,3.5370625
259,10.2128571428571,16.75,13.1955654761905,391.668672619048,8.9449722,0.329209226190476,5.19179894179894E-05,2.71137202380952,21.0357678571429,2.10357678571429,21.663869047619,2.16704543986125,35.5038392857143,3.55038392857143
266,9.47714285714286,14.2228571428571,11.5809821428571,401.965595238095,8.99830002857143,0.221322321428571,3.24074074074074E-05,3.11528273809524,22.2410892857143,2.22410892857143,22.3673214285714,2.23736997302411,36.1685714285714,3.61685714285714
273,8.04,13.1,10.2546726190476,404.263172619048,11.9897850857143,0.370013095238095,0,2.75416071428571,21.6264404761905,2.16264404761905,22.0727083333333,2.20791717439391,35.6311011904762,3.56311011904762
280,8.23857142857143,15.23,11.5859821428571,411.672705357143,10.3647844285714,0.326709523809524,1.65343915343915E-05,2.72354464285714,21.1086755952381,2.11086755952381,21.699494047619,2.17060685904337,34.9849404761905,3.49849404761905
287,1.81285714285714,6.31,4.06211309523809,428.950729166667,6.58231508571429,0.0857601190476191,2.79431216931217E-05,3.08391071428571,21.9939166666667,2.19939166666667,22.3715476190476,2.2377924716141,35.3486607142857,3.53486607142857
294,3.57857142857143,6.10857142857143,4.81005952380952,445.69455952381,2.42940754285714,0.0427380952380952,4.16666666666667E-05,1.9016369047619,26.1954285714286,2.61954285714286,24.9166666666667,2.49223925317722,41.9866964285714,4.19866964285714
301,5.44,9.33,7.21797619047619,427.022741071429,4.91989628571429,0.12520625,4.2989417989418E-06,2.43126785714286,27.3408035714286,2.73408035714286,25.9981547619048,2.60036424901188,42.3927083333333,4.23927083333333
308,6.29857142857143,12.7457142857143,9.6285119047619,458.87699702381,5.97890982857143,0.466113095238095,0,2.405875,26.4243303571429,2.64243303571429,25.0996428571429,2.51053269902242,42.0095535714286,4.20095535714286
315,10.7242857142857,14.3814285714286,12.4932142857143,467.565232142857,4.6143432,0.336774404761905,1.07473544973545E-05,4.19395833333333,28.2120505952381,2.82120505952381,26.4768154761905,2.64822040149644,42.4382142857143,4.24382142857143
322,6.28,10.56,8.62994047619048,439.621958333333,2.57364462857143,0.182650297619048,5.32407407407407E-05,4.92084226190476,32.7483541666667,3.27483541666667,30.898244047619,3.09028616305381,44.488125,4.4488125
329,0.172857142857143,3.03714285714286,1.71583333333333,423.230601190476,2.14072817142857,0.07675,4.4973544973545E-05,3.81205654761905,36.6435297619048,3.66435297619048,34.7360119047619,3.47401193834696,46.8206547619048,4.68206547619048
336,1.39285714285714,5.81142857142857,3.54053571428571,453.963922619048,2.08692745714286,0.0839699404761905,5.25793650793651E-05,4.17616964285714,37.8857321428571,3.78857321428571,36.2839285714286,3.62878608394941,47.2336904761905,4.72336904761905
343,3.86,7.49571428571429,5.67044642857143,439.788041666667,2.42584637142857,0.17824375,2.81084656084656E-06,4.50883035714286,36.8634226190476,3.68634226190476,35.5230952380952,3.5527111718021,47.0903571428571,4.70903571428571
350,1.74142857142857,5.45142857142857,3.57122023809524,464.183413690476,2.0420244,0.0704919642857143,8.43253968253968E-06,3.63182738095238,37.3882291666667,3.73882291666667,36.1611011904762,3.61650468137097,46.9102976190476,4.69102976190476
357,6.85142857142857,9.84571428571429,8.51360119047619,455.615898809524,1.1614122,0.120921726190476,1.38888888888889E-05,4.57804761904762,38.1225238095238,3.81225238095238,36.7303273809524,3.67342118636279,47.2528571428571,4.72528571428571
365,3.5625,7.70125,5.78455729166667,459.020520833333,2.503539,0.154675520833333,1.51909722222222E-05,3.53908072916667,37.3170651041667,3.73170651041667,36.0387760416667,3.60427350559217,47.1733072916667,4.71733072916667
7,-4.13714285714286,-0.76,-2.7978869047619,453.247735119048,1.12713428571429,0.00152113095238095,1.58730158730159E-05,2.50965178571429,38.4150148809524,3.84150148809524,37.2566369047619,3.72604665185935,47.2917261904762,4.72917261904762
14,0.897142857142857,3.55857142857143,2.10455357142857,457.8146875,2.57913925714286,0.07635625,3.25727513227513E-05,3.46422023809524,39.5197202380952,3.95197202380952,38.3706547619048,3.83743732012295,47.5359226190476,4.75359226190476
21,-6.26714285714286,-2.58428571428571,-4.41342261904762,420.685601190476,3.545685,0.0526892857142857,9.58994708994709E-06,2.13618154761905,38.5581488095238,3.85581488095238,37.5612797619048,3.75650783185931,47.3307142857143,4.73307142857143
28,0.5,5.21285714285714,3.03482142857143,396.187202380952,3.30418182857143,0.135278571428571,8.76322751322751E-06,3.76475595238095,38.8438214285714,3.88438214285714,37.66,3.76637886003248,47.3702380952381,4.73702380952381
35,1.24,5.43714285714286,3.72779761904762,396.928648809524,2.19484234285714,0.11475744047619,4.94378306878307E-05,5.1784880952381,39.6770386904762,3.96770386904762,38.3564583333333,3.83601781487872,47.5859821428571,4.75859821428571
42,2.01142857142857,5.94285714285714,3.79125,398.31725297619,3.37100142857143,0.166504464285714,3.14153439153439E-05,4.45458035714286,40.0876696428571,4.00876696428571,38.6396428571429,3.86433354132056,47.6256547619048,4.76256547619048
49,-2.26857142857143,1.23285714285714,-0.499642857142857,396.845369047619,3.75282668571429,0.0696229166666667,1.32275132275132E-05,2.20543452380952,40.2735238095238,4.02735238095238,38.8428571428571,3.88465303823954,47.481755952381,4.7481755952381
56,-0.327142857142857,4.37571428571429,2.04440476190476,391.03468452381,4.04944971428571,0.0726428571428571,5.0760582010582E-05,3.88935416666667,41.3638095238095,4.13638095238095,39.8471428571429,3.98507235267756,47.7133035714286,4.77133035714286
63,-2.47428571428571,2.25857142857143,-0.419791666666667,384.208577380952,7.27591217142857,0.130600297619048,7.44047619047619E-06,3.34519047619048,40.9826696428571,4.09826696428572,39.5190178571429,3.95226282542436,47.4686904761905,4.74686904761905
70,-0.728571428571429,3.61142857142857,1.2133630952381,385.9305625,7.29898637142857,0.131302083333333,4.46428571428571E-06,2.25112797619048,40.8940892857143,4.08940892857143,39.4013095238095,3.94049307056998,47.4865178571429,4.74865178571429
77,-1.01428571428571,3.40428571428571,1.08815476190476,383.073202380952,6.49403485714286,0.115845535714286,3.30687830687831E-06,3.13525892857143,40.7896904761905,4.07896904761905,39.4948511904762,3.94984637965556,47.3872321428571,4.73872321428571
84,1.45,5.85857142857143,3.42877976190476,375.199497023809,7.90996422857143,0.175635714285714,5.45634920634921E-06,2.67146130952381,40.7937738095238,4.07937738095238,39.3007738095238,3.93044042539422,47.3107142857143,4.73107142857143
91,3.42571428571429,7.83714285714286,5.49863095238095,375.611577380952,7.55120288571428,0.189635714285714,4.51388888888889E-05,3.26433333333333,41.6374910714286,4.16374910714286,40.2397023809524,4.02432481223569,47.5445238095238,4.75445238095238
98,5.26285714285714,13.2757142857143,9.3978869047619,378.266360119048,14.6076374571429,0.44395505952381,4.03439153439153E-05,2.63450892857143,41.9162142857143,4.19162142857143,40.2933333333333,4.02968743557248,47.6771130952381,4.76771130952381
105,4.47857142857143,11.5385714285714,7.87934523809524,437.874520833333,14.7303329142857,0.399383630952381,1.40542328042328E-05,2.39351785714286,40.4962767857143,4.04962767857143,38.6767857142857,3.86804747245782,47.3663392857143,4.73663392857143
112,4.40285714285714,11.1128571428571,7.74708333333333,451.165711309524,14.4939844285714,0.417909523809524,1.85185185185185E-05,2.57066369047619,40.9899523809524,4.09899523809524,38.9259523809524,3.89296177799645,47.4422321428571,4.74422321428571
119,0.178571428571429,6.18142857142857,2.89723214285714,449.828529761905,14.4533738571429,0.242544047619048,1.27314814814815E-05,3.37260416666667,39.630318452381,3.9630318452381,36.8788988095238,3.68827676447017,47.2703571428571,4.72703571428571
126,4.59285714285714,13.13,9.14758928571429,442.981538690476,19.9758301714286,0.531285119047619,0,2.45240476190476,39.0125357142857,3.90125357142857,36.0734523809524,3.60774075899419,47.1941964285714,4.71941964285714
133,10.0528571428571,20.0771428571429,15.3510714285714,432.854119047619,26.1705237428571,0.83880505952381,0,3.47441071428571,33.7210238095238,3.37210238095238,31.0931547619048,3.10977434033037,45.9630952380952,4.59630952380952
140,5.85857142857143,12.59,9.07247023809524,435.656038690476,15.6184611428571,0.455594642857143,2.31481481481481E-06,3.1608005952381,29.2373244047619,2.92373244047619,27.0408333333333,2.70461095000939,44.7067857142857,4.47067857142857
147,10.3685714285714,16.7185714285714,13.4695833333333,449.617523809524,15.1137768857143,0.529481845238095,2.57936507936508E-05,2.63591964285714,29.1329077380952,2.91329077380952,25.5355357142857,2.55411228403436,44.1407142857143,4.41407142857143
154,12.6742857142857,18.0885714285714,15.3187797619048,438.302270833333,14.3904317142857,0.27025,8.53174603174603E-05,2.1334494047619,35.3404196428571,3.53404196428571,30.9787797619048,3.09833853422533,45.8491369047619,4.58491369047619
161,14.3057142857143,20.9685714285714,17.6304166666667,413.954821428571,20.6428731428571,0.736761011904762,5.78703703703704E-06,2.17529166666667,35.5180446428571,3.55180446428571,32.2321726190476,3.22365991300888,45.7372619047619,4.57372619047619
168,11.4914285714286,17.4014285714286,14.0779166666667,421.046955357143,16.3115377714286,0.405906547619048,9.12698412698413E-05,2.267625,36.1437232142857,3.61437232142857,33.3839285714286,3.3388202386355,45.6961607142857,4.56961607142857
175,12.5928571428571,20.4,16.5577083333333,428.704592261905,21.9887848285714,0.659170238095238,6.61375661375661E-06,2.76555654761905,35.2694523809524,3.52694523809524,32.1436011904762,3.21480398970503,45.2137797619048,4.52137797619048
182,13.4242857142857,21.36,17.4631845238095,426.732142857143,22.6573647428571,0.669794642857143,8.10185185185185E-06,2.82814880952381,29.7311428571429,2.97311428571429,27.1468154761905,2.71520710486013,42.2109523809524,4.22109523809524
189,11.0685714285714,18.8614285714286,14.9370833333333,423.505586309524,20.1619342285714,0.586988690476191,2.43055555555556E-05,3.23743154761905,28.3732827380952,2.83732827380952,25.8434821428571,2.58490027079989,41.1467261904762,4.11467261904762
196,14.01,21.4271428571429,17.8256845238095,421.770988095238,19.2392192571429,0.833735119047619,1.93452380952381E-05,3.13846726190476,25.6954583333333,2.56954583333333,24.4653273809524,2.44711588525582,39.3738095238095,3.93738095238095
203,14.5857142857143,22.7871428571429,18.5113988095238,424.090818452381,19.0317211714286,0.821735416666667,5.37367724867725E-05,2.67908928571429,24.3180833333333,2.43180833333333,23.5625595238095,2.35686143640865,39.0655952380952,3.90655952380952
210,17.3385714285714,24.0442857142857,20.4750892857143,422.249616071429,17.3772223714286,0.829523214285714,1.19047619047619E-05,1.55610714285714,25.0242470238095,2.50242470238095,23.7233035714286,2.37293173958316,41.1443154761905,4.11443154761905
217,13.6742857142857,19.1671428571429,16.3846130952381,427.428199404762,12.0839497714286,0.37349880952381,3.81944444444444E-05,2.696125,24.1679047619048,2.41679047619048,23.2163988095238,2.32225439048528,38.0783630952381,3.80783630952381
224,11.34,18.4571428571429,14.8841964285714,419.214473214286,17.3876508,0.601139880952381,2.48015873015873E-06,2.7518244047619,24.5773392857143,2.45773392857143,23.2116964285714,2.32178427684855,37.2287797619048,3.72287797619048
231,12.3385714285714,20.1342857142857,16.2240773809524,419.26987202381,19.0778482285714,0.695819047619048,1.24007936507937E-05,2.46577380952381,23.1884613095238,2.31884613095238,22.3705952380952,2.23769726066027,36.3708630952381,3.63708630952381
238,14.4128571428571,23.5085714285714,18.9480654761905,419.173741071429,17.8962883714286,0.91146994047619,1.02513227513228E-05,2.67583035714286,21.7022351190476,2.17022351190476,21.6428273809524,2.16494191324308,35.7793452380952,3.57793452380952
245,16.3585714285714,25.8814285714286,21.2993154761905,410.040770833333,18.7485855428571,1.36730238095238,1.81878306878307E-06,2.2674494047619,20.4276696428571,2.04276696428571,20.7336011904762,2.07404819147404,35.173630952381,3.5173630952381
252,14.3342857142857,21.5314285714286,17.843869047619,417.100791666667,15.1752224571429,0.719597023809524,3.68716931216931E-05,2.63363988095238,20.0927708333333,2.00927708333333,20.563630952381,2.05705685306867,35.4722916666667,3.54722916666667
259,15.6811428571429,27.2617142857143,21.589505952381,421.7169375,16.3724950285714,1.28069553571429,0,2.27383928571429,20.0207222222222,2.06120558817692,20.3961805555556,2.04108085043994,35.1379166666667,3.52043477847513
266,10.7461428571429,16.9401428571429,13.7088303571429,423.300029761905,8.24655111428571,0.423335416666667,4.48082010582011E-05,2.16584523809524,NA,NA,NA,NA,NA,NA
273,9.83028571428571,19.8245714285714,14.5992321428571,421.183392857143,11.0810561142857,0.525011904761905,0,2.786125,NA,NA,NA,NA,NA,NA
280,7.54085714285714,12.4727142857143,10.1459613095238,422.826342261905,5.91500802857143,0.236347023809524,6.29960317460318E-05,3.12175595238095,NA,NA,NA,NA,NA,NA
287,4.22485714285714,7.991,6.08952678571429,433.478854166667,4.72890034285714,0.0996610119047619,3.19113756613757E-05,2.20622023809524,22.8686458333333,2.33892026080262,21.1608531746032,2.11772592789363,44.2155158730159,4.42684013577128
294,6.07428571428571,11.44,8.55889880952381,441.24762797619,5.62746188571429,0.14591369047619,1.07473544973545E-05,2.61417857142857,23.598130952381,2.3598130952381,22.0521130952381,2.20585825404791,43.1465476190476,4.31465476190476
301,4.19714285714286,7.12428571428571,5.59943452380952,444.194547619048,3.26777554285714,0.0383383928571429,3.53835978835979E-05,1.98770238095238,26.9313095238095,2.69313095238095,24.9744642857143,2.49801769026638,44.7973214285714,4.47973214285714
308,4.64857142857143,8.48285714285714,6.6414880952381,411.0275625,3.65917191428571,0.12895,5.45634920634921E-06,2.93791369047619,27.1530238095238,2.71530238095238,25.1973511904762,2.52030132870288,44.5911607142857,4.45911607142857
315,0.415714285714286,3.01,1.77616071428571,442.610282738095,2.2088484,0.060883630952381,4.05092592592593E-05,2.55180654761905,30.4215625,3.04215625,28.5766369047619,2.85816295636998,45.7928869047619,4.57928869047619
322,-0.564,3.75742857142857,1.47038095238095,445.161514880952,2.74613425714286,0.116087202380952,9.25925925925926E-06,3.54189583333333,NA,NA,NA,NA,NA,NA
329,4.47528571428571,9.55914285714286,7.04691369047619,436.301318452381,2.76176905714286,0.236351488095238,1.20701058201058E-05,2.94206845238095,NA,NA,NA,NA,NA,NA
336,-2.72914285714286,2.35242857142857,-0.286767857142857,445.35431547619,3.03098194285714,0.113605654761905,1.98412698412698E-06,3.3095,NA,NA,NA,NA,NA,NA
343,-4.764,1.701,-1.84402380952381,457.251508928571,3.68663245714286,0.117859523809524,7.10978835978836E-06,2.98690476190476,NA,NA,NA,NA,NA,NA
350,2.533,5.50614285714286,4.08465773809524,435.795357142857,1.51140882857143,0.110895535714286,1.24007936507937E-05,3.10278273809524,37.9483229166667,3.85295261828619,NA,NA,NA,NA
357,-2.37614285714286,1.15314285714286,-0.40622619047619,449.90043452381,2.55920065714286,0.0842717261904762,1.48809523809524E-06,3.86905357142857,37.8548988095238,3.78548988095238,NA,NA,NA,NA
366,0.107444444444444,4.56622222222222,2.36337962962963,447.56049537037,2.0202482,0.139204861111111,8.23045267489712E-06,4.53384722222222,39.1293356481481,3.91293356481482,NA,NA,NA,NA
7,-6.53428571428571,-2.70428571428571,-4.59214285714286,450.153351190476,2.64376182857143,0.0635261904761905,1.3723544973545E-05,4.89441964285714,36.8043571428571,3.68043571428571,37.1441369047619,3.71479781163074,47.0054464285714,4.70054464285714
14,-2.9,0.357142857142857,-1.13363095238095,445.12449702381,1.71323511428571,0.0502511904761905,4.97685185185185E-05,3.80667261904762,37.2570357142857,3.72570357142857,37.4048511904762,3.74086656312628,46.9392261904762,4.69392261904762
21,-6.03428571428571,-2.54857142857143,-4.34925595238095,443.257324404762,4.41353494285714,0.116235416666667,1.65343915343915E-07,2.36556547619048,38.7859285714286,3.87859285714286,38.9404166666667,3.89440807043069,47.2201785714286,4.72201785714286
28,-5.67,-0.242857142857143,-3.11639880952381,459.610883928571,4.90730322857143,0.126171428571429,0,2.28963392857143,37.870125,3.7870125,37.9806547619048,3.79844113798405,47.1122321428571,4.71122321428571
35,0.0971428571428571,3.59571428571429,1.73654761904762,458.354005952381,3.15432874285714,0.102152976190476,6.11772486772487E-06,2.65198511904762,39.3601964285714,3.93601964285714,39.1793452380952,3.91829869333084,47.1558035714286,4.71558035714286
42,-4.24285714285714,-1.28285714285714,-2.81327380952381,458.532363095238,1.71669214285714,0.0280241071428571,1.65343915343915E-06,2.92750297619048,39.3429910714286,3.93429910714286,39.4897619047619,3.94933749763773,47.3399107142857,4.73399107142857
49,-0.977142857142857,3.81285714285714,1.3233630952381,453.359050595238,6.13014557142857,0.129471130952381,1.24007936507937E-05,3.19148511904762,38.7452648809524,3.87452648809524,38.7547916666667,3.8758473252396,47.2455654761905,4.72455654761905
56,2.12,6.39428571428571,4.22690476190476,437.629842261905,3.96121782857143,0.134995238095238,5.6712962962963E-05,4.78423809523809,40.6318601190476,4.06318601190476,41.4516964285714,4.14551385058161,47.635,4.7635
63,3.19142857142857,8.09285714285714,5.75958333333333,431.182133928571,6.86919754285714,0.330015476190476,4.00132275132275E-05,3.8968244047619,41.0014136904762,4.10014136904762,41.8225297619048,4.18259413213303,47.609255952381,4.7609255952381
70,2.14,6.35285714285714,4.11934523809524,432.779053571429,6.99393805714286,0.228516666666667,5.22486772486772E-05,3.17595833333333,41.7702797619048,4.17702797619048,42.9354166666667,4.29387398053347,47.7113988095238,4.77113988095238
77,3.03,9.51714285714286,6.38565476190476,438.281151785714,10.3771951714286,0.372167261904762,1.53769841269841E-05,3.34166666666667,40.3792202380952,4.03792202380952,42.1508333333333,4.21542183230149,47.3404166666667,4.73404166666667
84,3.93857142857143,8.80571428571429,6.22175595238095,445.610827380952,7.82134894285714,0.291027976190476,1.5707671957672E-05,3.48479761904762,41.2136517857143,4.12136517857143,44.0479166666667,4.40511558804485,47.5251190476191,4.75251190476191
91,8.17285714285714,16.17,12.308005952381,435.775449404762,15.8006008285714,0.786454166666667,1.98412698412698E-06,2.67753869047619,39.153568452381,3.9153568452381,40.2041369047619,4.02076857825316,47.2200595238095,4.72200595238095
98,5.17285714285714,10.7428571428571,8.05663690476191,436.924389880952,11.0816292857143,0.31837380952381,0,2.5803630952381,36.4310535714286,3.64310535714286,33.8269642857143,3.38311821330108,47.1319642857143,4.71319642857143
105,5.02,11.9371428571429,8.50702380952381,436.261508928571,12.5143382571429,0.450610119047619,2.64550264550265E-06,3.3086875,32.9390714285714,3.29390714285714,27.7465178571429,2.77516598589473,47.0515178571429,4.70515178571429
112,0.684285714285714,6.22285714285714,3.35526785714286,438.250776785714,13.5706294285714,0.28090505952381,2.19907407407407E-05,3.01278571428571,36.7679196428571,3.67679196428571,34.458630952381,3.44627714910212,46.893125,4.6893125
119,2.39428571428571,8.72285714285714,5.60568452380952,431.717979166667,15.5129266285714,0.426185119047619,4.96031746031746E-07,2.4300744047619,35.1042321428571,3.51042321428571,32.6224702380952,3.26268437971767,46.75,4.675
126,4.58,11.4014285714286,7.86860119047619,422.663982142857,11.6884188,0.314383035714286,3.09193121693122E-05,2.73870833333333,37.2731547619048,3.72731547619048,35.32125,3.53252894297054,47.0966666666667,4.70966666666667
133,6.87857142857143,15.0528571428571,10.9086011904762,403.328797619048,16.7090389714286,0.506435119047619,5.62169312169312E-06,2.23397916666667,36.2359732142857,3.62359732142857,32.136130952381,3.21405706906168,47.0791964285714,4.70791964285714
140,12.2371428571429,19.9771428571429,16.2118154761905,422.105193452381,20.7275076,0.79298005952381,2.03373015873016E-05,2.39781845238095,33.8457083333333,3.38457083333333,29.29,2.92948710823236,46.3274404761905,4.63274404761905
147,11.2628571428571,19.3142857142857,15.4329166666667,444.68487797619,23.5449730285714,0.767853273809524,3.80291005291005E-06,2.57688095238095,31.6662886904762,3.16662886904762,27.5589583333333,2.75641353237928,45.1719642857143,4.51719642857143
154,15.39,24.6771428571429,19.9716666666667,440.873244047619,22.4937331714286,1.12959732142857,3.33994708994709E-05,2.32718452380952,28.3345952380952,2.83345952380952,25.5578273809524,2.55634096349551,43.6125595238095,4.36125595238095
161,10.2342857142857,18.5985714285714,14.3048511904762,435.180767857143,20.9820528,0.644966071428571,6.25E-05,3.21538392857143,36.0264583333333,3.60264583333333,32.8508630952381,3.28552062515522,45.3484226190476,4.53484226190476
168,12.4671428571429,20.3171428571429,16.7516964285714,418.336175595238,21.8390407714286,0.807058035714286,1.52116402116402E-05,2.97319345238095,32.7154851190476,3.27154851190476,27.1862797619048,2.71915277066683,42.8016666666667,4.28016666666667
175,15.7985714285714,24.5114285714286,20.3339583333333,426.75106547619,25.7377327714286,1.03577351190476,1.7526455026455E-05,2.5325,28.6811160714286,2.86811160714286,22.7985416666667,2.28047993601499,40.9660714285714,4.09660714285714
182,13.1142857142857,18.1057142857143,15.4981547619048,459.132389880952,11.5324192285714,0.458989285714286,4.36507936507936E-05,3.25978273809524,29.2672053571429,2.92672053571429,24.4199702380952,2.44258125383664,40.7799107142857,4.07799107142857
189,13.9842857142857,22.4714285714286,18.3322321428571,459.359479166667,22.1932828285714,0.819488690476191,2.19907407407407E-05,2.73391666666667,30.1817678571429,3.01817678571429,24.0023214285714,2.40082653619627,39.9758928571429,3.99758928571429
196,12.4742857142857,19.0671428571429,15.7395238095238,459.993074404762,16.5891664285714,0.56194494047619,5.53902116402116E-05,2.9128244047619,34.347375,3.4347375,29.9455357142857,2.99503001812256,42.0469345238095,4.20469345238095
203,14.9171428571429,23.3385714285714,19.1322619047619,457.405050595238,19.6985350285714,0.766125892857143,1.32275132275132E-05,2.53502976190476,31.2553541666667,3.12553541666667,23.5155654761905,2.35216324134818,39.4754761904762,3.94754761904762
210,12.5671428571429,17.6585714285714,14.952380952381,437.495380952381,11.2954852285714,0.344557440476191,0.000194444444444444,3.50234821428571,39.3216458333333,3.93216458333333,36.0503273809524,3.60542851267891,45.5169345238095,4.55169345238095
217,16.8771428571429,24.09,20.3416071428571,406.043017857143,18.4804747714286,0.860025892857143,2.44708994708995E-05,3.09018154761905,34.4296041666667,3.44296041666667,28.0369047619048,2.80419935161193,43.5068154761905,4.35068154761905
224,11.9657142857143,18.6671428571429,15.4016369047619,404.772681547619,15.5833007142857,0.562322321428571,7.88690476190476E-05,2.61513392857143,32.7467232142857,3.27467232142857,26.875119047619,2.68804277412703,42.3644642857143,4.23644642857143
231,13.6985714285714,21.7085714285714,17.5776488095238,410.248723214286,17.3795808857143,0.598691071428571,4.15013227513228E-05,2.77434821428571,37.5635505952381,3.75635505952381,32.6269345238095,3.26313074845448,45.7984821428571,4.57984821428571
238,12.38,19.9157142857143,15.9627976190476,414.407178571429,18.0966967714286,0.600014285714286,2.84391534391534E-05,2.43889880952381,32.862880952381,3.2862880952381,24.5540773809524,2.45598877798689,42.7783333333333,4.27783333333333
245,13.9714285714286,20.6728571428571,17.2833630952381,414.990904761905,15.5595664285714,0.726433035714286,5.62169312169312E-06,2.08533035714286,32.4342767857143,3.24342767857143,24.7144642857143,2.47202369863196,41.6083333333333,4.16083333333333
252,10.7357142857143,16.6357142857143,13.8485416666667,409.303580357143,11.833191,0.490568452380952,6.94444444444444E-06,2.86629464285714,28.0204523809524,2.80204523809524,20.2506845238095,2.02577292758299,39.3457142857143,3.93457142857143
259,8.49857142857143,13.4057142857143,10.7095535714286,407.622880952381,10.7417918571429,0.264500297619048,5.6547619047619E-05,3.92952678571429,29.7231785714286,2.97231785714286,22.9931547619048,2.29993595048832,40.8753571428571,4.08753571428571
266,8.20428571428571,13.9728571428571,10.88,411.529080357143,11.4414413142857,0.31974375,8.92857142857143E-06,2.35729166666667,32.6584851190476,3.26584851190476,25.1131845238095,2.51188655925554,41.7232142857143,4.17232142857143
273,10.6571428571429,15.2457142857143,12.8286607142857,425.205642857143,6.25178725714286,0.180015178571429,2.16600529100529E-05,1.70215178571429,29.6202708333333,2.96202708333333,22.0291666666667,2.20356428487516,39.2392261904762,3.92392261904762
280,7.75857142857143,11.3371428571429,9.28214285714286,420.481613095238,6.02618271428571,0.172836607142857,7.65542328042328E-05,4.16379464285714,38.4443005952381,3.84443005952381,35.1151488095238,3.51192119451015,42.3502976190476,4.23502976190476
287,8.80571428571429,13.2385714285714,10.8911607142857,437.522348214286,6.14207288571429,0.205603273809524,1.68650793650794E-05,3.81397619047619,38.9581160714286,3.89581160714286,36.8617261904762,3.6865596827823,46.0527083333333,4.60527083333333
294,11.59,18.0642857142857,14.9775595238095,458.625586309524,8.52789085714286,0.581504166666667,1.40542328042328E-05,3.27791369047619,35.3338125,3.53338125,33.7278869047619,3.37321171406475,44.8709523809524,4.48709523809524
301,7.89428571428571,10.9928571428571,9.20032738095238,430.933839285714,3.7196244,0.168552380952381,2.46362433862434E-05,3.96128273809524,39.7573869047619,3.97573869047619,38.2377678571429,3.82414992178223,44.1696428571429,4.41696428571429
308,4.76285714285714,9.00428571428571,6.70074404761905,429.296479166667,4.79873185714286,0.187725,2.19907407407407E-05,3.85663095238095,40.424880952381,4.0424880952381,39.6386011904762,3.96422006965756,45.8165178571429,4.58165178571429
315,3.14,5.72142857142857,4.35607142857143,436.77681547619,1.58451171428571,0.0605297619047619,3.55489417989418E-05,2.93555952380952,41.2310178571429,4.12310178571429,40.7742261904762,4.07777254535129,45.9922619047619,4.59922619047619
322,1.22285714285714,3.56,2.40610119047619,437.359488095238,2.37497142857143,0.0549979166666667,7.44047619047619E-06,3.20649107142857,41.4167380952381,4.14167380952381,40.9077380952381,4.09112259385924,45.8608035714286,4.58608035714286
329,2.97571428571429,7.41142857142857,5.38202380952381,433.034178571429,1.686222,0.145752976190476,6.29960317460318E-05,4.16294047619048,42.7392291666667,4.27392291666667,43.3252976190476,4.33285908553349,45.933244047619,4.5933244047619
336,-0.808571428571429,1.19285714285714,0.182946428571429,438.41531547619,1.414467,0.0498589285714286,2.09986772486772E-05,2.78389880952381,42.8171845238095,4.28171845238095,44.4700892857143,4.44732977505532,45.7916369047619,4.57916369047619
343,-0.72,1.97285714285714,0.647172619047619,474.514139880952,1.641996,0.0635940476190476,3.48875661375661E-05,4.92894047619048,42.9224702380952,4.29224702380952,44.3603273809524,4.43635437840039,45.7273809523809,4.57273809523809
350,-0.64,2.97857142857143,0.705386904761905,479.216345238095,1.25159348571429,0.0575133928571429,5.09259259259259E-05,3.75825595238095,43.6696964285714,4.36696964285714,45.4608333333333,4.54639718798421,45.8973809523809,4.5897380952381
357,1.13,3.17,2.18327380952381,479.324931547619,1.57844828571429,0.0183282738095238,2.31481481481481E-06,3.44677678571429,43.2734672619048,4.32734672619048,45.4014583333333,4.54046009840783,45.5022619047619,4.55022619047619
365,1.5175,5.38875,3.36065104166667,473.925546875,1.462201875,0.101692708333333,8.82523148148148E-06,4.6345859375,42.7993333333333,4.27993333333333,44.5276822916667,4.4530886606911,45.3522916666667,4.53522916666667
7,2.11428571428571,6.01142857142857,3.74574404761905,477.295154761905,1.25240914285714,0.0729568452380952,5.869708994709E-05,4.48684821428571,44.0309910714286,4.40309910714286,46.1866369047619,4.61897261336574,45.5306845238095,4.55306845238095
14,-0.402857142857143,2.90714285714286,1.095,469.560782738095,1.92588557142857,0.0482282738095238,3.30687830687831E-07,2.7635119047619,43.4033898809524,4.34033898809524,45.0429166666667,4.50460843311629,45.2102678571429,4.52102678571429
21,-1.11,1.86571428571429,0.14077380952381,426.989967261905,1.85936811428571,0.0435886904761905,6.48148148148148E-05,4.15553869047619,44.2450446428571,4.42450446428571,46.18625,4.61893392547724,45.2571726190476,4.52571726190476
28,2.82285714285714,6.04285714285714,4.24690476190476,424.123744047619,2.12292565714286,0.0530035714285714,3.3234126984127E-05,3.76524702380952,44.8418660714286,4.48418660714286,46.7157142857143,4.67187685299436,45.9011904761905,4.59011904761905
35,0.165714285714286,3.18,1.67547619047619,424.090767857143,2.88222685714286,0.0882229166666667,1.47156084656085E-05,3.95320535714286,43.9287291666667,4.39287291666667,46.1278571428571,4.61309503080285,45.3730952380952,4.53730952380952
42,-4.73857142857143,-1.99285714285714,-3.40267857142857,430.06400297619,3.44826848571429,0.0377014880952381,1.48809523809524E-06,2.68397023809524,43.414806547619,4.3414806547619,45.3965476190476,4.53996906097213,46.3215476190476,4.63215476190476
49,-2.28571428571429,1.25571428571429,-0.717470238095238,410.396220238095,6.1339086,0.126113988095238,5.12566137566138E-06,2.57437797619048,43.2111458333333,4.32111458333333,45.3338988095238,4.53370461433263,46.5458630952381,4.65458630952381
56,-6.69571428571429,-2.39142857142857,-4.63053571428571,422.215014880952,7.97130231428571,0.121770238095238,0,3.65439583333333,42.9448273809524,4.29448273809524,45.0287797619048,4.50319484208276,46.6953571428571,4.66953571428571
63,-12.2257142857143,-5.28142857142857,-8.84,438.195241071429,8.1731394,0.100695535714286,0,3.93982142857143,37.7472767857143,3.77472767857143,34.4845833333333,3.44887207562642,46.7814880952381,4.67814880952381
70,2.33428571428571,8.49714285714286,5.12797619047619,430.21544047619,9.01345757142857,0.218524702380952,9.42460317460317E-06,2.91751488095238,41.587125,4.1587125,42.1799107142857,4.21832933706589,47.0558333333333,4.70558333333333
77,-2.34285714285714,2.82428571428571,0.207053571428571,435.583026785714,5.8239486,0.0716982142857143,5.00992063492063E-05,4.3733630952381,44.0237291666667,4.40237291666667,46.0654166666667,4.60685140242614,47.1703869047619,4.71703869047619
84,-2.71714285714286,2.87857142857143,0.151011904761905,434.293919642857,11.1695112,0.180910119047619,2.48015873015873E-06,2.88600892857143,43.6257410714286,4.36257410714286,46.5972023809524,4.66002643926126,47.1401488095238,4.71401488095238
91,1.56428571428571,6.78714285714286,3.91041666666667,429.856505952381,8.17374291428571,0.173376488095238,4.18320105820106E-05,2.39078273809524,44.443755952381,4.4443755952381,48.1801190476191,4.81830804657891,47.4568154761905,4.74568154761905
98,4.26285714285714,14.6928571428571,9.72497023809524,423.762702380952,17.2174628571429,0.605191964285714,2.1494708994709E-05,2.79980357142857,43.7367797619048,4.37367797619048,47.7577380952381,4.77607257032733,47.3197619047619,4.73197619047619
105,9.36857142857143,16.7571428571429,13.0847321428571,416.605544642857,14.3079107142857,0.564494940476191,2.36441798941799E-05,2.53272916666667,42.5394255952381,4.25394255952381,45.514880952381,4.55180157722123,47.2444345238095,4.72444345238095
112,13.0457142857143,21.3414285714286,17.3108035714286,406.374636904762,19.7827264285714,1.02481220238095,2.48015873015873E-06,1.9246994047619,40.676693452381,4.0676693452381,42.0799404761905,4.20833311681679,47.2575297619048,4.72575297619048
119,8.47428571428571,16.28,12.6726488095238,407.35843452381,17.6668956,0.656777678571429,4.2989417989418E-06,3.0911755952381,35.8322827380952,3.58322827380952,32.2759523809524,3.22803728886062,46.2773214285714,4.62773214285714
126,6.94142857142857,14.4542857142857,10.8908630952381,403.101416666667,20.8790845714286,0.608251785714286,0,3.57128571428571,32.0768511904762,3.20768511904762,28.2923511904762,2.82973940074912,45.5462202380952,4.55462202380952
133,11.0985714285714,20.3314285714286,15.8444642857143,407.382729166667,23.4468095142857,0.775036904761905,1.65343915343915E-07,2.71494047619048,29.1360952380952,2.91360952380952,26.1125,2.61179637027843,44.6585119047619,4.46585119047619
140,9.23142857142857,16.2628571428571,12.4733035714286,405.492532738095,20.4925731428571,0.539959821428571,3.19113756613757E-05,2.8391755952381,30.4235,3.04235,27.870505952381,2.7875625083066,43.1341071428571,4.31341071428571
147,12.8185714285714,20.6242857142857,16.6911607142857,398.738282738095,20.8608107142857,0.799954761904762,2.33134920634921E-05,2.73930654761905,28.7436160714286,2.87436160714286,27.7043154761905,2.77094653094253,41.7180059523809,4.1718005952381
154,15.9457142857143,23.09,19.6635416666667,401.463693452381,20.6219108571429,0.700828571428571,7.10978835978836E-06,2.41702976190476,27.1458541666667,2.71458541666667,26.9270535714286,2.69323520281564,39.5994345238095,3.95994345238095
161,15.5128571428571,23.8942857142857,19.5511607142857,397.778142857143,23.8931804571429,0.89724255952381,2.82738095238095E-05,2.2188869047619,25.1750029761905,2.51750029761905,24.6455357142857,2.46513245561794,37.3236904761905,3.73236904761905
168,12.9157142857143,18.5142857142857,15.6884821428571,394.490014880952,17.637903,0.64793244047619,4.13359788359788E-06,2.12945238095238,23.8924553571429,2.38924553571429,23.5578869047619,2.35639429456853,36.782380952381,3.6782380952381
175,10.7742857142857,18.1371428571429,14.719880952381,396.915869047619,17.8404068571429,0.617040476190476,1.3723544973545E-05,3.21401488095238,22.7746755952381,2.27746755952381,22.1262797619048,2.21327275280756,34.1485714285714,3.41485714285714
182,12.4428571428571,20.7871428571429,16.7437797619048,395.86768452381,25.6410414,0.915649702380952,2.64550264550265E-06,3.010125,21.9125922619048,2.19125922619048,21.0471428571429,2.10539211117297,32.6036607142857,3.26036607142857
189,14.18,23.5057142857143,19.0400892857143,396.119720238095,27.3817195714286,1.29856845238095,3.30687830687831E-07,2.38475892857143,20.6048482142857,2.06048482142857,19.320744047619,1.93281277490492,30.99,3.099
196,12.9942857142857,20.9971428571429,16.8698511904762,398.657776785714,21.9594188571429,0.776235416666667,2.26521164021164E-05,2.25428869047619,20.4682797619048,2.04682797619048,19.3345238095238,1.93419022505803,29.8815773809524,2.98815773809524
203,16.0728571428571,24.4485714285714,20.1916071428571,396.207669642857,22.5511817142857,1.24966517857143,2.28174603174603E-05,2.38059821428571,19.6316636904762,1.96316636904762,18.1869642857143,1.81948080962621,29.4891071428571,2.94891071428571
210,19.3514285714286,28.5814285714286,24.0566964285714,397.042880952381,23.9610093428571,1.70929107142857,0,2.154625,19.1255476190476,1.91255476190476,17.7231547619048,1.77312037505745,29.3571130952381,2.93571130952381
217,20.5171428571429,29.0342857142857,24.9533928571429,399.381964285714,22.4043834857143,1.76533571428571,1.30621693121693E-05,2.12453273809524,18.5046964285714,1.85046964285714,17.2055952380952,1.72138862325485,28.1529761904762,2.81529761904762
224,17.05,26.6914285714286,21.7034821428571,398.145672619048,21.986478,1.59262172619048,3.96825396825397E-06,2.79207142857143,17.8847648809524,1.78847648809524,16.2579464285714,1.62667204378835,27.409880952381,2.7409880952381
231,15.6228571428571,24.68,20.132380952381,399.773803571429,17.0638539428571,1.17589196428571,1.05820105820106E-05,2.30328273809524,17.4761428571429,1.74761428571429,15.7583928571429,1.57674448522901,26.6141369047619,2.66141369047619
238,13.9385714285714,21.6585714285714,17.9419642857143,407.096401785714,14.5855787142857,0.957219642857143,3.30687830687831E-06,2.57469047619048,17.0064017857143,1.70064017857143,15.2369345238095,1.5246296121118,26.054255952381,2.6054255952381
245,11.58,18.7071428571429,15.1582142857143,403.90775297619,13.8237945428571,0.673642261904762,1.30621693121693E-05,2.66093154761905,16.480068452381,1.6480068452381,14.4885416666667,1.44983865087359,25.3416071428571,2.53416071428571
252,13.2371428571429,20.7171428571429,16.713244047619,408.48499702381,13.9662154285714,0.68621130952381,1.80224867724868E-05,2.16232142857143,16.95625,1.695625,15.2084226190476,1.52178017561512,26.1603571428571,2.61603571428571
259,12.3428571428571,20.57,16.2612202380952,406.916142857143,13.0894225714286,0.797052083333333,1.98412698412698E-06,2.46334226190476,16.6624851190476,1.66624851190476,14.7358928571429,1.47455725567762,25.6866369047619,2.56866369047619
266,13.2642857142857,21.6342857142857,17.5135714285714,403.166330357143,12.5067705428571,1.08466547619048,8.89550264550265E-05,3.00264880952381,16.544869047619,1.6544869047619,14.5577380952381,1.45675361739556,25.4908035714286,2.54908035714286
273,5.71857142857143,14.1114285714286,9.90657738095238,400.505050595238,12.8737221428571,0.578963392857143,1.65343915343915E-06,2.88697321428571,17.1521488095238,1.71521488095238,14.6394642857143,1.46492077022159,28.1073511904762,2.81073511904762
280,6.95285714285714,14.2171428571429,10.348630952381,403.003217261905,7.56696882857143,0.421185416666667,2.97619047619048E-06,3.19200595238095,16.8936369047619,1.68936369047619,14.7074404761905,1.47171388894256,27.2002976190476,2.72002976190476
287,11.9342857142857,19.9514285714286,15.9344345238095,409.606898809524,11.7727313142857,0.758319642857143,0,1.93047321428571,16.9836964285714,1.69836964285714,14.8253273809524,1.48349487253032,27.001875,2.7001875
294,10.9628571428571,16.05,13.3132142857143,407.514473214286,8.11132894285714,0.59453244047619,3.30687830687831E-07,1.73459523809524,16.8622589285714,1.68622589285714,14.6825297619048,1.46922446188177,26.4932738095238,2.64932738095238
301,5.13285714285714,8.29857142857143,6.56678571428571,405.904595238095,2.45004171428571,0.146865476190476,2.62896825396825E-05,3.96207738095238,16.9584136904762,1.69584136904762,15.3233630952381,1.53326719223514,27.603869047619,2.7603869047619
308,3.76857142857143,7.76,5.63541666666667,413.140226190476,3.95922857142857,0.174012797619048,3.14153439153439E-06,3.07613392857143,17.6460327380952,1.76460327380952,16.4460714285714,1.64547451260611,27.1858333333333,2.71858333333333
315,7.59428571428571,12.1757142857143,9.59741071428572,421.849651785714,5.00639888571429,0.23697619047619,4.96031746031746E-06,2.41381845238095,17.2036726190476,1.72036726190476,15.834880952381,1.58438892480993,27.2385714285714,2.72385714285714
322,1.54,6.81857142857143,3.94946428571429,421.864145833333,3.96192471428571,0.126334821428571,1.52116402116402E-05,2.77752678571429,17.6462470238095,1.76462470238095,16.4061904761905,1.64148852469642,28.0017857142857,2.80017857142857
329,-1.04714285714286,1.05571428571429,0.0301785714285714,418.853267857143,1.48356,0.0186142857142857,1.90145502645503E-05,2.99276488095238,18.8300833333333,1.88300833333333,18.2571726190476,1.82649862789891,28.851130952381,2.8851130952381
336,0.05,3.96571428571429,1.85642857142857,416.207839285714,1.82899671428571,0.0978127976190476,1.12433862433862E-05,3.0967619047619,20.6281845238095,2.06281845238095,20.1705654761905,2.01776382007222,33.0811904761905,3.30811904761905
343,3.36571428571429,7.62714285714286,5.40127976190476,414.03987797619,1.75599257142857,0.09461875,5.42328042328042E-05,4.18004464285714,25.2470803571429,2.52470803571429,23.2155654761905,2.32217107920421,38.6144642857143,3.86144642857143
350,-2.15428571428571,-0.22,-1.22958333333333,419.700389880952,1.30534328571429,0.0661059523809524,7.77116402116402E-06,3.24849107142857,27.5801517857143,2.75801517857143,26.3652083333333,2.63706196777783,41.8616964285714,4.18616964285714
357,1.68571428571429,5.26142857142857,3.54449404761905,415.310985119048,1.218204,0.0797327380952381,4.4973544973545E-05,3.9370119047619,28.9829613095238,2.89829613095238,28.9463392857143,2.89512681893841,42.6018154761905,4.26018154761905
365,0.11,3.15875,1.69838541666667,416.176408854167,1.942277625,0.06391875,7.2337962962963E-06,3.106953125,30.668703125,3.0668703125,31.0976302083333,3.11022181894508,43.3725260416667,4.33725260416667
7,-0.0285714285714285,3.05714285714286,1.75269642857143,416.248086309524,1.83039685714286,0.0716723214285714,1.12433862433862E-05,4.04119047619048,32.3779107142857,3.23779107142857,32.5447321428571,3.25491161474513,43.9470833333333,4.39470833333333
14,-0.682857142857143,2.39714285714286,0.696904761904762,416.96774702381,1.14343997142857,0.0555267857142857,5.45634920634921E-05,4.94116369047619,34.2525446428571,3.42525446428571,36.7733928571429,3.67772727911644,44.7169345238095,4.47169345238095
21,-3.25,0.275714285714286,-1.58514880952381,423.371764880952,4.00792088571429,0.114113095238095,8.26719576719577E-06,3.0868005952381,33.1696666666667,3.31696666666667,39.724255952381,3.9727847697808,44.3222321428571,4.43222321428571
28,-5.34285714285714,-1.9,-3.58946428571429,425.269857142857,2.25902365714286,0.0325169642857143,2.56283068783069E-05,3.20127083333333,31.9065178571429,3.19065178571429,39.0179464285714,3.90216031863483,44.001755952381,4.4001755952381
35,-3.04285714285714,0.777142857142857,-1.24702380952381,430.317982142857,3.40178862857143,0.0798907738095238,1.48809523809524E-06,2.64976488095238,34.0582232142857,3.40582232142857,40.6305952380952,4.06341068701145,44.4361607142857,4.44361607142857
42,0.315714285714286,3.63857142857143,1.86074404761905,421.718113095238,3.4529004,0.132960416666667,2.97619047619048E-05,4.08872321428571,34.8224375,3.48224375,41.6071428571429,4.16105720756715,44.3291369047619,4.43291369047619
49,3.99571428571429,10.0828571428571,6.78035714285714,416.494568452381,8.59773934285714,0.50898630952381,8.26719576719577E-07,3.89415178571429,34.9155863095238,3.49155863095238,41.0922619047619,4.10957340873661,44.1919642857143,4.41919642857143
56,1.64285714285714,8.51428571428571,5.3427380952381,417.737273809524,7.54566531428571,0.394025892857143,1.15740740740741E-06,2.45787202380952,33.9284642857143,3.39284642857143,40.0547619047619,4.00583240160784,43.8449404761905,4.38449404761905
63,5.01571428571429,10.92,7.9796130952381,418.267672619048,7.17500082857143,0.481939583333333,2.56283068783069E-05,3.6076994047619,34.8158273809524,3.48158273809524,41.0045833333333,4.10080629397468,44.3126488095238,4.43126488095238
70,2.37714285714286,7.57857142857143,4.95550595238095,417.566366071429,5.50867345714286,0.243711011904762,4.41468253968254E-05,4.6065,36.353068452381,3.6353068452381,42.5476190476191,4.25509724724509,45.0220535714286,4.50220535714286
77,2.15571428571429,6.94142857142857,4.24068452380952,417.28930952381,5.04374631428571,0.188386011904762,5.63822751322751E-05,4.75575892857143,37.492755952381,3.7492755952381,43.9953273809524,4.39985704664042,45.1489880952381,4.51489880952381
84,3.39,10.3528571428571,7.06181547619048,416.011160714286,13.7346932571429,0.422079166666667,2.97619047619048E-06,2.54698511904762,36.0407857142857,3.60407857142857,42.4397321428571,4.24430940918239,44.7261607142857,4.47261607142857
91,3.95857142857143,10.3242857142857,7.11729166666667,414.459916666667,12.7602288,0.384982440476191,1.32275132275132E-06,2.60292857142857,35.2414166666667,3.52414166666667,41.0291071428571,4.10325846696258,44.2907440476191,4.4290744047619
98,4.8,12.8057142857143,8.98285714285714,418.486068452381,11.8221549428571,0.388943154761905,9.92063492063492E-06,2.36102976190476,35.1134553571429,3.51134553571429,40.9360714285714,4.0939556858069,44.4620535714286,4.44620535714286
105,-0.374285714285714,5.32714285714286,2.29321428571429,418.602077380952,12.1159116,0.22109375,2.48015873015873E-06,3.30169345238095,32.7134047619048,3.27134047619048,39.4328571428571,3.94364754279454,44.6146726190476,4.46146726190476
112,6.90285714285714,16.8242857142857,12.0384523809524,417.954583333333,23.9689825714286,0.868181845238095,0,3.2427380952381,30.0769613095238,3.00769613095238,37.2868452380952,3.7290671749643,44.5789285714286,4.45789285714286
119,6.13714285714286,15.6785714285714,10.4759226190476,416.206845238095,17.0095834285714,0.480890476190476,3.00115740740741E-05,3.21487797619048,29.1092142857143,2.91092142857143,34.3808928571429,3.43850427567612,44.4244345238095,4.44244345238095
126,3.22,10.2557142857143,7.0347619047619,414.471544642857,17.748369,0.384663988095238,1.55687830687831E-05,2.62074107142857,32.9225803571429,3.29225803571429,40.4658630952381,4.04693890214877,44.7167261904762,4.47167261904762
133,4.45714285714286,10.8042857142857,7.70961309523809,416.777970238095,15.8671069714286,0.315534523809524,5.3057208994709E-05,2.70610714285714,35.4257142857143,3.54257142857143,42.3227678571429,4.2326139096539,45.6196428571429,4.56196428571429
140,6.74857142857143,13.4242857142857,10.1327380952381,413.043017857143,16.6528103142857,0.425566369047619,4.56134259259259E-05,2.46822619047619,34.2926696428571,3.42926696428571,41.6173511904762,4.162077956792,45.1053273809524,4.51053273809524
147,10.5257142857143,16.8585714285714,13.7347619047619,409.888842261905,18.0940872857143,0.562135119047619,3.41749338624339E-05,2.77680059523809,35.3566577380952,3.53566577380952,41.7229761904762,4.17263958894247,45.2888392857143,4.52888392857143
154,12.2,21.1314285714286,16.8345833333333,406.918693452381,22.4862531428571,0.914865773809524,1.59060846560847E-05,2.26808333333333,34.0327529761905,3.40327529761905,40.1290773809524,4.0132632896141,43.5570238095238,4.35570238095238
161,12.8357142857143,22.11,17.5078273809524,408.244657738095,21.322584,0.850230654761905,2.13707010582011E-05,2.4078869047619,28.1254523809524,2.81254523809524,31.7815476190476,3.17860368840117,40.493005952381,4.0493005952381
168,13.8457142857143,20.7628571428571,17.4041964285714,405.533464285714,18.8296079142857,0.677813392857143,8.7296626984127E-05,2.40805654761905,32.8200803571429,3.28200803571429,39.4673511904762,3.94709663135113,42.6236904761905,4.26236904761905
175,15.3414285714286,24.2657142857143,20.0996130952381,406.213407738095,26.8207230857143,1.09435416666667,1.20188492063492E-05,2.53929761904762,31.7248869047619,3.17248869047619,37.3046726190476,3.73084973021466,40.7027678571429,4.07027678571429
182,16.6042857142857,27.0885714285714,22.329375,402.638038690476,28.5015468857143,1.54734494047619,6.28306878306878E-08,2.4018244047619,26.1579702380952,2.61579702380952,26.6879761904762,2.66933221026043,36.0178869047619,3.60178869047619
189,11.9185714285714,18.92,15.3418452380952,404.009523809524,21.6874872,0.847684226190476,2.67195767195767E-06,2.53531547619048,22.0786279761905,2.20786279761905,21.1578571428571,2.11645999396991,31.6543154761905,3.16543154761905
196,10.8342857142857,16.7628571428571,13.3200595238095,403.576267857143,13.5484696285714,0.342011607142857,2.65327380952381E-05,2.28620535714286,22.8589226190476,2.28589226190476,20.5679166666667,2.05748527998842,33.642619047619,3.36426190476191
203,14.08,21.3385714285714,17.742380952381,400.737770833333,17.1009565714286,0.777085714285714,1.47222222222222E-05,2.28066666666667,22.8368839285714,2.28368839285714,20.487380952381,2.04943443422311,34.930744047619,3.4930744047619
210,19.39,28.1814285714286,23.7527976190476,406.369056547619,23.1705799714286,1.6494556547619,7.9728835978836E-06,2.44854166666667,21.2502708333333,2.12502708333333,19.781755952381,1.97889676408224,31.7021428571429,3.17021428571429
217,15.5985714285714,23.1157142857143,19.0848214285714,397.4668125,18.5131542857143,0.899945833333333,2.79761904761905E-05,2.14267261904762,20.2128154761905,2.02128154761905,19.0344345238095,1.90419292449886,29.1534821428571,2.91534821428571
224,14.9728571428571,22.4428571428571,18.5187202380952,395.113636904762,17.1885162857143,0.777075,3.92724867724868E-05,3.13659821428571,21.0334702380952,2.10334702380952,18.9504761904762,1.89580041031688,29.1536904761905,2.91536904761905
231,13.0571428571429,20.0985714285714,16.3118452380952,395.614014880952,16.3329292285714,0.676318452380952,2.29828042328042E-05,3.09090476190476,19.3745654761905,1.93745654761905,18.4750595238095,1.84827810715342,28.0747321428571,2.80747321428571
238,15.6071428571429,24.3514285714286,20.0578571428571,396.790113095238,20.7480651428571,1.25748125,3.07539682539683E-07,2.01867857142857,18.5376279761905,1.85376279761905,18.1137797619048,1.8121655249804,26.9539285714286,2.69539285714286
245,17.2328571428571,25.94,21.5547321428571,401.148916666667,16.4843179714286,1.20785535714286,1.46378968253968E-05,2.11681547619048,17.7225446428571,1.77225446428571,17.5970833333333,1.76051899612085,26.1310416666667,2.61310416666667
252,10.3928571428571,17.2657142857143,13.8086607142857,395.950675595238,14.4269794285714,0.647862202380952,7.98280423280423E-06,2.32358630952381,16.5259136904762,1.65259136904762,16.6400595238095,1.66486321566032,25.1341369047619,2.51341369047619
259,10.7928571428571,18.9957142857143,14.775625,396.839639880952,14.0633308285714,0.63408630952381,7.82407407407407E-06,2.70558035714286,15.9141547619048,1.59141547619048,16.170505952381,1.6179327380517,24.4746726190476,2.44746726190476
266,8.49285714285714,16.1814285714286,12.3149404761905,397.561681547619,12.8931004285714,0.622425297619048,4.7172619047619E-06,2.31702380952381,15.5113839285714,1.55113839285714,15.6962202380952,1.57053080674258,23.9593452380952,2.39593452380952
273,11.3414285714286,15.5171428571429,13.0779761904762,394.643264880952,6.75043405714286,0.264660714285714,4.38888888888889E-05,3.6800119047619,16.5815505952381,1.65815505952381,15.7252976190476,1.57343686539239,23.5979761904762,2.35979761904762
280,5.22428571428571,10.6171428571429,7.63648809523809,393.41975,5.6889522,0.139816666666667,5.33267195767196E-05,3.10627380952381,19.9568511904762,1.99568511904762,18.1252083333333,1.81330788576208,27.2072916666667,2.72072916666667
287,10.3257142857143,15.55,12.8974404761905,393.887821428571,6.87952645714286,0.408501785714286,3.58630952380952E-05,3.84379761904762,22.0963660714286,2.20963660714286,19.5848214285714,1.95921056070803,31.07125,3.107125
294,10.8128571428571,15.7785714285714,13.3102380952381,401.890511904762,5.90842157142857,0.380017857142857,2.24388227513228E-05,3.04971130952381,23.857431547619,2.3857431547619,20.283869047619,2.02909022783837,32.386875,3.2386875
301,7.32142857142857,12.8542857142857,10.0512797619048,407.190193452381,5.48016428571429,0.215272321428571,5.04298941798942E-06,3.16204166666667,22.1754226190476,2.21754226190476,19.1349702380952,1.91424255971585,31.758869047619,3.1758869047619
308,3.31571428571429,8.03285714285714,5.51360119047619,401.139949404762,4.61727514285714,0.121316071428571,1.44560185185185E-05,2.61312797619048,22.9024375,2.29024375,18.678869047619,1.86865063783485,30.7340178571429,3.07340178571429
315,3.11428571428571,6.19,4.43502976190476,400.582598214286,3.44971491428571,0.0904151785714286,2.24669312169312E-05,2.40357142857143,28.4400952380952,2.84400952380952,23.4846130952381,2.34906880265987,32.947619047619,3.29476190476191
322,0.735714285714286,4.29571428571429,2.55178571428571,407.024163690476,2.98506085714286,0.0925217261904762,2.06001984126984E-05,2.9640119047619,29.2139613095238,2.92139613095238,30.6361607142857,3.06408177932884,36.3126785714286,3.63126785714286
329,0.737142857142857,3.45714285714286,2.05261904761905,410.201610119048,2.38352914285714,0.0397464285714286,5.28439153439153E-06,2.10053869047619,33.0149851190476,3.30149851190476,36.7679464285714,3.67718269372662,41.7091369047619,4.17091369047619
336,1.67714285714286,5.47428571428571,3.58755952380952,403.905407738095,2.59614565714286,0.110872023809524,1.83531746031746E-05,3.20608035714286,34.5715535714286,3.45715535714286,38.3264285714286,3.83301513011725,42.4342261904762,4.24342261904762
343,1.02714285714286,4.89714285714286,2.71142857142857,405.616821428571,2.34803288571429,0.0972622023809524,1.78174603174603E-05,4.51682142857143,35.4518482142857,3.54518482142857,39.1310714285714,3.91347176159215,43.1287202380952,4.31287202380952
350,0.71,4.09714285714286,2.51619047619048,405.31855952381,1.67060057142857,0.12083005952381,3.0896164021164E-05,3.51922916666667,37.5158303571429,3.75158303571429,40.9919642857143,4.09954449632058,45.0074404761905,4.50074404761905
357,4.93571428571429,8.95,6.91285714285714,408.997529761905,2.44290342857143,0.252966369047619,9.17162698412698E-06,2.7423869047619,36.9009285714286,3.69009285714286,40.5847023809524,4.05882179835533,44.548630952381,4.4548630952381
365,0.16875,2.88875,1.60708333333333,410.755268229167,2.66242815,0.1636296875,1.24869791666667E-05,3.33759895833333,37.5559661458333,3.75559661458333,41.5773958333333,4.15808275051332,44.8212760416667,4.48212760416667
7,-0.178,3.64085714285714,1.60953571428571,428.085711309524,2.27780305714286,0.0976669642857143,1.08234126984127E-05,3.95247321428571,39.0667053571429,3.90667053571429,35.8254880952381,3.58294706769721,44.5449285714286,4.45449285714286
14,2.29042857142857,5.86742857142857,4.14418154761905,426.352119047619,1.98254597142857,0.112149404761905,2.11210317460317E-05,4.4907619047619,40.6067797619048,4.06067797619048,36.6966815476191,3.67005695914562,45.3080595238095,4.53080595238095
21,2.40514285714286,6.08285714285714,3.93642261904762,424.831651785714,4.5281628,0.203447023809524,2.12962962962963E-06,2.9421994047619,40.0593928571429,4.00593928571429,35.4226755952381,3.54267034601787,44.3415119047619,4.43415119047619
28,-1.44828571428571,1.84071428571429,0.0996696428571429,434.704568452381,2.33207151428571,0.0526142857142857,1.20320767195767E-05,3.73100297619048,40.4969821428571,4.04969821428571,35.334443452381,3.53384813739847,44.1346964285714,4.41346964285714
35,3.00357142857143,7.38542857142857,5.45253571428571,423.096461309524,2.47135474285714,0.165488095238095,6.09193121693122E-05,4.82441666666667,42.8725892857143,4.28725892857143,36.9989494047619,3.70028056880298,45.4860773809524,4.54860773809524
42,0.266857142857143,5.45785714285714,2.90728869047619,425.656541666667,4.9524084,0.222325297619048,3.57705026455026E-05,4.12183035714286,42.6788303571429,4.26788303571429,36.558181547619,3.65620843196696,45.2605476190476,4.52605476190476
49,2.59542857142857,7.756,4.67591964285714,425.701824404762,4.46636262857143,0.250769047619048,2.29712301587302E-05,4.40313988095238,42.5785446428571,4.25785446428571,36.2911755952381,3.62951070781499,45.0849226190476,4.50849226190476
56,1.51685714285714,6.89028571428571,4.40636011904762,424.774354166667,4.40990511428571,0.192207738095238,5.23941798941799E-05,5.17297619047619,43.905619047619,4.39056190476191,37.3190476190476,3.73228708290601,45.7752113095238,4.57752113095238
63,0.0484285714285714,4.80457142857143,2.5154880952381,425.89019047619,6.42940251428571,0.138408333333333,4.04943783068783E-05,3.65087202380952,44.9182291666667,4.49182291666667,37.904755952381,3.79085200916564,46.158744047619,4.6158744047619
70,1.29285714285714,6.22114285714286,3.51222619047619,427.557625,5.03985831428571,0.131197321428571,4.51570767195767E-05,3.56377678571429,44.6976875,4.46976875,37.4689791666667,3.74727870797204,45.811375,4.5811375
77,4.459,10.1088571428571,7.36556547619048,424.918630952381,10.1541916285714,0.363719047619048,3.1276455026455E-05,3.43546428571429,44.366244047619,4.43662440476191,37.1498244047619,3.7153665028293,45.5745714285714,4.55745714285714
84,-0.0315714285714286,6.81385714285714,3.51290178571429,428.263946428571,13.2393852,0.309636904761905,3.50859788359788E-06,3.68284523809524,42.1677053571429,4.21677053571429,35.5857529761905,3.55897623848827,44.8110535714286,4.48110535714286
91,-1.98571428571429,6.61514285714286,2.39264583333333,426.946333333333,15.5992389428571,0.355373214285714,2.1494708994709E-06,3.27871428571429,40.854369047619,4.08543690476191,34.6649255952381,3.46690414960286,44.4619613095238,4.44619613095238
98,3.64957142857143,12.0228571428571,7.79229761904762,424.559663690476,17.9758098,0.576772619047619,1.65343915343915E-07,2.53739285714286,39.0308363095238,3.90308363095238,33.5883333333333,3.35925811428814,44.3684494047619,4.43684494047619
105,6.04314285714286,15.247,10.740244047619,421.568366071429,18.8752723714286,0.791510119047619,1.15740740740741E-06,2.71916369047619,33.6511220238095,3.36511220238095,30.626443452381,3.06311020087728,44.3751279761905,4.43751279761905
112,4.81771428571429,15.4381428571429,10.1334851190476,421.209285714286,22.7235492,0.692634523809524,8.5978835978836E-06,3.69447321428571,28.1452053571429,2.81452053571429,27.8891279761905,2.78942436893759,44.2357648809524,4.42357648809524
119,7.50128571428571,16.652,12.3592708333333,418.758369047619,22.5000550285714,0.855464880952381,1.98412698412698E-06,2.88024404761905,25.1497410714286,2.51497410714286,26.2618363095238,2.62672689497439,43.8310178571429,4.38310178571429
126,5.55928571428571,11.3318571428571,8.5439375,421.727538690476,14.8164588,0.316077083333333,2.99272486772487E-05,2.88476785714286,29.2490535714286,2.92490535714286,31.6846726190476,3.16891756078662,42.7444226190476,4.27444226190476
133,6.72642857142857,15.4862857142857,10.9252083333333,418.482648809524,20.2733642571429,0.713650297619048,2.08333333333333E-05,2.35804464285714,30.4079553571429,3.04079553571429,31.38075,3.13852965939858,42.0052976190476,4.20052976190476
140,6.42785714285714,14.4221428571429,10.7679732142857,418.966267857143,22.7461062857143,0.662802678571429,0,2.27278869047619,30.7106845238095,3.07106845238095,32.1249077380952,3.21293490271915,41.1101160714286,4.11101160714286
147,9.56514285714286,16.3042857142857,12.8753928571429,416.942145833333,16.4492544857143,0.505680654761905,2.59589947089947E-05,2.65878869047619,30.489369047619,3.0489369047619,26.8146696428571,2.68199903017418,39.7158928571429,3.97158928571429
154,9.44342857142857,17.698,13.8372857142857,416.39562202381,26.9508929142857,0.811739583333333,6.61375661375661E-07,2.45058928571429,29.525875,2.9525875,24.331568452381,2.43374319738722,37.1700744047619,3.71700744047619
161,9.86042857142857,16.189,13.0165744047619,413.55325,15.4668998571429,0.558873511904762,4.62962962962963E-06,2.42435119047619,30.5049761904762,3.05049761904762,26.3372023809524,2.6342619478427,35.7152261904762,3.57152261904762
168,12.9505714285714,19.3165714285714,15.9338214285714,414.245339285714,15.4752824571429,0.316964285714286,0.000190641534391534,2.19899107142857,38.5787321428571,3.85787321428571,35.0949494047619,3.50990148786651,40.4259285714286,4.04259285714286
175,13.8738571428571,19.9502857142857,17.0288720238095,412.571541666667,19.9120196571429,0.6444125,4.06746031746032E-05,2.53322619047619,40.2924702380952,4.02924702380952,35.9010386904762,3.5905012892144,44.9886160714286,4.49886160714286
182,14.3052857142857,21.7001428571429,18.2790892857143,412.789160714286,23.0981762571429,0.883670535714286,1.81878306878307E-06,3.22072321428571,33.17375,3.317375,25.199244047619,2.52049057189552,39.6109851190476,3.96109851190476
189,12.5711428571429,21.0865714285714,16.6746577380952,411.867294642857,22.1242209428571,0.708038095238095,4.46428571428571E-06,3.86660119047619,27.8582142857143,2.78582142857143,21.2553303571429,2.12620422424855,33.1514196428571,3.31514196428571
196,11.4267142857143,19.7275714285714,15.8919672619048,410.466824404762,18.7170912,0.738671726190476,1.47156084656085E-05,2.29258333333333,26.8618541666667,2.68618541666667,21.0132083333333,2.10199975306856,29.7736755952381,2.97736755952381
203,14.0208571428571,19.8505714285714,17.055369047619,409.080633928571,19.6073514,0.84095505952381,8.76322751322752E-06,2.04006845238095,24.2385625,2.42385625,19.2552708333333,1.9262679631738,27.940744047619,2.79407440476191
210,14.6822857142857,22.538,18.9107410714286,407.137648809524,20.7230554285714,1.07208035714286,1.00859788359788E-05,2.39381547619048,22.3392738095238,2.23392738095238,18.6768571428571,1.86844952959573,26.6834880952381,2.66834880952381
217,14.3514285714286,23.3565714285714,18.8205297619048,408.791294642857,20.6163475714286,1.07342023809524,3.48875661375661E-05,1.98189880952381,20.8764166666667,2.08764166666667,18.4399107142857,1.84476469740937,27.2226130952381,2.72226130952381
224,19.4021428571429,27.811,23.679994047619,411.542952380952,21.9382994571429,1.68355178571429,1.40542328042328E-05,1.95959226190476,20.1947827380952,2.01947827380952,18.3686696428571,1.83764358943289,27.4503333333333,2.74503333333333
231,17.3691428571429,23.1581428571429,20.0776339285714,418.013244047619,13.0193048571429,0.637199702380952,4.54695767195767E-05,2.40850595238095,20.1902113095238,2.01902113095238,18.9672083333333,1.89747296078239,28.7732708333333,2.87732708333333
238,15.6728571428571,23.2575714285714,19.5616845238095,413.179672619048,17.1856059428571,0.964871428571429,7.27513227513228E-06,2.79491666666667,19.610130952381,1.9610130952381,17.8461279761905,1.78541215262058,26.8251279761905,2.68251279761905
245,12.4724285714286,17.4761428571429,14.8426517857143,409.484547619048,11.0366663142857,0.528200595238095,4.01785714285714E-05,3.01878869047619,20.1852142857143,2.01852142857143,17.3151279761905,1.73233665481572,24.6195119047619,2.46195119047619
252,11.0934285714286,18.8825714285714,15.0170982142857,408.589220238095,14.9838040285714,0.634586607142857,3.63756613756614E-06,2.67174107142857,19.870681547619,1.9870681547619,16.958875,1.69672865537063,23.9309970238095,2.39309970238095
259,14.9812857142857,23.5471428571429,19.152255952381,407.988735119048,17.6611865142857,1.1109119047619,9.92063492063492E-07,2.05872916666667,18.8103125,1.88103125,16.7972976190476,1.68057900448869,23.6126041666667,2.36126041666667
266,11.0505714285714,20.4895714285714,15.8681369047619,410.715342261905,16.5880563428571,0.943611607142857,0,2.65398214285714,17.9856220238095,1.79856220238095,16.5553511904762,1.65639676638769,23.0471666666667,2.30471666666667
273,8.64514285714286,13.838,11.4398541666667,415.695482142857,9.65627845714286,0.417960119047619,5.39021164021164E-05,2.62436904761905,19.4116696428571,1.94116696428571,17.5890535714286,1.75971638984395,24.5050982142857,2.45050982142857
280,8.81928571428571,13.9878571428571,11.225869047619,420.950110119048,7.71670491428571,0.241984821428571,2.21560846560847E-05,2.90116369047619,18.3189047619048,1.83189047619048,16.8783660714286,1.68868177277754,24.148943452381,2.4148943452381
287,6.46471428571429,10.7601428571429,8.35491666666667,416.720360119048,5.82274388571429,0.141599404761905,2.81084656084656E-05,2.93812202380952,21.4397738095238,2.14397738095238,22.0958660714286,2.21023227099883,28.2168482142857,2.82168482142857
294,4.98114285714286,8.194,6.38490178571429,420.663788690476,3.82195028571429,0.120975,3.88558201058201E-05,2.94160119047619,23.4155178571429,2.34155178571429,26.3176369047619,2.63230580286722,31.8390386904762,3.18390386904762
301,9.46,13.369,11.2535625,421.941017857143,4.22933168571429,0.302197619047619,1.68650793650794E-05,3.25349702380952,22.1442827380952,2.21442827380952,20.1298214285714,2.01369084637174,30.1847410714286,3.01847410714286
308,8.36542857142857,12.3304285714286,10.5986339285714,422.473255952381,3.45210685714286,0.180931845238095,3.7037037037037E-05,4.03227083333333,26.0048869047619,2.60048869047619,24.073818452381,2.40797447371885,33.2910178571429,3.32910178571429
315,3.63528571428571,9.597,6.43545535714286,426.327446428571,6.45239108571429,0.297928273809524,4.96031746031746E-07,1.48254761904762,25.7813005952381,2.57813005952381,21.3448839285714,2.13515676626833,32.836556547619,3.2836556547619
322,6.14871428571429,9.813,8.07256547619048,427.35687797619,3.04917891428571,0.147407738095238,4.96031746031746E-06,3.00127678571429,25.4185892857143,2.54185892857143,19.7739255952381,1.9781140138424,32.0519553571429,3.20519553571429
329,1.952,6.68585714285714,4.36277678571429,429.32368452381,3.20605251428571,0.154016666666667,1.45502645502645E-05,3.89145833333333,27.6008611111111,2.80327498374427,19.9011875,1.99161790125164,31.7355277777778,3.18090653526667
336,-1.13571428571429,2.01157142857143,0.315398809523809,437.288011904762,3.18182785714286,0.06479375,3.14153439153439E-06,3.45708928571429,30.5352172619048,3.05352172619048,19.5907946428571,1.95980766012524,31.0582738095238,3.10582738095238
343,-0.813428571428571,1.69485714285714,0.374595238095238,439.829767857143,1.83576137142857,0.0703925595238095,1.98412698412698E-06,1.89872023809524,32.1743660714286,3.21743660714286,19.0867648809524,1.90942390618405,30.4720267857143,3.04720267857143
350,1.10485714285714,3.07971428571429,2.04658035714286,440.051151785714,1.4032458,0.0534776785714286,7.44047619047619E-06,2.14270535714286,35.1833511904762,3.51833511904762,19.1126279761905,1.91200920470122,30.0436101190476,3.00436101190476
357,3.48385714285714,7.16657142857143,5.01614583333333,436.092726190476,2.27636717142857,0.0654502976190476,8.43253968253968E-06,3.16351488095238,36.7025208333333,3.67025208333333,20.4560357142857,2.04630097706591,29.7287857142857,2.97287857142857
366,0.299333333333333,3.17533333333333,1.62827777777778,440.098030448718,1.5704022,0.0628893518518518,2.17335390946502E-05,3.45194212962963,39.6797222222222,3.96797222222222,32.1514236111111,3.21558612378999,37.5167662037037,3.75167662037037