"","date","year","month","week","doy","gpp_z_scores","temp_z_scores","sm1_z_scores","sm2_z_scores","sm3_z_scores","vpd_z_scores","swr_z_scores"
"1","2000-01-07",2000,"Jan",1,7,-1.0042655407748,0.444748371366026,NA,NA,NA,-0.441380645493195,0.231313897518045
"2","2000-01-14",2000,"Jan",2,14,-0.971110019162957,-0.385002127698845,NA,NA,NA,-0.380841124476261,0.451620802692094
"3","2000-01-21",2000,"Jan",3,21,-0.960666527177572,0.0743879804664817,NA,NA,NA,-0.386486354503744,-0.680500441601356
"4","2000-01-28",2000,"Jan",4,28,-0.919366599624487,-0.783397380191057,NA,NA,NA,-0.527773371345183,0.589319059834852
"5","2000-02-04",2000,"Feb",5,35,-0.882573290819716,0.886146989253707,NA,NA,NA,0.0182947124569871,-0.855318588253555
"6","2000-02-11",2000,"Feb",6,42,-0.206764046157672,1.06446020146857,NA,NA,NA,0.926588675762999,0.890265974371752
"7","2000-02-18",2000,"Feb",7,49,-0.938162755063283,-0.0292785147408319,NA,NA,NA,-0.470835984329378,-0.808427251507014
"8","2000-02-25",2000,"Feb",8,56,-0.965776663774963,-0.0282445170106171,NA,NA,NA,-0.934336243696231,-0.658134817593712
"9","2000-03-03",2000,"Mar",9,63,-0.478347312324085,0.629402828683601,NA,NA,NA,0.0293581176751601,0.505642920163009
"10","2000-03-10",2000,"Mar",10,70,-0.572534748945351,-0.0207014652297368,0.906175217539939,0.00919743569146703,-1.09983683456575,-0.690070848742478,-0.515415113992521
"11","2000-03-17",2000,"Mar",11,77,-0.644462467558346,-0.170904045863475,0.870526879940866,-0.144173441674709,-1.05089222662941,-0.751834642909855,-1.08374462514277
"12","2000-03-24",2000,"Mar",12,84,-0.465592176119078,0.630935838556556,0.886936406831782,0.141310611989877,-0.174389941060741,0.251068999159259,0.369169414460645
"13","2000-03-31",2000,"Mar",13,91,-0.808732931821748,-0.811361439533196,0.709308947030333,0.0984532197208485,-0.041161889113576,-1.35553266816807,-2.21601563171693
"14","2000-04-07",2000,"Apr",14,98,-0.414189463831989,-0.0784115625958132,1.060333135928,0.293271634617687,0.2773149634312,-0.428425479018456,0.430100261192588
"15","2000-04-14",2000,"Apr",15,105,-0.377813322843265,-0.610110557571469,0.827718885735259,0.268043131115256,0.194330450311307,-0.58466345038121,-0.0325878210647435
"16","2000-04-21",2000,"Apr",16,112,-0.252012922896079,0.435750706334324,1.06999583664671,0.425154995901606,0.461630019802545,-0.304977657659743,-0.736361668826092
"17","2000-04-28",2000,"Apr",17,119,0.572496194072509,1.61381818434375,0.912481328965256,0.307466359884083,0.587248439693385,1.08491539873889,0.41089657922165
"18","2000-05-05",2000,"May",18,126,0.945913062926727,1.48957126490928,1.0460181854335,0.272646334446938,0.629908000075428,0.119595194147248,0.260796074456121
"19","2000-05-12",2000,"May",19,133,0.51352073293559,1.3616151951582,0.770742347500733,0.0915362119356843,0.563221729844933,0.867181617868393,0.962125665897369
"20","2000-05-19",2000,"May",20,140,0.26006102022055,1.60297331367905,0.277261430189554,-0.583898340649277,0.63931584527275,2.47790092559476,1.34891372954028
"21","2000-05-26",2000,"May",21,147,-0.241749185953412,-0.932821449389182,0.764559767226885,-0.159955407482583,0.605408324505887,-1.26222442226599,-0.660515231060929
"22","2000-06-02",2000,"Jun",22,154,0.60682415857079,-0.551872203618747,0.968752029227273,0.256766515530532,0.597926638402708,-0.311553039895117,-0.166532020918922
"23","2000-06-09",2000,"Jun",23,161,0.923447203872718,0.0896966283059572,1.23943554819215,0.725672188828439,0.941362493965423,-0.931976771213801,-0.262363320640205
"24","2000-06-16",2000,"Jun",24,168,1.34453369571172,0.75306069060903,1.35897033195952,1.07487242113283,1.35870486845604,0.270582445985267,0.526759389286139
"25","2000-06-23",2000,"Jun",25,175,0.142600584765366,1.32871053816976,0.904016245480407,0.295787709123865,1.25376828301318,2.67933334071851,1.27701835779967
"26","2000-06-30",2000,"Jun",26,182,-0.194355510894345,-2.05398606009812,0.35455253193485,-0.459010059377469,1.26534491161065,-0.953091567189503,-0.605667490691525
"27","2000-07-07",2000,"Jul",27,189,-1.43225949974056,-0.797208886655568,1.27076054501794,0.830903788734696,1.42786083692293,-1.33355821459695,-1.78896805564791
"28","2000-07-14",2000,"Jul",28,196,-0.61412970505841,-1.9590758989019,1.47360775350383,1.55455364347716,1.48804595100891,-1.29240281367548,-1.42561961548321
"29","2000-07-21",2000,"Jul",29,203,-0.27927760269485,-1.90426598474243,1.4161727829979,1.47799068112523,1.41837058560674,-1.29740860695082,-1.40036181865808
"30","2000-07-28",2000,"Jul",30,210,-0.0539937347167691,-1.24566805877038,1.00396366456756,0.595519740724386,1.16384524106945,-1.27858825306252,-1.30863098126263
"31","2000-08-04",2000,"Aug",31,217,0.816324490102752,-0.889208112448015,1.00953772352158,0.20014413651995,1.3222597717382,-0.892382778594351,-0.154615948577601
"32","2000-08-11",2000,"Aug",32,224,1.04364855655976,-0.386419463351106,0.548004863629884,-0.303865584787008,1.41654259524922,-0.539854742443411,-0.101033441428788
"33","2000-08-18",2000,"Aug",33,231,1.05249884869107,1.45253971167122,0.0360738985444879,-0.64196291961195,1.06499204449212,0.749172691075909,1.08495251522189
"34","2000-08-25",2000,"Aug",34,238,1.10254227276702,-0.350289538590205,0.583505382797326,-0.716831283264553,1.0402883066434,-0.662431381268637,0.149725400765403
"35","2000-09-01",2000,"Sep",35,245,1.19217420138307,0.0140480968289357,0.557872972374592,-0.73323144262922,1.09085252975099,-0.184689378402725,0.647022173347964
"36","2000-09-08",2000,"Sep",36,252,-0.455803071189648,-1.35828054182922,1.6435142761484,-0.410862596585033,1.02067127702935,-1.23097434291236,-1.45357587714332
"37","2000-09-15",2000,"Sep",37,259,1.10639239191439,0.68879151626989,1.17436847571709,-0.498836121811045,0.889261839989788,-0.146215931791484,0.402619331837749
"38","2000-09-22",2000,"Sep",38,266,-0.686012270475144,-0.794976262166165,1.23876968173621,-0.459579690890486,0.881026351265629,-1.09908469062154,-1.62734836623503
"39","2000-09-29",2000,"Sep",39,273,1.3025912393237,0.555963079179248,1.21172973388512,-0.500331809714683,1.21692121339621,-0.26163480035795,0.695544358686002
"40","2000-10-06",2000,"Oct",40,280,1.34392238313863,0.630140459857465,0.422777045662888,-0.811072290463878,0.860691625825099,0.0483943736465971,0.539427112756554
"41","2000-10-13",2000,"Oct",41,287,-0.615890484590153,-0.458700963589121,1.08660596177499,-0.67836240814953,0.394795367396199,-0.29629460808517,-0.767915743482146
"42","2000-10-20",2000,"Oct",42,294,-0.334428490443687,0.409571625635032,0.758000646320133,0.145434094971263,0.242758775673627,-0.266002247181252,-0.530617284277698
"43","2000-10-27",2000,"Oct",43,301,0.737055243552152,0.656585999741929,0.696365980527592,0.30494062312762,0.14608798040728,0.66839867374259,0.847581206540012
"44","2000-11-03",2000,"Nov",44,308,-0.912225861086618,0.235545501681878,1.24924695665205,1.02503958980825,0.0573574858775535,0.375489143499389,-0.853547122807397
"45","2000-11-10",2000,"Nov",45,315,-0.634033345669217,-0.104671436817215,1.07657454838639,0.780005995155413,0.604749236794555,0.430104296108426,0.328803386430716
"46","2000-11-17",2000,"Nov",46,322,-0.795397616564252,0.391694070801347,0.920467960464467,0.604410339907096,0.63079159410903,0.931083609695149,0.312997484977727
"47","2000-11-24",2000,"Nov",47,329,-0.727456606445591,0.316191824253838,0.799539070532635,0.515875052768209,0.479481935390575,0.515937930345584,0.741465453383337
"48","2000-12-01",2000,"Dec",48,336,-0.7617892344303,1.27344118006749,0.803377118656635,0.519341508690793,0.45884166245933,0.690790264881225,0.821556609252897
"49","2000-12-08",2000,"Dec",49,343,-0.755703861199907,1.51422834030398,0.730434058926941,0.427390680476468,0.357393397655298,1.2349807338131,1.45357031049455
"50","2000-12-15",2000,"Dec",50,350,-0.927851757186075,1.98886600606478,0.993039709154383,0.843128893040608,0.30155014613648,2.58679053503346,0.57478869660807
"51","2000-12-22",2000,"Dec",51,357,-0.923542448609407,-1.12889815808765,1.05748425081926,0.969175353938325,0.291384093310641,-0.450940772410264,0.11749039476565
"52","2000-12-29",2000,"Dec",53,366,-0.905367321782506,-0.745340855809881,0.796144300752681,0.781576837994564,0.199153327371767,-0.517332327912412,0.628267915042901
"53","2001-01-05",2001,"Jan",1,7,-0.91852761255733,0.979981018881842,1.06532238676663,1.12508114796404,0.10074248661587,1.90824988314314,-0.110423035259742
"54","2001-01-12",2001,"Jan",2,14,-0.897186984890249,-0.789434944074647,0.682033194861028,0.850547024751843,-0.113574263335557,-0.83974171004106,-0.332512117167592
"55","2001-01-19",2001,"Jan",3,21,-0.897387505870262,-1.02639322465609,0.373494137179353,0.407085017944575,-0.166449117472296,-0.306497230364425,0.538140772908206
"56","2001-01-26",2001,"Jan",4,28,-0.861916036730163,1.11661967421557,0.904826323962276,1.16349445830039,0.0474269534720361,0.668028157672861,0.104263873289513
"57","2001-02-02",2001,"Feb",5,35,-0.941126618177421,-0.493170721398155,0.812995484522294,0.881143605819644,-0.0274276250172904,-0.608426104567246,-0.452365609734686
"58","2001-02-09",2001,"Feb",6,42,-1.01691468651219,1.33748998607409,0.750947968343318,0.852402168849779,0.226249406998712,1.72223930700973,0.373937854079444
"59","2001-02-16",2001,"Feb",7,49,-0.885466445480069,1.23590307044992,0.675180737709768,0.815616088295781,-0.00435654795768825,0.887076084564962,1.01747863683205
"60","2001-02-23",2001,"Feb",8,56,-0.924763554531483,-0.548761300048303,0.932306907418933,1.08587375437073,0.131813785110918,-0.425509943181103,-0.338881569955094
"61","2001-03-02",2001,"Mar",9,63,-1.00072001707608,-0.735469352930127,0.505856784810398,0.638560424721454,-0.31936818012715,-0.559799984934453,-0.0260479629077705
"62","2001-03-09",2001,"Mar",10,70,-0.989229652243806,0.216941023325536,1.00795636772617,1.00731688488007,0.0452537051060639,-0.89712072474493,-0.674913442173332
"63","2001-03-16",2001,"Mar",11,77,-0.994815186851443,0.0692917083909066,1.08070044157324,1.25266739842505,0.22527340968343,-1.06453095156215,-1.62877985669754
"64","2001-03-23",2001,"Mar",12,84,-1.04153105760978,-0.581404983662233,1.20303091793303,1.26649432807241,0.863498945488563,-1.28387182555678,-1.64334259204307
"65","2001-03-30",2001,"Apr",13,91,-0.950648079437853,-0.811361439533196,1.01414893930105,1.02504895885709,0.107056830068509,-0.65610820323276,-0.889562443342361
"66","2001-04-06",2001,"Apr",14,98,-1.02337103129857,0.363672399759421,1.2636528008545,1.20935437283351,0.246989888145107,0.181274712321994,-0.624593227697927
"67","2001-04-13",2001,"Apr",15,105,-1.01124844642058,-1.24602413438389,1.1531999771678,1.41874596431113,0.192611889581917,-1.09473892880819,-0.461374133088222
"68","2001-04-20",2001,"Apr",16,112,-1.76791711442296,-2.06420329373616,1.27772217193883,1.65881649430235,0.400416785654161,-1.50869005104289,-1.92394269947622
"69","2001-04-27",2001,"Apr",17,119,-1.03196653962569,-0.835080870298082,1.33556516531295,1.86501985737441,0.577714096265542,-0.957018839703497,-1.24370113138462
"70","2001-05-04",2001,"May",18,126,-0.106000737981224,0.634570784908815,1.1697134064368,1.64681021300884,0.571429129824784,-0.337564699623232,-0.299291811288863
"71","2001-05-11",2001,"May",19,133,0.221583624611563,0.14576688976206,1.17838824506721,1.64533416454347,0.515194793401725,0.12768715333651,0.69892628097367
"72","2001-05-18",2001,"May",20,140,-0.0290949197355352,0.393324951682368,0.932152316359255,1.36069488571875,0.582125550782483,0.0225552149778446,-0.104436335611134
"73","2001-05-25",2001,"May",21,147,0.923182193149704,0.343954599286099,0.646315856925295,0.908863394383676,0.59570401882091,1.09370059638626,1.4690945175104
"74","2001-06-01",2001,"Jun",22,154,-1.18642889758808,-0.618028218866289,0.382829832608923,0.138970646467497,0.344318963248125,-0.666665195687398,-0.913965497544811
"75","2001-06-08",2001,"Jun",23,161,-1.56986418001237,-1.59927002645736,1.27595115838606,1.16235080122713,0.769764698857112,-1.54388884165571,-1.60255531971019
"76","2001-06-15",2001,"Jun",24,168,0.814932097964024,-0.933946989650058,1.41103823259335,1.25083444697483,1.17533334088375,-0.492366926865539,0.219441624356848
"77","2001-06-22",2001,"Jun",25,175,-0.479478424421422,-1.30531801400009,1.74060389570193,1.66757901544599,1.23247718741506,-0.799380105179819,-0.946908704146609
"78","2001-06-29",2001,"Jul",26,182,0.720645325637943,0.702346421811538,1.28008644183171,0.5765382723547,1.18322880217388,0.110212886626058,0.458682711840786
"79","2001-07-06",2001,"Jul",27,189,1.74666449769545,0.166993150712413,0.752757575370568,-0.328116385553086,0.813451289966802,-0.100905947149904,0.652348887361255
"80","2001-07-13",2001,"Jul",28,196,0.401157295645889,-0.525165673356994,1.19622593776751,-0.0102017031791058,0.531500271886437,-0.624485684711822,-0.426145623600281
"81","2001-07-20",2001,"Jul",29,203,1.01352843446767,-1.02585769632091,1.5449163443628,0.881493283469539,1.2326849659474,-0.813624366859989,0.22540428001646
"82","2001-07-27",2001,"Jul",30,210,0.945146468953621,0.833690819117572,0.533338169045863,-0.32317038357387,0.710243273620052,0.844565662058309,1.55435349126132
"83","2001-08-03",2001,"Aug",31,217,0.822294578007725,-0.00624951217079866,-0.0519116833407574,-0.673614588037155,0.467881202988555,-0.338810109474072,-0.10415123740363
"84","2001-08-10",2001,"Aug",32,224,0.539511600794752,-0.975496915754973,-0.0830899536984161,-0.597742194376153,0.524987876823362,-0.751504711124575,-0.758958069637818
"85","2001-08-17",2001,"Aug",33,231,0.62474525259941,1.50223763001828,-0.330483481254104,-0.669811454313882,0.380016217835132,1.11985156789412,0.580227785640696
"86","2001-08-24",2001,"Aug",34,238,-0.10582421815048,1.25384164350866,-0.37128071542836,-0.81632020278352,0.398450717247907,0.967793856042256,0.285377951589035
"87","2001-08-31",2001,"Sep",35,245,0.0103040930922607,-0.258302377144344,-0.614932938184415,-0.998357015184918,0.386204037813735,-0.24415638298137,0.0312689020883044
"88","2001-09-07",2001,"Sep",36,252,-0.958789505215647,-1.70395335984151,0.419692234756449,-0.883898520222655,0.511524669280585,-1.57650489369044,-1.99421664675124
"89","2001-09-14",2001,"Sep",37,259,-1.50626262139129,-1.75363060245479,1.54652700868371,-0.561701866964144,0.927535710537172,-1.18271152289816,-1.76696658590269
"90","2001-09-21",2001,"Sep",38,266,-0.210297562209787,-1.18437257862339,1.50014065686167,0.129278095236061,1.11789873311314,-0.891867833878796,-0.929781416854833
"91","2001-09-28",2001,"Sep",39,273,-0.573387121560463,-0.264885016907748,1.34991151507249,0.286043299233334,1.12225051925812,-0.804346568938279,-0.82870455708656
"92","2001-10-05",2001,"Oct",40,280,-0.207562618904124,1.2599244845722,1.41293821863781,0.46050584105614,0.875075809968473,0.101927050272594,-0.524375137037079
"93","2001-10-12",2001,"Oct",41,287,0.79758233961303,1.35868991343274,0.775463348141533,-0.151158251944151,0.450620184058725,1.31629270462332,0.703831783609312
"94","2001-10-19",2001,"Oct",42,294,0.24165373929085,0.592106677691108,0.144435661210399,-0.607866129009782,0.256067469955969,-0.44798205171538,0.346863104756913
"95","2001-10-26",2001,"Oct",43,301,-0.970236449563216,0.259100811147461,0.197486235303024,-0.794236757726947,0.137667914200515,-0.857794843390906,-0.48268149010921
"96","2001-11-02",2001,"Nov",44,308,-0.255677026168521,0.249735478202359,0.0974384624856658,-0.870497861298343,-0.0412950945890737,0.169528445204488,0.764141650675984
"97","2001-11-09",2001,"Nov",45,315,-0.690140883954285,-1.07565684407911,0.490415982634194,-0.470735722669385,0.247903570913165,-0.235794646321707,-0.0781928678190113
"98","2001-11-16",2001,"Nov",46,322,-0.704919522774277,-0.869120274392245,0.755833267294571,-0.100016799670022,0.611702636507373,-0.484531649527184,1.09848537948139
"99","2001-11-23",2001,"Nov",47,329,-0.947991105335638,-0.585381407660208,0.672332122007909,-0.0704619661529738,0.431673623382649,-0.528693173676231,-0.33500003660593
"100","2001-11-30",2001,"Dec",48,336,-1.10758579978085,0.437742624436287,0.831647207929522,0.184613853961401,0.468927996376106,-0.961823902594614,-1.64859176213617
"101","2001-12-07",2001,"Dec",49,343,-1.01878301619091,-0.12629239734198,0.82440658749978,0.0207335991781948,0.370929505394969,-0.816599251936696,-1.33337813878419
"102","2001-12-14",2001,"Dec",50,350,-0.952743383240162,-1.24575859213896,0.662590364746861,-0.332835925095184,0.219688987616551,-0.0554479291332128,0.507321804043549
"103","2001-12-21",2001,"Dec",51,357,-0.900720470668541,-0.859825172728199,0.54184411717909,-0.460890933090807,0.107203558631272,-0.344646824019739,0.192716176041909
"104","2001-12-28",2001,"Dec",53,365,-0.920154476053721,-0.895200437024378,0.618956694004652,-0.655584855247655,-0.00498701716382166,-0.0813857995874583,-0.121041899624821
"105","2002-01-04",2002,"Jan",1,7,-0.839819768592306,-1.13815053840654,NA,NA,NA,0.437438557936852,2.12157352325914
"106","2002-01-11",2002,"Jan",2,14,-0.861533298730374,-1.0183989868027,0.522517480104022,-0.821506828619334,-0.514471921682764,-0.933073240808629,0.126621021187396
"107","2002-01-18",2002,"Jan",3,21,-0.925471720458847,-0.452826000892889,0.68409795094525,-0.67308927023758,-0.391290796292796,-1.064459331791,-1.36463896658966
"108","2002-01-25",2002,"Jan",4,28,-0.868266407479964,1.8751705442124,1.11801802987689,0.0580758244847046,2.47850905796647,2.41258139147553,-0.266110406269702
"109","2002-02-01",2002,"Feb",5,35,-0.901307950905061,2.13378929354441,0.614969546756301,-0.269236991536133,0.567513652155903,3.76749342125723,2.57958082341057
"110","2002-02-08",2002,"Feb",6,42,-1.04604015942656,1.06705773641725,0.471109202285807,-0.222681135279977,-0.464062247167191,0.478907968091603,-1.21045317077338
"111","2002-02-15",2002,"Feb",7,49,-0.886987288328845,0.64631140705117,0.575351043775514,-0.165949997813322,-0.237603731795005,0.278412889885321,0.650317528450294
"112","2002-02-22",2002,"Feb",8,56,-0.927886641665434,-0.0102956624231104,0.928044891101981,-0.0510123205660011,0.132057721241896,-0.657707529641695,-1.29802563446823
"113","2002-03-01",2002,"Mar",9,63,-1.00842543986458,0.339414845610486,0.668226540324822,-0.0320558330453168,0.0013921667750971,0.297096552738187,-0.608009105949034
"114","2002-03-08",2002,"Mar",10,70,-0.970784775507817,0.870457866852543,0.605539267792653,-0.0788542274582128,-0.354949260895212,1.40019355458441,0.853802969941255
"115","2002-03-15",2002,"Mar",11,77,-0.968531520394289,0.380871873638598,0.898571849425894,0.389424354414051,-0.00635148108979101,0.499172668952277,0.115938294456119
"116","2002-03-22",2002,"Mar",12,84,-1.05920674121253,-0.345559621889169,0.969619603576335,0.514214610718192,0.0484362935590089,-0.747489620048007,-1.60023890710937
"117","2002-03-29",2002,"Apr",13,91,-0.843742396942909,0.0507313504422834,0.43927607878307,0.0763206428759714,-0.579094957893865,0.972840080784919,1.15562964464152
"118","2002-04-05",2002,"Apr",14,98,-0.858344636780024,-0.425567418305787,0.341754068245216,0.0136648828862782,-0.538753910960843,0.276213054660354,1.69620538152751
"119","2002-04-12",2002,"Apr",15,105,-1.26947051071943,-1.13582320203856,0.560627847249888,0.486582557633408,-0.370522594832709,-1.12440403663595,-1.46064137552332
"120","2002-04-19",2002,"Apr",16,112,-1.14749483362855,-0.696034730995143,1.14175640161023,1.31695345142198,0.0612073534565799,-1.02191533277717,-1.09889255172989
"121","2002-04-26",2002,"Apr",17,119,-1.61965618382528,-0.835080870298082,1.3557977258113,1.79899324962962,0.35842419742551,-1.32497611960454,-1.83627563049478
"122","2002-05-03",2002,"May",18,126,-2.1402419499178,-1.40171459442284,1.48266693579473,1.74890306828493,0.798178516288178,-1.62159215144122,-2.24098271255312
"123","2002-05-10",2002,"May",19,133,-0.633306987391985,0.313388694972007,1.33444187202785,1.60363706229482,0.238845625129978,-0.837185745954092,-0.62528502946805
"124","2002-05-17",2002,"May",20,140,-0.154168158476953,1.01787778723333,1.19154293132415,1.43199465037055,0.294041984019173,0.440693868951088,0.809317277550078
"125","2002-05-24",2002,"May",21,147,-0.835647822095897,-0.00663045010672179,1.01989776465867,1.49465877451099,0.327852067988199,-0.57253080697161,-0.74272021955522
"126","2002-05-31",2002,"Jun",22,154,1.31973286553231,-0.324587734056695,1.07519217339913,1.49202865418157,0.556437386310942,-0.112126770733931,1.14591890303259
"127","2002-06-07",2002,"Jun",23,161,-1.67498800423787,-0.265507127435778,1.13676706538716,1.53165075002051,0.654275224817914,-0.868146781731407,-1.7067023258246
"128","2002-06-14",2002,"Jun",24,168,-1.22545552034249,0.365525653758261,1.52753236065447,1.79711158506545,1.0180562512054,-0.353508953032583,-1.53115641118175
"129","2002-06-21",2002,"Jun",25,175,-0.581424297688806,0.842598467836487,0.888426636144145,0.714439457782984,0.531587890699808,-0.0733944107905097,-0.953624690328107
"130","2002-06-28",2002,"Jul",26,182,0.671797617446327,-0.67490042872237,0.221580146184588,-0.282700750784852,0.0891069147414143,-0.0364043395220856,0.261270673710857
"131","2002-07-05",2002,"Jul",27,189,-0.304928557771916,-0.798161655467182,-0.174307728983387,-0.626128940698145,0.0824388867572731,-0.386349555444295,-0.845838695352624
"132","2002-07-12",2002,"Jul",28,196,0.296249600791341,0.397696963152857,-0.0769170914105747,-0.488403648390977,0.0718337545252469,-0.0355549495120388,-0.45242916324117
"133","2002-07-19",2002,"Jul",29,203,-0.809133625333963,-1.32716991854916,0.831784562529195,0.493191450131854,0.806383369313185,-1.0950518046916,-1.86773316806832
"134","2002-07-26",2002,"Jul",30,210,0.379177145757167,-0.62993746967165,0.187453435099696,-0.332352579828122,0.495294956591577,-0.44051803221497,-0.588615650666057
"135","2002-08-02",2002,"Aug",31,217,0.443382497996815,0.219005267104479,-0.186808677449834,-0.449724768585151,0.248513587222637,-0.267349860944724,-0.605589616074467
"136","2002-08-09",2002,"Aug",32,224,-0.220198488156113,-0.754808051353544,0.607623871543218,0.64641852792328,0.239432682964052,-0.921777597731075,-1.6513288170455
"137","2002-08-16",2002,"Aug",33,231,0.912626018487408,0.56304118732183,0.692803669916634,0.315712381553535,0.407369997310462,0.011695578947228,0.408511495910744
"138","2002-08-23",2002,"Aug",34,238,0.982094991656001,0.490062552244786,0.227786719194522,-0.236701947018554,0.595630499535579,-0.453033153744249,0.150586489471381
"139","2002-08-30",2002,"Sep",35,245,0.933914195405161,0.542625896716319,0.128134578345549,-0.00973238541682667,0.894031321016857,-0.175594963682771,0.546145556081404
"140","2002-09-06",2002,"Sep",36,252,1.19822373941088,0.814633888716804,-0.153754165954942,-0.236714025242648,0.261306609290818,0.56487386207112,1.1248076202389
"141","2002-09-13",2002,"Sep",37,259,0.452151190735004,-0.526711239465065,-0.19318620085044,-0.0248604164017906,-0.115167869496544,-0.507008041872909,-0.0336287084712666
"142","2002-09-20",2002,"Sep",38,266,-0.758343266142494,-1.05601284884062,-0.357652855724895,-0.364106157405797,-0.172026706972399,-0.772736951287682,-1.56951261489398
"143","2002-09-27",2002,"Sep",39,273,0.559686978247184,-1.43989798996173,-0.0157110402685949,0.180693890300429,-0.147840184486897,-0.406160464298448,0.392597886872071
"144","2002-10-04",2002,"Oct",40,280,0.175552415806268,-0.870758762976919,-0.161475881901273,-0.159280529474252,-0.250237877838063,-0.0171044306957948,-0.118522305026593
"145","2002-10-11",2002,"Oct",41,287,-1.09114220326217,-1.6001540952762,0.260728250333821,0.553957826911604,-0.297878262307271,-0.732251677296877,-0.966378640536036
"146","2002-10-18",2002,"Oct",42,294,-0.935600127712022,-0.490829043292385,0.689370496734683,1.14949858826757,0.463535368816702,-0.569914329484882,-1.00297571558167
"147","2002-10-25",2002,"Oct",43,301,-1.55965758878933,0.0664546154482817,0.93355656635189,1.28893324596619,1.06160408787308,0.307264456681898,-0.889182602215862
"148","2002-11-01",2002,"Nov",44,308,-1.25179764821887,-0.708939335520936,0.978910256726478,1.36649532775982,0.952444869471273,-0.94360935348844,-1.30739705109175
"149","2002-11-08",2002,"Nov",45,315,-0.519255097807054,-1.45497247604009,0.863289528933075,1.39992801024323,0.806988555175513,-0.560575458101992,0.372309781651644
"150","2002-11-15",2002,"Nov",46,322,-0.904531265260896,0.95864782095182,0.645395238380519,1.11251232970723,0.661708274885919,0.886057244016262,0.214409735076415
"151","2002-11-22",2002,"Nov",47,329,-0.952093070703081,0.354596502184723,0.475836514888324,0.915108127525108,0.462922693586819,-0.265900897567222,-0.270674677988185
"152","2002-11-29",2002,"Dec",48,336,-1.05258809955875,0.937025787065791,0.556771582041586,1.00988972878527,0.520180370016876,0.329002349936801,-1.16590557751611
"153","2002-12-06",2002,"Dec",49,343,-1.03021210866874,-1.53263224967524,0.522868545786618,1.01898387199509,0.358204805794334,-1.1276441050184,-1.38430446485485
"154","2002-12-13",2002,"Dec",50,350,-1.04561160296227,-2.0578959721629,-0.0608631396021507,0.0312319179270074,0.0941160417466787,-1.02157017767223,-0.589815875021553
"155","2002-12-20",2002,"Dec",51,357,-0.936560720973979,-0.668737682483622,0.54498299751529,0.984697881694344,0.236904221670551,-0.639945154753516,-0.39293295009358
"156","2002-12-27",2002,"Dec",53,365,-0.946743141291272,0.646505915789271,1.10829253412054,1.91898442076609,0.739509509373714,-0.292303520741727,-1.17538789386208
"157","2003-01-03",2003,"Jan",1,7,-0.877497308623585,-0.187013953631593,1.2896548297117,2.0561265947051,2.02320558139164,-0.082069252912103,-0.0139290240218414
"158","2003-01-10",2003,"Jan",2,14,-0.898960952712528,-2.00237580450499,-0.245283899829492,-0.493293218040385,-0.678939492359119,-0.985439189128272,-0.583277140282963
"159","2003-01-17",2003,"Jan",3,21,-0.903901169692363,0.537920404504714,0.560659224299913,1.30076013412433,-0.127203835421778,0.652256274593475,0.274946614990638
"160","2003-01-24",2003,"Jan",4,28,-0.868524825611761,0.912786426999537,0.563472709280871,1.25643885015709,-0.0624441427599373,0.147150388910771,-0.356970455083913
"161","2003-01-31",2003,"Feb",5,35,-0.936679757214035,-0.79529154544693,0.509700601400056,0.92500561336589,-0.0356410315084214,-0.706981186209347,-0.0481213364847792
"162","2003-02-07",2003,"Feb",6,42,-1.03198951515962,-0.897544529766464,0.384536922322618,0.719231921153389,-0.0375959087514408,-1.06537389680301,-0.666801436795544
"163","2003-02-14",2003,"Feb",7,49,-0.901985980477167,-2.12771349544454,0.141562863820114,0.477589465224522,-0.528862650892002,-0.588522815211236,-0.162646199182936
"164","2003-02-21",2003,"Feb",8,56,-0.911075516930592,-0.844917400742159,-0.194054532712523,0.314992524688254,-0.912110887372789,0.110041075203078,1.17985797241612
"165","2003-02-28",2003,"Mar",9,63,-1.00620253131082,0.810214813378834,0.346471770146299,0.92272009732682,-0.352850372026745,1.05527350332463,-0.317229942181838
"166","2003-03-07",2003,"Mar",10,70,-0.99006566358713,0.929868488991363,0.310685561040637,0.819319296274052,-0.24910373846027,0.43761526525157,-0.595674603759669
"167","2003-03-14",2003,"Mar",11,77,-0.953815283724626,-0.459697004996037,0.109948640780426,0.786392140894211,-0.287970960535371,-0.354682643367824,1.39085098332345
"168","2003-03-21",2003,"Mar",12,84,-0.966256937394502,0.477875510167172,-0.26694146840662,0.280917853976107,-1.10855205079747,1.85396373824239,1.71548105266699
"169","2003-03-28",2003,"Apr",13,91,-0.820198058460872,1.07192977773904,-0.318792080985811,0.206678541925228,-0.900933928934633,0.706411082646284,1.25653170324747
"170","2003-04-04",2003,"Apr",14,98,-1.04846474060139,-1.7192627345004,-0.00402148713869296,0.797456895313351,-0.939088991035922,-1.09325405613261,-0.0938880938105185
"171","2003-04-11",2003,"Apr",15,105,-0.522576132076421,-0.317807100957122,-0.0441024939956012,0.534807373864279,-0.952706888009933,0.556178649537426,1.64756254665042
"172","2003-04-18",2003,"Apr",16,112,-0.333244362028586,0.278033417111901,0.180195533542459,0.567093892656157,-0.634467368111378,0.0342925761099734,0.296833215785959
"173","2003-04-25",2003,"Apr",17,119,-0.698548885781479,0.690564236473913,0.219335935201234,0.467332281080241,-0.553971014950947,0.993382965917219,-0.172058523271033
"174","2003-05-02",2003,"May",18,126,-0.461033131153785,1.57491519596228,0.209973768585605,0.723056251422422,-0.434625665232903,1.96716600578711,0.282995255977996
"175","2003-05-09",2003,"May",19,133,-0.222663424295149,0.162292983233464,0.340570181019615,0.948388804442374,-0.133298371063474,-0.447773435341845,-0.326381632275151
"176","2003-05-16",2003,"May",20,140,-0.76648534938662,-0.983735136089242,0.807264723071852,1.16235837571145,0.305475862340095,-0.94603448213204,-0.651321674180953
"177","2003-05-23",2003,"May",21,147,-1.0564892697866,-0.289667789037343,0.706369577351709,0.904798110991293,0.313262824644189,-0.486608117741767,-0.855231250537295
"178","2003-05-30",2003,"Jun",22,154,-0.412589533760301,1.29521997669713,-0.0799667275832702,0.0029671216443104,-0.0344623344744724,1.22517677556053,1.14705343900778
"179","2003-06-06",2003,"Jun",23,161,0.326675025376318,1.50545951907975,-0.290288276651668,-0.475083417592427,-0.473911423491568,1.37583739004974,1.22677783409963
"180","2003-06-13",2003,"Jun",24,168,1.28195890110967,1.23363489305297,-0.111921750673771,-0.333815899088313,-0.90709191188654,0.906818180338539,1.82130297293218
"181","2003-06-20",2003,"Jun",25,175,1.17633690069016,0.131786732599383,-0.68490982861104,-0.64536754275691,-0.953884961187625,-0.0399099169564154,0.181496037530425
"182","2003-06-27",2003,"Jul",26,182,0.918086169381786,0.167720892048232,-1.20876728509495,-1.24222605837879,-1.14751245848616,0.057248430635551,0.387844000637477
"183","2003-07-04",2003,"Jul",27,189,-0.589194520758757,-1.14163481205923,-0.66471919718934,-0.799525698130887,-0.730330686925976,-0.93773800831392,-1.17236532945935
"184","2003-07-11",2003,"Jul",28,196,1.54767649082111,0.416641357450714,-1.04316149628905,-1.24247707731891,-0.881523905642959,0.741974484069972,1.5561932554145
"185","2003-07-18",2003,"Jul",29,203,0.632723165069772,1.16726207265752,-1.0935529838329,-1.33672933916593,-1.1150639782854,1.27450175083708,0.871763382228304
"186","2003-07-25",2003,"Jul",30,210,0.545355707705526,-0.125022778737685,-1.1323944049286,-1.32047116079794,-1.05603120581359,-0.469367741179977,-0.559484179443102
"187","2003-08-01",2003,"Aug",31,217,-0.128699837966579,1.79328031691692,-1.15730028524517,-1.47413432626302,-0.998201215723234,1.79622380909013,1.0240198368824
"188","2003-08-08",2003,"Aug",32,224,-1.44089764666385,2.17887340506575,-1.31832334924379,-1.4945992757669,-1.0356643472698,2.7457574147541,1.81242463529308
"189","2003-08-15",2003,"Aug",33,231,-1.35061350868724,1.0635533981632,-1.35152118522441,-1.64957479566244,-1.0638029615846,1.64452624017437,1.1403446456448
"190","2003-08-22",2003,"Aug",34,238,-1.45589985684622,0.121341611634645,-1.49238817865794,-1.88183225640587,-1.01985641238221,0.697425436694501,1.17101418598534
"191","2003-08-29",2003,"Sep",35,245,-0.727223937517622,-1.08886238257331,-1.36715035075152,-1.78814945321957,-0.768924912703631,-0.768605188628155,-1.13800278564039
"192","2003-09-05",2003,"Sep",36,252,0.467947199616716,-0.193363613963842,-1.25647172079239,-1.6051338653755,-0.613526858036247,0.279710141263012,0.0685887407234777
"193","2003-09-12",2003,"Sep",37,259,0.617536755362261,-0.464871283501663,-0.871063013736907,-1.23777107244271,0.0843714914964859,-0.373127957707606,0.1836325561391
"194","2003-09-19",2003,"Sep",38,266,1.16733930940843,2.37148686880533,-0.989935467511172,-1.24306872669494,-0.759473116678667,2.68914064695047,1.16335319986444
"195","2003-09-26",2003,"Sep",39,273,0.512151486188599,-0.615299282469674,-1.14059524830379,-1.35687061076606,-0.98130976868231,0.209631435910308,0.214930214622031
"196","2003-10-03",2003,"Oct",40,280,-0.81263421675506,-1.21339740757066,-1.15019796995788,-1.33365191710499,-0.636635781153832,-0.606953861437153,-0.908481840627157
"197","2003-10-10",2003,"Oct",41,287,-0.0490775192705792,-0.634248853392009,-1.01742547930616,-0.965185533805774,0.191689578899453,-0.134171450698301,0.0861886970999715
"198","2003-10-17",2003,"Oct",42,294,0.242170663713256,-1.66562622214358,-1.14701187983837,-1.2519280680504,-0.329728586931226,-0.577316205105731,0.973478969011354
"199","2003-10-24",2003,"Oct",43,301,-0.806278270001558,-2.26927890076082,-1.21735390898917,-1.20601456879689,-0.371861531500426,-0.903580229322927,-0.0828912124363348
"200","2003-10-31",2003,"Nov",44,308,-1.15125280245448,-0.588040735566489,-1.12841276423226,-0.638271817047465,-0.231297493007056,0.0426714125281677,-1.09447256197513
"201","2003-11-07",2003,"Nov",45,315,-0.594335994674104,-0.365548762787634,-0.93854544782807,-0.642529618947004,0.103622561707205,-0.542561627388084,0.670411479144712
"202","2003-11-14",2003,"Nov",46,322,-0.947072068900283,-0.470343887798692,-0.740097869474443,-0.155859352609025,0.0178474699267465,-0.541073961737675,-0.0337521419882281
"203","2003-11-21",2003,"Nov",47,329,-0.86438363553322,1.7470002520447,-0.715506693618354,-0.447129760577836,0.0365249825443374,1.30504630790815,0.220095012477753
"204","2003-11-28",2003,"Dec",48,336,-0.888083814188097,0.417272904756291,-0.530196583388443,-0.266551019424205,0.0993673384031159,-1.26651640512683,0.0167396036508574
"205","2003-12-05",2003,"Dec",49,343,-0.791990603417061,0.00292526973235068,-0.705247303205738,-0.424977497704351,0.0526148507840945,0.279404847496504,1.38822294831413
"206","2003-12-12",2003,"Dec",50,350,-0.814140533097825,0.751344721791581,-0.870428556501125,-0.409745999087414,0.000587415159021969,-0.0670208342146281,1.45458307830453
"207","2003-12-19",2003,"Dec",51,357,-0.805263706247326,0.0523978751977565,-0.88807313859476,-0.427246603058577,0.05227973749534,-0.421483797152403,1.36201867773719
"208","2003-12-26",2003,"Dec",53,365,-0.875320148331605,-0.0372723695889243,-1.22888182807326,-1.04015259523064,-0.238071213905951,0.329483664158052,0.903756170602377
"209","2004-01-02",2004,"Jan",1,7,-0.894943908130973,-0.844317204966808,-1.45647740697396,-1.85579632541763,-1.23225484121108,-1.35694959760066,-0.234475629359954
"210","2004-01-09",2004,"Jan",2,14,-0.908302975927895,0.804695467422547,-0.674294215622423,-0.720376948292001,-0.56622282265556,-0.444745138104417,-0.65522165132209
"211","2004-01-16",2004,"Jan",3,21,-0.910868702453042,-0.0737691120765798,-0.973164476215167,-1.22493529743629,-0.716584803010712,-0.552590255140773,-0.479325409999397
"212","2004-01-23",2004,"Jan",4,28,-0.853467675413625,-0.403029981368275,-1.34911891431102,-1.62535909047768,-1.1831980551279,-0.322346470514798,0.594507638449287
"213","2004-01-30",2004,"Feb",5,35,-0.951628424016864,0.996038576541836,-0.74767654562806,-0.676231310960702,-0.417903830307423,0.646466177076031,-0.783817096932786
"214","2004-02-06",2004,"Feb",6,42,-1.03892524697227,0.800377481686273,-0.465074043578358,-0.54355073170057,-0.894101593337697,0.353632235919007,-0.833884234014998
"215","2004-02-13",2004,"Feb",7,49,-0.902494932830363,0.19811327659627,-0.429916895463072,-0.558286607539901,-0.849294138007566,-0.541338494912307,-0.593773167184578
"216","2004-02-20",2004,"Feb",8,56,-0.923925647521674,-0.651593279455892,-1.36700451098334,-1.55343988800263,-1.36211206497866,-0.154957029894167,0.0408662469544306
"217","2004-02-27",2004,"Mar",9,63,-1.00576616156462,-0.892861880560073,-1.77845607474789,-1.59798366889666,-1.51135318183346,-0.748405501981793,0.0202559748303469
"218","2004-03-05",2004,"Mar",10,70,-0.98715062469209,-1.55891996451959,-2.25859756220249,-1.79171438634403,-1.74032307882428,-1.14306470975152,-0.213307916309626
"219","2004-03-12",2004,"Mar",11,77,-0.968259125116836,0.731593328301739,-1.85740301644273,-1.95052428162339,-1.8028031426782,0.395381836453943,0.228604503448192
"220","2004-03-19",2004,"Mar",12,84,-1.03255763318451,0.700475266598847,-1.30406210050274,-1.54473683800993,-0.972713451462721,0.0771580583164593,-0.730416566632281
"221","2004-03-26",2004,"Mar",13,91,-0.903909030836568,-0.741955664069067,-1.41136447873483,-1.626635560274,-1.20096689992817,-0.136520974992785,0.426879697899602
"222","2004-04-02",2004,"Apr",14,98,-1.15035280416297,-0.154833828956451,-1.22954330248012,-1.53390765824446,-1.11392265457535,-0.983676517505175,-1.30794854877557
"223","2004-04-09",2004,"Apr",15,105,-1.10281991109228,-0.863392044699598,-0.466233558537963,-0.679484799876831,-0.798560729031907,-1.08106877163743,-0.580799588316007
"224","2004-04-16",2004,"Apr",16,112,-0.795371386998677,0.550278909021492,-0.636721006879448,-0.895668869646951,-1.21135370345567,0.442594305728661,0.0426845727660153
"225","2004-04-23",2004,"Apr",17,119,0.0440785344403055,-0.0329238978788728,-0.247301195651707,-0.620684161560352,-0.860520882989209,-0.514068589561778,0.597161096694555
"226","2004-04-30",2004,"May",18,126,-0.0119154051316336,0.583572582206412,-0.16558072039497,-0.501684810278626,-0.418111208682024,-0.848182613505276,-0.270519277205619
"227","2004-05-07",2004,"May",19,133,-2.092776318823,-1.40650546130196,1.02355407138271,0.495334023075393,1.40532510087774,-1.43026391378345,-1.39868698626856
"228","2004-05-14",2004,"May",20,140,-0.519075552784693,-0.0666345373154016,0.266572137247356,-0.255583208794796,0.0432491648327315,-0.441232623496204,-0.151501399629155
"229","2004-05-21",2004,"May",21,147,-1.09895279364021,-1.64269401393992,0.370042530913179,-0.111431068950886,0.212711792428313,-1.20696665999007,-0.488770680189314
"230","2004-05-28",2004,"Jun",22,154,-0.503883530722839,-0.69027221097708,0.0391932616094499,-0.482871828573941,0.179986567776872,-0.518573569334299,-0.148960218870297
"231","2004-06-04",2004,"Jun",23,161,0.00615029973568038,0.0842558705593658,0.407772472085418,-0.185020271700953,0.219422891442449,-0.242787702629951,-0.36408378492037
"232","2004-06-11",2004,"Jun",24,168,-0.0569287675982058,-0.392628208017232,-0.332118383375398,-0.819321222916378,-0.220098937134312,-0.922622350199974,-0.290843265263627
"233","2004-06-18",2004,"Jun",25,175,-0.283107498930218,-1.15006293057244,-0.184224733960592,-0.76925428470706,-0.532586507488525,-1.13085886693521,-0.633551899157962
"234","2004-06-25",2004,"Jun",26,182,0.570785872511577,-0.733281720450586,0.77937166393969,0.0193566323813908,-0.392617133474553,-0.451988380923449,0.182704486780046
"235","2004-07-02",2004,"Jul",27,189,0.67910250715671,-1.29217228429653,1.53474253776795,1.46626712267285,-0.0982350691555551,-0.958913589493953,-0.125223734476115
"236","2004-07-09",2004,"Jul",28,196,-1.01671366779411,-1.64198282291635,1.46088183607901,1.71299840371456,0.0034727013805896,-1.38919657452857,-1.70272945331058
"237","2004-07-16",2004,"Jul",29,203,0.501508018575861,0.114796659713917,1.61219108370388,1.76844126320038,0.225714497568797,-1.01287182324025,-0.40639821727168
"238","2004-07-23",2004,"Jul",30,210,0.499839354655304,-0.729827856749776,1.58488214570527,1.39572256557418,0.800950245100601,-0.972946511153856,-0.425043922328368
"239","2004-07-30",2004,"Aug",31,217,0.866325290171426,0.502455045034362,0.892967379015487,0.219135936892977,0.497918958336974,0.489036142394515,1.35757292923063
"240","2004-08-06",2004,"Aug",32,224,1.27204416907243,0.983159791857885,-0.284904259826843,-0.665413245038042,0.0551464995011534,0.746734875824809,1.53645086351953
"241","2004-08-13",2004,"Aug",33,231,0.504132368816106,0.0242545132984914,-0.535571557610485,-0.779062689160583,-0.175561222049117,-0.780308074220948,-0.458757998360074
"242","2004-08-20",2004,"Aug",34,238,0.350962208599246,-0.918978185086802,-0.480368385396428,-0.447405597911194,-0.0746399864681197,-0.956990732260437,-0.885133504616998
"243","2004-08-27",2004,"Sep",35,245,-0.302797231513686,-1.00301751317692,0.82466666580191,0.816502481305757,-0.238776693656613,-1.34190613756165,-1.4856214452377
"244","2004-09-03",2004,"Sep",36,252,1.56094722193811,1.21361336535924,-0.00689138072827249,-0.278591501258758,-0.299697237189331,1.16829793297288,2.06301939883433
"245","2004-09-10",2004,"Sep",37,259,1.11181774929915,0.122059422801786,-0.744696669084874,-0.908385126427519,-0.587184896094055,0.298126577701103,0.628005320956722
"246","2004-09-17",2004,"Sep",38,266,0.478622729870572,-0.479954214713964,-0.834731023873643,-0.953701903773016,-0.625243504075029,-0.258897845664862,-0.144438037400068
"247","2004-09-24",2004,"Sep",39,273,-2.06377465218598,-1.24915260993109,0.463867072982675,0.710308583106614,-0.561402706381069,-1.67819535258169,-2.02651707879996
"248","2004-10-01",2004,"Oct",40,280,1.31879088712976,1.03795142668094,0.0183366513195366,-0.139686662910601,-0.57127718499164,0.508242654067435,0.817615466927821
"249","2004-10-08",2004,"Oct",41,287,0.478016137390652,-0.597023296402555,-0.879506384477506,-1.03363859673177,-0.97700605163893,-0.139877921555172,0.741615015062957
"250","2004-10-15",2004,"Oct",42,294,-0.924150104958895,-0.419161267973185,-1.04223993210214,-1.07516066151044,-1.08392181982938,-0.557068896563123,-1.00774836475685
"251","2004-10-22",2004,"Oct",43,301,1.14165382618667,1.04594265687233,-0.831893850714647,-0.291111819321274,-1.03660384844768,1.37878094954713,1.52440224300506
"252","2004-10-29",2004,"Nov",44,308,-1.14328068058531,0.481883494077321,-1.22043753353178,-0.736087726991064,-1.1687325052095,-1.01949026565306,-1.17309029588526
"253","2004-11-05",2004,"Nov",45,315,-0.990268377118982,-0.923304485712385,-1.35982075145233,-0.638133268094581,-1.31399119201086,-0.834633114977329,-0.47062239239405
"254","2004-11-12",2004,"Nov",46,322,-1.24400504565275,-0.946502496887762,-0.130476173547711,-0.0125394898018592,-1.57892337595946,-1.76612841474016,-1.27181674862052
"255","2004-11-19",2004,"Nov",47,329,-0.781725718158608,-0.375092378502075,0.403805812947713,0.00899881155873771,0.117435185733135,-0.741446775263624,-0.507403244218511
"256","2004-11-26",2004,"Dec",48,336,-0.930999107588459,0.0617227737928528,0.133683430666796,-0.322323565731054,0.303425292030656,-0.174083767685006,-0.297645811404626
"257","2004-12-03",2004,"Dec",49,343,-0.953955697178508,-0.449545655103983,-0.145999299823838,-0.595875329802476,0.120211973692477,-1.06118625918274,-0.506038409004861
"258","2004-12-10",2004,"Dec",50,350,-0.863024638132179,-0.651478861070561,-0.475830296366957,-0.855382393645141,-0.0249836923155316,-0.271840063366669,2.32204510583379
"259","2004-12-17",2004,"Dec",51,357,-0.834252405671279,-0.571639600475432,-0.338021154533547,-0.849648404982562,0.049511707065588,-0.177690337541103,1.82783319414509
"260","2004-12-24",2004,"Dec",53,366,-0.979415325784481,-0.00165891722547778,-0.0641306096766286,-0.891387677363574,-0.024455644095576,-1.11273648689825,-1.35939881994542
"261","2004-12-31",2005,"Jan",1,7,-0.946590336391575,0.865798054078469,0.184060511870571,-0.863826143831952,-0.405164789590275,0.828156126999429,-0.63768584910568
"262","2005-01-07",2005,"Jan",2,14,-0.893827141325761,0.969901445464652,-0.116674900389332,-1.47720495174461,-0.738301568634751,0.919494819559593,-0.0237262797631983
"263","2005-01-14",2005,"Jan",3,21,-0.898544157751803,0.400160300912044,0.258874394550379,-1.21222193412963,-0.541904312506435,0.197823620006344,0.0714731671019461
"264","2005-01-21",2005,"Jan",4,28,-0.853994600752075,-0.72552329749936,0.514381271708486,-1.05137221142629,-0.427551981310937,-0.230702441395613,0.388511570788712
"265","2005-01-28",2005,"Feb",5,35,-0.930533452040387,-0.415695531540154,0.499287931328937,-0.625025088484834,-0.778547042598862,-0.252100525074726,-0.0803315449417522
"266","2005-02-04",2005,"Feb",6,42,-1.00037703090658,-0.475300793109085,0.126420672917883,-0.789002035109531,-0.729153198648354,-0.486424613880425,0.955896532876529
"267","2005-02-11",2005,"Feb",7,49,-0.900665262750734,-0.659932409624651,0.386748992126929,-0.124192487811405,1.09223194883939,-0.618544880366479,-1.3536276093839
"268","2005-02-18",2005,"Feb",8,56,-0.914972797193107,-1.23081777437355,-0.205553313198547,-1.20452900246891,-0.899792112758846,-0.956368359402392,-0.0079421776465767
"269","2005-02-25",2005,"Mar",9,63,-0.993377605921196,-1.88646678693293,-0.338045673569816,-0.912790860533215,-1.08855751499926,-0.585569635873595,1.94735012564668
"270","2005-03-04",2005,"Mar",10,70,-0.975705922398016,-1.82282367010724,-0.41608910151414,-0.982102464298754,-1.22428258717256,-1.31988477835031,-0.213121875557653
"271","2005-03-11",2005,"Mar",11,77,-0.950584327371188,0.606806247195075,0.49298735171236,-1.09625229987398,-0.315069029800499,0.55967862596405,1.35577014667135
"272","2005-03-18",2005,"Mar",12,84,-0.989294532909256,0.753457687964399,0.0687324447227556,-1.10173536722288,0.551635384784615,-0.0694350434494558,0.475429818029973
"273","2005-03-25",2005,"Apr",13,91,-0.89776523041984,0.142866502666592,-0.413667543074796,-1.22217654749523,-0.651833359000271,-0.879892944688037,-0.192982544272623
"274","2005-04-01",2005,"Apr",14,98,-0.901090114578109,0.567236642890457,-0.249554576637307,-1.14589313227948,-0.786644869062845,1.32778534399263,0.377620813911571
"275","2005-04-08",2005,"Apr",15,105,-1.00676812013922,-0.104631526912058,0.10366528959416,-0.666501613725842,-0.496327065850522,-0.324122513271364,-0.820209874321527
"276","2005-04-15",2005,"Apr",16,112,-0.360600943626068,-0.09138751950193,0.239635463847578,-0.50690609031102,-0.582132389297426,-0.562839009470004,-0.0116326437334222
"277","2005-04-22",2005,"Apr",17,119,-0.559621361127504,-0.754202233409524,0.560734474907993,-0.125409976056781,-0.349915338761784,-1.02706207609609,-0.891053994185649
"278","2005-04-29",2005,"May",18,126,-0.050406183672284,1.16276645575513,0.435271599220372,-0.411081233201937,-0.278298639918469,0.680463256379767,-0.0325387502739515
"279","2005-05-06",2005,"May",19,133,0.115688292701599,-1.71105775527497,0.684562714760304,0.436410413680958,0.0313506084579524,-1.10877781978044,0.0688112925030906
"280","2005-05-13",2005,"May",20,140,-0.73122014994871,-1.17313021979422,0.862166196951748,0.701770301422219,0.468037602197831,-0.859360634152938,-0.7451657987275
"281","2005-05-20",2005,"May",21,147,0.474675233292011,0.756285715297768,0.957026530036305,0.736084864635219,0.505135963230264,0.615249823803144,0.379290103263684
"282","2005-05-27",2005,"Jun",22,154,0.891734818887731,0.526105566304127,0.695390044033543,0.671035177148421,0.419521733985373,0.602910237591646,0.755354671335328
"283","2005-06-03",2005,"Jun",23,161,-0.222067257867725,-1.65756385945656,0.916359896755556,1.26385900109565,0.46018349647588,-1.46990545432174,-0.774416257587636
"284","2005-06-10",2005,"Jun",24,168,0.190148086685452,-1.0400577735497,0.674113144755074,0.535730718852551,0.462956390552171,-0.0669821973828419,-0.489369920904886
"285","2005-06-17",2005,"Jun",25,175,1.25153999568866,1.21237980614278,-0.38262060745996,-0.625968457308742,-0.0272853777236192,1.12712757068874,1.84966835918134
"286","2005-06-24",2005,"Jul",26,182,-0.413718909152554,0.143357045893922,0.765580665714501,0.687383697283646,0.623232260476051,-0.560689064442619,-0.897741678531155
"287","2005-07-01",2005,"Jul",27,189,0.199129214489805,-0.747188524045075,1.35238802022937,1.1673757192894,1.04618034650229,-0.866501626775868,-0.790540943874078
"288","2005-07-08",2005,"Jul",28,196,1.29241792894889,1.32687439776199,0.481014141541321,0.142953889160443,0.515222921617058,1.25385971129023,1.5774140928107
"289","2005-07-15",2005,"Jul",29,203,0.680513359453527,-0.705592587200238,0.157117720462673,-0.0291093914434649,0.0114632139437792,-0.681968274929255,-0.397615028029161
"290","2005-07-22",2005,"Jul",30,210,0.769823062670037,-0.0555677439724321,0.418423242409258,0.430916083512585,-0.234852026065447,-0.656404642736613,-0.303873475758381
"291","2005-07-29",2005,"Aug",31,217,0.522598212655007,-1.29055293075583,0.768909035838481,0.85643089094273,-0.236523797726478,-1.04608685670643,-0.702337423031787
"292","2005-08-05",2005,"Aug",32,224,0.484832677850028,-1.53462127735865,1.46821067550282,1.85650615707942,-0.368596664637381,-1.1115129728425,-0.824098391770487
"293","2005-08-12",2005,"Aug",33,231,0.740266484139925,-1.00738947892987,1.07504010675763,1.46650250096896,-0.401985996133677,-0.998853863500796,-0.148698285984421
"294","2005-08-19",2005,"Aug",34,238,-0.603602717866115,-1.04968878308089,1.39894337993189,1.85303570794487,0.00618005384082683,-1.49918830893708,-2.51739712672749
"295","2005-08-26",2005,"Sep",35,245,1.78112379088014,1.01368327650052,0.310151151215634,0.398540068807933,-0.14583207602762,0.64410020011125,2.14206742993584
"296","2005-09-02",2005,"Sep",36,252,1.37104843992412,1.76262037728435,-0.0470237534145921,0.203083073538997,0.0423679523597168,2.05013920640215,1.58011733278299
"297","2005-09-09",2005,"Sep",37,259,-0.53257068306387,-0.0144275805967029,0.0159074044557761,1.17994822487501,-0.587771286063283,-0.751907302688237,-1.08723689017138
"298","2005-09-16",2005,"Sep",38,266,1.88682669941777,-0.330350800048734,0.103741163105066,0.467968909702572,0.356616252230438,-0.108532480903678,1.67797893879473
"299","2005-09-23",2005,"Sep",39,273,0.688203556032898,0.341642427459402,-0.416050380569785,-0.160544018470224,-0.174263926374248,0.374048857458866,0.0608653043020017
"300","2005-09-30",2005,"Oct",40,280,-0.956653467275233,-0.59329244061287,0.336465381494305,0.987474244798876,-0.628117991701981,-1.17781450551391,-1.2160591113661
"301","2005-10-07",2005,"Oct",41,287,1.96852297677411,1.01033706960514,-0.439635643092185,-0.370281342662333,-1.13600220667126,0.486956861673336,1.80971550290313
"302","2005-10-14",2005,"Oct",42,294,1.28530861652182,-0.0220188445192786,-0.810877670425952,-0.741722697587502,-1.42536760625477,-0.117065989641617,1.69415538841656
"303","2005-10-21",2005,"Oct",43,301,0.540575209039398,1.3462918944708,-0.128851299232319,0.30151929368161,-1.37105999813367,0.501908540909222,0.534790428349842
"304","2005-10-28",2005,"Nov",44,308,0.180383191044066,1.82539047103584,-0.537062783520476,-0.3135102738945,-1.44705822549171,0.709762712903486,1.21583913821743
"305","2005-11-04",2005,"Nov",45,315,-0.336604581789898,0.766137077272033,-0.0699737774041641,0.206766428769988,-1.56140442634604,0.592082318625356,0.870963187864669
"306","2005-11-11",2005,"Nov",46,322,-0.811901672374785,-0.359945250371756,-0.0337297296482982,0.163795831555844,-1.15277732912093,-0.635340126979947,0.0360673318503844
"307","2005-11-18",2005,"Nov",47,329,-0.877831131855017,-1.49070143742117,0.274039479344388,0.644255033919049,0.220916619984455,-0.9184958264808,-0.49129319841921
"308","2005-11-25",2005,"Dec",48,336,-0.714070661338954,-1.09971132109396,0.111883420158271,0.4737111749111,0.192523195992935,0.0379630981988103,0.952237403000466
"309","2005-12-02",2005,"Dec",49,343,-0.941730730153596,-0.0368018447403416,0.127565999612384,0.570728443040339,0.186656442048213,-0.523286114804265,-0.622887669841769
"310","2005-12-09",2005,"Dec",50,350,-1.00776568842821,-0.00105025140537295,-0.0462649582931879,0.496034921606854,0.0251580880688524,-0.984718712052679,-0.8780938696118
"311","2005-12-16",2005,"Dec",51,357,-0.980761649893199,-0.417357272541471,0.310332832244643,0.854993943774895,0.141540855131976,-0.880437594877204,-1.23748563625878
"312","2005-12-23",2005,"Dec",53,365,-0.908907971897906,-1.18621713276046,0.0351111424224027,0.643159801463624,-0.0508020049983673,-1.09223339050984,-0.291739960283233
"313","2015-01-07",2015,"Jan",1,7,0.50506093400896,-0.134429693524776,1.60111074279713,1.03731746084129,0.924434595914395,-0.123959536499947,0.185639627811879
"314","2015-01-14",2015,"Jan",2,14,0.286749486219282,1.20018856637183,1.54458551644748,1.14700763668704,1.13254568517377,1.42002653485018,-0.812215738412824
"315","2015-01-21",2015,"Jan",3,21,0.209389830450438,0.170560128257592,1.6296202525127,1.29027649915145,1.04347513106865,0.528283862799776,-0.151499715424948
"316","2015-01-28",2015,"Jan",4,28,0.080869174331078,-0.133678904689939,1.58360627031995,1.21118054784558,0.789474147192284,-1.19231177566612,-1.23467703993051
"317","2015-02-04",2015,"Feb",5,35,0.465902625350656,-0.532394562288608,1.55829350500226,1.11299979354065,1.34791068588854,-0.674779546675379,-0.330144916397724
"318","2015-02-11",2015,"Feb",6,42,0.652410574829617,-0.46635372828586,1.18877991625452,0.943842397367396,1.26612578313749,-0.686765964056031,0.0148187289603503
"319","2015-02-18",2015,"Feb",7,49,0.487098961623397,-0.0133959535060424,1.13958885894637,0.969811740235796,1.20462135088566,-0.531682454960151,0.42005821831455
"320","2015-02-25",2015,"Feb",8,56,0.682655577309243,0.170314686863673,1.59947154869873,1.22034623750556,1.25010848552385,0.243917822913682,0.177233723907615
"321","2015-03-04",2015,"Mar",9,63,0.851570519751369,0.216118292237356,1.49080145518567,1.02128150180092,0.809825855467176,0.261337006830382,0.562073665985954
"322","2015-03-11",2015,"Mar",10,70,0.784884352599085,0.606123649510264,1.72102040397814,1.05666986401013,1.03237067393926,1.20496430840005,0.559797521121046
"323","2015-03-18",2015,"Mar",11,77,0.537866425287343,-0.160130502836253,1.67701187260909,1.07763200585485,1.34982401101767,-0.432003020961066,0.0841662432519201
"324","2015-03-25",2015,"Mar",12,84,0.639677687249775,0.39288287589326,1.5297662984529,0.934736474985135,0.775175905591864,0.500275467216547,0.237850796335075
"325","2015-04-01",2015,"Apr",13,91,0.196244053576543,-0.583255908475652,1.53863240680488,0.957526667290803,0.886459662123667,-0.821617043001652,-1.0424223347107
"326","2015-04-08",2015,"Apr",14,98,0.262202008356678,-0.887870724675729,1.93926076470949,1.30941846639522,1.37493783380767,-0.502749677856337,0.506721422168102
"327","2015-04-15",2015,"Apr",15,105,0.919074940495182,1.30586814420178,1.370393408506,1.07150418085709,0.96846195647514,1.46960115443149,1.47613621457619
"328","2015-04-22",2015,"Apr",16,112,0.453121770435889,-0.157713616681036,0.76811534178041,0.720230790020334,0.875069677052659,0.258577305149221,0.654845723250143
"329","2015-04-29",2015,"Apr",17,119,0.689063113257686,-0.0872849489022977,0.344342201840448,0.492463063965862,0.956876971134691,0.060612781864918,0.362686874087729
"330","2015-05-06",2015,"May",18,126,0.869510542186296,0.373855483338363,0.638719892699324,0.309522208018091,0.339784386598172,0.376702476541496,0.366214132430939
"331","2015-05-13",2015,"May",19,133,0.69445304204215,0.669093183023186,0.170425299585927,0.0144528947347592,-0.364625524481795,0.875868737637083,0.697190442243411
"332","2015-05-20",2015,"May",20,140,1.37662594773365,-0.260539027775272,-0.398080451221522,-0.342329969252911,-0.550413683784716,0.771420738334031,1.21183368984963
"333","2015-05-27",2015,"May",21,147,-0.159875941439077,-0.894696361275562,-0.843851595331138,-0.480148287068563,-0.462130870477407,-0.165277868171988,-0.579584364433312
"334","2015-06-03",2015,"Jun",22,154,-0.0875442343719085,-0.243008844088903,-0.851809309239103,-0.38996665668312,-0.364639696044198,-0.102810308351119,-0.440465530396079
"335","2015-06-10",2015,"Jun",23,161,1.06399392239428,0.0632700906796714,-1.14329007912108,-0.585454681432547,-0.444265926000439,0.966112474075047,0.647363015841634
"336","2015-06-17",2015,"Jun",24,168,0.527891279570887,0.160224354474208,-1.41094878817217,-0.530623980040346,-0.882322064748598,1.08666666085499,0.606238469414745
"337","2015-06-24",2015,"Jun",25,175,-2.22715425613838,-1.80514207175859,-1.01990060657184,-0.269573954299936,-0.789652584471105,-1.35274169125479,-1.86145582026886
"338","2015-07-01",2015,"Jul",26,182,0.251212303376295,0.731766915280896,-0.808575349148352,-0.0798286770213097,-0.364595342869905,1.08130395346439,0.500306307039386
"339","2015-07-08",2015,"Jul",27,189,-0.336479094090197,2.5622539431463,-0.968383975931802,-0.265024847017685,-0.235220303881549,2.59382479411898,1.24763326168003
"340","2015-07-15",2015,"Jul",28,196,0.0282226361261362,-0.210778939414022,-0.972090304432783,-0.391759396870031,-0.21739147004251,-0.228601708106347,-0.274451202347255
"341","2015-07-22",2015,"Jul",29,203,-0.107664659117051,1.09415808035824,-0.773286061178933,-0.233142931538991,0.0424000569195472,0.416454857256979,0.0800905001625935
"342","2015-07-29",2015,"Jul",30,210,0.229001677884965,-0.908538002381724,-0.746926395041823,-0.147039503980253,-0.000674099523281755,-0.47690015524651,-0.108074362961756
"343","2015-08-05",2015,"Aug",31,217,0.389457400710919,0.329876773162021,-0.649177858713713,0.243820747131353,-0.110002598590974,0.888949681418808,1.78438060400141
"344","2015-08-12",2015,"Aug",32,224,-0.40499288731963,1.65176786466228,-0.756925084881255,0.129606032140919,-0.204388641423805,1.10703657598604,1.24893436903972
"345","2015-08-19",2015,"Aug",33,231,-0.955824269763667,-0.249555107926531,-0.625838534740131,0.197728237016243,-0.150946180936476,-0.5302883826987,-1.66931306776871
"346","2015-08-26",2015,"Aug",34,238,0.332350111915579,-0.324440054658571,-0.570965739806262,0.402529811179294,-0.0142548488921455,0.231889332951489,0.289234365492877
"347","2015-09-02",2015,"Sep",35,245,0.131912389694247,1.32307341493418,-0.517421589736065,0.497474985239857,0.125805888005502,0.8255840167364,0.0478529988802769
"348","2015-09-09",2015,"Sep",36,252,-0.307005848936151,-1.27403070404702,-0.552477265482794,0.751586691758042,0.0246084376177902,-0.862430668665985,-0.197851513555291
"349","2015-09-16",2015,"Sep",37,259,-0.644900017630283,-0.198849697789313,-0.555066603222711,0.369356289921585,-0.0422672229565002,-0.513812038292103,-0.768927804202749
"350","2015-09-23",2015,"Sep",38,266,-0.435551861899119,-0.550481538770434,-0.386079673010048,0.443585416908995,0.0878531218411733,-0.816719039030357,-0.864188758314691
"351","2015-09-30",2015,"Sep",39,273,0.556745523121614,-0.538143847850528,-0.544613936052871,0.202453799921106,0.0256093989776346,0.357481611645883,1.15082112532058
"352","2015-10-07",2015,"Oct",40,280,1.60511540335211,0.728221578460593,-0.757080942601406,-0.0336868017786933,-0.18775121759002,0.567594474993871,1.47687405995539
"353","2015-10-14",2015,"Oct",41,287,-0.533335890647567,-1.47358720151207,-0.758503357274144,-0.0528538709717669,-0.448329646006546,-0.913517665073703,-0.384066700003738
"354","2015-10-21",2015,"Oct",42,294,-1.58815053166727,-1.3817268027852,-0.260335224516927,0.0941008372594278,0.636229457929962,-1.13754661220615,-2.15923008431644
"355","2015-10-28",2015,"Oct",43,301,1.14143609564869,-0.304612845887873,-0.262521739356778,-0.0571077752724198,0.594085448159582,-0.634960843599241,0.0661658013425497
"356","2015-11-04",2015,"Nov",44,308,1.99560862374307,1.27027858955489,-0.585147581973881,-0.375454808350717,0.397075842503092,2.98515108203758,1.66556617051112
"357","2015-11-11",2015,"Nov",45,315,1.51720731983434,2.5928001137169,-0.661754898649793,-0.517034449975665,0.281755962088161,2.71643865224477,0.968782648279885
"358","2015-11-18",2015,"Nov",46,322,0.895692262860638,1.55861798603371,-0.342600526338747,-0.242798037119413,0.467940541182063,1.47548013189234,-0.488698097851768
"359","2015-11-25",2015,"Nov",47,329,0.608722857099329,-0.786303442201051,-0.0259261789190407,0.0550900914541075,0.661434486112101,-0.408920540141933,-0.290614044867218
"360","2015-12-02",2015,"Dec",48,336,0.877712962254038,0.677594339817127,0.0722748011413144,0.189998656741475,0.702501560398064,0.1069528350754,-0.103891936882951
"361","2015-12-09",2015,"Dec",49,343,1.19445640572749,1.19975686574121,-0.300904572834216,0.000421277576747116,0.654133695672698,1.96045332116246,0.801387331865966
"362","2015-12-16",2015,"Dec",50,350,1.37928474279234,1.0428696994661,-0.405350733086957,0.0380652387240707,0.519957016832239,0.0256307638205083,0.898638879199005
"363","2015-12-23",2015,"Dec",51,357,0.425396530176055,1.98015940060147,-0.40665492498111,0.0131392755836988,0.563225127191398,1.13145251833483,-0.759811288078031
"364","2015-12-30",2015,"Dec",53,365,1.59232544536844,1.71696410894444,-0.779795635091318,-0.313031695796594,0.702438747989066,1.62434618942739,1.50828665880488
"365","2016-01-06",2016,"Jan",1,7,0.498524191109246,-0.666657526177346,-0.426959880165253,-0.268358420825959,0.862293438596885,-1.76775862896126,-0.822557691440058
"366","2016-01-13",2016,"Jan",2,14,1.65811303727774,0.347697112578803,-0.238012487305176,-0.065172395093834,1.03013846696742,-0.0358868228632643,0.613372296400597
"367","2016-01-20",2016,"Jan",3,21,0.862061032991034,-1.23476621153682,-0.516613403311149,-0.271503461911188,0.920775146591604,-0.524543474472836,1.04112340652624
"368","2016-01-27",2016,"Jan",4,28,1.32790542441031,1.25566306785223,-0.389188225690118,-0.155670911844453,0.85729672067064,1.7026044637822,0.687747315476655
"369","2016-02-03",2016,"Feb",5,35,0.719858730168761,0.79408442055215,-0.089855335270965,0.154540652528207,1.44199152387761,0.251551318758221,-0.846004481188734
"370","2016-02-10",2016,"Feb",6,42,1.24742731461866,0.753044622621467,0.0436628464026957,0.167697456314691,1.4365484190656,0.609880644487628,-0.318229684466349
"371","2016-02-17",2016,"Feb",7,49,0.519087156550871,-0.298894676189935,0.00741519157678678,0.154721762934496,1.24806347217501,-0.424093370548237,-0.892026620869396
"372","2016-02-24",2016,"Feb",8,56,0.98629404345865,0.447400129558303,0.177036061585679,0.377795607471002,1.43760389419028,-0.589949142820481,-0.67390714621668
"373","2016-03-02",2016,"Mar",9,63,1.16197038362342,-0.417240259866518,-0.062484683920955,0.253224017333042,0.630511170520444,-0.3214791312071,0.329594666261306
"374","2016-03-09",2016,"Mar",10,70,1.17489815724629,-0.519234077090261,-0.148568401466683,0.264832111952518,0.977908447110168,-0.604731747724535,-0.253166146893532
"375","2016-03-16",2016,"Mar",11,77,0.951170488854577,-0.856147886897024,-0.41602079216948,0.0305474920652167,1.12417380123461,-0.929776204936419,-0.746931810185528
"376","2016-03-23",2016,"Mar",12,84,0.684054956121882,-0.358069360267147,-0.420626169793528,-0.106279900158522,0.66989633271933,-0.595316982765313,-0.886315807405922
"377","2016-03-30",2016,"Mar",13,91,0.525481217255973,-0.36407977543104,-0.0766004488453312,0.140049820475994,0.828310328664414,-0.751870358666463,-1.34439011910158
"378","2016-04-06",2016,"Apr",14,98,1.1475983230891,0.674844677138161,0.264069439210608,0.392441285611349,1.40605016442316,0.519263315791913,0.307799567978343
"379","2016-04-13",2016,"Apr",15,105,1.02911836147106,0.16852225949146,0.0308169227039626,0.218486287829524,0.971760719231058,0.0747529230613969,0.327835190390121
"380","2016-04-20",2016,"Apr",16,112,0.430114910480202,-0.426488556994031,0.294562134981781,0.356350354943592,1.30045826441444,-0.410819252459714,-0.533822530922928
"381","2016-04-27",2016,"Apr",17,119,-0.6592816160328,-2.56093375035156,0.242495784487053,0.257144159336004,1.34405422163876,-1.37970957677297,-0.611523928362271
"382","2016-05-04",2016,"May",18,126,1.06949484263855,-0.455125505487434,0.0699226083399263,0.0525773410011603,1.20682284561879,0.300895868936668,0.746289065589489
"383","2016-05-11",2016,"May",19,133,1.17485748389387,1.21484774599551,-1.05832222134205,-0.818527670769616,0.0251594338031939,1.10692857796706,1.49927312283254
"384","2016-05-18",2016,"May",20,140,-0.58092525111465,-1.05588564416731,-1.75359184765314,-1.23959801077413,-0.558774837949985,-0.188267598403388,-0.821136826393852
"385","2016-05-25",2016,"May",21,147,-0.0971721633213832,-0.133023405266078,-1.56981289929819,-1.19651498995866,-0.536814682472101,-0.185596174350876,-0.844926511597925
"386","2016-06-01",2016,"Jun",22,154,-1.35553775140462,0.119022846713505,-0.203720330892224,-0.235134389098996,0.454792640165484,-1.24362539003708,-1.34047279449814
"387","2016-06-08",2016,"Jun",23,161,0.605428309096636,0.480265309400565,-0.113846936676755,-0.0357846408447343,0.63775595479669,0.472610612986781,0.167916056487514
"388","2016-06-15",2016,"Jun",24,168,-0.958307340682211,-0.847059173848184,0.200278377734041,0.369024528230172,0.959870591812888,-0.976801169467223,-1.27158344066792
"389","2016-06-22",2016,"Jun",25,175,0.896980079643353,0.21715491237584,0.326541923107812,0.418484173084755,0.858448872566815,0.0441976899013155,0.373981682023649
"390","2016-06-29",2016,"Jun",26,182,0.600607272063074,0.45824826505804,-0.358947819572182,0.0485812486266539,0.21901198255096,-0.0040545558271655,0.511621920719842
"391","2016-07-06",2016,"Jul",27,189,0.182655504422758,-0.630950729026382,-0.300264387574784,0.00562623297242147,0.228694012984055,-0.362083560688119,-0.0101066767582398
"392","2016-07-13",2016,"Jul",28,196,0.537670925475316,0.497831618727255,-0.696317939581045,-0.285788939096588,-0.0699790007928229,0.668830600850337,0.295034192680637
"393","2016-07-20",2016,"Jul",29,203,0.430969069719424,0.327533145240929,-0.680618915288459,-0.25311435759397,-0.0623367981179396,0.0848462828455205,0.00707300619082773
"394","2016-07-27",2016,"Jul",30,210,0.238216601739433,0.477831315151747,-0.520563184657173,-0.124224042771014,0.303499605648725,0.021519842356327,-0.297956649400687
"395","2016-08-03",2016,"Aug",31,217,-0.588145251834927,-1.14657047718789,-0.437772975017832,0.25826216649797,0.00938981210878984,-1.26440962216182,-2.06384919937529
"396","2016-08-10",2016,"Aug",32,224,0.500755853256003,-0.71039484775323,-0.302552109984046,0.274669922876134,0.00692473931087449,-0.368183076051268,0.0760309962227972
"397","2016-08-17",2016,"Aug",33,231,0.623874880847726,-0.471546994382047,-0.40360457431274,0.278826783050429,-0.108795373333815,-0.0183302741283706,1.02307036944635
"398","2016-08-24",2016,"Aug",34,238,0.5013397112473,0.800744085536663,-0.583942831177448,0.330435757136143,-0.0973340812254706,0.707772578646373,0.753744391934381
"399","2016-08-31",2016,"Sep",35,245,-0.455426076967052,1.98542976763723,-0.731456994805942,0.238019715520583,-0.0726419517539836,2.47440403700642,1.75569888513492
"400","2016-09-07",2016,"Sep",36,252,-0.661388592303723,1.08374578013015,-0.724569208905744,0.498186804635982,0.0441530582229471,0.782274972923148,0.631547993539606
"401","2016-09-14",2016,"Sep",37,259,0.705807215037966,2.49364002984297,-0.697776351324253,0.16146477333491,-0.108410935539315,2.45741262065958,1.37930122309662
"402","2016-09-21",2016,"Sep",38,266,-0.502116795486019,0.262548904185976,NA,NA,NA,-0.150004926772562,-1.12356870496248
"403","2016-09-28",2016,"Sep",39,273,0.763060191085158,1.98398158158848,NA,NA,NA,1.35082208486928,0.788632794115414
"404","2016-10-05",2016,"Oct",40,280,-0.591234556590616,-0.517215046643735,NA,NA,NA,-0.0872598445803142,-0.78770676010332
"405","2016-10-12",2016,"Oct",41,287,-1.07600278671336,-1.01249969720167,-0.640532008572457,-0.216664975416407,1.07513677675362,-0.8216733734431,-1.24781195167925
"406","2016-10-19",2016,"Oct",42,294,0.115811152314016,0.0959756142935518,-0.59972373563145,-0.249103853037,0.834339895239709,-0.481614040253361,-0.351939169095413
"407","2016-10-26",2016,"Oct",43,301,-0.411493808392018,-0.932135474916385,-0.312719936475434,-0.173507426731674,0.974778928392313,-1.50971736021202,-1.07991043547243
"408","2016-11-02",2016,"Nov",44,308,0.395005530973378,-0.423437007928983,-0.493366471708893,-0.363589244045931,0.801581734010347,-0.538936041404163,-0.529257485792207
"409","2016-11-09",2016,"Nov",45,315,-0.421457194116523,-1.56036691573214,-0.378434277724562,-0.259195598735016,0.787553944070145,-0.856238920493411,-0.986862743032415
"410","2016-11-16",2016,"Nov",46,322,0.883851600638446,-0.897906461160578,NA,NA,NA,0.179272545740174,-0.240024633186731
"411","2016-11-23",2016,"Nov",47,329,1.56645287308251,1.35190041908746,NA,NA,NA,1.48625494101049,0.65911066960809
"412","2016-11-30",2016,"Dec",48,336,1.37637108888393,-0.399869404991091,NA,NA,NA,0.767884337790743,1.35391012003392
"413","2016-12-07",2016,"Dec",49,343,1.63952656185818,-0.496507286212227,NA,NA,NA,0.740098646581594,2.67526860409891
"414","2016-12-14",2016,"Dec",50,350,1.05026507236308,1.06007371586816,-0.268678247250133,NA,NA,0.953623263662471,-0.180346683058171
"415","2016-12-21",2016,"Dec",51,357,1.417393336574,-0.355107039728314,-0.48053547834953,NA,NA,0.44129845418831,1.33896773928283
"416","2016-12-28",2016,"Dec",53,366,1.07521291711281,0.686356455818522,-0.229082105633596,NA,NA,1.29247683445021,0.546741759980195
"417","2017-01-04",2017,"Jan",1,7,1.51231385433513,-1.17785165478719,-0.839936727796217,-0.292034322718907,0.614681262856412,0.154976777921521,1.67583468901239
"418","2017-01-11",2017,"Jan",2,14,1.13977076622623,-0.453659157534525,-0.812607501187967,-0.289970117262023,0.519782434698494,-0.539138102030651,-0.502234586030944
"419","2017-01-18",2017,"Jan",3,21,1.23874324190595,-1.2239360147135,-0.453879680594444,0.0910347179453528,0.824247346899193,0.784684416719731,1.89298927651022
"420","2017-01-25",2017,"Jan",4,28,1.81988106687936,-0.134406880572854,-0.650923357594584,-0.0775903755587445,0.644501248544852,1.49116607947648,2.57930173681288
"421","2017-02-01",2017,"Feb",5,35,1.24111674031709,0.376237057677826,-0.163535790113169,0.298657188077378,0.951427154363242,0.106654204871374,0.129548164392646
"422","2017-02-08",2017,"Feb",6,42,0.173008440474315,-0.706770018535754,-0.0831537927331121,0.293287622558726,1.12182871767197,-1.04891407735393,-1.61370557730278
"423","2017-02-15",2017,"Feb",7,49,1.14031580977854,0.400712777225406,-0.270286405911587,0.140087098467417,0.983476615266349,0.138076019717885,0.875929921924308
"424","2017-02-22",2017,"Feb",8,56,0.765690092017541,0.975769536478021,-0.0115192510447015,0.71537313509475,1.35737939911768,0.178713033516525,-0.731335989614378
"425","2017-03-01",2017,"Mar",9,63,1.23389049976089,0.989304779172207,-0.057863765072552,0.620594861709924,0.742505782660569,1.6153204276271,0.0701808237839408
"426","2017-03-08",2017,"Mar",10,70,1.03545911987374,0.306917980043023,0.124901001212414,0.866831994826375,1.19738395960141,0.468094688622491,-0.388814553793188
"427","2017-03-15",2017,"Mar",11,77,1.61145917365754,0.802125156753331,-0.556676232588453,0.644023788835116,1.06354042576686,1.5541463329718,1.22002332588652
"428","2017-03-22",2017,"Mar",12,84,0.8484195486859,0.400977412490777,-0.277926244251271,1.00968248962666,0.893623189053927,0.2794449871069,-0.916738235402716
"429","2017-03-29",2017,"Apr",13,91,1.95063183868301,2.00342834317864,-0.79292821172339,0.132785764082243,0.546306755100136,2.92382078123005,1.30146372467447
"430","2017-04-05",2017,"Apr",14,98,0.76339919838738,0.0672362544591952,-1.46416506051902,-1.05782391405167,0.829243929723634,-0.452276915690123,-0.846030507601321
"431","2017-04-12",2017,"Apr",15,105,0.839819857303095,0.269329013997538,-1.83933000759988,-1.77823314108824,0.663643170162763,0.341161564636185,-0.331792965221233
"432","2017-04-19",2017,"Apr",16,112,-0.14581990795228,-1.74645501422697,-0.612824911447841,-0.340949909527511,0.684654463957329,-1.00384007210728,-0.776670839379103
"433","2017-04-26",2017,"Apr",17,119,0.139177007260038,-1.7746873294514,-0.640781662513568,-0.409913013115917,0.740074292319244,-0.468837499461688,-0.264905065267841
"434","2017-05-03",2017,"May",18,126,-0.52748728289148,-1.08479719191505,-0.282584464097865,-0.0597119154611755,1.11018378469538,-0.992888341707514,-1.35151965873628
"435","2017-05-10",2017,"May",19,133,0.283091378767549,-0.169015843026602,-0.537095076296238,-0.653360580094622,0.996603955677868,-0.0593919238654122,-0.285392158893969
"436","2017-05-17",2017,"May",20,140,0.713434889642989,1.85888214701854,-0.832888565143698,-0.915511290320264,0.579470884335066,1.822636275378,0.769253415661284
"437","2017-05-24",2017,"May",21,147,1.99901683826843,0.619947084978334,-1.09101210795944,-0.925547909568162,0.0311822634490791,0.879284098600454,1.15535544452775
"438","2017-05-31",2017,"Jun",22,154,0.159706559306496,1.99087279960672,-1.34519294824574,-0.896697375489515,-0.387193804729246,2.17403674938123,0.814457560837787
"439","2017-06-07",2017,"Jun",23,161,1.20370201364593,-0.164464483570527,-0.0262317315726258,0.0517844531863479,0.511098523560051,0.0584843695646555,0.255204327696283
"440","2017-06-14",2017,"Jun",24,168,0.931383637313759,0.72230394165265,-0.416667463188773,-0.441166468815073,-0.211248262537149,1.44931015767329,0.783614957953875
"441","2017-06-21",2017,"Jun",25,175,1.06605695039613,1.49015813204752,-0.872736016325352,-0.861447837046048,-0.608827340398064,1.30440955116006,1.39028787768685
"442","2017-06-28",2017,"Jul",26,182,-2.4912525839361,-0.588937424366602,-0.449191383350943,-0.377045486331655,-0.221017984020764,-0.71900809228115,-2.23825481399801
"443","2017-07-05",2017,"Jul",27,189,1.28727054186793,0.572872664466138,0.00503275980004538,-0.296419259088779,-0.0511812990969744,0.330268342289393,0.527698617244193
"444","2017-07-12",2017,"Jul",28,196,0.205733662855092,-0.247314556988432,0.416608924661759,0.376742306391441,0.501554528974889,-0.194513778867891,-0.372626331824033
"445","2017-07-19",2017,"Jul",29,203,0.694788248675932,0.476835478719865,0.178955920260079,-0.258632272159286,0.018494581404415,-0.0558937992257539,0.183925164654924
"446","2017-07-26",2017,"Jul",30,210,-0.752966229953832,-1.26634849047015,1.27728804119891,1.42240283895224,1.06194637873636,-1.15482247460798,-1.9342038701048
"447","2017-08-02",2017,"Aug",31,217,0.352054563661588,0.582222327673058,1.09037752781745,1.07355050856548,0.990719997408915,0.0246766110361287,0.0132954738850077
"448","2017-08-09",2017,"Aug",32,224,0.311140680582836,-0.659784452952899,0.94914198883966,0.818945820534817,0.989809066818234,-0.441925457256632,-0.428330021933313
"449","2017-08-16",2017,"Aug",33,231,0.502286143929136,0.177352366026411,1.71844571112531,1.86693982115015,1.66532461373496,-0.372581282812882,0.427443758672624
"450","2017-08-23",2017,"Aug",34,238,0.649431391576996,-0.425887085937532,1.27026917754259,0.865414984749059,1.23755323435913,-0.330006885447593,0.832902596747986
"451","2017-08-30",2017,"Sep",35,245,0.396480664221241,0.396646042666613,1.21973729586898,0.977802677125353,1.11047161899031,0.375679977507048,0.455107163191489
"452","2017-09-06",2017,"Sep",36,252,-0.236714332700726,-0.522955355538017,0.662831879424689,0.430566770804663,0.78878822739697,-0.148135186859211,-0.517024814915336
"453","2017-09-13",2017,"Sep",37,259,-0.288467056962716,-1.05546115879705,0.666334831390827,0.587349294393898,0.928681591853149,-0.715879858187475,-0.249241734784245
"454","2017-09-20",2017,"Sep",38,266,0.0713256467001171,-0.625283246103049,0.906338060819206,0.854704830035349,0.988164987646231,-0.491893783025024,-0.0212186597895689
"455","2017-09-27",2017,"Sep",39,273,-0.911308608381117,0.266630199357459,0.445378480549158,0.196494468626647,0.640943532713474,-0.860157549796407,-1.13614883308405
"456","2017-10-04",2017,"Oct",40,280,-0.527687824586486,-1.03014058070695,1.50719206107921,1.72013544910178,1.02510750645265,-0.547517923895552,-0.73112772369497
"457","2017-10-11",2017,"Oct",41,287,-0.196479240926494,0.426875444791511,1.52939278211101,1.90771691241452,1.3907955955047,-0.121704522637451,-0.589232387447764
"458","2017-10-18",2017,"Oct",42,294,1.76709544261078,1.9320169079683,0.933776105954318,1.14978090661171,1.12887990544542,2.2876259210613,1.28715709642444
"459","2017-10-25",2017,"Oct",43,301,0.27416318482395,0.168467685322727,1.25957632612387,1.33460850168621,0.875406126880989,-0.198466704481824,-0.76646286207784
"460","2017-11-01",2017,"Nov",44,308,1.19708021536105,-0.216263350730052,1.17826345699399,1.39013610025986,0.993580034316286,0.0753904480771979,0.548938936724201
"461","2017-11-08",2017,"Nov",45,315,-0.690858861503501,-0.57007658634844,1.00763727819191,1.23855671798151,0.817614544346033,-0.860821386201336,-1.49444278936814
"462","2017-11-15",2017,"Nov",46,322,0.316424657978041,-0.969201282153112,0.832487745914366,1.03290577770813,0.684846405312189,-1.01034153834398,-0.775119683829215
"463","2017-11-22",2017,"Nov",47,329,0.582481247861592,0.647783433705861,0.862701952228921,1.17308835820526,0.496522357567388,0.410449944202793,-0.985666099919592
"464","2017-11-29",2017,"Dec",48,336,0.368099423873848,-0.76107095856183,0.835532203251944,1.2486955321335,0.414345229460922,-0.653786121306792,-1.14230047415759
"465","2017-12-06",2017,"Dec",49,343,0.773827286563777,-0.416927603221143,0.902231244397987,1.25747796066056,0.306851012173557,-0.356597158188845,-0.363633878231443
"466","2017-12-13",2017,"Dec",50,350,1.13674442391649,0.265320028657789,1.12743506462484,1.47176871201979,0.247566697023528,-0.272462115559467,-0.708670801102811
"467","2017-12-20",2017,"Dec",51,357,0.707134421194578,0.186723285090509,1.01531444496323,1.44748385589318,0.100680951401903,-0.800478944572046,-0.133631707128492
"468","2017-12-27",2017,"Dec",53,365,0.66125445836732,0.956753875801612,0.886158323022156,1.5811632524745,-0.129476249233509,0.487783681753886,-0.563535110822252
"469","2018-01-03",2018,"Jan",1,7,0.583487565594301,1.11369528029632,1.01299107195701,1.610982058321,-0.660885691327035,0.447415071829441,-0.616188138136062
"470","2018-01-10",2018,"Jan",2,14,0.995027822267633,0.184636666719064,0.748221867891916,1.48784451462976,-0.959000196983873,-0.57813573002765,-0.228261634754829
"471","2018-01-17",2018,"Jan",3,21,0.651009722952991,0.114676312649246,1.04963701043819,1.9957703675682,-0.889991771117263,-0.712041169983156,-0.614134870254177
"472","2018-01-24",2018,"Jan",4,28,0.691025901002073,1.46714006183887,1.22312025126552,2.04942663193891,-0.354329130537906,-0.207554775139919,-0.706040038242421
"473","2018-01-31",2018,"Feb",5,35,1.1135662704628,0.281905341156158,0.898859005583301,1.51558682584602,-1.0815267109714,-0.0534815514383691,-0.147109966953716
"474","2018-02-07",2018,"Feb",6,42,0.901547669232718,-0.850211670701657,0.610264782318788,1.16591152376733,0.00019930171695254,-0.932993027060134,-0.257722492308644
"475","2018-02-14",2018,"Feb",7,49,0.971859993481458,-0.292696603512942,0.541213694943955,1.23339891251482,0.199651387705605,0.106541529080846,0.878728398402813
"476","2018-02-21",2018,"Feb",8,56,0.956936037505015,-1.32392745754624,0.584317376917532,1.46794566945753,0.39468545824677,0.0156790462527439,1.87876932636383
"477","2018-02-28",2018,"Mar",9,63,0.350814788055404,-2.23500341266926,-0.860097245485517,-0.549682387512836,0.0829872250800041,-0.611926077518356,0.901871015790627
"478","2018-03-07",2018,"Mar",10,70,1.48782914430047,0.953116123741336,0.067736235448573,0.73813909547184,0.557576242072829,0.357826835084567,0.509222222633797
"479","2018-03-14",2018,"Mar",11,77,0.755963877160891,-1.01348811959673,0.692184125321557,1.54821062352038,0.843325248368358,-1.35759217010833,-1.08635369813838
"480","2018-03-21",2018,"Mar",12,84,1.00094398944159,-1.12557860310429,0.541847549543861,1.60897074860097,0.491914848314349,-0.55533294377286,0.232716109504814
"481","2018-03-28",2018,"Apr",13,91,0.607587360480188,-0.66240284540843,0.732686212824774,1.76183703197268,0.752079863493472,-0.852007834998643,-1.14472101125761
"482","2018-04-04",2018,"Apr",14,98,1.55767493506942,1.01480381718187,0.837683272762404,2.06654407539498,1.02794717484858,1.76664809477625,1.16182340800582
"483","2018-04-11",2018,"Apr",15,105,1.32890400532319,1.48840424590953,0.53642558274565,1.46765582302736,0.852451825207217,0.933431339530114,0.202094103525518
"484","2018-04-18",2018,"Apr",16,112,1.54459976524445,2.33452804650816,0.227237433446581,0.848653576933047,1.0933212245426,2.21614568455263,0.857150657678564
"485","2018-04-25",2018,"Apr",17,119,1.73785775185495,0.563279824321433,-0.498700706236612,-0.464218452079784,0.191435008548138,0.674917119655072,0.439737776646186
"486","2018-05-02",2018,"May",18,126,1.53105905403516,0.0272758608914113,-1.33567967993027,-1.10899046210854,-0.426103026048616,0.759989006950547,0.974931626659677
"487","2018-05-09",2018,"May",19,133,1.16762344672441,1.28488690404098,-2.00855574293886,-1.60727075444899,-1.11033826417427,0.883159526661517,0.98551462313546
"488","2018-05-16",2018,"May",20,140,1.54067822633864,0.393324951682368,-1.51660730359262,-1.12004889858849,-1.66332510894911,0.314570568336805,0.696120890581147
"489","2018-05-23",2018,"May",21,147,1.28471324646801,0.999954756719734,-1.64338776291527,-0.90608237614813,-1.87120589138475,1.02269155984641,0.51854408898517
"490","2018-05-30",2018,"Jun",22,154,0.70525656862278,1.53995664660056,-1.53887684663703,-0.72959954766163,-1.89798295982179,0.468804549431314,0.31667937176476
"491","2018-06-06",2018,"Jun",23,161,0.806852144225398,1.27617044261624,-1.89626887770819,-1.10959286330753,-2.102814208301,1.19661152315985,1.00438634704415
"492","2018-06-13",2018,"Jun",24,168,-0.335945324074205,-0.248071487922121,-2.00446019074356,-0.915490090070135,-2.64666491005747,0.486939530860441,-0.778423383812671
"493","2018-06-20",2018,"Jun",25,175,-0.472380646224521,-0.483483412836073,-1.94788813833085,-0.953523176845008,-2.96378083458914,-0.0967793789577324,-0.75060641537798
"494","2018-06-27",2018,"Jul",26,182,0.425932199777087,0.273910485664163,-1.87978601286079,-0.903502025073639,-2.73512718012987,0.829771237995211,1.24913052360353
"495","2018-07-04",2018,"Jul",27,189,-1.59351718082184,0.917774974275625,-1.61168291942095,-1.06443985212047,-2.19916384803902,1.75689967490347,1.90135193696752
"496","2018-07-11",2018,"Jul",28,196,-1.97850683291406,0.362063459592617,-1.36870854162534,-0.90607880286996,-2.09948713901369,0.486182187478699,0.980367659286429
"497","2018-07-18",2018,"Jul",29,203,-2.68430157161868,0.777374113728021,-1.26129804554013,-0.884302279562474,-1.95088697157894,1.16787785163774,0.940503208587187
"498","2018-07-25",2018,"Jul",30,210,-2.8138912192694,1.71709642983971,-1.2623053782612,-0.877040909724705,-1.74103377633712,2.15550169293661,1.47336343245455
"499","2018-08-01",2018,"Aug",31,217,-2.73761792108793,2.31854034787729,-1.28112594423738,-0.758340266245212,-1.78487512509539,2.42335587794736,1.28750703160396
"500","2018-08-08",2018,"Aug",32,224,-2.26074825492578,1.27408348985981,-1.3279728714054,-0.758450990792302,-1.87224866172641,1.51535192941188,1.36151832336629
"501","2018-08-15",2018,"Aug",33,231,-2.04799958431946,1.40213518785002,-1.24685686732176,-0.745020470751982,-1.94484781196654,1.73262060162925,0.316710092565845
"502","2018-08-22",2018,"Aug",34,238,-2.28672363983073,0.169138770602626,-1.36410113811065,-0.846728558152961,-1.95215911504144,0.860211941661499,-0.553934493374294
"503","2018-08-29",2018,"Sep",35,245,-2.00920826435458,-0.202960760832962,-1.37298184966894,-0.922529773219256,-1.88040245228038,0.202800329046915,-0.252800335897873
"504","2018-09-05",2018,"Sep",36,252,-1.78196079900579,0.816509232907843,-1.27348283410612,-0.658942133779208,-1.74599344047729,0.646648192520744,0.216042449664423
"505","2018-09-12",2018,"Sep",37,259,-1.87836931591002,0.77961209064926,-1.16992573512683,-0.766780455131728,-1.81681238319589,0.947129879361918,0.429752939780506
"506","2018-09-19",2018,"Sep",38,266,-1.82267566267236,1.6670685048959,-1.09277222547648,-0.725690401076727,-1.64282900288543,2.03261636827339,0.346357579055732
"507","2018-09-26",2018,"Sep",39,273,0.468894777585696,-0.158796294306408,-1.09873062627106,-0.814897332076474,-1.25750030168269,1.69658084830931,1.50312824623656
"508","2018-10-03",2018,"Oct",40,280,-0.0649925178246677,0.270724781818483,-1.30762344201026,-0.947754683708776,-1.4696540255209,1.25225842888102,0.0530093583894794
"509","2018-10-10",2018,"Oct",41,287,1.55965262733676,2.2681690478803,-1.43421243535713,-1.07388331176693,-1.88243988532498,3.53013596771876,2.03481843562271
"510","2018-10-17",2018,"Oct",42,294,1.05727788318665,1.37372097868614,-1.47989917661806,-1.13206013312115,-2.01015203970339,2.37045237947198,1.05174878793302
"511","2018-10-24",2018,"Oct",43,301,-1.50869998826632,-0.598052831741879,-1.53525636599429,-1.27089461641222,-1.74725366682334,-0.416853135200831,-1.64717243070935
"512","2018-10-31",2018,"Nov",44,308,0.334279489110663,-0.710642132703392,-1.6908003075202,-1.42633250474447,-1.92561767302875,-0.0679318684136265,-0.245358410266156
"513","2018-11-07",2018,"Nov",45,315,1.33540339256212,1.78721093112025,-2.0733338436974,-1.82376660122532,-2.00995758406777,1.42409082540495,1.28752035451186
"514","2018-11-14",2018,"Nov",46,322,1.57591785628308,0.207524381262021,-2.38984591095869,-2.08980128601529,-2.13717309834145,0.378828192934882,1.51274640463367
"515","2018-11-21",2018,"Nov",47,329,0.196585080579546,-1.43590451891003,-2.62276184256085,-2.08982793459987,-2.67793517965584,-1.09924856658128,-1.29558629118626
"516","2018-11-28",2018,"Dec",48,336,0.533191489970788,0.102662213152851,-2.59873364525291,-1.89390462299939,-2.12550188856383,0.415674274521609,-0.502186710298235
"517","2018-12-05",2018,"Dec",49,343,0.575032712633499,1.23822943975687,-2.60754388634443,-1.75026969549677,-1.50550110722971,0.270406663283439,-0.194203042406712
"518","2018-12-12",2018,"Dec",50,350,0.562668531519274,-0.740418684767873,-2.79868991413422,-1.47212939888231,-0.837696715321192,-0.0751075127210139,-0.599372730527779
"519","2018-12-19",2018,"Dec",51,357,0.233379902413503,0.748587285327624,-2.92972240763509,-1.27445760179164,-0.665678155221111,0.355825027693323,-0.674538414234367
"520","2018-12-26",2018,"Dec",53,365,0.651704831504514,0.223664656381721,-2.80010264875373,-1.41558757290631,-1.03391478990953,-0.322525601244022,0.391613194218799
"521","2019-01-02",2019,"Jan",1,7,1.13298757445156,0.336950638147051,-1.97488914446576,-1.25999037524175,-2.03059109302923,0.407582847999271,0.335950775711021
"522","2019-01-09",2019,"Jan",2,14,0.527280634541664,0.0569775018683462,-1.57557978951727,-0.436946582432344,-1.38094950073425,-0.437435593000963,-1.23634284523159
"523","2019-01-16",2019,"Jan",3,21,1.29231500327416,-0.367484049925103,-2.00067652545629,0.29708508681136,-1.70644957928575,0.740958663999329,1.49484582497276
"524","2019-01-23",2019,"Jan",4,28,0.783206603393535,-0.556632892663216,-2.25397483889891,0.174993709383269,-1.92092502701239,-0.683187493561026,-0.545455335402687
"525","2019-01-30",2019,"Feb",5,35,1.42101892460006,-0.263338463618561,-1.39648936026261,0.552822275655544,-2.14998228843674,-0.149265348760187,0.381151674545413
"526","2019-02-06",2019,"Feb",6,42,1.01164144268733,0.287508636819452,-0.852991186955742,0.60609348963849,-2.19425027747197,0.208071389458947,-0.254095278614905
"527","2019-02-13",2019,"Feb",7,49,1.74836931600674,2.10092158843245,-0.966181477924592,0.528526406538005,-2.43724870046984,3.70295793107619,2.7110217892248
"528","2019-02-20",2019,"Feb",8,56,1.59839076802888,1.53068829080843,-1.73836114587555,0.421475996852094,-2.52565691768645,3.37196826749621,1.60172843100745
"529","2019-02-27",2019,"Mar",9,63,1.28372463786934,1.67087986052814,-1.58277945814698,0.490146362833845,-1.88404412382082,3.09086780470487,0.265230619922304
"530","2019-03-06",2019,"Mar",10,70,0.67420808356192,0.67629706551481,-1.56587467058321,0.800774540479738,-1.42731776879168,0.635774214630627,-1.0492796912132
"531","2019-03-13",2019,"Mar",11,77,0.476557161331397,0.103395010059807,-1.54577816417967,1.07006331654453,-1.77470286886002,-0.226812291583947,-1.48155316683277
"532","2019-03-20",2019,"Mar",12,84,1.47682379395077,0.799449373177547,-2.03597892881985,0.631629100796006,-2.02703092032749,1.27291366206595,1.11336627954104
"533","2019-03-27",2019,"Apr",13,91,1.13711274060713,0.342560312773902,-1.921136842383,0.301281478875736,-1.99966661933227,0.451232909675181,0.326316195845387
"534","2019-04-03",2019,"Apr",14,98,0.712097104790559,0.562096131700273,-1.8793067143962,0.53659338784324,-1.99571160386046,0.0936720855194888,-0.603705268007911
"535","2019-04-10",2019,"Apr",15,105,0.0140662881044776,-1.40247332686104,-1.89517470203306,0.35660390130517,-1.72131132809936,-0.852462015092246,-0.450391374360192
"536","2019-04-17",2019,"Apr",16,112,1.14417540351991,1.11520758557605,-2.05082629525661,0.100503565657085,-1.91063313019695,1.53817461799789,1.95816296936491
"537","2019-04-24",2019,"Apr",17,119,-0.103944609747641,0.377214763501318,-1.81072489944164,-0.134337280890303,-1.95921578415652,-0.197495245176532,0.224706677013894
"538","2019-05-01",2019,"May",18,126,-0.833243214517356,-1.50214983035717,-1.16428219957449,0.708279244735956,-1.24802163056425,-0.573674357673191,0.182447442543049
"539","2019-05-08",2019,"May",19,133,-1.55725824116163,-1.33922065216839,-0.705022489582365,0.959808729699352,-0.273778455384588,-0.729281859517282,-0.444200934289557
"540","2019-05-15",2019,"May",20,140,-1.93060023921503,-0.726698951061047,-0.74359072207947,0.860760285465343,-0.278864299383119,-0.367243834907998,-0.499155250591586
"541","2019-05-22",2019,"May",21,147,-1.07027995910874,-0.0924118983624182,-0.393544315493663,0.971229624309261,0.0955552506534797,-0.0397237124730848,-0.137854701647893
"542","2019-05-29",2019,"Jun",22,154,-1.46249258527868,0.983515561297757,-0.416781008178297,0.881550981628362,-0.408100892064716,1.32003992861228,0.812468378933009
"543","2019-06-05",2019,"Jun",23,161,-0.587833783062423,0.790777126509615,-1.38781634271559,-0.0995658440737406,-1.070466470455,0.984520710592507,0.342840419999199
"544","2019-06-12",2019,"Jun",24,168,-1.20431786856208,0.962206583512603,-0.397844500684255,1.16428324466468,-0.283257832729054,0.667655592469479,-0.335331804944293
"545","2019-06-19",2019,"Jun",25,175,-0.506705287561347,1.41407871794622,-0.318676988125778,1.12536255210092,-0.699779693250066,1.50043555811559,1.68387684798686
"546","2019-06-26",2019,"Jul",26,182,-1.32943963144487,2.30162605899694,-1.05398935240699,-0.0230378753048508,-1.68528923937796,2.97218711659773,1.95619353569628
"547","2019-07-03",2019,"Jul",27,189,-0.467326466687895,-0.611418968388009,-1.36288863716265,-0.763058378728264,-2.04036626692663,0.414230633933503,0.393787792322765
"548","2019-07-10",2019,"Jul",28,196,-0.975690002279926,-0.974869509427565,-1.06119163398163,-0.756967445031874,-1.29534912850038,-0.893134340670593,-1.13870661462429
"549","2019-07-17",2019,"Jul",29,203,-0.380974319087831,-0.0646755753488845,-0.864149552242274,-0.614193547192667,-0.877758261116698,-0.0281559935105498,-0.505003765067608
"550","2019-07-24",2019,"Jul",30,210,-0.328930875472437,1.60784131897301,-0.99512837031036,-0.618755699187664,-1.33427978374322,2.01036375438625,1.26070414913091
"551","2019-07-31",2019,"Aug",31,217,-0.285934997410517,0.240075870065641,-1.02675647982777,-0.449030130776656,-1.60400834710008,0.130447178514859,0.0239074982299881
"552","2019-08-07",2019,"Aug",32,224,0.132340116857238,0.250169788253061,-0.845535523751026,-0.358420962721327,-1.5385126148247,-0.033956123729274,0.0203679144459603
"553","2019-08-14",2019,"Aug",33,231,-0.0687684107246621,-0.48626794175974,-0.966611772452294,-0.324366119007449,-1.66998825391338,-0.0894540203855402,0.0603557487507436
"554","2019-08-21",2019,"Aug",34,238,0.113937101203784,1.08850249156841,-1.10970564587419,-0.318071643275118,-1.78056837206496,1.86069250762495,1.88015191654621
"555","2019-08-28",2019,"Sep",35,245,-0.330531216568197,2.00329595872987,-1.17106698560189,-0.34485450395685,-1.73525343946855,1.95224564767,0.832252661036486
"556","2019-09-04",2019,"Sep",36,252,-0.342699616657062,-0.316198658476547,-1.34879477248244,-0.349600575302063,-1.94327624583039,0.490858027644197,0.374395537689322
"557","2019-09-11",2019,"Sep",37,259,-0.0759751419577788,0.376371667740024,-1.27513680455124,-0.531514540870169,-2.03588552380569,0.438233512844225,0.711432045480827
"558","2019-09-18",2019,"Sep",38,266,-0.169178161573822,0.0355364083896759,-1.22098992180629,-0.555233209952398,-1.89105200208565,0.507061552418957,0.479655044792992
"559","2019-09-25",2019,"Sep",39,273,-1.31281132588457,0.368432508924392,-1.16939611200592,-0.666284725824001,-2.02653473350394,-0.317689922070792,-0.937405249429101
"560","2019-10-02",2019,"Oct",40,280,-1.58311952839828,-1.35535692133831,-0.90752518125348,-0.500951495747935,-1.46850231060651,-0.786812439351803,-0.902751123601077
"561","2019-10-09",2019,"Oct",41,287,-0.578976547688689,1.06088545751713,-0.744686401221902,-0.429907467890024,-1.18325668416311,1.2188618920746,-0.245557544508594
"562","2019-10-16",2019,"Oct",42,294,-0.160224927043833,1.29848961232896,-0.565840963667409,-0.460958732200234,-1.00348504762564,1.00668896194569,-0.19316266529119
"563","2019-10-23",2019,"Oct",43,301,0.751535918467043,0.698041510208842,-0.895724621665229,-0.837492378873368,-1.08944247320577,0.27200158760576,0.454823739222683
"564","2019-10-30",2019,"Nov",44,308,0.301445181623798,-0.602230712086966,-1.02874047498912,-1.15518466274815,-1.36966106746737,-0.618727186282724,0.377253382655045
"565","2019-11-06",2019,"Nov",45,315,0.113340325465989,-0.398941060511846,-0.632513259501481,-0.88444951398384,-1.14918066403164,-0.473816933668788,0.0219504457953503
"566","2019-11-13",2019,"Nov",46,322,0.49734207879961,-0.703522318251842,-0.821723697415027,-0.276200395574837,-0.823914893257543,-0.279626622036219,0.104429151743491
"567","2019-11-20",2019,"Nov",47,329,0.420158632812757,-0.648608621326906,-0.554893673977975,0.319570672417033,-0.288465347578955,-0.848316576629096,0.080688535314936
"568","2019-11-27",2019,"Dec",48,336,0.84111028068508,0.572575777980617,-0.44067171666947,0.454150368815075,-0.256544654275631,0.706919287452906,0.682439096561425
"569","2019-12-04",2019,"Dec",49,343,0.698557781210773,0.439087168627263,-0.581198743112452,0.513639727576525,-0.355280779024955,0.323830374634003,0.685734696371859
"570","2019-12-11",2019,"Dec",50,350,0.773886190024479,0.617036604188067,-0.374213853059067,0.782820581379686,0.00824674218662537,1.1818002108672,0.143363365086419
"571","2019-12-18",2019,"Dec",51,357,1.16936223087739,1.73952502345073,-0.743888487550756,0.650714918494773,-0.151288454933469,3.61797767294966,1.16434747895759
"572","2019-12-25",2019,"Dec",53,365,1.02523180173047,0.134904975106667,-0.707198286817753,0.922843141408629,-0.372066074456464,1.81642678388043,1.82440906722045
"573","2020-01-01",2020,"Jan",1,7,1.24927035557136,0.490421557287374,-0.259864741252289,-0.569547210234812,-1.51349634914689,1.21365932941139,1.0729782985934
"574","2020-01-08",2020,"Jan",2,14,0.823979626217211,0.925631964768521,0.0380396868278626,-0.454801691023402,-0.875358726046265,0.654130792416868,-0.155261946830074
"575","2020-01-15",2020,"Jan",3,21,1.24332095182931,1.39350595354724,-0.103149858412007,-0.83368525788801,-1.68961309338353,2.5814872557898,2.0055059161126
"576","2020-01-22",2020,"Jan",4,28,0.522647975595719,0.396469532042487,0.0551907664847709,-0.721951921744875,-1.81127976055827,-0.216592729606321,-0.459264734274353
"577","2020-01-29",2020,"Feb",5,35,0.582386202274119,1.23617924870421,0.653257720143215,-0.0832070654518054,-0.9526848360889,0.83473560124466,-0.564861983123043
"578","2020-02-05",2020,"Feb",6,42,1.35497524329225,0.655059832057435,0.484930133866216,-0.139801914068541,-1.16839058129528,1.27853362612754,0.92015701017438
"579","2020-02-12",2020,"Feb",7,49,0.549031427489453,1.46995778991479,0.426263042352313,-0.269315043446969,-1.4369330121417,1.27745798235278,-0.361386601865917
"580","2020-02-19",2020,"Feb",8,56,0.57843430329792,1.10559958466098,0.83182406508803,-0.15408326230945,-0.548033162699299,0.884012239288101,-0.4392920005596
"581","2020-02-26",2020,"Mar",9,63,0.610868239000965,0.196556157512233,0.907738053032141,-0.00422321259959836,-0.413179970207372,-0.245644381640271,-0.210332613032656
"582","2020-03-04",2020,"Mar",10,70,0.32819252979271,0.267224796266219,1.03857955318175,-0.0643210805375979,-0.656969176694812,-0.605887863783433,-1.25775167509522
"583","2020-03-11",2020,"Mar",11,77,1.14745078472498,0.962643197108537,0.809553369079524,-0.51110462415672,-1.22350578313855,1.47227769787308,1.10706431093894
"584","2020-03-18",2020,"Mar",12,84,0.904519102979726,-0.11203224105085,0.0463188491480026,-0.979610164704963,-1.93844701069269,0.420514957880068,0.943322549690132
"585","2020-03-25",2020,"Mar",13,91,0.807938517316943,-0.711271005442821,-0.302441641753006,-0.99856822408758,-1.85085554261632,0.268875326840161,1.23688033046829
"586","2020-04-01",2020,"Apr",14,98,0.952841221559922,0.374296122885784,-0.645039705071203,-1.11134361935337,-2.09475147331256,1.54678615478771,1.40998037981395
"587","2020-04-08",2020,"Apr",15,105,1.15971299059419,1.10645865383656,-1.66312211434117,-1.2521341044492,-1.95575505254499,2.11404721988546,1.56164627401482
"588","2020-04-15",2020,"Apr",16,112,1.23044962187275,0.741043561780228,-2.46599368897145,-1.36637783898954,-2.29547879742791,0.778321886313133,1.63060597606731
"589","2020-04-22",2020,"Apr",17,119,1.4903465952549,0.67836614697596,-2.58342633574048,-1.40673615068135,-2.6479960984276,1.66041901942099,2.02084281592322
"590","2020-04-29",2020,"May",18,126,-0.28564959652116,-1.11014017631923,-1.90876785752159,-0.602582531820912,-3.20231292869105,-0.982783634422457,-0.559712747272588
"591","2020-05-06",2020,"May",19,133,0.335186969995022,-0.0496344916165003,-1.74496077061312,-0.772983708019634,-3.41967231489513,0.667747572301046,0.386925954369118
"592","2020-05-13",2020,"May",20,140,0.820769536726344,-0.332971373775527,-1.45923106544588,-0.507024020237172,-3.08484882464097,1.0467455975231,1.39762109235308
"593","2020-05-20",2020,"May",21,147,-0.121420375832836,-0.253200313450377,-1.31344610700428,-1.02521949153403,-2.97393958688437,-0.291923591033102,-0.528087512619924
"594","2020-05-27",2020,"Jun",22,154,1.32522156220633,0.00805932175232593,-1.15109541606988,-1.04634774351787,-2.81254478425323,0.909902527838157,1.99976072144001
"595","2020-06-03",2020,"Jun",23,161,-0.88149569316656,-0.819959204368795,-0.977751723042752,-0.87015533662258,-2.62674263361482,-0.329915994085432,-1.16412656581636
"596","2020-06-10",2020,"Jun",24,168,-1.30989287709633,0.183753267425871,0.638482664997148,0.592698653294062,-1.17247728237903,-1.51471224663469,-1.58251417788488
"597","2020-06-17",2020,"Jun",25,175,0.016735899781027,0.0779118916834661,1.24088421263881,0.933115944028829,0.780671091906472,-0.0051855148829724,-0.189010747540938
"598","2020-06-24",2020,"Jun",26,182,0.269699875233786,0.567701694668242,0.310696555503426,-0.255410505896236,-0.580450069457905,0.721312806904723,0.620582214140937
"599","2020-07-01",2020,"Jul",27,189,0.62888305423852,0.111065621469819,-0.387215022422949,-0.747067735030893,-1.68249936654488,-0.00161566502704631,0.509414287439382
"600","2020-07-08",2020,"Jul",28,196,0.275911667382725,-0.0387909026099055,-0.546280288125286,-0.703133790437466,-2.1225573240808,0.36686072698828,0.163488025475152
"601","2020-07-15",2020,"Jul",29,203,0.307321481890193,-0.467559799576034,-0.690472085054689,-0.758864600579799,-2.25623496167842,0.133488564379167,0.159741471774668
"602","2020-07-22",2020,"Jul",30,210,0.343222040046386,0.0664077833737355,-0.858189801149035,-0.757383337683294,-2.20478381529846,0.609871117506074,0.602215441581508
"603","2020-07-29",2020,"Aug",31,217,-0.472039025006281,0.324659290524,-0.927934398522436,-0.549581470361023,-1.95306180604519,0.59007928256686,0.706877818874132
"604","2020-08-05",2020,"Aug",32,224,0.0425636220923245,1.54390230894157,-0.974037281495051,-0.44486015194362,-1.86450675097156,1.68809331745093,1.34805121456015
"605","2020-08-12",2020,"Aug",33,231,-0.537224224015761,0.77484617819202,-0.846206156943431,-0.248160767437357,-1.53853497326478,-0.232130283080448,-1.1018186650908
"606","2020-08-19",2020,"Aug",34,238,0.419392643727615,0.715050607672639,-0.931521701366164,-0.367256064259457,-1.80513396333094,0.885707918236412,0.473035872539524
"607","2020-08-26",2020,"Sep",35,245,-0.620722607754984,-0.57845580630942,-0.770858426282113,-0.397251625926942,-2.01317015853657,-0.273493204658646,-1.38948712646506
"608","2020-09-02",2020,"Sep",36,252,0.146195165118919,0.214429980376436,-0.76343642561415,-0.280712384488203,-2.17457046722193,0.436926989216818,0.56576225665658
"609","2020-09-09",2020,"Sep",37,259,0.932839534567182,1.54218290856475,-0.867953199157783,-0.428725353318963,-2.19171193346958,1.92722600008218,1.75202366646574
"610","2020-09-16",2020,"Sep",38,266,0.980061195061852,1.32456217297805,-0.914027486744584,-0.426601373370999,-2.0389004259558,1.56708909653007,1.75454543665209
"611","2020-09-23",2020,"Sep",39,273,0.00994795642728,-0.261348726154361,-0.818901259094726,-0.411201720910502,-1.87183301316068,0.664759580211762,0.220765081955085
"612","2020-09-30",2020,"Oct",40,280,0.300503640907705,0.167158863819768,-1.1214636968645,-0.663950599487253,-1.97212273809034,-0.0464028948089158,0.129213067811649
"613","2020-10-07",2020,"Oct",41,287,-0.662869408015547,-0.252941595429519,-0.833238466976357,-0.0901545284561585,-1.67368820692469,-0.544583115739902,-0.73804900204267
"614","2020-10-14",2020,"Oct",42,294,-0.766763315811662,-0.803712336426261,-0.623585762858656,0.261952317321008,-1.09705919898669,-0.640160248273123,-1.37227352310484
"615","2020-10-21",2020,"Oct",43,301,0.669946627294532,0.844477004534606,-0.899541932054449,-0.724371924479588,-1.33865522962566,1.14733652795912,-0.412878894069323
"616","2020-10-28",2020,"Nov",44,308,0.310431786657771,1.10527754257482,-0.637977733839695,-0.500029499422358,-0.969010810728714,0.00438721681586749,-0.725172413514059
"617","2020-11-04",2020,"Nov",45,315,1.91100329877111,0.845391608901845,-0.97344437080415,-1.14718867017714,-1.16592602036087,2.21339645578103,2.46309885994181
"618","2020-11-11",2020,"Nov",46,322,1.23859873496743,1.28886355841435,-1.33622526896126,-1.66058553162663,-1.49717946505901,0.789188834187832,0.196866358254725
"619","2020-11-18",2020,"Nov",47,329,1.77708057659542,0.409908605399811,-1.34416207117248,-1.87583973481734,-2.14191278057243,0.508576495284601,1.33852967274795
"620","2020-11-25",2020,"Dec",48,336,1.45863147121773,-0.506044950983425,-1.06538900635705,-1.96888501870825,-2.52972837224487,-0.32071184901469,1.58684528156419
"621","2020-12-02",2020,"Dec",49,343,0.610975268815003,-0.498305460867307,-1.23200335867845,-2.33757308387268,-3.58017237807273,-0.21920041889804,-0.0756442621963401
"622","2020-12-09",2020,"Dec",50,350,0.708288642431055,0.29712275349501,-0.943378793519376,-2.59023145694841,-4.01577879780055,-0.365154728024898,-0.400291879699076
"623","2020-12-16",2020,"Dec",51,357,1.42843498082821,1.26040547570755,-0.798660924666337,-2.67889042373133,-4.06700406515146,0.0868732039396072,0.914293329489898
"624","2020-12-23",2020,"Dec",53,366,0.53017893105794,0.229116254089663,-0.0618304037389128,-1.18044654516046,-3.70906725013899,-0.344607768751717,-0.348262089786216
